hour,rank,city,V1,V2
2025-11-04T11:00:00.000Z,1,Bengaluru,54,842.659
2025-11-04T11:00:00.000Z,2,Warsaw,64,990.235
2025-11-04T11:00:00.000Z,3,Shanghai,74,722.678
2025-11-04T11:00:00.000Z,4,Lagos,76,1126.001
2025-11-04T11:00:00.000Z,5,Ho Chi Minh City,77,543.1030000000001
2025-11-04T11:00:00.000Z,6,Singapore,78,1183.225
2025-11-04T11:00:00.000Z,7,Buenos Aires,79,801.1179999999999
2025-11-04T11:00:00.000Z,8,Moscow,83,1146.233
2025-11-04T11:00:00.000Z,9,Houston,83,1291.2640000000001
2025-11-04T11:00:00.000Z,10,Seoul,87,595.265
2025-11-04T11:00:00.000Z,11,Tehran,88,827.312
2025-11-04T11:00:00.000Z,12,Sydney,88,1057.685
2025-11-04T11:00:00.000Z,13,Istanbul,89,990.317
2025-11-04T11:00:00.000Z,14,Delhi,89,1049.7649999999999
2025-11-04T11:00:00.000Z,15,Mumbai,91,634.079
2025-11-04T11:00:00.000Z,16,Chennai,94,819.386
2025-11-04T11:00:00.000Z,17,Melbourne,94,1083.121
2025-11-04T11:00:00.000Z,18,Dubai,95,589.266
2025-11-04T11:00:00.000Z,19,Paris,95,1006.412
2025-11-04T11:00:00.000Z,20,Osaka,96,1095.825
2025-11-04T11:00:00.000Z,21,Nairobi,97,383.53499999999997
2025-11-04T11:00:00.000Z,22,Rome,97,605.867
2025-11-04T11:00:00.000Z,23,Chicago,103,968.867
2025-11-04T11:00:00.000Z,24,Zurich,104,808.492
2025-11-04T11:00:00.000Z,25,Helsinki,104,1471.125
2025-11-04T11:00:00.000Z,26,Beijing,105,1037.175
2025-11-04T11:00:00.000Z,27,Cape Town,105,1082.127
2025-11-04T11:00:00.000Z,28,Berlin,107,1012.419
2025-11-04T11:00:00.000Z,29,Kolkata,107,1413.881
2025-11-04T11:00:00.000Z,30,London,108,1139.884
2025-11-04T11:00:00.000Z,31,Vancouver,108,1237.609
2025-11-04T11:00:00.000Z,32,New York,108,1342.338
2025-11-04T11:00:00.000Z,33,Jakarta,108,1350.51
2025-11-04T11:00:00.000Z,34,Cairo,109,700.197
2025-11-04T11:00:00.000Z,35,Doha,109,1074.987
2025-11-04T11:00:00.000Z,36,Los Angeles,112,1068.217
2025-11-04T11:00:00.000Z,37,Tokyo,117,982.642
2025-11-04T11:00:00.000Z,38,São Paulo,118,823.918
2025-11-04T11:00:00.000Z,39,Mexico City,119,780.944
2025-11-04T11:00:00.000Z,40,Madrid,124,1055.637
2025-11-04T11:00:00.000Z,41,Bangkok,125,1002.034
2025-11-04T11:00:00.000Z,42,Stockholm,130,579.38
2025-11-04T11:00:00.000Z,43,Manila,132,924.821
2025-11-04T11:00:00.000Z,44,Riyadh,135,1553.544
2025-11-04T11:00:00.000Z,45,Auckland,142,1157.5230000000001
2025-11-04T11:00:00.000Z,46,Toronto,142,1171.951
2025-11-04T11:00:00.000Z,47,San Francisco,159,675.332
2025-11-04T11:00:00.000Z,48,Kuala Lumpur,159,843.678
2025-11-04T11:00:00.000Z,49,Hong Kong,169,1220.56
2025-11-04T11:00:00.000Z,50,Karachi,173,1080.191
2025-11-04T12:00:00.000Z,1,Singapore,78,2803.829
2025-11-04T12:00:00.000Z,2,Seoul,87,1225.5059999999999
2025-11-04T12:00:00.000Z,3,Buenos Aires,87,1654.019
2025-11-04T12:00:00.000Z,4,Tehran,88,1917.7
2025-11-04T12:00:00.000Z,5,Mumbai,91,1456.979
2025-11-04T12:00:00.000Z,6,Moscow,93,2072.397
2025-11-04T12:00:00.000Z,7,Osaka,96,2191.931
2025-11-04T12:00:00.000Z,8,Nairobi,97,1654.9560000000001
2025-11-04T12:00:00.000Z,9,Rome,97,1978.4879999999998
2025-11-04T12:00:00.000Z,10,Shanghai,100,1642.749
2025-11-04T12:00:00.000Z,11,Zurich,104,2133.892
2025-11-04T12:00:00.000Z,12,Melbourne,104,2339.554
2025-11-04T12:00:00.000Z,13,Helsinki,104,2726.318
2025-11-04T12:00:00.000Z,14,Cape Town,105,2322.957
2025-11-04T12:00:00.000Z,15,Ho Chi Minh City,106,1871.416
2025-11-04T12:00:00.000Z,16,Berlin,107,2111.962
2025-11-04T12:00:00.000Z,17,London,108,1796.795
2025-11-04T12:00:00.000Z,18,Vancouver,108,2130.284
2025-11-04T12:00:00.000Z,19,Jakarta,108,2389.02
2025-11-04T12:00:00.000Z,20,New York,108,2596.141
2025-11-04T12:00:00.000Z,21,Bengaluru,109,1833.772
2025-11-04T12:00:00.000Z,22,Warsaw,109,1870.332
2025-11-04T12:00:00.000Z,23,Cairo,110,1425.405
2025-11-04T12:00:00.000Z,24,Los Angeles,112,1959.518
2025-11-04T12:00:00.000Z,25,Istanbul,115,1821.5729999999999
2025-11-04T12:00:00.000Z,26,Chennai,117,1687.391
2025-11-04T12:00:00.000Z,27,Dubai,118,1271.624
2025-11-04T12:00:00.000Z,28,São Paulo,118,1498.21
2025-11-04T12:00:00.000Z,29,Sydney,118,2165.216
2025-11-04T12:00:00.000Z,30,Kolkata,118,2683.895
2025-11-04T12:00:00.000Z,31,Chicago,123,1355.219
2025-11-04T12:00:00.000Z,32,Bangkok,125,1658.437
2025-11-04T12:00:00.000Z,33,Stockholm,130,1380.132
2025-11-04T12:00:00.000Z,34,Manila,132,1352.559
2025-11-04T12:00:00.000Z,35,Delhi,133,1694.141
2025-11-04T12:00:00.000Z,36,Madrid,134,2057.931
2025-11-04T12:00:00.000Z,37,Doha,134,2240.428
2025-11-04T12:00:00.000Z,38,Riyadh,135,2748.011
2025-11-04T12:00:00.000Z,39,Lagos,137,2509.527
2025-11-04T12:00:00.000Z,40,Beijing,140,2593.9880000000003
2025-11-04T12:00:00.000Z,41,Auckland,142,2004.981
2025-11-04T12:00:00.000Z,42,Toronto,142,2179.408
2025-11-04T12:00:00.000Z,43,Paris,152,2210.083
2025-11-04T12:00:00.000Z,44,San Francisco,159,1678.545
2025-11-04T12:00:00.000Z,45,Kuala Lumpur,159,2193.192
2025-11-04T12:00:00.000Z,46,Mexico City,160,1798.647
2025-11-04T12:00:00.000Z,47,Tokyo,165,1975.6109999999999
2025-11-04T12:00:00.000Z,48,Hong Kong,169,2265.308
2025-11-04T12:00:00.000Z,49,Karachi,173,2148.495
2025-11-04T12:00:00.000Z,50,Houston,174,2608.406
2025-11-04T13:00:00.000Z,1,Singapore,78,3699.301
2025-11-04T13:00:00.000Z,2,Seoul,88,2489.672
2025-11-04T13:00:00.000Z,3,Tehran,88,2895.533
2025-11-04T13:00:00.000Z,4,Mumbai,91,2535.681
2025-11-04T13:00:00.000Z,5,Osaka,96,3412.063
2025-11-04T13:00:00.000Z,6,Nairobi,97,2989.9480000000003
2025-11-04T13:00:00.000Z,7,Shanghai,100,2475.937
2025-11-04T13:00:00.000Z,8,Melbourne,104,3426.1189999999997
2025-11-04T13:00:00.000Z,9,Cape Town,105,3182.009
2025-11-04T13:00:00.000Z,10,Berlin,107,3337.276
2025-11-04T13:00:00.000Z,11,London,108,2555.7799999999997
2025-11-04T13:00:00.000Z,12,Vancouver,108,2785.478
2025-11-04T13:00:00.000Z,13,New York,108,3757.737
2025-11-04T13:00:00.000Z,14,Bengaluru,109,2839.323
2025-11-04T13:00:00.000Z,15,Los Angeles,112,2643.181
2025-11-04T13:00:00.000Z,16,Helsinki,112,3993.844
2025-11-04T13:00:00.000Z,17,Buenos Aires,115,2838.558
2025-11-04T13:00:00.000Z,18,Istanbul,115,3096.157
2025-11-04T13:00:00.000Z,19,Chennai,117,2808.359
2025-11-04T13:00:00.000Z,20,Dubai,118,2192.058
2025-11-04T13:00:00.000Z,21,Sydney,118,2622.7129999999997
2025-11-04T13:00:00.000Z,22,Kolkata,118,3863.697
2025-11-04T13:00:00.000Z,23,Cairo,119,2513.98
2025-11-04T13:00:00.000Z,24,São Paulo,120,2669.5370000000003
2025-11-04T13:00:00.000Z,25,Ho Chi Minh City,122,3460.956
2025-11-04T13:00:00.000Z,26,Chicago,123,1675.454
2025-11-04T13:00:00.000Z,27,Warsaw,126,3030.733
2025-11-04T13:00:00.000Z,28,Stockholm,130,2625.351
2025-11-04T13:00:00.000Z,29,Bangkok,131,2720.419
2025-11-04T13:00:00.000Z,30,Manila,132,2355.602
2025-11-04T13:00:00.000Z,31,Delhi,133,3177.193
2025-11-04T13:00:00.000Z,32,Madrid,134,2960.0699999999997
2025-11-04T13:00:00.000Z,33,Doha,134,3213.721
2025-11-04T13:00:00.000Z,34,Rome,135,2976.492
2025-11-04T13:00:00.000Z,35,Riyadh,135,3571.6279999999997
2025-11-04T13:00:00.000Z,36,Jakarta,135,3720.451
2025-11-04T13:00:00.000Z,37,Zurich,136,3034.689
2025-11-04T13:00:00.000Z,38,Lagos,137,3086.221
2025-11-04T13:00:00.000Z,39,Beijing,140,3283.5420000000004
2025-11-04T13:00:00.000Z,40,Auckland,142,2877.1440000000002
2025-11-04T13:00:00.000Z,41,Toronto,142,3325.431
2025-11-04T13:00:00.000Z,42,Paris,152,3298.739
2025-11-04T13:00:00.000Z,43,San Francisco,159,2755.439
2025-11-04T13:00:00.000Z,44,Kuala Lumpur,159,3506.38
2025-11-04T13:00:00.000Z,45,Mexico City,160,2542.483
2025-11-04T13:00:00.000Z,46,Tokyo,165,3129.117
2025-11-04T13:00:00.000Z,47,Hong Kong,169,2552.522
2025-11-04T13:00:00.000Z,48,Karachi,173,3462.629
2025-11-04T13:00:00.000Z,49,Moscow,174,3133.533
2025-11-04T13:00:00.000Z,50,Houston,174,3321.372
2025-11-04T14:00:00.000Z,1,Shanghai,101,3564.24
2025-11-04T14:00:00.000Z,2,Mumbai,104,3092.538
2025-11-04T14:00:00.000Z,3,Melbourne,104,4567.568
2025-11-04T14:00:00.000Z,4,Cape Town,105,4339.365
2025-11-04T14:00:00.000Z,5,Berlin,107,4363.394
2025-11-04T14:00:00.000Z,6,Bengaluru,109,3477.316
2025-11-04T14:00:00.000Z,7,Seoul,110,3278.192
2025-11-04T14:00:00.000Z,8,Singapore,110,4978.223
2025-11-04T14:00:00.000Z,9,Los Angeles,112,3523.1059999999998
2025-11-04T14:00:00.000Z,10,Helsinki,112,4609.776
2025-11-04T14:00:00.000Z,11,London,115,3344.882
2025-11-04T14:00:00.000Z,12,Buenos Aires,115,3730.553
2025-11-04T14:00:00.000Z,13,Chennai,117,3657.962
2025-11-04T14:00:00.000Z,14,Dubai,118,2987.909
2025-11-04T14:00:00.000Z,15,Sydney,118,3180.708
2025-11-04T14:00:00.000Z,16,Kolkata,118,4681.679
2025-11-04T14:00:00.000Z,17,São Paulo,120,3599.041
2025-11-04T14:00:00.000Z,18,Osaka,120,4410.201
2025-11-04T14:00:00.000Z,19,Ho Chi Minh City,122,4551.017
2025-11-04T14:00:00.000Z,20,Chicago,123,2864.892
2025-11-04T14:00:00.000Z,21,Warsaw,126,4126.865
2025-11-04T14:00:00.000Z,22,Istanbul,127,4229.927
2025-11-04T14:00:00.000Z,23,Vancouver,128,3874.906
2025-11-04T14:00:00.000Z,24,Stockholm,130,3249.154
2025-11-04T14:00:00.000Z,25,Bangkok,131,3567.9089999999997
2025-11-04T14:00:00.000Z,26,Manila,132,3493.042
2025-11-04T14:00:00.000Z,27,Delhi,133,4234.084
2025-11-04T14:00:00.000Z,28,Nairobi,133,4477.4310000000005
2025-11-04T14:00:00.000Z,29,Madrid,134,4382.326
2025-11-04T14:00:00.000Z,30,Rome,135,3908.711
2025-11-04T14:00:00.000Z,31,Jakarta,135,4501.581
2025-11-04T14:00:00.000Z,32,Riyadh,135,4670.211
2025-11-04T14:00:00.000Z,33,Zurich,136,4018.6949999999997
2025-11-04T14:00:00.000Z,34,Lagos,137,4005.1150000000002
2025-11-04T14:00:00.000Z,35,Doha,139,3953.367
2025-11-04T14:00:00.000Z,36,Beijing,140,4395.186
2025-11-04T14:00:00.000Z,37,Auckland,142,3993.2479999999996
2025-11-04T14:00:00.000Z,38,Toronto,142,4765.254
2025-11-04T14:00:00.000Z,39,Paris,152,4474.91
2025-11-04T14:00:00.000Z,40,Cairo,154,3717.135
2025-11-04T14:00:00.000Z,41,Tehran,158,4151.546
2025-11-04T14:00:00.000Z,42,New York,158,4200.605
2025-11-04T14:00:00.000Z,43,San Francisco,159,3441.6139999999996
2025-11-04T14:00:00.000Z,44,Kuala Lumpur,159,4302.312
2025-11-04T14:00:00.000Z,45,Mexico City,160,3783.693
2025-11-04T14:00:00.000Z,46,Tokyo,165,4084.671
2025-11-04T14:00:00.000Z,47,Hong Kong,169,3606.135
2025-11-04T14:00:00.000Z,48,Karachi,173,3871.766
2025-11-04T14:00:00.000Z,49,Moscow,174,4189.5
2025-11-04T14:00:00.000Z,50,Houston,174,4635.734
2025-11-04T15:00:00.000Z,1,Shanghai,101,4067.803
2025-11-04T15:00:00.000Z,2,Mumbai,104,4213.236
2025-11-04T15:00:00.000Z,3,Singapore,110,5950.645
2025-11-04T15:00:00.000Z,4,Los Angeles,112,4470.43
2025-11-04T15:00:00.000Z,5,London,115,4399.098
2025-11-04T15:00:00.000Z,6,Helsinki,115,5973.043
2025-11-04T15:00:00.000Z,7,Chennai,117,4971.106
2025-11-04T15:00:00.000Z,8,Sydney,118,4197.253
2025-11-04T15:00:00.000Z,9,Kolkata,118,5458.581
2025-11-04T15:00:00.000Z,10,Melbourne,118,5769.661
2025-11-04T15:00:00.000Z,11,Seoul,120,3990.004
2025-11-04T15:00:00.000Z,12,São Paulo,120,4340.605
2025-11-04T15:00:00.000Z,13,Berlin,120,5229.928
2025-11-04T15:00:00.000Z,14,Osaka,120,5283.036
2025-11-04T15:00:00.000Z,15,Ho Chi Minh City,122,5617.609
2025-11-04T15:00:00.000Z,16,Chicago,123,3714.5370000000003
2025-11-04T15:00:00.000Z,17,Istanbul,127,5608.279
2025-11-04T15:00:00.000Z,18,Vancouver,128,4731.662
2025-11-04T15:00:00.000Z,19,Stockholm,130,4141.796
2025-11-04T15:00:00.000Z,20,Cape Town,130,5394.237
2025-11-04T15:00:00.000Z,21,Bangkok,131,4296.147
2025-11-04T15:00:00.000Z,22,Manila,132,4412.47
2025-11-04T15:00:00.000Z,23,Delhi,133,4813.096
2025-11-04T15:00:00.000Z,24,Nairobi,133,5203.9490000000005
2025-11-04T15:00:00.000Z,25,Madrid,134,5281.609
2025-11-04T15:00:00.000Z,26,Rome,135,4427.966
2025-11-04T15:00:00.000Z,27,Jakarta,135,5731.135
2025-11-04T15:00:00.000Z,28,Warsaw,136,4981.571
2025-11-04T15:00:00.000Z,29,Zurich,136,5342.1939999999995
2025-11-04T15:00:00.000Z,30,Lagos,137,4529.203
2025-11-04T15:00:00.000Z,31,Doha,139,4741.675
2025-11-04T15:00:00.000Z,32,Buenos Aires,140,4960.143
2025-11-04T15:00:00.000Z,33,Beijing,140,5615.78
2025-11-04T15:00:00.000Z,34,Dubai,142,4062.51
2025-11-04T15:00:00.000Z,35,Auckland,142,4992.2029999999995
2025-11-04T15:00:00.000Z,36,Toronto,142,5974.854
2025-11-04T15:00:00.000Z,37,Paris,152,5250.617
2025-11-04T15:00:00.000Z,38,Cairo,154,4976.955
2025-11-04T15:00:00.000Z,39,Tehran,158,5114.875
2025-11-04T15:00:00.000Z,40,New York,158,5464.642
2025-11-04T15:00:00.000Z,41,San Francisco,159,4268.710999999999
2025-11-04T15:00:00.000Z,42,Kuala Lumpur,159,5200.499
2025-11-04T15:00:00.000Z,43,Mexico City,160,5018.651
2025-11-04T15:00:00.000Z,44,Bengaluru,162,4166.506
2025-11-04T15:00:00.000Z,45,Riyadh,162,5767.102
2025-11-04T15:00:00.000Z,46,Tokyo,165,4687.896
2025-11-04T15:00:00.000Z,47,Hong Kong,169,4558.1939999999995
2025-11-04T15:00:00.000Z,48,Karachi,173,5083.989
2025-11-04T15:00:00.000Z,49,Moscow,174,5018.231
2025-11-04T15:00:00.000Z,50,Houston,174,5389.7390000000005
2025-11-04T16:00:00.000Z,1,Singapore,110,7110.92
2025-11-04T16:00:00.000Z,2,Los Angeles,112,5287.735000000001
2025-11-04T16:00:00.000Z,3,London,115,5680.259
2025-11-04T16:00:00.000Z,4,Helsinki,115,6931.643
2025-11-04T16:00:00.000Z,5,Sydney,118,5326.478
2025-11-04T16:00:00.000Z,6,Melbourne,118,6543.782
2025-11-04T16:00:00.000Z,7,São Paulo,120,5026.432000000001
2025-11-04T16:00:00.000Z,8,Seoul,120,5331.389
2025-11-04T16:00:00.000Z,9,Berlin,120,5934.506
2025-11-04T16:00:00.000Z,10,Osaka,120,6323.897
2025-11-04T16:00:00.000Z,11,Ho Chi Minh City,122,6394.447
2025-11-04T16:00:00.000Z,12,Chicago,123,4620.475
2025-11-04T16:00:00.000Z,13,Mumbai,123,4873.7119999999995
2025-11-04T16:00:00.000Z,14,Istanbul,127,6830.849
2025-11-04T16:00:00.000Z,15,Shanghai,128,5326.2880000000005
2025-11-04T16:00:00.000Z,16,Vancouver,128,5434.267
2025-11-04T16:00:00.000Z,17,Cape Town,130,6292.6669999999995
2025-11-04T16:00:00.000Z,18,Bangkok,131,4867.6759999999995
2025-11-04T16:00:00.000Z,19,Manila,132,5466.516
2025-11-04T16:00:00.000Z,20,Stockholm,133,5032.873
2025-11-04T16:00:00.000Z,21,Nairobi,133,6039.144
2025-11-04T16:00:00.000Z,22,Delhi,133,6206.651
2025-11-04T16:00:00.000Z,23,Chennai,134,6383.407
2025-11-04T16:00:00.000Z,24,Rome,135,5418.0419999999995
2025-11-04T16:00:00.000Z,25,Jakarta,135,6846.54
2025-11-04T16:00:00.000Z,26,Zurich,136,6202.991
2025-11-04T16:00:00.000Z,27,Lagos,137,5642.744000000001
2025-11-04T16:00:00.000Z,28,Madrid,138,6156.68
2025-11-04T16:00:00.000Z,29,Doha,139,5797.058
2025-11-04T16:00:00.000Z,30,Buenos Aires,140,5955.385
2025-11-04T16:00:00.000Z,31,Beijing,140,6737.976000000001
2025-11-04T16:00:00.000Z,32,Dubai,142,5356.298000000001
2025-11-04T16:00:00.000Z,33,Auckland,142,6144.696
2025-11-04T16:00:00.000Z,34,Toronto,142,6816.836
2025-11-04T16:00:00.000Z,35,Warsaw,143,6399.188
2025-11-04T16:00:00.000Z,36,Paris,152,6128.826
2025-11-04T16:00:00.000Z,37,New York,158,6018.0509999999995
2025-11-04T16:00:00.000Z,38,Tehran,158,6198.392
2025-11-04T16:00:00.000Z,39,San Francisco,159,5347.844999999999
2025-11-04T16:00:00.000Z,40,Kuala Lumpur,159,6155.722
2025-11-04T16:00:00.000Z,41,Mexico City,160,6282.215
2025-11-04T16:00:00.000Z,42,Bengaluru,162,5057.38
2025-11-04T16:00:00.000Z,43,Riyadh,162,6428.8099999999995
2025-11-04T16:00:00.000Z,44,Kolkata,164,6102.42
2025-11-04T16:00:00.000Z,45,Tokyo,165,5823.674
2025-11-04T16:00:00.000Z,46,Hong Kong,169,4802.161
2025-11-04T16:00:00.000Z,47,Karachi,173,6270.630999999999
2025-11-04T16:00:00.000Z,48,Moscow,174,6275.469999999999
2025-11-04T16:00:00.000Z,49,Houston,174,6385.154
2025-11-04T16:00:00.000Z,50,Cairo,190,6029.110000000001
2025-11-04T17:00:00.000Z,1,Singapore,110,7976.6939999999995
2025-11-04T17:00:00.000Z,2,London,115,7066.036
2025-11-04T17:00:00.000Z,3,Helsinki,115,8018.8279999999995
2025-11-04T17:00:00.000Z,4,Melbourne,118,7400.26
2025-11-04T17:00:00.000Z,5,Los Angeles,120,6436.295
2025-11-04T17:00:00.000Z,6,Seoul,120,6538.777
2025-11-04T17:00:00.000Z,7,Ho Chi Minh City,122,6900.122
2025-11-04T17:00:00.000Z,8,Mumbai,123,6158.434
2025-11-04T17:00:00.000Z,9,Chicago,126,5407.434
2025-11-04T17:00:00.000Z,10,Sydney,126,6308.437
2025-11-04T17:00:00.000Z,11,Istanbul,127,7385.726000000001
2025-11-04T17:00:00.000Z,12,Vancouver,128,6137.403
2025-11-04T17:00:00.000Z,13,Shanghai,128,6320.335999999999
2025-11-04T17:00:00.000Z,14,Osaka,128,7741.249
2025-11-04T17:00:00.000Z,15,Bangkok,131,6219.697
2025-11-04T17:00:00.000Z,16,Manila,132,6271.942
2025-11-04T17:00:00.000Z,17,Stockholm,133,6009.058
2025-11-04T17:00:00.000Z,18,Delhi,133,7111.544
2025-11-04T17:00:00.000Z,19,Nairobi,133,7214.332
2025-11-04T17:00:00.000Z,20,Chennai,134,7739.665
2025-11-04T17:00:00.000Z,21,Rome,135,6810.3
2025-11-04T17:00:00.000Z,22,Jakarta,135,7829.303
2025-11-04T17:00:00.000Z,23,Zurich,136,6915.201999999999
2025-11-04T17:00:00.000Z,24,Lagos,137,6818.993
2025-11-04T17:00:00.000Z,25,Madrid,138,6939.199
2025-11-04T17:00:00.000Z,26,Berlin,139,6745.522
2025-11-04T17:00:00.000Z,27,Doha,139,7070.791
2025-11-04T17:00:00.000Z,28,Buenos Aires,140,6815.085999999999
2025-11-04T17:00:00.000Z,29,Beijing,140,7777.377
2025-11-04T17:00:00.000Z,30,Dubai,142,6100.701
2025-11-04T17:00:00.000Z,31,Toronto,142,8113.066
2025-11-04T17:00:00.000Z,32,Warsaw,143,7700.341
2025-11-04T17:00:00.000Z,33,Paris,152,7196.855
2025-11-04T17:00:00.000Z,34,Cape Town,155,7139.729
2025-11-04T17:00:00.000Z,35,New York,158,6985.5689999999995
2025-11-04T17:00:00.000Z,36,Tehran,158,7698.13
2025-11-04T17:00:00.000Z,37,São Paulo,159,5703.3189999999995
2025-11-04T17:00:00.000Z,38,San Francisco,159,6593.6849999999995
2025-11-04T17:00:00.000Z,39,Kuala Lumpur,159,7223.059
2025-11-04T17:00:00.000Z,40,Mexico City,160,7153.58
2025-11-04T17:00:00.000Z,41,Bengaluru,162,6033.269
2025-11-04T17:00:00.000Z,42,Riyadh,162,7708.033
2025-11-04T17:00:00.000Z,43,Kolkata,164,7390.42
2025-11-04T17:00:00.000Z,44,Tokyo,165,6391.531999999999
2025-11-04T17:00:00.000Z,45,Auckland,166,7084.954
2025-11-04T17:00:00.000Z,46,Hong Kong,169,5912.388
2025-11-04T17:00:00.000Z,47,Karachi,173,7275.5740000000005
2025-11-04T17:00:00.000Z,48,Moscow,174,7272.739
2025-11-04T17:00:00.000Z,49,Houston,174,7328.211
2025-11-04T17:00:00.000Z,50,Cairo,190,6787.581
2025-11-04T18:00:00.000Z,1,Singapore,110,9342.362000000001
2025-11-04T18:00:00.000Z,2,London,115,8081.861
2025-11-04T18:00:00.000Z,3,Helsinki,115,8966.838
2025-11-04T18:00:00.000Z,4,Melbourne,118,8270.689
2025-11-04T18:00:00.000Z,5,Los Angeles,120,7184.112
2025-11-04T18:00:00.000Z,6,Mumbai,123,7125.162
2025-11-04T18:00:00.000Z,7,Seoul,125,7374.159
2025-11-04T18:00:00.000Z,8,Sydney,126,7460.766
2025-11-04T18:00:00.000Z,9,Istanbul,127,8372.155
2025-11-04T18:00:00.000Z,10,Shanghai,128,7137.315
2025-11-04T18:00:00.000Z,11,Vancouver,128,7171.943
2025-11-04T18:00:00.000Z,12,Osaka,128,8700.248
2025-11-04T18:00:00.000Z,13,Ho Chi Minh City,131,7837.683
2025-11-04T18:00:00.000Z,14,Manila,132,7241.709
2025-11-04T18:00:00.000Z,15,Stockholm,133,7052.612
2025-11-04T18:00:00.000Z,16,Delhi,133,7636.914
2025-11-04T18:00:00.000Z,17,Nairobi,133,8334.854
2025-11-04T18:00:00.000Z,18,Chennai,134,8902.8
2025-11-04T18:00:00.000Z,19,Rome,135,7756.807
2025-11-04T18:00:00.000Z,20,Jakarta,135,8610.72
2025-11-04T18:00:00.000Z,21,Lagos,137,8086.954
2025-11-04T18:00:00.000Z,22,Madrid,138,7738.816
2025-11-04T18:00:00.000Z,23,Berlin,139,7878.75
2025-11-04T18:00:00.000Z,24,Doha,139,8525.285
2025-11-04T18:00:00.000Z,25,Buenos Aires,140,8069.961
2025-11-04T18:00:00.000Z,26,Beijing,140,8362.77
2025-11-04T18:00:00.000Z,27,Dubai,142,7278.886
2025-11-04T18:00:00.000Z,28,Toronto,142,9517.586
2025-11-04T18:00:00.000Z,29,Warsaw,143,9099.248
2025-11-04T18:00:00.000Z,30,Paris,152,7959.556
2025-11-04T18:00:00.000Z,31,Bangkok,154,7259.302
2025-11-04T18:00:00.000Z,32,Cape Town,155,8615.161
2025-11-04T18:00:00.000Z,33,New York,158,8008.876
2025-11-04T18:00:00.000Z,34,Tehran,158,8831.927
2025-11-04T18:00:00.000Z,35,São Paulo,159,7164.193
2025-11-04T18:00:00.000Z,36,San Francisco,159,7206.405
2025-11-04T18:00:00.000Z,37,Kuala Lumpur,159,7932.868
2025-11-04T18:00:00.000Z,38,Mexico City,160,8035.523999999999
2025-11-04T18:00:00.000Z,39,Bengaluru,162,7020.0779999999995
2025-11-04T18:00:00.000Z,40,Kolkata,164,8402.922
2025-11-04T18:00:00.000Z,41,Tokyo,165,7497.398
2025-11-04T18:00:00.000Z,42,Zurich,165,7886.502
2025-11-04T18:00:00.000Z,43,Auckland,166,8126.5470000000005
2025-11-04T18:00:00.000Z,44,Riyadh,167,9028.428
2025-11-04T18:00:00.000Z,45,Hong Kong,169,6567.092000000001
2025-11-04T18:00:00.000Z,46,Karachi,173,7859.041
2025-11-04T18:00:00.000Z,47,Chicago,174,6128.335
2025-11-04T18:00:00.000Z,48,Moscow,174,8206.309
2025-11-04T18:00:00.000Z,49,Houston,174,8312.054
2025-11-04T18:00:00.000Z,50,Cairo,190,7640.581999999999
2025-11-04T19:00:00.000Z,1,London,115,8129.079
2025-11-04T19:00:00.000Z,2,Helsinki,115,8573.403
2025-11-04T19:00:00.000Z,3,Melbourne,118,8539.226999999999
2025-11-04T19:00:00.000Z,4,Los Angeles,120,7422.457
2025-11-04T19:00:00.000Z,5,Mumbai,123,7371.412
2025-11-04T19:00:00.000Z,6,Seoul,125,7568.606
2025-11-04T19:00:00.000Z,7,Kuala Lumpur,125,8339.991
2025-11-04T19:00:00.000Z,8,Sydney,126,7383.738
2025-11-04T19:00:00.000Z,9,Vancouver,128,7012.887
2025-11-04T19:00:00.000Z,10,Shanghai,128,7823.942
2025-11-04T19:00:00.000Z,11,Toronto,130,9464.684
2025-11-04T19:00:00.000Z,12,Karachi,131,8001.746
2025-11-04T19:00:00.000Z,13,Ho Chi Minh City,131,8117.225
2025-11-04T19:00:00.000Z,14,Manila,132,7398.066
2025-11-04T19:00:00.000Z,15,Delhi,133,7631.9259999999995
2025-11-04T19:00:00.000Z,16,Stockholm,133,7736.071
2025-11-04T19:00:00.000Z,17,Nairobi,133,8851.231
2025-11-04T19:00:00.000Z,18,Chennai,134,8935.44
2025-11-04T19:00:00.000Z,19,Jakarta,135,7760.391
2025-11-04T19:00:00.000Z,20,Rome,135,8255.508
2025-11-04T19:00:00.000Z,21,Lagos,137,8121.898999999999
2025-11-04T19:00:00.000Z,22,Madrid,138,7766.957
2025-11-04T19:00:00.000Z,23,Istanbul,138,8381.293
2025-11-04T19:00:00.000Z,24,Berlin,139,7996.716
2025-11-04T19:00:00.000Z,25,Doha,139,8715.959
2025-11-04T19:00:00.000Z,26,Buenos Aires,140,7844.711
2025-11-04T19:00:00.000Z,27,Beijing,140,8790.158
2025-11-04T19:00:00.000Z,28,Hong Kong,142,6135.023999999999
2025-11-04T19:00:00.000Z,29,Dubai,142,7445.246
2025-11-04T19:00:00.000Z,30,San Francisco,143,7586.218
2025-11-04T19:00:00.000Z,31,Warsaw,143,8776.611
2025-11-04T19:00:00.000Z,32,Osaka,143,9113.219000000001
2025-11-04T19:00:00.000Z,33,Paris,152,8031.472
2025-11-04T19:00:00.000Z,34,Bangkok,154,7575.241
2025-11-04T19:00:00.000Z,35,Cape Town,155,8064.679
2025-11-04T19:00:00.000Z,36,New York,158,7870.693
2025-11-04T19:00:00.000Z,37,Tehran,158,8601.04
2025-11-04T19:00:00.000Z,38,São Paulo,159,7560.514999999999
2025-11-04T19:00:00.000Z,39,Mexico City,160,8115.13
2025-11-04T19:00:00.000Z,40,Bengaluru,162,7184.228
2025-11-04T19:00:00.000Z,41,Kolkata,164,8056.055
2025-11-04T19:00:00.000Z,42,Tokyo,165,7058.641
2025-11-04T19:00:00.000Z,43,Zurich,165,8311.076
2025-11-04T19:00:00.000Z,44,Auckland,166,7785.131
2025-11-04T19:00:00.000Z,45,Riyadh,167,8731.751
2025-11-04T19:00:00.000Z,46,Singapore,169,9131.434000000001
2025-11-04T19:00:00.000Z,47,Chicago,174,5754.992
2025-11-04T19:00:00.000Z,48,Houston,174,7451.859
2025-11-04T19:00:00.000Z,49,Moscow,174,7847.517
2025-11-04T19:00:00.000Z,50,Cairo,190,8335.621
2025-11-04T20:00:00.000Z,1,Helsinki,115,8545.101999999999
2025-11-04T20:00:00.000Z,2,Los Angeles,120,7532.121
2025-11-04T20:00:00.000Z,3,Lagos,122,7903.074
2025-11-04T20:00:00.000Z,4,London,122,8759.088
2025-11-04T20:00:00.000Z,5,Mumbai,123,7912.505
2025-11-04T20:00:00.000Z,6,Paris,125,7935.757
2025-11-04T20:00:00.000Z,7,Seoul,125,8179.24
2025-11-04T20:00:00.000Z,8,Sydney,126,7034.553
2025-11-04T20:00:00.000Z,9,Kuala Lumpur,127,7884.252
2025-11-04T20:00:00.000Z,10,Melbourne,127,8260.552
2025-11-04T20:00:00.000Z,11,Vancouver,128,7202.612999999999
2025-11-04T20:00:00.000Z,12,Shanghai,128,7863.091
2025-11-04T20:00:00.000Z,13,Toronto,130,9478.313
2025-11-04T20:00:00.000Z,14,Karachi,131,7955.366
2025-11-04T20:00:00.000Z,15,Ho Chi Minh City,131,8001.388
2025-11-04T20:00:00.000Z,16,Delhi,131,8205.817
2025-11-04T20:00:00.000Z,17,Stockholm,133,8050.145
2025-11-04T20:00:00.000Z,18,Nairobi,133,8824.338
2025-11-04T20:00:00.000Z,19,Chennai,134,9344.626
2025-11-04T20:00:00.000Z,20,Jakarta,135,7633.013
2025-11-04T20:00:00.000Z,21,Rome,135,8043.816000000001
2025-11-04T20:00:00.000Z,22,Madrid,138,7677.9529999999995
2025-11-04T20:00:00.000Z,23,Istanbul,138,8682.041
2025-11-04T20:00:00.000Z,24,Tokyo,139,7092.725
2025-11-04T20:00:00.000Z,25,Doha,139,8684.64
2025-11-04T20:00:00.000Z,26,Hong Kong,142,6136.130999999999
2025-11-04T20:00:00.000Z,27,Dubai,142,7716.006
2025-11-04T20:00:00.000Z,28,Houston,143,6698.863
2025-11-04T20:00:00.000Z,29,San Francisco,143,7735.707
2025-11-04T20:00:00.000Z,30,Osaka,143,8364.729
2025-11-04T20:00:00.000Z,31,Warsaw,143,9071.64
2025-11-04T20:00:00.000Z,32,Mexico City,146,7792.154
2025-11-04T20:00:00.000Z,33,Manila,150,8096.122
2025-11-04T20:00:00.000Z,34,Berlin,151,8314.76
2025-11-04T20:00:00.000Z,35,Beijing,151,8537.304
2025-11-04T20:00:00.000Z,36,Bangkok,154,7926.9490000000005
2025-11-04T20:00:00.000Z,37,Cape Town,155,7754.876
2025-11-04T20:00:00.000Z,38,Buenos Aires,156,7781.805
2025-11-04T20:00:00.000Z,39,New York,158,7907.132
2025-11-04T20:00:00.000Z,40,Tehran,158,8705.238
2025-11-04T20:00:00.000Z,41,São Paulo,159,7998.695
2025-11-04T20:00:00.000Z,42,Bengaluru,162,6823.57
2025-11-04T20:00:00.000Z,43,Kolkata,164,7770.917
2025-11-04T20:00:00.000Z,44,Zurich,165,8169.152
2025-11-04T20:00:00.000Z,45,Auckland,166,8143.787
2025-11-04T20:00:00.000Z,46,Riyadh,167,8586.133
2025-11-04T20:00:00.000Z,47,Singapore,169,8792.905999999999
2025-11-04T20:00:00.000Z,48,Chicago,174,6073.761
2025-11-04T20:00:00.000Z,49,Moscow,174,7726.741
2025-11-04T20:00:00.000Z,50,Cairo,190,8582.833
2025-11-04T21:00:00.000Z,1,Helsinki,118,7972.854
2025-11-04T21:00:00.000Z,2,Lagos,122,8524.82
2025-11-04T21:00:00.000Z,3,London,122,9287.957
2025-11-04T21:00:00.000Z,4,Hong Kong,124,6881.075
2025-11-04T21:00:00.000Z,5,Jakarta,124,7532.183
2025-11-04T21:00:00.000Z,6,Delhi,124,7721.162
2025-11-04T21:00:00.000Z,7,Seoul,125,7379.977
2025-11-04T21:00:00.000Z,8,Paris,125,7812.435
2025-11-04T21:00:00.000Z,9,Kuala Lumpur,127,7530.698
2025-11-04T21:00:00.000Z,10,Melbourne,127,8317.2
2025-11-04T21:00:00.000Z,11,Vancouver,128,7484.388
2025-11-04T21:00:00.000Z,12,Shanghai,128,7908.088
2025-11-04T21:00:00.000Z,13,Mumbai,130,7659.855
2025-11-04T21:00:00.000Z,14,Toronto,130,9210.985
2025-11-04T21:00:00.000Z,15,Karachi,131,7469.528
2025-11-04T21:00:00.000Z,16,Ho Chi Minh City,131,7507.898
2025-11-04T21:00:00.000Z,17,Stockholm,133,7624.831
2025-11-04T21:00:00.000Z,18,Nairobi,133,8220.126
2025-11-04T21:00:00.000Z,19,Chennai,134,9459.099
2025-11-04T21:00:00.000Z,20,Tokyo,135,7155.664000000001
2025-11-04T21:00:00.000Z,21,Moscow,136,7487.49
2025-11-04T21:00:00.000Z,22,Madrid,138,7824.261
2025-11-04T21:00:00.000Z,23,Istanbul,138,8299.062
2025-11-04T21:00:00.000Z,24,Doha,139,8498.45
2025-11-04T21:00:00.000Z,25,Dubai,142,7885.034
2025-11-04T21:00:00.000Z,26,Houston,143,6919.2880000000005
2025-11-04T21:00:00.000Z,27,Rome,143,7889.692
2025-11-04T21:00:00.000Z,28,San Francisco,143,7952.094
2025-11-04T21:00:00.000Z,29,Osaka,143,8128.769
2025-11-04T21:00:00.000Z,30,Warsaw,143,9202.367
2025-11-04T21:00:00.000Z,31,Sydney,146,7638.797
2025-11-04T21:00:00.000Z,32,Mexico City,146,7745.952
2025-11-04T21:00:00.000Z,33,Manila,150,7871.289000000001
2025-11-04T21:00:00.000Z,34,Berlin,151,8262.294
2025-11-04T21:00:00.000Z,35,Beijing,151,8630.374
2025-11-04T21:00:00.000Z,36,Bangkok,154,7672.085
2025-11-04T21:00:00.000Z,37,Cape Town,155,8313.034
2025-11-04T21:00:00.000Z,38,Buenos Aires,156,7842.9529999999995
2025-11-04T21:00:00.000Z,39,New York,158,7902.257
2025-11-04T21:00:00.000Z,40,Tehran,158,8574.903
2025-11-04T21:00:00.000Z,41,São Paulo,159,7520.219999999999
2025-11-04T21:00:00.000Z,42,Bengaluru,162,6674.884
2025-11-04T21:00:00.000Z,43,Kolkata,164,7634.786
2025-11-04T21:00:00.000Z,44,Auckland,166,8580.995
2025-11-04T21:00:00.000Z,45,Riyadh,167,8640.631
2025-11-04T21:00:00.000Z,46,Singapore,169,9354.873
2025-11-04T21:00:00.000Z,47,Zurich,170,8744.993
2025-11-04T21:00:00.000Z,48,Chicago,174,6735.721
2025-11-04T21:00:00.000Z,49,Los Angeles,177,7782.689
2025-11-04T21:00:00.000Z,50,Cairo,190,8583.462
2025-11-04T22:00:00.000Z,1,Tehran,118,8097.401
2025-11-04T22:00:00.000Z,2,Helsinki,118,8454.597
2025-11-04T22:00:00.000Z,3,Hong Kong,122,7134.488
2025-11-04T22:00:00.000Z,4,Lagos,122,8784.481
2025-11-04T22:00:00.000Z,5,Jakarta,124,7500.4349999999995
2025-11-04T22:00:00.000Z,6,Paris,124,7635.936
2025-11-04T22:00:00.000Z,7,Seoul,125,7746.144
2025-11-04T22:00:00.000Z,8,Delhi,127,7996.147
2025-11-04T22:00:00.000Z,9,Melbourne,127,8014.147
2025-11-04T22:00:00.000Z,10,Shanghai,128,7631.138
2025-11-04T22:00:00.000Z,11,Vancouver,128,7896.071
2025-11-04T22:00:00.000Z,12,London,128,9284.988
2025-11-04T22:00:00.000Z,13,Mumbai,130,7783.802
2025-11-04T22:00:00.000Z,14,Toronto,130,8412.149000000001
2025-11-04T22:00:00.000Z,15,Karachi,131,7912.4259999999995
2025-11-04T22:00:00.000Z,16,Nairobi,132,8006.4
2025-11-04T22:00:00.000Z,17,Doha,132,8608.379
2025-11-04T22:00:00.000Z,18,Stockholm,133,7748.1630000000005
2025-11-04T22:00:00.000Z,19,Chennai,134,9945.817
2025-11-04T22:00:00.000Z,20,Tokyo,135,7241.055
2025-11-04T22:00:00.000Z,21,Moscow,136,7281.78
2025-11-04T22:00:00.000Z,22,Mexico City,137,7163.476000000001
2025-11-04T22:00:00.000Z,23,Madrid,138,7488.475
2025-11-04T22:00:00.000Z,24,Istanbul,138,8538.087
2025-11-04T22:00:00.000Z,25,Dubai,142,8377.786
2025-11-04T22:00:00.000Z,26,Houston,143,6190.673
2025-11-04T22:00:00.000Z,27,San Francisco,143,8246.498
2025-11-04T22:00:00.000Z,28,Osaka,143,8347.736
2025-11-04T22:00:00.000Z,29,Warsaw,143,9151.449
2025-11-04T22:00:00.000Z,30,Manila,150,7552.227
2025-11-04T22:00:00.000Z,31,Berlin,151,7866.766
2025-11-04T22:00:00.000Z,32,Beijing,151,8503.238
2025-11-04T22:00:00.000Z,33,Ho Chi Minh City,152,7289.191
2025-11-04T22:00:00.000Z,34,Bangkok,154,7266.0
2025-11-04T22:00:00.000Z,35,Kuala Lumpur,155,7488.487999999999
2025-11-04T22:00:00.000Z,36,Cape Town,155,8036.54
2025-11-04T22:00:00.000Z,37,New York,155,8102.106
2025-11-04T22:00:00.000Z,38,Buenos Aires,156,8437.02
2025-11-04T22:00:00.000Z,39,São Paulo,159,7624.342
2025-11-04T22:00:00.000Z,40,Bengaluru,162,6408.543
2025-11-04T22:00:00.000Z,41,Kolkata,164,7893.996
2025-11-04T22:00:00.000Z,42,Auckland,166,8709.012
2025-11-04T22:00:00.000Z,43,Riyadh,167,8467.101
2025-11-04T22:00:00.000Z,44,Singapore,169,8996.999
2025-11-04T22:00:00.000Z,45,Zurich,170,8487.122
2025-11-04T22:00:00.000Z,46,Chicago,174,6426.269
2025-11-04T22:00:00.000Z,47,Rome,175,7801.398
2025-11-04T22:00:00.000Z,48,Los Angeles,177,8153.358
2025-11-04T22:00:00.000Z,49,Cairo,190,8343.341
2025-11-04T22:00:00.000Z,50,Sydney,193,8005.933
2025-11-04T23:00:00.000Z,1,Tehran,112,8505.774
2025-11-04T23:00:00.000Z,2,Bengaluru,116,5987.139
2025-11-04T23:00:00.000Z,3,Jakarta,124,6859.74
2025-11-04T23:00:00.000Z,4,Paris,124,7568.981
2025-11-04T23:00:00.000Z,5,Seoul,125,7928.053
2025-11-04T23:00:00.000Z,6,Mexico City,126,6648.9619999999995
2025-11-04T23:00:00.000Z,7,Lagos,126,9048.576000000001
2025-11-04T23:00:00.000Z,8,Delhi,127,8212.075
2025-11-04T23:00:00.000Z,9,Vancouver,128,8035.1759999999995
2025-11-04T23:00:00.000Z,10,Shanghai,128,8364.154
2025-11-04T23:00:00.000Z,11,London,128,9229.457
2025-11-04T23:00:00.000Z,12,Helsinki,129,7945.386
2025-11-04T23:00:00.000Z,13,Mumbai,130,8243.023000000001
2025-11-04T23:00:00.000Z,14,Toronto,130,8624.761
2025-11-04T23:00:00.000Z,15,Karachi,131,7644.793
2025-11-04T23:00:00.000Z,16,Nairobi,132,8366.669
2025-11-04T23:00:00.000Z,17,Doha,132,8739.868
2025-11-04T23:00:00.000Z,18,Stockholm,133,7745.303
2025-11-04T23:00:00.000Z,19,Chennai,134,9829.788
2025-11-04T23:00:00.000Z,20,Hong Kong,135,7189.414000000001
2025-11-04T23:00:00.000Z,21,Tokyo,135,7734.736
2025-11-04T23:00:00.000Z,22,Moscow,136,7224.451
2025-11-04T23:00:00.000Z,23,Melbourne,137,7434.182
2025-11-04T23:00:00.000Z,24,Madrid,138,7669.022
2025-11-04T23:00:00.000Z,25,Istanbul,138,8266.836
2025-11-04T23:00:00.000Z,26,Dubai,140,8701.311
2025-11-04T23:00:00.000Z,27,Osaka,143,8250.594000000001
2025-11-04T23:00:00.000Z,28,Warsaw,143,9385.039
2025-11-04T23:00:00.000Z,29,San Francisco,147,8667.781
2025-11-04T23:00:00.000Z,30,Houston,150,6723.605
2025-11-04T23:00:00.000Z,31,Manila,150,7496.864
2025-11-04T23:00:00.000Z,32,Berlin,151,7785.403
2025-11-04T23:00:00.000Z,33,Beijing,151,8100.609
2025-11-04T23:00:00.000Z,34,Ho Chi Minh City,152,7102.947
2025-11-04T23:00:00.000Z,35,Bangkok,154,7299.541
2025-11-04T23:00:00.000Z,36,Kuala Lumpur,155,7408.976000000001
2025-11-04T23:00:00.000Z,37,Cape Town,155,7914.969
2025-11-04T23:00:00.000Z,38,New York,155,7993.1089999999995
2025-11-04T23:00:00.000Z,39,Buenos Aires,156,7914.0470000000005
2025-11-04T23:00:00.000Z,40,São Paulo,159,7920.42
2025-11-04T23:00:00.000Z,41,Kolkata,164,7910.17
2025-11-04T23:00:00.000Z,42,Auckland,166,8465.419
2025-11-04T23:00:00.000Z,43,Riyadh,167,8327.421
2025-11-04T23:00:00.000Z,44,Singapore,169,8896.76
2025-11-04T23:00:00.000Z,45,Zurich,170,8565.295
2025-11-04T23:00:00.000Z,46,Chicago,174,6707.439
2025-11-04T23:00:00.000Z,47,Rome,175,8139.147
2025-11-04T23:00:00.000Z,48,Los Angeles,177,8459.007
2025-11-04T23:00:00.000Z,49,Cairo,190,8241.653
2025-11-04T23:00:00.000Z,50,Sydney,193,7780.206
2025-11-05T00:00:00.000Z,1,Mexico City,109,6148.0689999999995
2025-11-05T00:00:00.000Z,2,Bengaluru,116,5893.773999999999
2025-11-05T00:00:00.000Z,3,Warsaw,120,8933.202
2025-11-05T00:00:00.000Z,4,Jakarta,124,6873.446
2025-11-05T00:00:00.000Z,5,Paris,124,7435.269
2025-11-05T00:00:00.000Z,6,Chennai,124,9146.519
2025-11-05T00:00:00.000Z,7,Seoul,125,7329.242
2025-11-05T00:00:00.000Z,8,Delhi,127,7615.428
2025-11-05T00:00:00.000Z,9,Shanghai,128,7664.1849999999995
2025-11-05T00:00:00.000Z,10,Vancouver,128,8188.655
2025-11-05T00:00:00.000Z,11,London,128,9310.274
2025-11-05T00:00:00.000Z,12,Helsinki,129,7748.096
2025-11-05T00:00:00.000Z,13,Tehran,129,8797.554
2025-11-05T00:00:00.000Z,14,Mumbai,130,8966.153
2025-11-05T00:00:00.000Z,15,Toronto,130,9162.364
2025-11-05T00:00:00.000Z,16,Karachi,131,7638.091
2025-11-05T00:00:00.000Z,17,Nairobi,132,8382.527
2025-11-05T00:00:00.000Z,18,Doha,132,9208.292
2025-11-05T00:00:00.000Z,19,Hong Kong,135,7461.532
2025-11-05T00:00:00.000Z,20,Tokyo,135,7928.246999999999
2025-11-05T00:00:00.000Z,21,Moscow,136,7296.723
2025-11-05T00:00:00.000Z,22,Madrid,136,7909.6630000000005
2025-11-05T00:00:00.000Z,23,Melbourne,137,7745.3369999999995
2025-11-05T00:00:00.000Z,24,Lagos,137,9084.002
2025-11-05T00:00:00.000Z,25,Istanbul,138,8108.84
2025-11-05T00:00:00.000Z,26,Dubai,140,8529.687
2025-11-05T00:00:00.000Z,27,Cairo,142,8236.659
2025-11-05T00:00:00.000Z,28,Osaka,143,8197.457
2025-11-05T00:00:00.000Z,29,Houston,150,6647.568
2025-11-05T00:00:00.000Z,30,Manila,150,7335.855
2025-11-05T00:00:00.000Z,31,Beijing,151,7798.525
2025-11-05T00:00:00.000Z,32,Berlin,151,8078.327
2025-11-05T00:00:00.000Z,33,Ho Chi Minh City,152,7572.451
2025-11-05T00:00:00.000Z,34,Bangkok,154,7257.8460000000005
2025-11-05T00:00:00.000Z,35,Kuala Lumpur,155,7198.91
2025-11-05T00:00:00.000Z,36,Cape Town,155,8196.234
2025-11-05T00:00:00.000Z,37,New York,155,8246.266
2025-11-05T00:00:00.000Z,38,Buenos Aires,156,7628.684
2025-11-05T00:00:00.000Z,39,São Paulo,159,8614.033
2025-11-05T00:00:00.000Z,40,Auckland,166,8309.78
2025-11-05T00:00:00.000Z,41,Riyadh,167,8643.466
2025-11-05T00:00:00.000Z,42,Stockholm,168,7655.311
2025-11-05T00:00:00.000Z,43,Singapore,169,8756.958999999999
2025-11-05T00:00:00.000Z,44,Zurich,170,8566.7
2025-11-05T00:00:00.000Z,45,Chicago,174,6813.982
2025-11-05T00:00:00.000Z,46,Kolkata,174,8110.241
2025-11-05T00:00:00.000Z,47,Rome,175,8471.495
2025-11-05T00:00:00.000Z,48,Los Angeles,177,8683.801
2025-11-05T00:00:00.000Z,49,San Francisco,183,8445.791000000001
2025-11-05T00:00:00.000Z,50,Sydney,193,7613.974
2025-11-05T01:00:00.000Z,1,Mexico City,108,6446.613
2025-11-05T01:00:00.000Z,2,São Paulo,113,9209.391
2025-11-05T01:00:00.000Z,3,Bengaluru,116,5725.266
2025-11-05T01:00:00.000Z,4,Warsaw,120,8826.607
2025-11-05T01:00:00.000Z,5,Jakarta,124,6612.278
2025-11-05T01:00:00.000Z,6,Chennai,124,8517.129
2025-11-05T01:00:00.000Z,7,New York,124,8637.768
2025-11-05T01:00:00.000Z,8,Seoul,125,7130.506
2025-11-05T01:00:00.000Z,9,Delhi,127,7844.041
2025-11-05T01:00:00.000Z,10,Shanghai,128,7758.218
2025-11-05T01:00:00.000Z,11,Tokyo,128,7965.0869999999995
2025-11-05T01:00:00.000Z,12,Vancouver,128,8588.96
2025-11-05T01:00:00.000Z,13,London,128,9035.46
2025-11-05T01:00:00.000Z,14,Helsinki,129,7543.364
2025-11-05T01:00:00.000Z,15,Mumbai,130,8639.844
2025-11-05T01:00:00.000Z,16,Karachi,131,7779.044
2025-11-05T01:00:00.000Z,17,Nairobi,132,7856.761
2025-11-05T01:00:00.000Z,18,Doha,132,8507.155999999999
2025-11-05T01:00:00.000Z,19,Toronto,133,8826.351999999999
2025-11-05T01:00:00.000Z,20,Moscow,136,7318.986
2025-11-05T01:00:00.000Z,21,Madrid,136,8054.892
2025-11-05T01:00:00.000Z,22,Melbourne,137,7930.002
2025-11-05T01:00:00.000Z,23,Auckland,138,8408.351
2025-11-05T01:00:00.000Z,24,Istanbul,138,8720.99
2025-11-05T01:00:00.000Z,25,Hong Kong,139,7586.867
2025-11-05T01:00:00.000Z,26,Dubai,140,8901.196
2025-11-05T01:00:00.000Z,27,Cairo,142,8548.048
2025-11-05T01:00:00.000Z,28,Osaka,143,7283.563
2025-11-05T01:00:00.000Z,29,Lagos,143,9019.85
2025-11-05T01:00:00.000Z,30,Tehran,144,8172.433
2025-11-05T01:00:00.000Z,31,Paris,145,7243.775
2025-11-05T01:00:00.000Z,32,Houston,150,6831.183
2025-11-05T01:00:00.000Z,33,Manila,150,7591.527
2025-11-05T01:00:00.000Z,34,Beijing,151,7711.098
2025-11-05T01:00:00.000Z,35,Berlin,151,8666.282
2025-11-05T01:00:00.000Z,36,Ho Chi Minh City,152,8511.283
2025-11-05T01:00:00.000Z,37,Bangkok,154,7188.545
2025-11-05T01:00:00.000Z,38,Kuala Lumpur,155,7539.227
2025-11-05T01:00:00.000Z,39,Cape Town,155,8702.694
2025-11-05T01:00:00.000Z,40,Buenos Aires,156,7496.675
2025-11-05T01:00:00.000Z,41,Riyadh,167,8151.313
2025-11-05T01:00:00.000Z,42,Stockholm,168,7508.6849999999995
2025-11-05T01:00:00.000Z,43,Singapore,169,9303.026
2025-11-05T01:00:00.000Z,44,Zurich,170,8482.535
2025-11-05T01:00:00.000Z,45,Chicago,174,7197.925
2025-11-05T01:00:00.000Z,46,Kolkata,174,7526.21
2025-11-05T01:00:00.000Z,47,Rome,175,8028.0869999999995
2025-11-05T01:00:00.000Z,48,Los Angeles,177,8220.464
2025-11-05T01:00:00.000Z,49,San Francisco,183,8518.059
2025-11-05T01:00:00.000Z,50,Sydney,193,7532.576
2025-11-05T02:00:00.000Z,1,Moscow,103,7157.314
2025-11-05T02:00:00.000Z,2,Mexico City,108,6608.318
2025-11-05T02:00:00.000Z,3,Bangkok,113,7510.739
2025-11-05T02:00:00.000Z,4,Bengaluru,116,5821.189
2025-11-05T02:00:00.000Z,5,Warsaw,120,8475.277
2025-11-05T02:00:00.000Z,6,Jakarta,124,6741.503
2025-11-05T02:00:00.000Z,7,New York,124,8754.691
2025-11-05T02:00:00.000Z,8,Doha,126,8115.998
2025-11-05T02:00:00.000Z,9,Delhi,127,8372.691
2025-11-05T02:00:00.000Z,10,Shanghai,128,7676.275
2025-11-05T02:00:00.000Z,11,Tokyo,128,7875.754
2025-11-05T02:00:00.000Z,12,London,128,9623.951
2025-11-05T02:00:00.000Z,13,Helsinki,129,7780.338
2025-11-05T02:00:00.000Z,14,Mumbai,130,8431.675
2025-11-05T02:00:00.000Z,15,São Paulo,130,8746.286
2025-11-05T02:00:00.000Z,16,Karachi,131,7536.187
2025-11-05T02:00:00.000Z,17,Toronto,133,8368.716
2025-11-05T02:00:00.000Z,18,Riyadh,134,7496.36
2025-11-05T02:00:00.000Z,19,Madrid,136,8065.784
2025-11-05T02:00:00.000Z,20,Melbourne,137,8170.785
2025-11-05T02:00:00.000Z,21,Auckland,138,8525.283
2025-11-05T02:00:00.000Z,22,Istanbul,138,8694.449
2025-11-05T02:00:00.000Z,23,Hong Kong,139,8030.881
2025-11-05T02:00:00.000Z,24,Nairobi,140,7709.137
2025-11-05T02:00:00.000Z,25,Dubai,140,8697.142
2025-11-05T02:00:00.000Z,26,Vancouver,142,8233.864
2025-11-05T02:00:00.000Z,27,Cairo,142,8468.208
2025-11-05T02:00:00.000Z,28,Osaka,143,7165.857
2025-11-05T02:00:00.000Z,29,Seoul,143,7497.368
2025-11-05T02:00:00.000Z,30,Lagos,143,8818.774
2025-11-05T02:00:00.000Z,31,Tehran,144,8423.489
2025-11-05T02:00:00.000Z,32,Paris,145,7347.761
2025-11-05T02:00:00.000Z,33,Houston,150,7196.826
2025-11-05T02:00:00.000Z,34,Manila,150,7691.83
2025-11-05T02:00:00.000Z,35,Beijing,151,8467.367
2025-11-05T02:00:00.000Z,36,Chicago,152,7143.081
2025-11-05T02:00:00.000Z,37,Ho Chi Minh City,152,8305.255000000001
2025-11-05T02:00:00.000Z,38,Kuala Lumpur,155,8109.504
2025-11-05T02:00:00.000Z,39,Cape Town,155,8217.771
2025-11-05T02:00:00.000Z,40,Buenos Aires,156,7236.043
2025-11-05T02:00:00.000Z,41,Chennai,159,8028.445
2025-11-05T02:00:00.000Z,42,Stockholm,168,7310.883
2025-11-05T02:00:00.000Z,43,Singapore,169,8587.848
2025-11-05T02:00:00.000Z,44,Zurich,170,8741.845
2025-11-05T02:00:00.000Z,45,Kolkata,174,7217.3
2025-11-05T02:00:00.000Z,46,Rome,175,8435.567
2025-11-05T02:00:00.000Z,47,Los Angeles,177,8123.961
2025-11-05T02:00:00.000Z,48,Berlin,182,8801.376
2025-11-05T02:00:00.000Z,49,San Francisco,183,8820.919
2025-11-05T02:00:00.000Z,50,Sydney,193,7674.384
2025-11-05T03:00:00.000Z,1,Moscow,111,6951.4169999999995
2025-11-05T03:00:00.000Z,2,Bangkok,113,7222.311
2025-11-05T03:00:00.000Z,3,Singapore,117,8414.593
2025-11-05T03:00:00.000Z,4,Warsaw,117,8449.479
2025-11-05T03:00:00.000Z,5,Mexico City,119,6208.442
2025-11-05T03:00:00.000Z,6,Istanbul,124,8250.333999999999
2025-11-05T03:00:00.000Z,7,Karachi,126,7126.18
2025-11-05T03:00:00.000Z,8,Doha,126,7754.262
2025-11-05T03:00:00.000Z,9,Shanghai,128,7574.3060000000005
2025-11-05T03:00:00.000Z,10,Helsinki,129,7780.314
2025-11-05T03:00:00.000Z,11,Delhi,129,8489.449
2025-11-05T03:00:00.000Z,12,Jakarta,130,7212.812
2025-11-05T03:00:00.000Z,13,São Paulo,130,8109.105
2025-11-05T03:00:00.000Z,14,New York,130,8317.626
2025-11-05T03:00:00.000Z,15,Mumbai,130,8765.207
2025-11-05T03:00:00.000Z,16,London,130,9374.534
2025-11-05T03:00:00.000Z,17,Bengaluru,132,5688.647
2025-11-05T03:00:00.000Z,18,Tokyo,132,8120.076
2025-11-05T03:00:00.000Z,19,Toronto,133,8041.978
2025-11-05T03:00:00.000Z,20,Riyadh,134,6782.924
2025-11-05T03:00:00.000Z,21,Madrid,136,7977.954
2025-11-05T03:00:00.000Z,22,Melbourne,137,7534.9619999999995
2025-11-05T03:00:00.000Z,23,Auckland,138,9288.957
2025-11-05T03:00:00.000Z,24,Hong Kong,139,8306.487000000001
2025-11-05T03:00:00.000Z,25,Nairobi,140,7944.927
2025-11-05T03:00:00.000Z,26,Dubai,140,9201.911
2025-11-05T03:00:00.000Z,27,Vancouver,142,7897.644
2025-11-05T03:00:00.000Z,28,Osaka,143,6793.262000000001
2025-11-05T03:00:00.000Z,29,Seoul,143,7696.403
2025-11-05T03:00:00.000Z,30,Lagos,143,8661.826000000001
2025-11-05T03:00:00.000Z,31,Tehran,144,8943.988
2025-11-05T03:00:00.000Z,32,Manila,150,8007.772
2025-11-05T03:00:00.000Z,33,Houston,150,8048.1990000000005
2025-11-05T03:00:00.000Z,34,Beijing,151,8125.331
2025-11-05T03:00:00.000Z,35,Chicago,152,7591.242
2025-11-05T03:00:00.000Z,36,Ho Chi Minh City,152,8721.932
2025-11-05T03:00:00.000Z,37,Kuala Lumpur,155,8200.077000000001
2025-11-05T03:00:00.000Z,38,Cape Town,155,8382.359
2025-11-05T03:00:00.000Z,39,Buenos Aires,156,7925.487
2025-11-05T03:00:00.000Z,40,Chennai,159,7793.864
2025-11-05T03:00:00.000Z,41,Paris,162,7306.673
2025-11-05T03:00:00.000Z,42,Cairo,162,7895.834
2025-11-05T03:00:00.000Z,43,Stockholm,168,6537.389999999999
2025-11-05T03:00:00.000Z,44,Zurich,170,8942.364
2025-11-05T03:00:00.000Z,45,Kolkata,174,6399.219
2025-11-05T03:00:00.000Z,46,Rome,175,8164.718
2025-11-05T03:00:00.000Z,47,Los Angeles,177,8076.475
2025-11-05T03:00:00.000Z,48,Berlin,182,7973.238
2025-11-05T03:00:00.000Z,49,San Francisco,183,8980.284
2025-11-05T03:00:00.000Z,50,Sydney,193,7872.201
2025-11-05T04:00:00.000Z,1,Warsaw,106,8228.921
2025-11-05T04:00:00.000Z,2,Singapore,118,8087.34
2025-11-05T04:00:00.000Z,3,Mexico City,119,6516.488
2025-11-05T04:00:00.000Z,4,Shanghai,121,7382.951
2025-11-05T04:00:00.000Z,5,Istanbul,122,7942.734
2025-11-05T04:00:00.000Z,6,Cape Town,124,8539.779
2025-11-05T04:00:00.000Z,7,Moscow,125,7155.131
2025-11-05T04:00:00.000Z,8,Beijing,125,7612.106
2025-11-05T04:00:00.000Z,9,Doha,126,7980.5650000000005
2025-11-05T04:00:00.000Z,10,Karachi,129,7101.402
2025-11-05T04:00:00.000Z,11,Helsinki,129,7247.976000000001
2025-11-05T04:00:00.000Z,12,Delhi,129,8385.75
2025-11-05T04:00:00.000Z,13,Jakarta,130,7126.657999999999
2025-11-05T04:00:00.000Z,14,New York,130,8206.206
2025-11-05T04:00:00.000Z,15,Mumbai,130,8750.458
2025-11-05T04:00:00.000Z,16,London,130,8951.726999999999
2025-11-05T04:00:00.000Z,17,Bengaluru,132,6037.4529999999995
2025-11-05T04:00:00.000Z,18,Tokyo,132,8567.561
2025-11-05T04:00:00.000Z,19,Toronto,133,7728.525
2025-11-05T04:00:00.000Z,20,Madrid,135,8191.679
2025-11-05T04:00:00.000Z,21,Bangkok,136,7276.53
2025-11-05T04:00:00.000Z,22,Melbourne,137,7921.5
2025-11-05T04:00:00.000Z,23,Auckland,138,8735.233
2025-11-05T04:00:00.000Z,24,Manila,139,7985.687
2025-11-05T04:00:00.000Z,25,Hong Kong,139,8138.332
2025-11-05T04:00:00.000Z,26,Nairobi,140,7780.856
2025-11-05T04:00:00.000Z,27,Dubai,140,8951.437
2025-11-05T04:00:00.000Z,28,Vancouver,142,7576.474
2025-11-05T04:00:00.000Z,29,Seoul,143,6960.331
2025-11-05T04:00:00.000Z,30,Osaka,143,7723.07
2025-11-05T04:00:00.000Z,31,Lagos,143,8744.275
2025-11-05T04:00:00.000Z,32,São Paulo,144,8070.942999999999
2025-11-05T04:00:00.000Z,33,Tehran,144,9094.882
2025-11-05T04:00:00.000Z,34,Buenos Aires,148,7930.129
2025-11-05T04:00:00.000Z,35,Houston,150,8913.266
2025-11-05T04:00:00.000Z,36,Chicago,152,7602.302
2025-11-05T04:00:00.000Z,37,Kuala Lumpur,155,8386.276
2025-11-05T04:00:00.000Z,38,Chennai,159,7581.579
2025-11-05T04:00:00.000Z,39,Paris,162,7470.62
2025-11-05T04:00:00.000Z,40,Cairo,162,7605.279
2025-11-05T04:00:00.000Z,41,Stockholm,168,6523.261
2025-11-05T04:00:00.000Z,42,Zurich,170,8874.456
2025-11-05T04:00:00.000Z,43,Ho Chi Minh City,172,8566.749
2025-11-05T04:00:00.000Z,44,Kolkata,174,6418.25
2025-11-05T04:00:00.000Z,45,Rome,175,8205.907
2025-11-05T04:00:00.000Z,46,Los Angeles,177,8332.676
2025-11-05T04:00:00.000Z,47,Riyadh,182,6677.906999999999
2025-11-05T04:00:00.000Z,48,Berlin,182,7455.505999999999
2025-11-05T04:00:00.000Z,49,San Francisco,183,8738.064
2025-11-05T04:00:00.000Z,50,Sydney,193,8178.394
2025-11-05T05:00:00.000Z,1,Los Angeles,118,8035.679
2025-11-05T05:00:00.000Z,2,Mexico City,119,6808.403
2025-11-05T05:00:00.000Z,3,Warsaw,121,7536.545
2025-11-05T05:00:00.000Z,4,Istanbul,124,8265.826000000001
2025-11-05T05:00:00.000Z,5,Moscow,125,7491.401
2025-11-05T05:00:00.000Z,6,Beijing,125,7880.856
2025-11-05T05:00:00.000Z,7,Shanghai,126,7214.544
2025-11-05T05:00:00.000Z,8,Doha,126,8062.136
2025-11-05T05:00:00.000Z,9,Mumbai,127,9089.771999999999
2025-11-05T05:00:00.000Z,10,Karachi,129,6981.225
2025-11-05T05:00:00.000Z,11,Jakarta,130,6523.75
2025-11-05T05:00:00.000Z,12,New York,130,8306.6
2025-11-05T05:00:00.000Z,13,Bengaluru,132,6337.397
2025-11-05T05:00:00.000Z,14,Cape Town,132,7770.489
2025-11-05T05:00:00.000Z,15,Tokyo,132,8594.530999999999
2025-11-05T05:00:00.000Z,16,Toronto,133,7886.592000000001
2025-11-05T05:00:00.000Z,17,Madrid,135,8103.849
2025-11-05T05:00:00.000Z,18,Bangkok,136,7640.251
2025-11-05T05:00:00.000Z,19,Melbourne,137,7711.705
2025-11-05T05:00:00.000Z,20,Auckland,138,8499.563
2025-11-05T05:00:00.000Z,21,Hong Kong,139,8034.996
2025-11-05T05:00:00.000Z,22,Nairobi,140,7922.168
2025-11-05T05:00:00.000Z,23,Helsinki,140,8008.034
2025-11-05T05:00:00.000Z,24,Dubai,140,9179.804
2025-11-05T05:00:00.000Z,25,Vancouver,142,7638.698
2025-11-05T05:00:00.000Z,26,Singapore,142,7708.732
2025-11-05T05:00:00.000Z,27,Osaka,143,7774.618
2025-11-05T05:00:00.000Z,28,London,143,8368.887999999999
2025-11-05T05:00:00.000Z,29,Lagos,143,8453.821
2025-11-05T05:00:00.000Z,30,São Paulo,144,8157.63
2025-11-05T05:00:00.000Z,31,Tehran,144,9233.298999999999
2025-11-05T05:00:00.000Z,32,Buenos Aires,148,7878.321
2025-11-05T05:00:00.000Z,33,Zurich,148,8422.644
2025-11-05T05:00:00.000Z,34,Houston,150,8872.206
2025-11-05T05:00:00.000Z,35,Seoul,151,8024.415
2025-11-05T05:00:00.000Z,36,Chicago,152,7912.9169999999995
2025-11-05T05:00:00.000Z,37,Manila,152,8417.066
2025-11-05T05:00:00.000Z,38,Kuala Lumpur,155,8200.663
2025-11-05T05:00:00.000Z,39,Chennai,159,7538.102
2025-11-05T05:00:00.000Z,40,Cairo,162,7899.445
2025-11-05T05:00:00.000Z,41,Paris,162,7963.505
2025-11-05T05:00:00.000Z,42,Delhi,162,8196.589
2025-11-05T05:00:00.000Z,43,Stockholm,168,6750.146
2025-11-05T05:00:00.000Z,44,Ho Chi Minh City,172,8457.284
2025-11-05T05:00:00.000Z,45,Kolkata,174,6523.3189999999995
2025-11-05T05:00:00.000Z,46,Rome,175,8371.083999999999
2025-11-05T05:00:00.000Z,47,Riyadh,182,6998.630999999999
2025-11-05T05:00:00.000Z,48,Berlin,182,7037.558
2025-11-05T05:00:00.000Z,49,San Francisco,183,8491.053
2025-11-05T05:00:00.000Z,50,Sydney,193,7851.352
2025-11-05T06:00:00.000Z,1,Los Angeles,117,7525.821
2025-11-05T06:00:00.000Z,2,Mexico City,119,6976.567
2025-11-05T06:00:00.000Z,3,Chicago,119,7793.0380000000005
2025-11-05T06:00:00.000Z,4,Kuala Lumpur,119,8678.069
2025-11-05T06:00:00.000Z,5,Warsaw,121,7167.371
2025-11-05T06:00:00.000Z,6,Istanbul,124,7754.37
2025-11-05T06:00:00.000Z,7,Moscow,125,7889.666
2025-11-05T06:00:00.000Z,8,Beijing,125,7976.096
2025-11-05T06:00:00.000Z,9,Shanghai,126,7130.365
2025-11-05T06:00:00.000Z,10,Mumbai,127,9725.343
2025-11-05T06:00:00.000Z,11,Karachi,129,7163.693
2025-11-05T06:00:00.000Z,12,Jakarta,130,7119.349
2025-11-05T06:00:00.000Z,13,Dubai,131,8959.79
2025-11-05T06:00:00.000Z,14,Bengaluru,132,7015.22
2025-11-05T06:00:00.000Z,15,Cape Town,132,8023.164
2025-11-05T06:00:00.000Z,16,Tokyo,132,8128.487
2025-11-05T06:00:00.000Z,17,Toronto,133,8553.029
2025-11-05T06:00:00.000Z,18,Sydney,134,8189.82
2025-11-05T06:00:00.000Z,19,Madrid,135,8033.614
2025-11-05T06:00:00.000Z,20,Rome,135,8537.323
2025-11-05T06:00:00.000Z,21,Bangkok,136,8271.938
2025-11-05T06:00:00.000Z,22,Melbourne,137,7507.016
2025-11-05T06:00:00.000Z,23,Auckland,138,7739.987
2025-11-05T06:00:00.000Z,24,Hong Kong,139,7658.489
2025-11-05T06:00:00.000Z,25,Nairobi,140,7110.371
2025-11-05T06:00:00.000Z,26,Helsinki,140,7580.923
2025-11-05T06:00:00.000Z,27,Vancouver,142,7393.851
2025-11-05T06:00:00.000Z,28,Singapore,142,8029.075
2025-11-05T06:00:00.000Z,29,Osaka,143,7631.839
2025-11-05T06:00:00.000Z,30,Lagos,143,8240.797
2025-11-05T06:00:00.000Z,31,London,143,8775.106
2025-11-05T06:00:00.000Z,32,Tehran,144,9410.943
2025-11-05T06:00:00.000Z,33,Zurich,148,8594.303
2025-11-05T06:00:00.000Z,34,Houston,150,9327.486
2025-11-05T06:00:00.000Z,35,Seoul,151,7868.362
2025-11-05T06:00:00.000Z,36,New York,151,8515.303
2025-11-05T06:00:00.000Z,37,Manila,152,8839.738
2025-11-05T06:00:00.000Z,38,Chennai,159,7822.552
2025-11-05T06:00:00.000Z,39,Doha,159,8244.707
2025-11-05T06:00:00.000Z,40,Cairo,162,7543.364
2025-11-05T06:00:00.000Z,41,Delhi,162,7683.91
2025-11-05T06:00:00.000Z,42,Paris,162,7983.762
2025-11-05T06:00:00.000Z,43,Buenos Aires,164,7915.885
2025-11-05T06:00:00.000Z,44,Stockholm,168,6930.5
2025-11-05T06:00:00.000Z,45,São Paulo,171,8539.861
2025-11-05T06:00:00.000Z,46,Ho Chi Minh City,172,8841.298999999999
2025-11-05T06:00:00.000Z,47,Kolkata,174,6440.925
2025-11-05T06:00:00.000Z,48,Riyadh,182,7033.177
2025-11-05T06:00:00.000Z,49,Berlin,182,7583.5560000000005
2025-11-05T06:00:00.000Z,50,San Francisco,183,8372.921
2025-11-05T07:00:00.000Z,1,Kuala Lumpur,112,8607.15
2025-11-05T07:00:00.000Z,2,Houston,116,9165.663
2025-11-05T07:00:00.000Z,3,Los Angeles,117,7140.476000000001
2025-11-05T07:00:00.000Z,4,Chicago,119,7050.085
2025-11-05T07:00:00.000Z,5,Mexico City,119,7245.093
2025-11-05T07:00:00.000Z,6,Melbourne,120,8267.881
2025-11-05T07:00:00.000Z,7,Moscow,125,8086.633
2025-11-05T07:00:00.000Z,8,Shanghai,126,6850.802
2025-11-05T07:00:00.000Z,9,Mumbai,127,9287.08
2025-11-05T07:00:00.000Z,10,Jakarta,130,7430.039000000001
2025-11-05T07:00:00.000Z,11,Dubai,131,8490.392
2025-11-05T07:00:00.000Z,12,Cape Town,132,8163.762000000001
2025-11-05T07:00:00.000Z,13,Madrid,133,7573.529
2025-11-05T07:00:00.000Z,14,Warsaw,133,7593.223
2025-11-05T07:00:00.000Z,15,Toronto,134,7853.055
2025-11-05T07:00:00.000Z,16,Sydney,134,8240.144
2025-11-05T07:00:00.000Z,17,Tokyo,135,7833.604
2025-11-05T07:00:00.000Z,18,Rome,135,8440.511
2025-11-05T07:00:00.000Z,19,Bangkok,136,8852.485
2025-11-05T07:00:00.000Z,20,Karachi,138,7220.688
2025-11-05T07:00:00.000Z,21,Auckland,138,7823.178
2025-11-05T07:00:00.000Z,22,Hong Kong,139,7588.3009999999995
2025-11-05T07:00:00.000Z,23,Nairobi,140,6622.268
2025-11-05T07:00:00.000Z,24,Helsinki,140,7724.6990000000005
2025-11-05T07:00:00.000Z,25,Vancouver,142,7032.821
2025-11-05T07:00:00.000Z,26,Bengaluru,142,7766.6900000000005
2025-11-05T07:00:00.000Z,27,Singapore,142,8264.15
2025-11-05T07:00:00.000Z,28,Osaka,143,7806.2
2025-11-05T07:00:00.000Z,29,Lagos,143,8257.742
2025-11-05T07:00:00.000Z,30,London,143,9063.92
2025-11-05T07:00:00.000Z,31,Tehran,144,8848.127
2025-11-05T07:00:00.000Z,32,Zurich,148,7631.251
2025-11-05T07:00:00.000Z,33,Beijing,149,8168.579
2025-11-05T07:00:00.000Z,34,Seoul,151,7875.057
2025-11-05T07:00:00.000Z,35,New York,151,8340.754
2025-11-05T07:00:00.000Z,36,Manila,152,8804.552
2025-11-05T07:00:00.000Z,37,Istanbul,153,7806.293
2025-11-05T07:00:00.000Z,38,Chennai,159,7598.728999999999
2025-11-05T07:00:00.000Z,39,Doha,159,8468.042
2025-11-05T07:00:00.000Z,40,Cairo,162,7196.32
2025-11-05T07:00:00.000Z,41,Paris,162,8043.014999999999
2025-11-05T07:00:00.000Z,42,Delhi,162,8084.766
2025-11-05T07:00:00.000Z,43,Buenos Aires,164,8311.297
2025-11-05T07:00:00.000Z,44,Stockholm,168,6807.214
2025-11-05T07:00:00.000Z,45,São Paulo,171,8644.858
2025-11-05T07:00:00.000Z,46,Ho Chi Minh City,172,8940.197
2025-11-05T07:00:00.000Z,47,Kolkata,174,6689.13
2025-11-05T07:00:00.000Z,48,Riyadh,182,7068.285
2025-11-05T07:00:00.000Z,49,Berlin,182,7487.061
2025-11-05T07:00:00.000Z,50,San Francisco,183,8291.229
2025-11-05T08:00:00.000Z,1,Kuala Lumpur,112,9246.466
2025-11-05T08:00:00.000Z,2,Los Angeles,117,6917.873
2025-11-05T08:00:00.000Z,3,Chicago,119,7184.661
2025-11-05T08:00:00.000Z,4,San Francisco,119,8416.312
2025-11-05T08:00:00.000Z,5,Melbourne,120,7453.314
2025-11-05T08:00:00.000Z,6,Houston,121,9608.849
2025-11-05T08:00:00.000Z,7,Moscow,125,8058.882
2025-11-05T08:00:00.000Z,8,Shanghai,126,7269.606
2025-11-05T08:00:00.000Z,9,Sydney,126,8505.952
2025-11-05T08:00:00.000Z,10,Mumbai,127,8563.043
2025-11-05T08:00:00.000Z,11,Jakarta,130,7725.191
2025-11-05T08:00:00.000Z,12,Stockholm,131,7046.165
2025-11-05T08:00:00.000Z,13,Dubai,131,8576.323
2025-11-05T08:00:00.000Z,14,Cape Town,132,8546.716
2025-11-05T08:00:00.000Z,15,Madrid,133,7069.332
2025-11-05T08:00:00.000Z,16,Toronto,134,7234.812
2025-11-05T08:00:00.000Z,17,Tokyo,135,7438.25
2025-11-05T08:00:00.000Z,18,Rome,135,8243.333
2025-11-05T08:00:00.000Z,19,Bangkok,136,9615.422
2025-11-05T08:00:00.000Z,20,Karachi,138,7070.193
2025-11-05T08:00:00.000Z,21,Auckland,138,7842.816
2025-11-05T08:00:00.000Z,22,Hong Kong,139,7885.6359999999995
2025-11-05T08:00:00.000Z,23,Nairobi,140,6571.012
2025-11-05T08:00:00.000Z,24,Helsinki,140,8148.923000000001
2025-11-05T08:00:00.000Z,25,Kolkata,141,6460.118
2025-11-05T08:00:00.000Z,26,Warsaw,141,7281.063
2025-11-05T08:00:00.000Z,27,Mexico City,141,7341.861
2025-11-05T08:00:00.000Z,28,Bengaluru,142,8172.031999999999
2025-11-05T08:00:00.000Z,29,Singapore,142,8509.396
2025-11-05T08:00:00.000Z,30,Osaka,143,7350.447
2025-11-05T08:00:00.000Z,31,Lagos,143,8429.565
2025-11-05T08:00:00.000Z,32,London,143,8529.069
2025-11-05T08:00:00.000Z,33,Tehran,144,9002.624
2025-11-05T08:00:00.000Z,34,Zurich,148,7681.974
2025-11-05T08:00:00.000Z,35,Beijing,149,8176.112
2025-11-05T08:00:00.000Z,36,Seoul,151,8338.439
2025-11-05T08:00:00.000Z,37,New York,151,8440.046
2025-11-05T08:00:00.000Z,38,Manila,152,8904.596
2025-11-05T08:00:00.000Z,39,Istanbul,153,8041.947
2025-11-05T08:00:00.000Z,40,Vancouver,157,7057.805
2025-11-05T08:00:00.000Z,41,Chennai,159,7767.592
2025-11-05T08:00:00.000Z,42,Doha,159,8251.283
2025-11-05T08:00:00.000Z,43,Cairo,162,6734.611999999999
2025-11-05T08:00:00.000Z,44,Paris,162,8273.159
2025-11-05T08:00:00.000Z,45,Delhi,162,8582.753
2025-11-05T08:00:00.000Z,46,Buenos Aires,164,8425.121
2025-11-05T08:00:00.000Z,47,São Paulo,171,8290.054
2025-11-05T08:00:00.000Z,48,Ho Chi Minh City,172,8504.753
2025-11-05T08:00:00.000Z,49,Riyadh,182,7259.702
2025-11-05T08:00:00.000Z,50,Berlin,182,7754.237
2025-11-05T09:00:00.000Z,1,San Francisco,106,7818.228
2025-11-05T09:00:00.000Z,2,Los Angeles,117,7092.264
2025-11-05T09:00:00.000Z,3,Kuala Lumpur,117,8564.418
2025-11-05T09:00:00.000Z,4,Chicago,119,6873.737
2025-11-05T09:00:00.000Z,5,Melbourne,120,7729.168
2025-11-05T09:00:00.000Z,6,Houston,121,9015.85
2025-11-05T09:00:00.000Z,7,Moscow,125,7772.116
2025-11-05T09:00:00.000Z,8,Shanghai,126,6903.985000000001
2025-11-05T09:00:00.000Z,9,Sydney,126,8864.878
2025-11-05T09:00:00.000Z,10,Hong Kong,130,7487.032
2025-11-05T09:00:00.000Z,11,Jakarta,130,8267.337
2025-11-05T09:00:00.000Z,12,Stockholm,131,7041.753
2025-11-05T09:00:00.000Z,13,Mumbai,131,8291.573
2025-11-05T09:00:00.000Z,14,Dubai,131,8480.57
2025-11-05T09:00:00.000Z,15,Lagos,132,8211.848
2025-11-05T09:00:00.000Z,16,Madrid,133,6832.934
2025-11-05T09:00:00.000Z,17,Tehran,133,9302.714
2025-11-05T09:00:00.000Z,18,Tokyo,135,7929.434
2025-11-05T09:00:00.000Z,19,Rome,135,8666.808
2025-11-05T09:00:00.000Z,20,Bangkok,136,9503.1
2025-11-05T09:00:00.000Z,21,Osaka,137,8433.133
2025-11-05T09:00:00.000Z,22,Cape Town,139,8216.439
2025-11-05T09:00:00.000Z,23,Nairobi,140,6759.838
2025-11-05T09:00:00.000Z,24,Helsinki,140,8377.316
2025-11-05T09:00:00.000Z,25,Warsaw,141,7052.269
2025-11-05T09:00:00.000Z,26,Mexico City,141,7237.224
2025-11-05T09:00:00.000Z,27,Toronto,141,7246.9259999999995
2025-11-05T09:00:00.000Z,28,Singapore,142,7906.308999999999
2025-11-05T09:00:00.000Z,29,Bengaluru,142,8063.884
2025-11-05T09:00:00.000Z,30,London,143,8397.971
2025-11-05T09:00:00.000Z,31,Kolkata,145,6668.775
2025-11-05T09:00:00.000Z,32,Karachi,148,7156.331
2025-11-05T09:00:00.000Z,33,Zurich,148,7922.716
2025-11-05T09:00:00.000Z,34,Beijing,149,8660.178
2025-11-05T09:00:00.000Z,35,New York,151,8025.893
2025-11-05T09:00:00.000Z,36,Seoul,151,8490.934000000001
2025-11-05T09:00:00.000Z,37,Manila,152,9129.789
2025-11-05T09:00:00.000Z,38,Auckland,153,7840.396
2025-11-05T09:00:00.000Z,39,Istanbul,153,7938.561
2025-11-05T09:00:00.000Z,40,Vancouver,157,7321.133
2025-11-05T09:00:00.000Z,41,Chennai,159,7871.186
2025-11-05T09:00:00.000Z,42,Doha,159,8847.306
2025-11-05T09:00:00.000Z,43,Cairo,162,7182.264
2025-11-05T09:00:00.000Z,44,Paris,162,8516.869
2025-11-05T09:00:00.000Z,45,Delhi,162,8765.723
2025-11-05T09:00:00.000Z,46,Buenos Aires,164,8486.289
2025-11-05T09:00:00.000Z,47,São Paulo,171,8228.36
2025-11-05T09:00:00.000Z,48,Ho Chi Minh City,172,7542.923000000001
2025-11-05T09:00:00.000Z,49,Berlin,182,7345.808
2025-11-05T09:00:00.000Z,50,Riyadh,182,7510.755999999999
2025-11-05T10:00:00.000Z,1,Los Angeles,117,7354.464
2025-11-05T10:00:00.000Z,2,Kuala Lumpur,117,8147.554
2025-11-05T10:00:00.000Z,3,Tehran,118,8366.247
2025-11-05T10:00:00.000Z,4,Chicago,119,6845.592
2025-11-05T10:00:00.000Z,5,Houston,122,8690.153
2025-11-05T10:00:00.000Z,6,Nairobi,123,7115.83
2025-11-05T10:00:00.000Z,7,Madrid,124,6873.229
2025-11-05T10:00:00.000Z,8,Moscow,125,8146.099
2025-11-05T10:00:00.000Z,9,Shanghai,126,6947.62
2025-11-05T10:00:00.000Z,10,Sydney,126,8502.981
2025-11-05T10:00:00.000Z,11,San Francisco,129,7747.123
2025-11-05T10:00:00.000Z,12,Hong Kong,130,7463.7919999999995
2025-11-05T10:00:00.000Z,13,Jakarta,130,8311.955
2025-11-05T10:00:00.000Z,14,Stockholm,131,6930.028
2025-11-05T10:00:00.000Z,15,Dubai,131,8559.756000000001
2025-11-05T10:00:00.000Z,16,Lagos,132,8704.664
2025-11-05T10:00:00.000Z,17,Mumbai,133,8505.952000000001
2025-11-05T10:00:00.000Z,18,Tokyo,135,7949.745
2025-11-05T10:00:00.000Z,19,Rome,135,8418.466
2025-11-05T10:00:00.000Z,20,Bangkok,136,9303.193
2025-11-05T10:00:00.000Z,21,Osaka,137,8474.178
2025-11-05T10:00:00.000Z,22,Helsinki,140,8292.349
2025-11-05T10:00:00.000Z,23,Mexico City,141,6692.226000000001
2025-11-05T10:00:00.000Z,24,Warsaw,141,7336.532999999999
2025-11-05T10:00:00.000Z,25,Toronto,141,7553.162
2025-11-05T10:00:00.000Z,26,Melbourne,141,7711.102
2025-11-05T10:00:00.000Z,27,Bengaluru,142,8153.646
2025-11-05T10:00:00.000Z,28,London,143,7840.664
2025-11-05T10:00:00.000Z,29,Kolkata,145,7378.175
2025-11-05T10:00:00.000Z,30,Zurich,148,7791.705
2025-11-05T10:00:00.000Z,31,Karachi,148,8430.183
2025-11-05T10:00:00.000Z,32,Beijing,149,8198.44
2025-11-05T10:00:00.000Z,33,Chennai,150,8519.856
2025-11-05T10:00:00.000Z,34,New York,151,7487.7919999999995
2025-11-05T10:00:00.000Z,35,Seoul,151,8097.635
2025-11-05T10:00:00.000Z,36,Manila,152,9174.862
2025-11-05T10:00:00.000Z,37,Auckland,153,7412.478999999999
2025-11-05T10:00:00.000Z,38,Istanbul,155,8182.559
2025-11-05T10:00:00.000Z,39,Vancouver,157,7932.643
2025-11-05T10:00:00.000Z,40,Doha,159,8587.462
2025-11-05T10:00:00.000Z,41,Berlin,162,7036.503
2025-11-05T10:00:00.000Z,42,Cairo,162,7815.969
2025-11-05T10:00:00.000Z,43,Paris,162,8770.069
2025-11-05T10:00:00.000Z,44,Delhi,162,9291.171999999999
2025-11-05T10:00:00.000Z,45,Buenos Aires,164,8320.955
2025-11-05T10:00:00.000Z,46,São Paulo,171,8576.398000000001
2025-11-05T10:00:00.000Z,47,Ho Chi Minh City,172,7813.808
2025-11-05T10:00:00.000Z,48,Cape Town,179,8586.622
2025-11-05T10:00:00.000Z,49,Riyadh,182,8238.685
2025-11-05T10:00:00.000Z,50,Singapore,193,8064.23
2025-11-05T11:00:00.000Z,1,Los Angeles,117,7057.906
2025-11-05T11:00:00.000Z,2,Kuala Lumpur,117,7911.101000000001
2025-11-05T11:00:00.000Z,3,Tehran,118,8410.615
2025-11-05T11:00:00.000Z,4,Chicago,119,6502.782999999999
2025-11-05T11:00:00.000Z,5,Nairobi,123,6967.518
2025-11-05T11:00:00.000Z,6,Madrid,124,6934.866
2025-11-05T11:00:00.000Z,7,Jakarta,125,8025.715
2025-11-05T11:00:00.000Z,8,Moscow,125,8672.3
2025-11-05T11:00:00.000Z,9,Shanghai,126,6304.8009999999995
2025-11-05T11:00:00.000Z,10,Sydney,126,7959.539000000001
2025-11-05T11:00:00.000Z,11,Houston,126,8471.243
2025-11-05T11:00:00.000Z,12,Hong Kong,130,8011.168
2025-11-05T11:00:00.000Z,13,Stockholm,131,7585.309
2025-11-05T11:00:00.000Z,14,Dubai,131,7954.633
2025-11-05T11:00:00.000Z,15,Mumbai,133,8263.205
2025-11-05T11:00:00.000Z,16,Tokyo,135,8106.219
2025-11-05T11:00:00.000Z,17,Rome,135,8776.214
2025-11-05T11:00:00.000Z,18,Bangkok,136,8989.512999999999
2025-11-05T11:00:00.000Z,19,Osaka,137,8641.992
2025-11-05T11:00:00.000Z,20,Cairo,139,8068.271
2025-11-05T11:00:00.000Z,21,Helsinki,140,8284.2
2025-11-05T11:00:00.000Z,22,Mexico City,141,6900.197
2025-11-05T11:00:00.000Z,23,Toronto,141,7472.514
2025-11-05T11:00:00.000Z,24,Warsaw,141,7634.861000000001
2025-11-05T11:00:00.000Z,25,Melbourne,141,7765.289
2025-11-05T11:00:00.000Z,26,Bengaluru,142,8216.032
2025-11-05T11:00:00.000Z,27,London,143,8493.529
2025-11-05T11:00:00.000Z,28,Kolkata,145,8124.512
2025-11-05T11:00:00.000Z,29,Zurich,148,7803.707
2025-11-05T11:00:00.000Z,30,Karachi,148,8504.428
2025-11-05T11:00:00.000Z,31,Beijing,149,8299.039
2025-11-05T11:00:00.000Z,32,Chennai,150,8655.955
2025-11-05T11:00:00.000Z,33,New York,151,7739.833
2025-11-05T11:00:00.000Z,34,Seoul,151,8569.51
2025-11-05T11:00:00.000Z,35,Manila,152,8657.774
2025-11-05T11:00:00.000Z,36,Auckland,153,6740.573
2025-11-05T11:00:00.000Z,37,Istanbul,155,8566.823
2025-11-05T11:00:00.000Z,38,Vancouver,157,8273.46
2025-11-05T11:00:00.000Z,39,Paris,158,8496.554
2025-11-05T11:00:00.000Z,40,San Francisco,159,7482.239
2025-11-05T11:00:00.000Z,41,Lagos,159,8528.113
2025-11-05T11:00:00.000Z,42,Doha,159,8531.471
2025-11-05T11:00:00.000Z,43,Berlin,162,8250.765
2025-11-05T11:00:00.000Z,44,Delhi,162,9252.408
2025-11-05T11:00:00.000Z,45,Buenos Aires,164,7675.749
2025-11-05T11:00:00.000Z,46,São Paulo,171,9111.608
2025-11-05T11:00:00.000Z,47,Ho Chi Minh City,172,7422.123
2025-11-05T11:00:00.000Z,48,Cape Town,179,9076.868
2025-11-05T11:00:00.000Z,49,Riyadh,182,8647.818
2025-11-05T11:00:00.000Z,50,Singapore,193,7672.662
2025-11-05T12:00:00.000Z,1,Madrid,113,6987.465
2025-11-05T12:00:00.000Z,2,Riyadh,114,8649.643
2025-11-05T12:00:00.000Z,3,Los Angeles,117,6701.24
2025-11-05T12:00:00.000Z,4,Chicago,119,6814.591
2025-11-05T12:00:00.000Z,5,Ho Chi Minh City,120,7529.276
2025-11-05T12:00:00.000Z,6,Jakarta,125,8058.652
2025-11-05T12:00:00.000Z,7,Shanghai,126,6608.215
2025-11-05T12:00:00.000Z,8,Moscow,129,8519.366
2025-11-05T12:00:00.000Z,9,Tehran,130,8168.026
2025-11-05T12:00:00.000Z,10,Hong Kong,130,8493.009
2025-11-05T12:00:00.000Z,11,Dubai,131,7943.745
2025-11-05T12:00:00.000Z,12,Paris,131,8170.381
2025-11-05T12:00:00.000Z,13,Sydney,132,8106.343
2025-11-05T12:00:00.000Z,14,Tokyo,135,7426.486
2025-11-05T12:00:00.000Z,15,Rome,135,8687.578
2025-11-05T12:00:00.000Z,16,Bangkok,135,8815.911
2025-11-05T12:00:00.000Z,17,Osaka,137,8572.383
2025-11-05T12:00:00.000Z,18,Cairo,139,8221.868
2025-11-05T12:00:00.000Z,19,Stockholm,140,7574.111
2025-11-05T12:00:00.000Z,20,Mexico City,141,6879.016
2025-11-05T12:00:00.000Z,21,Melbourne,141,7477.631
2025-11-05T12:00:00.000Z,22,Warsaw,141,7488.601000000001
2025-11-05T12:00:00.000Z,23,Toronto,141,7733.334
2025-11-05T12:00:00.000Z,24,Bengaluru,142,8553.369999999999
2025-11-05T12:00:00.000Z,25,Kolkata,145,8105.496
2025-11-05T12:00:00.000Z,26,Karachi,148,8210.125
2025-11-05T12:00:00.000Z,27,Beijing,149,8761.587
2025-11-05T12:00:00.000Z,28,Houston,150,8026.009
2025-11-05T12:00:00.000Z,29,Chennai,150,8768.494
2025-11-05T12:00:00.000Z,30,New York,151,7956.586
2025-11-05T12:00:00.000Z,31,Seoul,151,9320.727
2025-11-05T12:00:00.000Z,32,Nairobi,152,6986.725
2025-11-05T12:00:00.000Z,33,Manila,152,8633.524
2025-11-05T12:00:00.000Z,34,Auckland,153,6352.434
2025-11-05T12:00:00.000Z,35,Istanbul,155,8598.806
2025-11-05T12:00:00.000Z,36,Vancouver,157,8161.233
2025-11-05T12:00:00.000Z,37,Kuala Lumpur,158,7507.219
2025-11-05T12:00:00.000Z,38,Doha,159,8048.6
2025-11-05T12:00:00.000Z,39,Lagos,159,8086.811
2025-11-05T12:00:00.000Z,40,Mumbai,161,8020.9169999999995
2025-11-05T12:00:00.000Z,41,Berlin,162,8146.523
2025-11-05T12:00:00.000Z,42,Delhi,162,9154.096
2025-11-05T12:00:00.000Z,43,Helsinki,163,8506.839
2025-11-05T12:00:00.000Z,44,Buenos Aires,164,7512.455
2025-11-05T12:00:00.000Z,45,Zurich,167,7735.856
2025-11-05T12:00:00.000Z,46,São Paulo,171,9062.327
2025-11-05T12:00:00.000Z,47,Cape Town,179,8883.693
2025-11-05T12:00:00.000Z,48,San Francisco,187,7612.636
2025-11-05T12:00:00.000Z,49,Singapore,193,7675.876
2025-11-05T12:00:00.000Z,50,London,214,8710.048999999999
2025-11-05T13:00:00.000Z,1,Seoul,99,8995.012999999999
2025-11-05T13:00:00.000Z,2,Madrid,113,7029.922
2025-11-05T13:00:00.000Z,3,Riyadh,114,8058.409
2025-11-05T13:00:00.000Z,4,Chicago,119,6941.344
2025-11-05T13:00:00.000Z,5,Jakarta,125,8493.916
2025-11-05T13:00:00.000Z,6,Shanghai,126,6467.286
2025-11-05T13:00:00.000Z,7,Moscow,129,8282.673
2025-11-05T13:00:00.000Z,8,Ho Chi Minh City,130,7475.738
2025-11-05T13:00:00.000Z,9,Tehran,130,8211.841
2025-11-05T13:00:00.000Z,10,Rome,130,8728.522
2025-11-05T13:00:00.000Z,11,Hong Kong,130,8885.155999999999
2025-11-05T13:00:00.000Z,12,Paris,131,7596.0380000000005
2025-11-05T13:00:00.000Z,13,Dubai,131,7625.752
2025-11-05T13:00:00.000Z,14,Tokyo,135,7313.094
2025-11-05T13:00:00.000Z,15,Bangkok,135,8774.571
2025-11-05T13:00:00.000Z,16,Los Angeles,137,7082.049
2025-11-05T13:00:00.000Z,17,Osaka,137,8084.0650000000005
2025-11-05T13:00:00.000Z,18,Cairo,139,7721.693
2025-11-05T13:00:00.000Z,19,Manila,139,8182.303
2025-11-05T13:00:00.000Z,20,Delhi,139,9966.388
2025-11-05T13:00:00.000Z,21,Stockholm,140,7722.461
2025-11-05T13:00:00.000Z,22,Mexico City,141,7061.606
2025-11-05T13:00:00.000Z,23,Toronto,141,7885.742
2025-11-05T13:00:00.000Z,24,Melbourne,141,7975.177
2025-11-05T13:00:00.000Z,25,Warsaw,141,8139.092
2025-11-05T13:00:00.000Z,26,Sydney,144,8245.932
2025-11-05T13:00:00.000Z,27,Kolkata,145,7939.294
2025-11-05T13:00:00.000Z,28,Bengaluru,145,8884.791
2025-11-05T13:00:00.000Z,29,Karachi,148,8408.747
2025-11-05T13:00:00.000Z,30,Beijing,149,8778.058
2025-11-05T13:00:00.000Z,31,Chennai,150,8773.189
2025-11-05T13:00:00.000Z,32,Houston,150,8933.467999999999
2025-11-05T13:00:00.000Z,33,New York,151,8070.5199999999995
2025-11-05T13:00:00.000Z,34,Nairobi,152,6878.423000000001
2025-11-05T13:00:00.000Z,35,Auckland,153,6310.249
2025-11-05T13:00:00.000Z,36,Istanbul,155,8608.014
2025-11-05T13:00:00.000Z,37,Vancouver,157,7586.441
2025-11-05T13:00:00.000Z,38,Kuala Lumpur,158,7471.852000000001
2025-11-05T13:00:00.000Z,39,Lagos,159,8040.164000000001
2025-11-05T13:00:00.000Z,40,Doha,159,8396.532000000001
2025-11-05T13:00:00.000Z,41,Mumbai,161,7924.5560000000005
2025-11-05T13:00:00.000Z,42,Berlin,162,8883.127
2025-11-05T13:00:00.000Z,43,Helsinki,163,7959.577
2025-11-05T13:00:00.000Z,44,Buenos Aires,164,7616.521
2025-11-05T13:00:00.000Z,45,Zurich,167,7898.846
2025-11-05T13:00:00.000Z,46,São Paulo,171,8883.538
2025-11-05T13:00:00.000Z,47,Cape Town,179,9263.047
2025-11-05T13:00:00.000Z,48,San Francisco,187,7181.686
2025-11-05T13:00:00.000Z,49,Singapore,193,7404.53
2025-11-05T13:00:00.000Z,50,London,214,9326.33
2025-11-05T14:00:00.000Z,1,Seoul,99,9084.35
2025-11-05T14:00:00.000Z,2,Chicago,105,6702.255
2025-11-05T14:00:00.000Z,3,Shanghai,111,6646.67
2025-11-05T14:00:00.000Z,4,Dubai,113,7438.699
2025-11-05T14:00:00.000Z,5,New York,115,8696.346
2025-11-05T14:00:00.000Z,6,Jakarta,125,8325.572
2025-11-05T14:00:00.000Z,7,Madrid,128,7182.707
2025-11-05T14:00:00.000Z,8,Moscow,129,7669.947
2025-11-05T14:00:00.000Z,9,Ho Chi Minh City,130,7044.374
2025-11-05T14:00:00.000Z,10,Riyadh,130,7984.055
2025-11-05T14:00:00.000Z,11,Tehran,130,8390.631
2025-11-05T14:00:00.000Z,12,Rome,130,8812.182
2025-11-05T14:00:00.000Z,13,Paris,131,8108.469
2025-11-05T14:00:00.000Z,14,Hong Kong,131,9283.976999999999
2025-11-05T14:00:00.000Z,15,Tokyo,135,7481.8330000000005
2025-11-05T14:00:00.000Z,16,Bangkok,135,8946.880000000001
2025-11-05T14:00:00.000Z,17,Osaka,137,8430.409
2025-11-05T14:00:00.000Z,18,Los Angeles,139,7886.91
2025-11-05T14:00:00.000Z,19,Cairo,139,8021.689
2025-11-05T14:00:00.000Z,20,Manila,139,8136.256
2025-11-05T14:00:00.000Z,21,Delhi,139,10150.507
2025-11-05T14:00:00.000Z,22,Stockholm,140,7930.267
2025-11-05T14:00:00.000Z,23,Mexico City,141,7800.081
2025-11-05T14:00:00.000Z,24,Melbourne,141,8291.489
2025-11-05T14:00:00.000Z,25,Warsaw,141,8386.047999999999
2025-11-05T14:00:00.000Z,26,Sydney,144,8042.248
2025-11-05T14:00:00.000Z,27,Kolkata,145,7763.942
2025-11-05T14:00:00.000Z,28,Bengaluru,145,8695.971
2025-11-05T14:00:00.000Z,29,Doha,147,7986.145
2025-11-05T14:00:00.000Z,30,Karachi,148,8306.826
2025-11-05T14:00:00.000Z,31,Beijing,149,8741.458
2025-11-05T14:00:00.000Z,32,Chennai,150,8415.471
2025-11-05T14:00:00.000Z,33,Houston,150,8720.424
2025-11-05T14:00:00.000Z,34,Nairobi,152,6941.84
2025-11-05T14:00:00.000Z,35,Auckland,153,6344.17
2025-11-05T14:00:00.000Z,36,Istanbul,155,9151.889
2025-11-05T14:00:00.000Z,37,São Paulo,156,8495.012
2025-11-05T14:00:00.000Z,38,Buenos Aires,157,6531.023999999999
2025-11-05T14:00:00.000Z,39,Vancouver,157,7394.072
2025-11-05T14:00:00.000Z,40,Kuala Lumpur,158,7571.671
2025-11-05T14:00:00.000Z,41,Lagos,159,8150.675
2025-11-05T14:00:00.000Z,42,Mumbai,161,7774.753000000001
2025-11-05T14:00:00.000Z,43,Berlin,162,8823.032
2025-11-05T14:00:00.000Z,44,Helsinki,163,7967.912
2025-11-05T14:00:00.000Z,45,Zurich,167,8022.013
2025-11-05T14:00:00.000Z,46,Toronto,176,7742.197
2025-11-05T14:00:00.000Z,47,Cape Town,183,9709.795
2025-11-05T14:00:00.000Z,48,San Francisco,187,7439.497
2025-11-05T14:00:00.000Z,49,Singapore,193,7133.724
2025-11-05T14:00:00.000Z,50,London,214,9200.715
2025-11-05T15:00:00.000Z,1,Chicago,111,7543.097
2025-11-05T15:00:00.000Z,2,New York,115,8586.067
2025-11-05T15:00:00.000Z,3,Delhi,123,9588.561
2025-11-05T15:00:00.000Z,4,Jakarta,125,8650.58
2025-11-05T15:00:00.000Z,5,Dubai,128,7454.766
2025-11-05T15:00:00.000Z,6,Madrid,128,7652.974
2025-11-05T15:00:00.000Z,7,Moscow,129,7223.3460000000005
2025-11-05T15:00:00.000Z,8,Tokyo,130,7484.763999999999
2025-11-05T15:00:00.000Z,9,Riyadh,130,8121.3
2025-11-05T15:00:00.000Z,10,Rome,130,9003.461
2025-11-05T15:00:00.000Z,11,Tehran,130,9109.130000000001
2025-11-05T15:00:00.000Z,12,Cairo,131,8482.446
2025-11-05T15:00:00.000Z,13,Hong Kong,131,8962.155
2025-11-05T15:00:00.000Z,14,Osaka,137,8354.561
2025-11-05T15:00:00.000Z,15,Los Angeles,139,7550.206
2025-11-05T15:00:00.000Z,16,Manila,139,8198.356
2025-11-05T15:00:00.000Z,17,Stockholm,140,8120.9490000000005
2025-11-05T15:00:00.000Z,18,Mexico City,141,7556.42
2025-11-05T15:00:00.000Z,19,Warsaw,141,8098.403
2025-11-05T15:00:00.000Z,20,Melbourne,141,8337.556
2025-11-05T15:00:00.000Z,21,Sydney,144,8057.3240000000005
2025-11-05T15:00:00.000Z,22,Kolkata,145,8179.999
2025-11-05T15:00:00.000Z,23,Bengaluru,145,8545.732
2025-11-05T15:00:00.000Z,24,Doha,147,7662.817
2025-11-05T15:00:00.000Z,25,Shanghai,148,6548.043
2025-11-05T15:00:00.000Z,26,Karachi,148,8258.328
2025-11-05T15:00:00.000Z,27,Beijing,149,8379.516
2025-11-05T15:00:00.000Z,28,Chennai,150,8159.7300000000005
2025-11-05T15:00:00.000Z,29,Houston,150,8237.309
2025-11-05T15:00:00.000Z,30,Seoul,151,9368.032
2025-11-05T15:00:00.000Z,31,Nairobi,152,7354.487
2025-11-05T15:00:00.000Z,32,Auckland,153,6203.443
2025-11-05T15:00:00.000Z,33,Istanbul,155,9028.372
2025-11-05T15:00:00.000Z,34,Ho Chi Minh City,156,6826.371
2025-11-05T15:00:00.000Z,35,São Paulo,156,8140.887000000001
2025-11-05T15:00:00.000Z,36,Buenos Aires,157,5960.253
2025-11-05T15:00:00.000Z,37,Vancouver,157,7736.434
2025-11-05T15:00:00.000Z,38,Kuala Lumpur,158,7674.62
2025-11-05T15:00:00.000Z,39,Lagos,159,8096.0560000000005
2025-11-05T15:00:00.000Z,40,Mumbai,161,7920.204
2025-11-05T15:00:00.000Z,41,Berlin,162,9479.506
2025-11-05T15:00:00.000Z,42,Helsinki,163,7808.386
2025-11-05T15:00:00.000Z,43,Paris,165,7786.756
2025-11-05T15:00:00.000Z,44,Zurich,167,8626.72
2025-11-05T15:00:00.000Z,45,Toronto,176,8220.601
2025-11-05T15:00:00.000Z,46,Cape Town,183,9623.356
2025-11-05T15:00:00.000Z,47,Bangkok,185,8249.779
2025-11-05T15:00:00.000Z,48,San Francisco,187,7192.723
2025-11-05T15:00:00.000Z,49,Singapore,193,6987.277
2025-11-05T15:00:00.000Z,50,London,214,8847.798
2025-11-05T16:00:00.000Z,1,Chicago,111,7668.474
2025-11-05T16:00:00.000Z,2,New York,121,8990.917
2025-11-05T16:00:00.000Z,3,Delhi,123,8840.584
2025-11-05T16:00:00.000Z,4,Jakarta,125,8693.445
2025-11-05T16:00:00.000Z,5,Osaka,125,8828.884
2025-11-05T16:00:00.000Z,6,Dubai,128,6937.255
2025-11-05T16:00:00.000Z,7,Madrid,128,8397.329
2025-11-05T16:00:00.000Z,8,Moscow,129,7110.524
2025-11-05T16:00:00.000Z,9,Riyadh,130,7980.732
2025-11-05T16:00:00.000Z,10,Tehran,130,8569.293
2025-11-05T16:00:00.000Z,11,Rome,130,9184.325
2025-11-05T16:00:00.000Z,12,Cairo,131,8809.077
2025-11-05T16:00:00.000Z,13,Hong Kong,131,8969.962
2025-11-05T16:00:00.000Z,14,Mexico City,132,7646.544
2025-11-05T16:00:00.000Z,15,Los Angeles,139,7495.895
2025-11-05T16:00:00.000Z,16,Manila,139,8455.227
2025-11-05T16:00:00.000Z,17,Stockholm,140,8034.115
2025-11-05T16:00:00.000Z,18,Melbourne,141,8919.008
2025-11-05T16:00:00.000Z,19,Tokyo,143,7514.778
2025-11-05T16:00:00.000Z,20,Bengaluru,145,8514.687
2025-11-05T16:00:00.000Z,21,Kolkata,145,8594.558
2025-11-05T16:00:00.000Z,22,Doha,147,7288.04
2025-11-05T16:00:00.000Z,23,Shanghai,148,6476.602
2025-11-05T16:00:00.000Z,24,Karachi,148,8249.028
2025-11-05T16:00:00.000Z,25,Beijing,149,8627.833999999999
2025-11-05T16:00:00.000Z,26,Houston,150,7582.759
2025-11-05T16:00:00.000Z,27,Chennai,150,7729.629999999999
2025-11-05T16:00:00.000Z,28,Seoul,151,9558.421
2025-11-05T16:00:00.000Z,29,Nairobi,152,8016.709
2025-11-05T16:00:00.000Z,30,Auckland,153,6026.522
2025-11-05T16:00:00.000Z,31,Vancouver,155,7534.036
2025-11-05T16:00:00.000Z,32,Istanbul,155,8665.257
2025-11-05T16:00:00.000Z,33,Ho Chi Minh City,156,8014.0560000000005
2025-11-05T16:00:00.000Z,34,São Paulo,156,8201.193
2025-11-05T16:00:00.000Z,35,Buenos Aires,157,6503.412
2025-11-05T16:00:00.000Z,36,Kuala Lumpur,158,7332.645
2025-11-05T16:00:00.000Z,37,Lagos,159,7235.628
2025-11-05T16:00:00.000Z,38,Warsaw,160,8354.067
2025-11-05T16:00:00.000Z,39,Mumbai,161,8349.975
2025-11-05T16:00:00.000Z,40,Berlin,162,9031.083999999999
2025-11-05T16:00:00.000Z,41,Helsinki,163,7634.28
2025-11-05T16:00:00.000Z,42,Paris,165,7956.349
2025-11-05T16:00:00.000Z,43,Zurich,167,8994.93
2025-11-05T16:00:00.000Z,44,Sydney,175,7626.73
2025-11-05T16:00:00.000Z,45,Toronto,176,8340.657
2025-11-05T16:00:00.000Z,46,Cape Town,183,9065.193
2025-11-05T16:00:00.000Z,47,Bangkok,185,8210.005000000001
2025-11-05T16:00:00.000Z,48,San Francisco,187,7071.902
2025-11-05T16:00:00.000Z,49,Singapore,193,6416.048000000001
2025-11-05T16:00:00.000Z,50,London,214,8665.588
2025-11-05T17:00:00.000Z,1,Chicago,111,7631.0689999999995
2025-11-05T17:00:00.000Z,2,Doha,118,6872.478999999999
2025-11-05T17:00:00.000Z,3,Auckland,119,6244.608
2025-11-05T17:00:00.000Z,4,New York,121,8767.119
2025-11-05T17:00:00.000Z,5,Karachi,126,7980.349
2025-11-05T17:00:00.000Z,6,Delhi,126,8274.798
2025-11-05T17:00:00.000Z,7,Dubai,128,7556.529
2025-11-05T17:00:00.000Z,8,Madrid,128,8702.023
2025-11-05T17:00:00.000Z,9,Moscow,129,7301.335999999999
2025-11-05T17:00:00.000Z,10,Tehran,130,8325.788
2025-11-05T17:00:00.000Z,11,Rome,130,8657.583
2025-11-05T17:00:00.000Z,12,Riyadh,131,8235.537
2025-11-05T17:00:00.000Z,13,Cairo,131,8354.265
2025-11-05T17:00:00.000Z,14,Hong Kong,131,9039.414
2025-11-05T17:00:00.000Z,15,Chennai,132,7838.107
2025-11-05T17:00:00.000Z,16,Mexico City,132,8074.157
2025-11-05T17:00:00.000Z,17,Osaka,133,8030.359
2025-11-05T17:00:00.000Z,18,Jakarta,133,8450.923
2025-11-05T17:00:00.000Z,19,Los Angeles,139,7474.688
2025-11-05T17:00:00.000Z,20,Manila,139,8158.53
2025-11-05T17:00:00.000Z,21,Stockholm,140,8326.655
2025-11-05T17:00:00.000Z,22,Melbourne,141,8433.74
2025-11-05T17:00:00.000Z,23,Tokyo,143,7671.559
2025-11-05T17:00:00.000Z,24,Bengaluru,145,8704.256
2025-11-05T17:00:00.000Z,25,Shanghai,148,6787.907999999999
2025-11-05T17:00:00.000Z,26,Beijing,149,8413.127
2025-11-05T17:00:00.000Z,27,Berlin,149,9150.454
2025-11-05T17:00:00.000Z,28,Houston,150,8770.276
2025-11-05T17:00:00.000Z,29,Seoul,151,9570.052
2025-11-05T17:00:00.000Z,30,Nairobi,152,8217.338
2025-11-05T17:00:00.000Z,31,Vancouver,155,7141.702
2025-11-05T17:00:00.000Z,32,Istanbul,155,8090.193
2025-11-05T17:00:00.000Z,33,São Paulo,156,8008.767
2025-11-05T17:00:00.000Z,34,Ho Chi Minh City,156,8609.009
2025-11-05T17:00:00.000Z,35,Buenos Aires,157,6826.0650000000005
2025-11-05T17:00:00.000Z,36,Kuala Lumpur,158,7603.6050000000005
2025-11-05T17:00:00.000Z,37,Lagos,159,7047.139999999999
2025-11-05T17:00:00.000Z,38,Warsaw,160,8211.197
2025-11-05T17:00:00.000Z,39,Mumbai,161,8496.742
2025-11-05T17:00:00.000Z,40,Helsinki,163,7621.965
2025-11-05T17:00:00.000Z,41,Paris,165,7907.229
2025-11-05T17:00:00.000Z,42,Kolkata,167,9019.893
2025-11-05T17:00:00.000Z,43,Zurich,167,9194.306
2025-11-05T17:00:00.000Z,44,Sydney,175,7703.3
2025-11-05T17:00:00.000Z,45,Toronto,176,8898.287
2025-11-05T17:00:00.000Z,46,Cape Town,183,9330.09
2025-11-05T17:00:00.000Z,47,Bangkok,185,8000.698
2025-11-05T17:00:00.000Z,48,San Francisco,187,7105.285
2025-11-05T17:00:00.000Z,49,Singapore,193,6400.947
2025-11-05T17:00:00.000Z,50,London,214,8690.907
2025-11-05T18:00:00.000Z,1,Chicago,111,7802.779
2025-11-05T18:00:00.000Z,2,Auckland,119,6965.183
2025-11-05T18:00:00.000Z,3,Doha,126,6974.325
2025-11-05T18:00:00.000Z,4,Karachi,126,7078.9490000000005
2025-11-05T18:00:00.000Z,5,Dubai,128,7572.861
2025-11-05T18:00:00.000Z,6,Madrid,128,9082.051
2025-11-05T18:00:00.000Z,7,New York,129,8990.044
2025-11-05T18:00:00.000Z,8,Rome,130,8311.451000000001
2025-11-05T18:00:00.000Z,9,Cairo,131,7964.157
2025-11-05T18:00:00.000Z,10,Riyadh,131,8032.331
2025-11-05T18:00:00.000Z,11,Chennai,132,7047.2029999999995
2025-11-05T18:00:00.000Z,12,Mexico City,132,8800.597
2025-11-05T18:00:00.000Z,13,Osaka,133,7762.745
2025-11-05T18:00:00.000Z,14,Jakarta,133,8839.733
2025-11-05T18:00:00.000Z,15,Moscow,135,6648.072
2025-11-05T18:00:00.000Z,16,Melbourne,137,8465.918
2025-11-05T18:00:00.000Z,17,Los Angeles,139,7312.402
2025-11-05T18:00:00.000Z,18,Manila,139,8141.455
2025-11-05T18:00:00.000Z,19,Tehran,139,8836.088
2025-11-05T18:00:00.000Z,20,Stockholm,140,9009.139
2025-11-05T18:00:00.000Z,21,Istanbul,141,7555.886
2025-11-05T18:00:00.000Z,22,Delhi,143,8053.593
2025-11-05T18:00:00.000Z,23,Hong Kong,143,8711.871
2025-11-05T18:00:00.000Z,24,Tokyo,144,8155.702
2025-11-05T18:00:00.000Z,25,Bengaluru,145,8523.184000000001
2025-11-05T18:00:00.000Z,26,Shanghai,148,6821.8369999999995
2025-11-05T18:00:00.000Z,27,Beijing,149,8134.244000000001
2025-11-05T18:00:00.000Z,28,Berlin,149,9123.32
2025-11-05T18:00:00.000Z,29,Houston,150,9103.499
2025-11-05T18:00:00.000Z,30,Nairobi,152,8023.086
2025-11-05T18:00:00.000Z,31,Vancouver,155,6737.142
2025-11-05T18:00:00.000Z,32,São Paulo,156,7861.082
2025-11-05T18:00:00.000Z,33,Ho Chi Minh City,156,8490.203
2025-11-05T18:00:00.000Z,34,Buenos Aires,157,6893.722
2025-11-05T18:00:00.000Z,35,Kuala Lumpur,158,7667.695
2025-11-05T18:00:00.000Z,36,Lagos,159,6491.387000000001
2025-11-05T18:00:00.000Z,37,Warsaw,160,7843.7880000000005
2025-11-05T18:00:00.000Z,38,Mumbai,161,8400.142
2025-11-05T18:00:00.000Z,39,Helsinki,163,7946.906
2025-11-05T18:00:00.000Z,40,Singapore,164,6294.086
2025-11-05T18:00:00.000Z,41,Paris,165,7580.589
2025-11-05T18:00:00.000Z,42,Kolkata,167,8151.611
2025-11-05T18:00:00.000Z,43,Zurich,167,8960.115
2025-11-05T18:00:00.000Z,44,Sydney,175,7633.1900000000005
2025-11-05T18:00:00.000Z,45,Toronto,176,8309.866
2025-11-05T18:00:00.000Z,46,Seoul,178,10243.605
2025-11-05T18:00:00.000Z,47,Cape Town,183,9000.556
2025-11-05T18:00:00.000Z,48,Bangkok,185,7527.731
2025-11-05T18:00:00.000Z,49,San Francisco,187,7243.751
2025-11-05T18:00:00.000Z,50,London,214,8581.993
2025-11-05T19:00:00.000Z,1,Chicago,113,8064.62
2025-11-05T19:00:00.000Z,2,Karachi,126,7224.473
2025-11-05T19:00:00.000Z,3,São Paulo,127,7531.646
2025-11-05T19:00:00.000Z,4,Dubai,128,8062.919
2025-11-05T19:00:00.000Z,5,Lagos,129,6198.361
2025-11-05T19:00:00.000Z,6,New York,129,8883.026
2025-11-05T19:00:00.000Z,7,Auckland,130,7014.589
2025-11-05T19:00:00.000Z,8,Rome,130,8571.725
2025-11-05T19:00:00.000Z,9,Riyadh,131,8063.918
2025-11-05T19:00:00.000Z,10,Chennai,132,7554.692
2025-11-05T19:00:00.000Z,11,Mexico City,132,9215.533
2025-11-05T19:00:00.000Z,12,Osaka,133,7216.5830000000005
2025-11-05T19:00:00.000Z,13,Moscow,135,6352.3279999999995
2025-11-05T19:00:00.000Z,14,Madrid,136,8916.030999999999
2025-11-05T19:00:00.000Z,15,Melbourne,137,8662.971
2025-11-05T19:00:00.000Z,16,Doha,138,7190.593
2025-11-05T19:00:00.000Z,17,Los Angeles,139,7196.879
2025-11-05T19:00:00.000Z,18,Manila,139,8396.675
2025-11-05T19:00:00.000Z,19,Tehran,139,8698.608
2025-11-05T19:00:00.000Z,20,Stockholm,140,8696.147
2025-11-05T19:00:00.000Z,21,Istanbul,141,7867.768
2025-11-05T19:00:00.000Z,22,Hong Kong,143,7647.303
2025-11-05T19:00:00.000Z,23,Delhi,143,8010.728999999999
2025-11-05T19:00:00.000Z,24,Tokyo,144,8283.608
2025-11-05T19:00:00.000Z,25,Jakarta,145,8832.177
2025-11-05T19:00:00.000Z,26,Bengaluru,145,8918.538
2025-11-05T19:00:00.000Z,27,Shanghai,148,6861.7789999999995
2025-11-05T19:00:00.000Z,28,Buenos Aires,148,7089.871999999999
2025-11-05T19:00:00.000Z,29,Beijing,149,7446.151
2025-11-05T19:00:00.000Z,30,Cairo,149,8117.42
2025-11-05T19:00:00.000Z,31,Berlin,149,8875.055
2025-11-05T19:00:00.000Z,32,Houston,150,9162.346
2025-11-05T19:00:00.000Z,33,Nairobi,152,7994.659
2025-11-05T19:00:00.000Z,34,Vancouver,155,6693.178
2025-11-05T19:00:00.000Z,35,Ho Chi Minh City,156,8857.847
2025-11-05T19:00:00.000Z,36,Kuala Lumpur,158,7798.443
2025-11-05T19:00:00.000Z,37,Warsaw,160,7881.518
2025-11-05T19:00:00.000Z,38,Mumbai,161,8450.737
2025-11-05T19:00:00.000Z,39,Helsinki,163,7999.97
2025-11-05T19:00:00.000Z,40,Singapore,164,7115.55
2025-11-05T19:00:00.000Z,41,Paris,165,7870.332
2025-11-05T19:00:00.000Z,42,Kolkata,167,7751.159
2025-11-05T19:00:00.000Z,43,Zurich,167,8301.928
2025-11-05T19:00:00.000Z,44,Sydney,175,8076.365
2025-11-05T19:00:00.000Z,45,Toronto,176,8713.473
2025-11-05T19:00:00.000Z,46,Seoul,178,10102.378
2025-11-05T19:00:00.000Z,47,Cape Town,183,8803.067000000001
2025-11-05T19:00:00.000Z,48,Bangkok,185,7828.0509999999995
2025-11-05T19:00:00.000Z,49,San Francisco,187,7051.35
2025-11-05T19:00:00.000Z,50,London,214,7653.58
2025-11-05T20:00:00.000Z,1,Nairobi,102,7805.026
2025-11-05T20:00:00.000Z,2,Chicago,113,7848.33
2025-11-05T20:00:00.000Z,3,Stockholm,121,8452.733
2025-11-05T20:00:00.000Z,4,Houston,122,9042.468
2025-11-05T20:00:00.000Z,5,San Francisco,125,7238.562
2025-11-05T20:00:00.000Z,6,Helsinki,125,8231.233
2025-11-05T20:00:00.000Z,7,Rome,126,8642.01
2025-11-05T20:00:00.000Z,8,São Paulo,127,7542.562
2025-11-05T20:00:00.000Z,9,Dubai,128,8201.968
2025-11-05T20:00:00.000Z,10,Lagos,129,6531.34
2025-11-05T20:00:00.000Z,11,New York,129,8379.559
2025-11-05T20:00:00.000Z,12,Auckland,130,7902.371
2025-11-05T20:00:00.000Z,13,Riyadh,131,8482.553
2025-11-05T20:00:00.000Z,14,Chennai,132,7363.909
2025-11-05T20:00:00.000Z,15,Mexico City,132,9180.568
2025-11-05T20:00:00.000Z,16,Osaka,133,6896.496999999999
2025-11-05T20:00:00.000Z,17,Moscow,135,6722.82
2025-11-05T20:00:00.000Z,18,Melbourne,135,8752.06
2025-11-05T20:00:00.000Z,19,Madrid,136,8910.226999999999
2025-11-05T20:00:00.000Z,20,Doha,138,7118.303
2025-11-05T20:00:00.000Z,21,Kuala Lumpur,139,7933.802
2025-11-05T20:00:00.000Z,22,Manila,139,8230.581
2025-11-05T20:00:00.000Z,23,Tehran,139,9212.496
2025-11-05T20:00:00.000Z,24,Zurich,140,8120.5599999999995
2025-11-05T20:00:00.000Z,25,Istanbul,141,8655.858
2025-11-05T20:00:00.000Z,26,Hong Kong,143,7322.434
2025-11-05T20:00:00.000Z,27,Delhi,143,7977.057
2025-11-05T20:00:00.000Z,28,Tokyo,144,8479.738
2025-11-05T20:00:00.000Z,29,Bengaluru,145,8647.279
2025-11-05T20:00:00.000Z,30,Mumbai,145,8670.073
2025-11-05T20:00:00.000Z,31,Jakarta,145,8790.881
2025-11-05T20:00:00.000Z,32,Singapore,146,7007.1720000000005
2025-11-05T20:00:00.000Z,33,Shanghai,148,6523.231
2025-11-05T20:00:00.000Z,34,Buenos Aires,148,7294.153
2025-11-05T20:00:00.000Z,35,Beijing,149,6409.0869999999995
2025-11-05T20:00:00.000Z,36,Cairo,149,8120.313
2025-11-05T20:00:00.000Z,37,Berlin,149,9062.505000000001
2025-11-05T20:00:00.000Z,38,Los Angeles,153,7362.916
2025-11-05T20:00:00.000Z,39,London,153,7659.826
2025-11-05T20:00:00.000Z,40,Karachi,154,7391.226000000001
2025-11-05T20:00:00.000Z,41,Vancouver,155,6292.99
2025-11-05T20:00:00.000Z,42,Warsaw,160,8026.128
2025-11-05T20:00:00.000Z,43,Paris,165,8041.4310000000005
2025-11-05T20:00:00.000Z,44,Ho Chi Minh City,166,8434.985
2025-11-05T20:00:00.000Z,45,Kolkata,167,7624.023999999999
2025-11-05T20:00:00.000Z,46,Sydney,175,7671.395
2025-11-05T20:00:00.000Z,47,Toronto,176,8815.393
2025-11-05T20:00:00.000Z,48,Seoul,178,10262.8
2025-11-05T20:00:00.000Z,49,Cape Town,183,8844.476999999999
2025-11-05T20:00:00.000Z,50,Bangkok,185,8602.123
2025-11-05T21:00:00.000Z,1,Nairobi,102,7938.986
2025-11-05T21:00:00.000Z,2,Chicago,113,7700.099
2025-11-05T21:00:00.000Z,3,Mexico City,117,8882.406
2025-11-05T21:00:00.000Z,4,Houston,119,8421.828
2025-11-05T21:00:00.000Z,5,Stockholm,121,7720.898999999999
2025-11-05T21:00:00.000Z,6,San Francisco,125,7976.451
2025-11-05T21:00:00.000Z,7,Helsinki,125,8448.657
2025-11-05T21:00:00.000Z,8,São Paulo,127,7679.377
2025-11-05T21:00:00.000Z,9,Rome,127,8638.101999999999
2025-11-05T21:00:00.000Z,10,Dubai,128,7893.389
2025-11-05T21:00:00.000Z,11,New York,129,7777.612
2025-11-05T21:00:00.000Z,12,Auckland,130,7884.144
2025-11-05T21:00:00.000Z,13,Manila,130,9037.822
2025-11-05T21:00:00.000Z,14,Riyadh,131,8905.423999999999
2025-11-05T21:00:00.000Z,15,Beijing,132,6279.635
2025-11-05T21:00:00.000Z,16,Chennai,132,7413.081
2025-11-05T21:00:00.000Z,17,Osaka,133,7318.355
2025-11-05T21:00:00.000Z,18,Moscow,135,6835.842000000001
2025-11-05T21:00:00.000Z,19,Melbourne,135,8012.666
2025-11-05T21:00:00.000Z,20,Lagos,136,6274.688
2025-11-05T21:00:00.000Z,21,Madrid,136,8719.291
2025-11-05T21:00:00.000Z,22,Doha,138,6738.932
2025-11-05T21:00:00.000Z,23,Tehran,139,9645.16
2025-11-05T21:00:00.000Z,24,Zurich,140,7643.853
2025-11-05T21:00:00.000Z,25,Istanbul,141,8447.487000000001
2025-11-05T21:00:00.000Z,26,Hong Kong,143,6838.637
2025-11-05T21:00:00.000Z,27,Delhi,143,7752.614
2025-11-05T21:00:00.000Z,28,Kuala Lumpur,144,7902.195
2025-11-05T21:00:00.000Z,29,Tokyo,144,8635.719000000001
2025-11-05T21:00:00.000Z,30,Bengaluru,145,8236.887
2025-11-05T21:00:00.000Z,31,Mumbai,145,8648.287
2025-11-05T21:00:00.000Z,32,Singapore,146,7414.612
2025-11-05T21:00:00.000Z,33,Buenos Aires,148,6698.143
2025-11-05T21:00:00.000Z,34,Shanghai,148,7315.457
2025-11-05T21:00:00.000Z,35,Berlin,149,7902.84
2025-11-05T21:00:00.000Z,36,Cairo,149,8000.05
2025-11-05T21:00:00.000Z,37,Jakarta,152,9115.411
2025-11-05T21:00:00.000Z,38,Los Angeles,153,6985.439
2025-11-05T21:00:00.000Z,39,London,153,7463.8330000000005
2025-11-05T21:00:00.000Z,40,Karachi,154,7339.187
2025-11-05T21:00:00.000Z,41,Vancouver,155,6984.25
2025-11-05T21:00:00.000Z,42,Warsaw,160,7898.493
2025-11-05T21:00:00.000Z,43,Paris,165,7757.552
2025-11-05T21:00:00.000Z,44,Ho Chi Minh City,166,8697.687
2025-11-05T21:00:00.000Z,45,Kolkata,167,7459.98
2025-11-05T21:00:00.000Z,46,Sydney,175,8286.199
2025-11-05T21:00:00.000Z,47,Toronto,176,8827.269
2025-11-05T21:00:00.000Z,48,Seoul,178,9524.358
2025-11-05T21:00:00.000Z,49,Cape Town,183,8365.139
2025-11-05T21:00:00.000Z,50,Bangkok,185,8312.441
2025-11-05T22:00:00.000Z,1,Nairobi,107,8136.465
2025-11-05T22:00:00.000Z,2,Chicago,113,8291.843
2025-11-05T22:00:00.000Z,3,Mexico City,115,7976.185
2025-11-05T22:00:00.000Z,4,Stockholm,121,7385.535
2025-11-05T22:00:00.000Z,5,Cape Town,124,7617.153
2025-11-05T22:00:00.000Z,6,San Francisco,125,7280.531999999999
2025-11-05T22:00:00.000Z,7,Helsinki,125,8417.948
2025-11-05T22:00:00.000Z,8,Toronto,126,8706.3
2025-11-05T22:00:00.000Z,9,Chennai,127,7170.836
2025-11-05T22:00:00.000Z,10,São Paulo,127,7526.627
2025-11-05T22:00:00.000Z,11,Rome,127,8461.478
2025-11-05T22:00:00.000Z,12,Dubai,128,8043.508
2025-11-05T22:00:00.000Z,13,New York,129,6834.015
2025-11-05T22:00:00.000Z,14,Auckland,130,7891.555
2025-11-05T22:00:00.000Z,15,Manila,130,9008.892
2025-11-05T22:00:00.000Z,16,Riyadh,131,8360.582
2025-11-05T22:00:00.000Z,17,Beijing,132,6153.701
2025-11-05T22:00:00.000Z,18,Osaka,133,6691.988
2025-11-05T22:00:00.000Z,19,Moscow,135,6813.853999999999
2025-11-05T22:00:00.000Z,20,Melbourne,135,8366.271
2025-11-05T22:00:00.000Z,21,Houston,135,9207.903
2025-11-05T22:00:00.000Z,22,Lagos,136,6236.284
2025-11-05T22:00:00.000Z,23,Madrid,136,8644.974
2025-11-05T22:00:00.000Z,24,Hong Kong,143,6377.795
2025-11-05T22:00:00.000Z,25,Delhi,143,7699.38
2025-11-05T22:00:00.000Z,26,Tokyo,144,9093.984
2025-11-05T22:00:00.000Z,27,Bengaluru,145,8147.588
2025-11-05T22:00:00.000Z,28,Mumbai,145,8490.787
2025-11-05T22:00:00.000Z,29,Singapore,146,7395.548000000001
2025-11-05T22:00:00.000Z,30,Doha,147,7144.384
2025-11-05T22:00:00.000Z,31,Buenos Aires,148,7338.204
2025-11-05T22:00:00.000Z,32,Shanghai,148,7416.988
2025-11-05T22:00:00.000Z,33,Kuala Lumpur,149,7187.876
2025-11-05T22:00:00.000Z,34,Cairo,149,7444.159
2025-11-05T22:00:00.000Z,35,Berlin,149,7804.4169999999995
2025-11-05T22:00:00.000Z,36,Jakarta,152,8719.530999999999
2025-11-05T22:00:00.000Z,37,Los Angeles,153,6373.271
2025-11-05T22:00:00.000Z,38,London,153,7900.521000000001
2025-11-05T22:00:00.000Z,39,Karachi,154,6942.871
2025-11-05T22:00:00.000Z,40,Vancouver,155,6993.554
2025-11-05T22:00:00.000Z,41,Istanbul,158,7916.155000000001
2025-11-05T22:00:00.000Z,42,Warsaw,160,8048.259
2025-11-05T22:00:00.000Z,43,Paris,165,6875.904
2025-11-05T22:00:00.000Z,44,Ho Chi Minh City,166,8641.476
2025-11-05T22:00:00.000Z,45,Kolkata,167,7802.103
2025-11-05T22:00:00.000Z,46,Zurich,169,7889.449
2025-11-05T22:00:00.000Z,47,Sydney,175,8196.363
2025-11-05T22:00:00.000Z,48,Tehran,177,9394.575
2025-11-05T22:00:00.000Z,49,Seoul,178,9551.996
2025-11-05T22:00:00.000Z,50,Bangkok,185,7578.097
2025-11-05T23:00:00.000Z,1,Nairobi,108,8088.439
2025-11-05T23:00:00.000Z,2,Chicago,113,8416.221
2025-11-05T23:00:00.000Z,3,Berlin,115,7174.326
2025-11-05T23:00:00.000Z,4,Mexico City,115,8395.558
2025-11-05T23:00:00.000Z,5,Stockholm,121,7512.259
2025-11-05T23:00:00.000Z,6,Cape Town,124,7453.411
2025-11-05T23:00:00.000Z,7,San Francisco,125,7176.799
2025-11-05T23:00:00.000Z,8,Helsinki,125,8065.443
2025-11-05T23:00:00.000Z,9,Toronto,126,8355.341
2025-11-05T23:00:00.000Z,10,Chennai,127,7827.446
2025-11-05T23:00:00.000Z,11,Rome,127,8505.942
2025-11-05T23:00:00.000Z,12,Paris,128,7497.587
2025-11-05T23:00:00.000Z,13,New York,129,6859.046
2025-11-05T23:00:00.000Z,14,Bangkok,129,7779.18
2025-11-05T23:00:00.000Z,15,Auckland,130,8266.187
2025-11-05T23:00:00.000Z,16,Manila,130,8754.297
2025-11-05T23:00:00.000Z,17,Riyadh,131,8068.43
2025-11-05T23:00:00.000Z,18,Dubai,131,8430.852
2025-11-05T23:00:00.000Z,19,Beijing,132,6727.429
2025-11-05T23:00:00.000Z,20,Moscow,135,7038.782999999999
2025-11-05T23:00:00.000Z,21,Melbourne,135,8267.933
2025-11-05T23:00:00.000Z,22,Houston,135,9745.751
2025-11-05T23:00:00.000Z,23,Madrid,138,8637.922
2025-11-05T23:00:00.000Z,24,Hong Kong,143,7285.844999999999
2025-11-05T23:00:00.000Z,25,Delhi,143,8167.867
2025-11-05T23:00:00.000Z,26,São Paulo,144,8230.749
2025-11-05T23:00:00.000Z,27,Bengaluru,145,7920.864
2025-11-05T23:00:00.000Z,28,Mumbai,145,8600.072
2025-11-05T23:00:00.000Z,29,Singapore,146,7590.304
2025-11-05T23:00:00.000Z,30,Buenos Aires,148,7933.619
2025-11-05T23:00:00.000Z,31,Kuala Lumpur,149,7242.74
2025-11-05T23:00:00.000Z,32,Cairo,149,7407.5650000000005
2025-11-05T23:00:00.000Z,33,Jakarta,152,8502.337
2025-11-05T23:00:00.000Z,34,Los Angeles,153,7253.787
2025-11-05T23:00:00.000Z,35,London,153,7540.595
2025-11-05T23:00:00.000Z,36,Karachi,154,6833.516
2025-11-05T23:00:00.000Z,37,Vancouver,154,6934.494
2025-11-05T23:00:00.000Z,38,Tokyo,155,9470.279
2025-11-05T23:00:00.000Z,39,Istanbul,158,8024.24
2025-11-05T23:00:00.000Z,40,Warsaw,160,8091.025
2025-11-05T23:00:00.000Z,41,Shanghai,161,7124.659
2025-11-05T23:00:00.000Z,42,Lagos,163,6555.585
2025-11-05T23:00:00.000Z,43,Ho Chi Minh City,166,9076.849
2025-11-05T23:00:00.000Z,44,Kolkata,167,7572.942
2025-11-05T23:00:00.000Z,45,Zurich,169,7129.245
2025-11-05T23:00:00.000Z,46,Doha,170,7729.658
2025-11-05T23:00:00.000Z,47,Osaka,171,6613.073
2025-11-05T23:00:00.000Z,48,Sydney,175,8920.030999999999
2025-11-05T23:00:00.000Z,49,Tehran,177,8979.188
2025-11-05T23:00:00.000Z,50,Seoul,178,9251.706
2025-11-06T00:00:00.000Z,1,Nairobi,108,7359.304
2025-11-06T00:00:00.000Z,2,Berlin,112,7284.433
2025-11-06T00:00:00.000Z,3,Chicago,113,8273.095
2025-11-06T00:00:00.000Z,4,Singapore,118,8078.756
2025-11-06T00:00:00.000Z,5,Stockholm,121,7396.383
2025-11-06T00:00:00.000Z,6,San Francisco,125,7484.451
2025-11-06T00:00:00.000Z,7,Helsinki,125,8709.049
2025-11-06T00:00:00.000Z,8,Toronto,126,8235.775
2025-11-06T00:00:00.000Z,9,Cape Town,127,7656.957
2025-11-06T00:00:00.000Z,10,Chennai,127,8075.404
2025-11-06T00:00:00.000Z,11,Paris,128,7208.573
2025-11-06T00:00:00.000Z,12,New York,129,6385.668
2025-11-06T00:00:00.000Z,13,Bangkok,129,7642.452
2025-11-06T00:00:00.000Z,14,Manila,130,8041.1630000000005
2025-11-06T00:00:00.000Z,15,Auckland,130,8675.006
2025-11-06T00:00:00.000Z,16,Dubai,131,8375.621
2025-11-06T00:00:00.000Z,17,Beijing,132,6686.806
2025-11-06T00:00:00.000Z,18,Mexico City,132,8314.576000000001
2025-11-06T00:00:00.000Z,19,Moscow,135,6398.963
2025-11-06T00:00:00.000Z,20,Melbourne,135,7905.113
2025-11-06T00:00:00.000Z,21,Houston,135,9897.256
2025-11-06T00:00:00.000Z,22,Warsaw,137,8110.455
2025-11-06T00:00:00.000Z,23,Madrid,138,8384.724
2025-11-06T00:00:00.000Z,24,Rome,140,8502.755000000001
2025-11-06T00:00:00.000Z,25,Hong Kong,143,7387.23
2025-11-06T00:00:00.000Z,26,Riyadh,143,7519.054
2025-11-06T00:00:00.000Z,27,Delhi,143,8349.351
2025-11-06T00:00:00.000Z,28,São Paulo,144,8240.897
2025-11-06T00:00:00.000Z,29,Bengaluru,145,7777.873
2025-11-06T00:00:00.000Z,30,Mumbai,145,8793.923
2025-11-06T00:00:00.000Z,31,Sydney,145,8922.467
2025-11-06T00:00:00.000Z,32,Buenos Aires,148,7639.299
2025-11-06T00:00:00.000Z,33,Kuala Lumpur,149,7221.734
2025-11-06T00:00:00.000Z,34,Cairo,149,7402.373
2025-11-06T00:00:00.000Z,35,Jakarta,152,8347.425
2025-11-06T00:00:00.000Z,36,Los Angeles,153,7391.511
2025-11-06T00:00:00.000Z,37,London,153,8348.151
2025-11-06T00:00:00.000Z,38,Vancouver,154,6642.0419999999995
2025-11-06T00:00:00.000Z,39,Tokyo,155,9386.33
2025-11-06T00:00:00.000Z,40,Istanbul,158,8563.01
2025-11-06T00:00:00.000Z,41,Shanghai,161,7385.729
2025-11-06T00:00:00.000Z,42,Lagos,163,7240.7080000000005
2025-11-06T00:00:00.000Z,43,Karachi,164,6866.253000000001
2025-11-06T00:00:00.000Z,44,Ho Chi Minh City,166,7748.643
2025-11-06T00:00:00.000Z,45,Kolkata,167,7038.23
2025-11-06T00:00:00.000Z,46,Zurich,169,6764.244
2025-11-06T00:00:00.000Z,47,Doha,170,8273.991
2025-11-06T00:00:00.000Z,48,Osaka,176,6925.5650000000005
2025-11-06T00:00:00.000Z,49,Tehran,177,8560.718
2025-11-06T00:00:00.000Z,50,Seoul,178,8943.331
2025-11-06T01:00:00.000Z,1,Nairobi,110,7660.773
2025-11-06T01:00:00.000Z,2,Berlin,112,7129.9310000000005
2025-11-06T01:00:00.000Z,3,Chicago,113,8866.871
2025-11-06T01:00:00.000Z,4,Warsaw,114,8094.261
2025-11-06T01:00:00.000Z,5,Paris,117,7481.308
2025-11-06T01:00:00.000Z,6,Singapore,118,7885.901
2025-11-06T01:00:00.000Z,7,Stockholm,121,7590.847
2025-11-06T01:00:00.000Z,8,Melbourne,122,7993.085
2025-11-06T01:00:00.000Z,9,San Francisco,124,7579.39
2025-11-06T01:00:00.000Z,10,Helsinki,125,8284.736
2025-11-06T01:00:00.000Z,11,Toronto,126,7976.984
2025-11-06T01:00:00.000Z,12,Cape Town,127,7333.275
2025-11-06T01:00:00.000Z,13,Chennai,127,7949.329
2025-11-06T01:00:00.000Z,14,Kolkata,128,6634.329
2025-11-06T01:00:00.000Z,15,New York,129,6532.016
2025-11-06T01:00:00.000Z,16,Bangkok,129,7921.998
2025-11-06T01:00:00.000Z,17,Manila,130,8052.236
2025-11-06T01:00:00.000Z,18,Auckland,130,8570.674
2025-11-06T01:00:00.000Z,19,Dubai,131,7580.286
2025-11-06T01:00:00.000Z,20,Beijing,132,6264.402
2025-11-06T01:00:00.000Z,21,Mexico City,132,7764.546
2025-11-06T01:00:00.000Z,22,Sydney,133,8525.622
2025-11-06T01:00:00.000Z,23,Moscow,135,5754.957
2025-11-06T01:00:00.000Z,24,Houston,135,9045.346
2025-11-06T01:00:00.000Z,25,Madrid,138,8047.52
2025-11-06T01:00:00.000Z,26,Rome,140,8721.444
2025-11-06T01:00:00.000Z,27,Riyadh,143,6957.242
2025-11-06T01:00:00.000Z,28,Hong Kong,143,7078.004
2025-11-06T01:00:00.000Z,29,Delhi,143,8497.405
2025-11-06T01:00:00.000Z,30,São Paulo,144,8175.642
2025-11-06T01:00:00.000Z,31,Bengaluru,145,7498.6939999999995
2025-11-06T01:00:00.000Z,32,Mumbai,145,8673.923
2025-11-06T01:00:00.000Z,33,Buenos Aires,148,7548.189
2025-11-06T01:00:00.000Z,34,Cairo,149,7196.552
2025-11-06T01:00:00.000Z,35,Kuala Lumpur,149,7369.392
2025-11-06T01:00:00.000Z,36,London,151,8056.723
2025-11-06T01:00:00.000Z,37,Jakarta,152,8034.298
2025-11-06T01:00:00.000Z,38,Los Angeles,153,8003.292
2025-11-06T01:00:00.000Z,39,Vancouver,154,6615.5
2025-11-06T01:00:00.000Z,40,Tokyo,155,8940.362000000001
2025-11-06T01:00:00.000Z,41,Istanbul,158,9197.224
2025-11-06T01:00:00.000Z,42,Shanghai,161,7101.326
2025-11-06T01:00:00.000Z,43,Lagos,163,7153.142
2025-11-06T01:00:00.000Z,44,Karachi,164,6873.682
2025-11-06T01:00:00.000Z,45,Ho Chi Minh City,166,7761.943
2025-11-06T01:00:00.000Z,46,Zurich,169,7141.8679999999995
2025-11-06T01:00:00.000Z,47,Doha,170,8856.959
2025-11-06T01:00:00.000Z,48,Osaka,176,7191.371999999999
2025-11-06T01:00:00.000Z,49,Tehran,177,8767.103
2025-11-06T01:00:00.000Z,50,Seoul,178,8506.081
2025-11-06T02:00:00.000Z,1,Berlin,111,7377.727
2025-11-06T02:00:00.000Z,2,Delhi,111,8311.542
2025-11-06T02:00:00.000Z,3,Moscow,112,6171.652
2025-11-06T02:00:00.000Z,4,Nairobi,113,7278.647
2025-11-06T02:00:00.000Z,5,Warsaw,114,7686.28
2025-11-06T02:00:00.000Z,6,Hong Kong,117,7201.2519999999995
2025-11-06T02:00:00.000Z,7,Paris,117,7524.139999999999
2025-11-06T02:00:00.000Z,8,San Francisco,119,7831.409
2025-11-06T02:00:00.000Z,9,New York,121,6612.186
2025-11-06T02:00:00.000Z,10,Stockholm,121,7007.793
2025-11-06T02:00:00.000Z,11,Melbourne,122,7827.092000000001
2025-11-06T02:00:00.000Z,12,Helsinki,125,7780.04
2025-11-06T02:00:00.000Z,13,Toronto,126,8232.132
2025-11-06T02:00:00.000Z,14,Cape Town,127,7232.812
2025-11-06T02:00:00.000Z,15,Kolkata,128,7229.3009999999995
2025-11-06T02:00:00.000Z,16,Bangkok,129,8068.846
2025-11-06T02:00:00.000Z,17,Manila,130,7820.960999999999
2025-11-06T02:00:00.000Z,18,Auckland,130,8085.079
2025-11-06T02:00:00.000Z,19,Beijing,132,6500.656
2025-11-06T02:00:00.000Z,20,Mexico City,132,7143.625
2025-11-06T02:00:00.000Z,21,Sydney,133,8694.262
2025-11-06T02:00:00.000Z,22,Houston,135,8797.761
2025-11-06T02:00:00.000Z,23,Chicago,135,9182.502
2025-11-06T02:00:00.000Z,24,Seoul,136,7502.630999999999
2025-11-06T02:00:00.000Z,25,Dubai,137,7965.742
2025-11-06T02:00:00.000Z,26,Chennai,137,8576.705
2025-11-06T02:00:00.000Z,27,Madrid,138,7378.257
2025-11-06T02:00:00.000Z,28,Rome,140,9593.12
2025-11-06T02:00:00.000Z,29,Riyadh,143,7232.188
2025-11-06T02:00:00.000Z,30,São Paulo,144,8061.754
2025-11-06T02:00:00.000Z,31,Mumbai,145,8842.404
2025-11-06T02:00:00.000Z,32,Vancouver,146,6695.878000000001
2025-11-06T02:00:00.000Z,33,Buenos Aires,148,7454.6720000000005
2025-11-06T02:00:00.000Z,34,Cairo,149,6921.554
2025-11-06T02:00:00.000Z,35,Kuala Lumpur,149,7321.301
2025-11-06T02:00:00.000Z,36,Bengaluru,151,7730.014999999999
2025-11-06T02:00:00.000Z,37,London,151,8226.806
2025-11-06T02:00:00.000Z,38,Jakarta,152,7628.46
2025-11-06T02:00:00.000Z,39,Los Angeles,153,8307.530999999999
2025-11-06T02:00:00.000Z,40,Tokyo,155,8582.798999999999
2025-11-06T02:00:00.000Z,41,Istanbul,158,9760.569
2025-11-06T02:00:00.000Z,42,Singapore,159,8317.09
2025-11-06T02:00:00.000Z,43,Shanghai,161,7253.592000000001
2025-11-06T02:00:00.000Z,44,Lagos,163,7193.112
2025-11-06T02:00:00.000Z,45,Karachi,164,7788.002
2025-11-06T02:00:00.000Z,46,Ho Chi Minh City,166,8238.433
2025-11-06T02:00:00.000Z,47,Zurich,169,6701.672
2025-11-06T02:00:00.000Z,48,Doha,170,8772.345
2025-11-06T02:00:00.000Z,49,Osaka,176,7492.714
2025-11-06T02:00:00.000Z,50,Tehran,177,8717.418
2025-11-06T03:00:00.000Z,1,Hong Kong,107,7487.897
2025-11-06T03:00:00.000Z,2,Manila,110,7626.1990000000005
2025-11-06T03:00:00.000Z,3,Berlin,111,6984.378000000001
2025-11-06T03:00:00.000Z,4,Warsaw,114,7591.849
2025-11-06T03:00:00.000Z,5,Stockholm,117,7046.827
2025-11-06T03:00:00.000Z,6,Paris,117,7319.336
2025-11-06T03:00:00.000Z,7,Auckland,119,7722.136
2025-11-06T03:00:00.000Z,8,San Francisco,119,7923.427
2025-11-06T03:00:00.000Z,9,New York,121,6657.531
2025-11-06T03:00:00.000Z,10,Melbourne,122,8049.511
2025-11-06T03:00:00.000Z,11,Delhi,123,7937.932
2025-11-06T03:00:00.000Z,12,Helsinki,125,7775.26
2025-11-06T03:00:00.000Z,13,Toronto,126,8300.726
2025-11-06T03:00:00.000Z,14,Nairobi,127,6578.394
2025-11-06T03:00:00.000Z,15,Kolkata,128,7720.3150000000005
2025-11-06T03:00:00.000Z,16,Seoul,133,7096.705
2025-11-06T03:00:00.000Z,17,Houston,135,8895.413
2025-11-06T03:00:00.000Z,18,Chicago,135,9285.103
2025-11-06T03:00:00.000Z,19,Dubai,137,7556.618
2025-11-06T03:00:00.000Z,20,Chennai,137,7913.7119999999995
2025-11-06T03:00:00.000Z,21,Beijing,138,7043.79
2025-11-06T03:00:00.000Z,22,Madrid,138,7297.312
2025-11-06T03:00:00.000Z,23,Cairo,139,6849.309
2025-11-06T03:00:00.000Z,24,Rome,140,9313.509
2025-11-06T03:00:00.000Z,25,Mexico City,141,6796.514
2025-11-06T03:00:00.000Z,26,Cape Town,141,7361.893
2025-11-06T03:00:00.000Z,27,Riyadh,143,7459.823
2025-11-06T03:00:00.000Z,28,São Paulo,144,8368.066
2025-11-06T03:00:00.000Z,29,Mumbai,145,8902.582
2025-11-06T03:00:00.000Z,30,Vancouver,146,6519.775000000001
2025-11-06T03:00:00.000Z,31,Buenos Aires,147,8014.379
2025-11-06T03:00:00.000Z,32,Bangkok,148,7593.826
2025-11-06T03:00:00.000Z,33,Kuala Lumpur,149,7010.077
2025-11-06T03:00:00.000Z,34,Bengaluru,151,7663.744000000001
2025-11-06T03:00:00.000Z,35,London,151,7998.68
2025-11-06T03:00:00.000Z,36,Jakarta,152,8376.961
2025-11-06T03:00:00.000Z,37,Sydney,152,8724.369999999999
2025-11-06T03:00:00.000Z,38,Los Angeles,153,8573.588
2025-11-06T03:00:00.000Z,39,Tokyo,155,8627.145
2025-11-06T03:00:00.000Z,40,Istanbul,158,9716.548999999999
2025-11-06T03:00:00.000Z,41,Singapore,159,8381.93
2025-11-06T03:00:00.000Z,42,Shanghai,161,7495.322
2025-11-06T03:00:00.000Z,43,Lagos,163,7419.588
2025-11-06T03:00:00.000Z,44,Karachi,164,7595.701
2025-11-06T03:00:00.000Z,45,Ho Chi Minh City,166,7903.0109999999995
2025-11-06T03:00:00.000Z,46,Zurich,169,7008.389
2025-11-06T03:00:00.000Z,47,Doha,170,8861.478
2025-11-06T03:00:00.000Z,48,Moscow,172,6564.915
2025-11-06T03:00:00.000Z,49,Osaka,176,7566.626
2025-11-06T03:00:00.000Z,50,Tehran,177,8486.498
2025-11-06T04:00:00.000Z,1,Manila,110,7980.373
2025-11-06T04:00:00.000Z,2,Berlin,111,7100.174
2025-11-06T04:00:00.000Z,3,Warsaw,114,7802.553
2025-11-06T04:00:00.000Z,4,Paris,117,7021.852
2025-11-06T04:00:00.000Z,5,Stockholm,117,7230.334
2025-11-06T04:00:00.000Z,6,San Francisco,119,7598.412
2025-11-06T04:00:00.000Z,7,New York,121,6153.728
2025-11-06T04:00:00.000Z,8,Seoul,121,6531.064
2025-11-06T04:00:00.000Z,9,Helsinki,121,7439.471
2025-11-06T04:00:00.000Z,10,Mumbai,121,8264.51
2025-11-06T04:00:00.000Z,11,Melbourne,122,7667.499
2025-11-06T04:00:00.000Z,12,Toronto,126,8762.2
2025-11-06T04:00:00.000Z,13,Nairobi,127,6782.42
2025-11-06T04:00:00.000Z,14,Kolkata,128,8133.4400000000005
2025-11-06T04:00:00.000Z,15,Los Angeles,129,9041.037
2025-11-06T04:00:00.000Z,16,Ho Chi Minh City,132,8297.325
2025-11-06T04:00:00.000Z,17,Auckland,133,7236.199
2025-11-06T04:00:00.000Z,18,Houston,135,9127.043
2025-11-06T04:00:00.000Z,19,Chicago,135,10066.34
2025-11-06T04:00:00.000Z,20,Chennai,137,7542.123
2025-11-06T04:00:00.000Z,21,Dubai,137,7886.683
2025-11-06T04:00:00.000Z,22,Madrid,138,7359.75
2025-11-06T04:00:00.000Z,23,Beijing,138,7960.854
2025-11-06T04:00:00.000Z,24,Cairo,139,6794.309
2025-11-06T04:00:00.000Z,25,Rome,140,9455.576000000001
2025-11-06T04:00:00.000Z,26,Mexico City,141,6397.2919999999995
2025-11-06T04:00:00.000Z,27,Cape Town,141,7292.5509999999995
2025-11-06T04:00:00.000Z,28,Delhi,142,7850.114
2025-11-06T04:00:00.000Z,29,Riyadh,143,7094.347
2025-11-06T04:00:00.000Z,30,São Paulo,144,8804.508
2025-11-06T04:00:00.000Z,31,Vancouver,146,6998.848
2025-11-06T04:00:00.000Z,32,Buenos Aires,147,8727.916
2025-11-06T04:00:00.000Z,33,Bangkok,148,6697.646
2025-11-06T04:00:00.000Z,34,Kuala Lumpur,149,7158.790999999999
2025-11-06T04:00:00.000Z,35,Bengaluru,151,7538.726
2025-11-06T04:00:00.000Z,36,London,151,7653.593
2025-11-06T04:00:00.000Z,37,Jakarta,152,8638.835
2025-11-06T04:00:00.000Z,38,Sydney,152,8896.647
2025-11-06T04:00:00.000Z,39,Hong Kong,154,8153.433999999999
2025-11-06T04:00:00.000Z,40,Tokyo,155,8767.822
2025-11-06T04:00:00.000Z,41,Istanbul,158,8723.978
2025-11-06T04:00:00.000Z,42,Singapore,159,8017.059
2025-11-06T04:00:00.000Z,43,Shanghai,161,7503.986
2025-11-06T04:00:00.000Z,44,Lagos,163,7026.3099999999995
2025-11-06T04:00:00.000Z,45,Karachi,164,7846.536
2025-11-06T04:00:00.000Z,46,Zurich,169,7314.3279999999995
2025-11-06T04:00:00.000Z,47,Doha,170,9269.215
2025-11-06T04:00:00.000Z,48,Moscow,172,6277.609
2025-11-06T04:00:00.000Z,49,Osaka,176,7999.829
2025-11-06T04:00:00.000Z,50,Tehran,177,8036.139999999999
2025-11-06T05:00:00.000Z,1,Manila,110,7809.52
2025-11-06T05:00:00.000Z,2,Warsaw,114,7337.51
2025-11-06T05:00:00.000Z,3,Paris,117,7617.801
2025-11-06T05:00:00.000Z,4,Stockholm,117,7986.109
2025-11-06T05:00:00.000Z,5,Seoul,121,7132.692
2025-11-06T05:00:00.000Z,6,Helsinki,121,7369.272
2025-11-06T05:00:00.000Z,7,Melbourne,122,8255.347
2025-11-06T05:00:00.000Z,8,New York,125,6313.912
2025-11-06T05:00:00.000Z,9,Toronto,126,8690.958999999999
2025-11-06T05:00:00.000Z,10,Nairobi,127,6959.938
2025-11-06T05:00:00.000Z,11,San Francisco,128,7845.907
2025-11-06T05:00:00.000Z,12,Kolkata,128,8668.779
2025-11-06T05:00:00.000Z,13,Los Angeles,129,9325.384
2025-11-06T05:00:00.000Z,14,Ho Chi Minh City,132,7637.0509999999995
2025-11-06T05:00:00.000Z,15,Auckland,133,7117.103999999999
2025-11-06T05:00:00.000Z,16,Jakarta,134,8692.764
2025-11-06T05:00:00.000Z,17,Houston,135,9326.537
2025-11-06T05:00:00.000Z,18,Chicago,135,9551.817
2025-11-06T05:00:00.000Z,19,Chennai,137,7085.159
2025-11-06T05:00:00.000Z,20,Dubai,137,7880.23
2025-11-06T05:00:00.000Z,21,Madrid,138,7378.779
2025-11-06T05:00:00.000Z,22,Beijing,138,7443.875
2025-11-06T05:00:00.000Z,23,Cairo,139,7283.486
2025-11-06T05:00:00.000Z,24,Rome,140,9228.748
2025-11-06T05:00:00.000Z,25,Mexico City,141,6659.281
2025-11-06T05:00:00.000Z,26,Cape Town,141,7999.902
2025-11-06T05:00:00.000Z,27,Delhi,142,7716.661
2025-11-06T05:00:00.000Z,28,Riyadh,143,6668.99
2025-11-06T05:00:00.000Z,29,Mumbai,144,8627.439
2025-11-06T05:00:00.000Z,30,São Paulo,144,9246.341
2025-11-06T05:00:00.000Z,31,Berlin,147,7795.899
2025-11-06T05:00:00.000Z,32,Buenos Aires,147,8988.447
2025-11-06T05:00:00.000Z,33,Bangkok,148,6615.439
2025-11-06T05:00:00.000Z,34,Kuala Lumpur,149,7927.604
2025-11-06T05:00:00.000Z,35,Bengaluru,151,7414.232
2025-11-06T05:00:00.000Z,36,London,151,8296.78
2025-11-06T05:00:00.000Z,37,Sydney,152,8421.526
2025-11-06T05:00:00.000Z,38,Vancouver,154,7238.357
2025-11-06T05:00:00.000Z,39,Hong Kong,154,8508.8
2025-11-06T05:00:00.000Z,40,Tokyo,155,9044.347
2025-11-06T05:00:00.000Z,41,Istanbul,158,8719.608
2025-11-06T05:00:00.000Z,42,Singapore,159,7379.546
2025-11-06T05:00:00.000Z,43,Shanghai,161,7188.6320000000005
2025-11-06T05:00:00.000Z,44,Lagos,163,7721.356
2025-11-06T05:00:00.000Z,45,Karachi,164,7796.31
2025-11-06T05:00:00.000Z,46,Zurich,169,7583.96
2025-11-06T05:00:00.000Z,47,Doha,170,9731.095
2025-11-06T05:00:00.000Z,48,Moscow,172,6387.907999999999
2025-11-06T05:00:00.000Z,49,Osaka,176,7916.74
2025-11-06T05:00:00.000Z,50,Tehran,177,7756.231
2025-11-06T06:00:00.000Z,1,Warsaw,114,6943.259
2025-11-06T06:00:00.000Z,2,Paris,117,8416.308
2025-11-06T06:00:00.000Z,3,Toronto,119,8756.551
2025-11-06T06:00:00.000Z,4,Seoul,121,6912.062
2025-11-06T06:00:00.000Z,5,London,121,8174.415
2025-11-06T06:00:00.000Z,6,Melbourne,122,8004.7080000000005
2025-11-06T06:00:00.000Z,7,Houston,122,8862.961
2025-11-06T06:00:00.000Z,8,New York,125,6129.273999999999
2025-11-06T06:00:00.000Z,9,Nairobi,127,7037.659
2025-11-06T06:00:00.000Z,10,Tehran,127,7815.008
2025-11-06T06:00:00.000Z,11,Kolkata,128,7934.498
2025-11-06T06:00:00.000Z,12,San Francisco,128,8666.725
2025-11-06T06:00:00.000Z,13,Los Angeles,129,9905.741
2025-11-06T06:00:00.000Z,14,Ho Chi Minh City,132,7715.549
2025-11-06T06:00:00.000Z,15,Auckland,133,7363.924
2025-11-06T06:00:00.000Z,16,Istanbul,133,8713.595
2025-11-06T06:00:00.000Z,17,Jakarta,134,9028.974
2025-11-06T06:00:00.000Z,18,Chicago,135,9964.612000000001
2025-11-06T06:00:00.000Z,19,Chennai,137,6868.758
2025-11-06T06:00:00.000Z,20,Dubai,137,7581.030000000001
2025-11-06T06:00:00.000Z,21,Beijing,138,7374.906
2025-11-06T06:00:00.000Z,22,Manila,138,7602.891
2025-11-06T06:00:00.000Z,23,Zurich,139,7187.855
2025-11-06T06:00:00.000Z,24,Madrid,140,7596.153
2025-11-06T06:00:00.000Z,25,Mexico City,141,6913.439
2025-11-06T06:00:00.000Z,26,Cape Town,141,7652.347
2025-11-06T06:00:00.000Z,27,Delhi,142,8045.494000000001
2025-11-06T06:00:00.000Z,28,Kuala Lumpur,142,8116.769
2025-11-06T06:00:00.000Z,29,Riyadh,143,7465.223
2025-11-06T06:00:00.000Z,30,Mumbai,144,8689.564
2025-11-06T06:00:00.000Z,31,São Paulo,144,9209.702000000001
2025-11-06T06:00:00.000Z,32,Berlin,147,8047.204
2025-11-06T06:00:00.000Z,33,Buenos Aires,147,9105.84
2025-11-06T06:00:00.000Z,34,Bangkok,148,7221.363
2025-11-06T06:00:00.000Z,35,Helsinki,148,8111.110000000001
2025-11-06T06:00:00.000Z,36,Bengaluru,151,7774.518
2025-11-06T06:00:00.000Z,37,Sydney,152,8017.217
2025-11-06T06:00:00.000Z,38,Cairo,152,8177.118
2025-11-06T06:00:00.000Z,39,Rome,152,9173.626
2025-11-06T06:00:00.000Z,40,Vancouver,154,7035.93
2025-11-06T06:00:00.000Z,41,Stockholm,154,8110.353
2025-11-06T06:00:00.000Z,42,Hong Kong,154,9090.821
2025-11-06T06:00:00.000Z,43,Tokyo,155,8989.064
2025-11-06T06:00:00.000Z,44,Singapore,159,7870.8009999999995
2025-11-06T06:00:00.000Z,45,Shanghai,161,7151.318
2025-11-06T06:00:00.000Z,46,Lagos,163,7403.447
2025-11-06T06:00:00.000Z,47,Karachi,164,8071.817999999999
2025-11-06T06:00:00.000Z,48,Doha,170,9781.877
2025-11-06T06:00:00.000Z,49,Moscow,172,6860.1269999999995
2025-11-06T06:00:00.000Z,50,Osaka,188,7901.602
2025-11-06T07:00:00.000Z,1,Doha,115,9208.67
2025-11-06T07:00:00.000Z,2,Melbourne,116,7710.402
2025-11-06T07:00:00.000Z,3,Toronto,119,8967.686
2025-11-06T07:00:00.000Z,4,São Paulo,119,8983.715
2025-11-06T07:00:00.000Z,5,Shanghai,120,7722.229
2025-11-06T07:00:00.000Z,6,Seoul,121,6917.217
2025-11-06T07:00:00.000Z,7,London,121,8699.179
2025-11-06T07:00:00.000Z,8,Houston,122,8847.8
2025-11-06T07:00:00.000Z,9,Warsaw,124,6925.531
2025-11-06T07:00:00.000Z,10,Paris,126,7982.059
2025-11-06T07:00:00.000Z,11,Nairobi,127,7157.616
2025-11-06T07:00:00.000Z,12,Tehran,127,7668.615
2025-11-06T07:00:00.000Z,13,Kolkata,128,7547.374
2025-11-06T07:00:00.000Z,14,San Francisco,128,9079.274
2025-11-06T07:00:00.000Z,15,Los Angeles,129,9471.466
2025-11-06T07:00:00.000Z,16,Ho Chi Minh City,132,6966.116
2025-11-06T07:00:00.000Z,17,Auckland,133,7281.201
2025-11-06T07:00:00.000Z,18,Istanbul,133,8262.178
2025-11-06T07:00:00.000Z,19,Chicago,135,9708.851999999999
2025-11-06T07:00:00.000Z,20,Chennai,137,6251.104
2025-11-06T07:00:00.000Z,21,Dubai,137,7275.063
2025-11-06T07:00:00.000Z,22,Tokyo,137,8856.812
2025-11-06T07:00:00.000Z,23,Beijing,138,7175.806
2025-11-06T07:00:00.000Z,24,Manila,138,7876.436
2025-11-06T07:00:00.000Z,25,Zurich,139,7942.354
2025-11-06T07:00:00.000Z,26,Mexico City,141,6257.929
2025-11-06T07:00:00.000Z,27,Cape Town,141,8130.512000000001
2025-11-06T07:00:00.000Z,28,Kuala Lumpur,142,8167.461
2025-11-06T07:00:00.000Z,29,Delhi,142,8534.028
2025-11-06T07:00:00.000Z,30,Riyadh,143,8023.317999999999
2025-11-06T07:00:00.000Z,31,Madrid,144,8003.609
2025-11-06T07:00:00.000Z,32,Mumbai,144,8441.126
2025-11-06T07:00:00.000Z,33,Berlin,147,8684.442
2025-11-06T07:00:00.000Z,34,Buenos Aires,147,9067.972
2025-11-06T07:00:00.000Z,35,Bangkok,148,7291.096
2025-11-06T07:00:00.000Z,36,Helsinki,148,8473.574
2025-11-06T07:00:00.000Z,37,Bengaluru,151,8110.364
2025-11-06T07:00:00.000Z,38,Cairo,152,7520.489
2025-11-06T07:00:00.000Z,39,Sydney,152,7816.284
2025-11-06T07:00:00.000Z,40,Rome,152,9291.929
2025-11-06T07:00:00.000Z,41,Lagos,153,7461.15
2025-11-06T07:00:00.000Z,42,Vancouver,154,7233.504
2025-11-06T07:00:00.000Z,43,Stockholm,154,8430.6
2025-11-06T07:00:00.000Z,44,Hong Kong,154,8594.652
2025-11-06T07:00:00.000Z,45,New York,156,6313.298
2025-11-06T07:00:00.000Z,46,Singapore,159,8116.379
2025-11-06T07:00:00.000Z,47,Karachi,164,8201.947
2025-11-06T07:00:00.000Z,48,Moscow,172,6951.213
2025-11-06T07:00:00.000Z,49,Osaka,188,8264.817
2025-11-06T07:00:00.000Z,50,Jakarta,198,8960.671
2025-11-06T08:00:00.000Z,1,Doha,115,8596.048
2025-11-06T08:00:00.000Z,2,Tehran,116,7942.9490000000005
2025-11-06T08:00:00.000Z,3,Melbourne,116,8291.482
2025-11-06T08:00:00.000Z,4,Shanghai,118,7260.881
2025-11-06T08:00:00.000Z,5,São Paulo,119,8687.289
2025-11-06T08:00:00.000Z,6,Toronto,120,9060.135
2025-11-06T08:00:00.000Z,7,Seoul,121,7235.483
2025-11-06T08:00:00.000Z,8,London,121,8084.852
2025-11-06T08:00:00.000Z,9,Tokyo,121,8803.19
2025-11-06T08:00:00.000Z,10,Houston,122,8819.181
2025-11-06T08:00:00.000Z,11,Warsaw,124,7042.758
2025-11-06T08:00:00.000Z,12,Nairobi,127,7301.053
2025-11-06T08:00:00.000Z,13,Riyadh,128,8836.079
2025-11-06T08:00:00.000Z,14,San Francisco,128,9226.575
2025-11-06T08:00:00.000Z,15,Ho Chi Minh City,132,7167.341
2025-11-06T08:00:00.000Z,16,Auckland,133,7562.234
2025-11-06T08:00:00.000Z,17,Istanbul,133,8176.790000000001
2025-11-06T08:00:00.000Z,18,Los Angeles,133,9396.468
2025-11-06T08:00:00.000Z,19,Chicago,135,9510.589
2025-11-06T08:00:00.000Z,20,Chennai,137,7365.98
2025-11-06T08:00:00.000Z,21,Dubai,137,7653.903
2025-11-06T08:00:00.000Z,22,Beijing,138,7566.3279999999995
2025-11-06T08:00:00.000Z,23,Manila,138,8565.6
2025-11-06T08:00:00.000Z,24,Zurich,139,7697.816
2025-11-06T08:00:00.000Z,25,Mexico City,141,6406.973
2025-11-06T08:00:00.000Z,26,Lagos,141,7136.821
2025-11-06T08:00:00.000Z,27,Cape Town,141,8063.683
2025-11-06T08:00:00.000Z,28,Kolkata,141,8178.5830000000005
2025-11-06T08:00:00.000Z,29,Kuala Lumpur,142,7913.392
2025-11-06T08:00:00.000Z,30,Delhi,142,8462.427
2025-11-06T08:00:00.000Z,31,Madrid,144,7609.947
2025-11-06T08:00:00.000Z,32,Mumbai,144,8293.587
2025-11-06T08:00:00.000Z,33,Karachi,145,8439.233
2025-11-06T08:00:00.000Z,34,Buenos Aires,147,8717.793
2025-11-06T08:00:00.000Z,35,Berlin,147,9042.008
2025-11-06T08:00:00.000Z,36,Bangkok,148,7584.389
2025-11-06T08:00:00.000Z,37,Helsinki,148,7756.505999999999
2025-11-06T08:00:00.000Z,38,Bengaluru,151,7853.067
2025-11-06T08:00:00.000Z,39,Cairo,152,7749.128
2025-11-06T08:00:00.000Z,40,Sydney,152,7821.592
2025-11-06T08:00:00.000Z,41,Paris,152,8277.313
2025-11-06T08:00:00.000Z,42,Rome,152,8999.073
2025-11-06T08:00:00.000Z,43,Vancouver,154,7555.848
2025-11-06T08:00:00.000Z,44,Hong Kong,154,8616.176
2025-11-06T08:00:00.000Z,45,Stockholm,154,8959.9
2025-11-06T08:00:00.000Z,46,New York,156,6472.41
2025-11-06T08:00:00.000Z,47,Singapore,159,8381.851
2025-11-06T08:00:00.000Z,48,Moscow,172,7248.23
2025-11-06T08:00:00.000Z,49,Osaka,188,8214.387
2025-11-06T08:00:00.000Z,50,Jakarta,198,8982.774
2025-11-06T09:00:00.000Z,1,Zurich,104,7150.115
2025-11-06T09:00:00.000Z,2,São Paulo,108,8610.601
2025-11-06T09:00:00.000Z,3,Ho Chi Minh City,116,6772.897999999999
2025-11-06T09:00:00.000Z,4,Melbourne,116,8609.382
2025-11-06T09:00:00.000Z,5,Shanghai,118,7636.909
2025-11-06T09:00:00.000Z,6,Riyadh,118,9254.627
2025-11-06T09:00:00.000Z,7,Toronto,120,9125.919
2025-11-06T09:00:00.000Z,8,Seoul,121,7346.796
2025-11-06T09:00:00.000Z,9,Istanbul,121,8188.587
2025-11-06T09:00:00.000Z,10,London,121,8485.24
2025-11-06T09:00:00.000Z,11,Tokyo,121,9335.32
2025-11-06T09:00:00.000Z,12,Warsaw,124,7193.004
2025-11-06T09:00:00.000Z,13,Nairobi,127,6773.428
2025-11-06T09:00:00.000Z,14,Los Angeles,133,8977.828
2025-11-06T09:00:00.000Z,15,Tehran,135,7833.164000000001
2025-11-06T09:00:00.000Z,16,Chicago,135,9527.767
2025-11-06T09:00:00.000Z,17,Chennai,137,7638.196
2025-11-06T09:00:00.000Z,18,Dubai,137,8073.915
2025-11-06T09:00:00.000Z,19,Beijing,138,7843.706
2025-11-06T09:00:00.000Z,20,Manila,138,8501.362000000001
2025-11-06T09:00:00.000Z,21,Auckland,139,7553.032
2025-11-06T09:00:00.000Z,22,Houston,139,9172.927
2025-11-06T09:00:00.000Z,23,Mexico City,141,6276.12
2025-11-06T09:00:00.000Z,24,Lagos,141,7173.272
2025-11-06T09:00:00.000Z,25,Kolkata,141,8506.317
2025-11-06T09:00:00.000Z,26,Kuala Lumpur,142,7882.987999999999
2025-11-06T09:00:00.000Z,27,Delhi,142,8589.257
2025-11-06T09:00:00.000Z,28,Cape Town,143,7484.682
2025-11-06T09:00:00.000Z,29,Madrid,144,8075.411
2025-11-06T09:00:00.000Z,30,Mumbai,144,8448.412
2025-11-06T09:00:00.000Z,31,Karachi,145,8296.801
2025-11-06T09:00:00.000Z,32,Buenos Aires,147,8552.976
2025-11-06T09:00:00.000Z,33,Berlin,147,8701.117
2025-11-06T09:00:00.000Z,34,Bangkok,148,7748.039
2025-11-06T09:00:00.000Z,35,Helsinki,148,8440.257
2025-11-06T09:00:00.000Z,36,San Francisco,148,9512.685
2025-11-06T09:00:00.000Z,37,Bengaluru,151,8627.707
2025-11-06T09:00:00.000Z,38,Cairo,152,7447.117
2025-11-06T09:00:00.000Z,39,Paris,152,7887.629
2025-11-06T09:00:00.000Z,40,Sydney,152,8122.844999999999
2025-11-06T09:00:00.000Z,41,Rome,152,8904.192
2025-11-06T09:00:00.000Z,42,Vancouver,154,7450.595
2025-11-06T09:00:00.000Z,43,Stockholm,154,8446.213
2025-11-06T09:00:00.000Z,44,New York,156,6394.972
2025-11-06T09:00:00.000Z,45,Doha,156,8639.546
2025-11-06T09:00:00.000Z,46,Singapore,159,8604.535
2025-11-06T09:00:00.000Z,47,Moscow,172,8162.366
2025-11-06T09:00:00.000Z,48,Hong Kong,183,8825.007
2025-11-06T09:00:00.000Z,49,Osaka,188,8281.583
2025-11-06T09:00:00.000Z,50,Jakarta,198,9538.4
2025-11-06T10:00:00.000Z,1,São Paulo,103,8451.441
2025-11-06T10:00:00.000Z,2,Seoul,110,7292.989
2025-11-06T10:00:00.000Z,3,Ho Chi Minh City,116,6314.523
2025-11-06T10:00:00.000Z,4,Riyadh,118,9191.482
2025-11-06T10:00:00.000Z,5,Karachi,119,7726.648999999999
2025-11-06T10:00:00.000Z,6,Bengaluru,119,8316.176
2025-11-06T10:00:00.000Z,7,Singapore,119,8767.142
2025-11-06T10:00:00.000Z,8,Toronto,120,9144.280999999999
2025-11-06T10:00:00.000Z,9,Istanbul,121,8019.888
2025-11-06T10:00:00.000Z,10,Tokyo,121,8422.321
2025-11-06T10:00:00.000Z,11,London,121,8627.881
2025-11-06T10:00:00.000Z,12,Zurich,122,7856.679
2025-11-06T10:00:00.000Z,13,Chicago,122,9396.407
2025-11-06T10:00:00.000Z,14,Shanghai,123,7978.821
2025-11-06T10:00:00.000Z,15,Warsaw,124,7724.96
2025-11-06T10:00:00.000Z,16,Melbourne,126,8631.976
2025-11-06T10:00:00.000Z,17,Chennai,132,7053.7660000000005
2025-11-06T10:00:00.000Z,18,Tehran,135,7753.177
2025-11-06T10:00:00.000Z,19,Los Angeles,136,8899.530999999999
2025-11-06T10:00:00.000Z,20,Beijing,138,7851.813
2025-11-06T10:00:00.000Z,21,Manila,138,8421.704
2025-11-06T10:00:00.000Z,22,Auckland,139,7662.844999999999
2025-11-06T10:00:00.000Z,23,Houston,139,8763.162
2025-11-06T10:00:00.000Z,24,Mexico City,141,6596.988
2025-11-06T10:00:00.000Z,25,Kolkata,141,8161.1759999999995
2025-11-06T10:00:00.000Z,26,Kuala Lumpur,142,7948.55
2025-11-06T10:00:00.000Z,27,Delhi,142,8461.994
2025-11-06T10:00:00.000Z,28,Cape Town,143,7680.522
2025-11-06T10:00:00.000Z,29,Mumbai,144,8381.712
2025-11-06T10:00:00.000Z,30,Madrid,144,8592.569
2025-11-06T10:00:00.000Z,31,Dubai,145,7886.505
2025-11-06T10:00:00.000Z,32,Berlin,147,8562.474
2025-11-06T10:00:00.000Z,33,Buenos Aires,147,8630.582
2025-11-06T10:00:00.000Z,34,Bangkok,148,7737.826
2025-11-06T10:00:00.000Z,35,Helsinki,148,8427.758
2025-11-06T10:00:00.000Z,36,San Francisco,148,8871.814
2025-11-06T10:00:00.000Z,37,Cairo,152,7654.568
2025-11-06T10:00:00.000Z,38,Sydney,152,7750.8279999999995
2025-11-06T10:00:00.000Z,39,Rome,152,8322.46
2025-11-06T10:00:00.000Z,40,Paris,152,8450.423999999999
2025-11-06T10:00:00.000Z,41,Nairobi,153,7572.455
2025-11-06T10:00:00.000Z,42,Vancouver,154,7126.075
2025-11-06T10:00:00.000Z,43,Stockholm,154,8770.301
2025-11-06T10:00:00.000Z,44,New York,156,6675.773999999999
2025-11-06T10:00:00.000Z,45,Doha,156,8890.759
2025-11-06T10:00:00.000Z,46,Lagos,162,7847.242
2025-11-06T10:00:00.000Z,47,Moscow,172,7827.767
2025-11-06T10:00:00.000Z,48,Hong Kong,183,8224.697
2025-11-06T10:00:00.000Z,49,Osaka,188,8323.949
2025-11-06T10:00:00.000Z,50,Jakarta,198,9534.678
2025-11-06T11:00:00.000Z,1,Ho Chi Minh City,116,6450.859
2025-11-06T11:00:00.000Z,2,Sydney,117,7545.689
2025-11-06T11:00:00.000Z,3,Bengaluru,119,7855.184
2025-11-06T11:00:00.000Z,4,Karachi,119,8056.468
2025-11-06T11:00:00.000Z,5,Singapore,119,8324.108
2025-11-06T11:00:00.000Z,6,Toronto,120,8935.963
2025-11-06T11:00:00.000Z,7,Istanbul,121,7780.895
2025-11-06T11:00:00.000Z,8,Tokyo,121,8106.265
2025-11-06T11:00:00.000Z,9,London,121,9018.334
2025-11-06T11:00:00.000Z,10,Chicago,122,8840.0
2025-11-06T11:00:00.000Z,11,Seoul,123,7878.272
2025-11-06T11:00:00.000Z,12,Shanghai,123,8197.852
2025-11-06T11:00:00.000Z,13,Warsaw,124,7841.285
2025-11-06T11:00:00.000Z,14,Melbourne,126,8379.84
2025-11-06T11:00:00.000Z,15,São Paulo,129,8714.768
2025-11-06T11:00:00.000Z,16,Bangkok,130,8065.995
2025-11-06T11:00:00.000Z,17,Riyadh,130,9268.82
2025-11-06T11:00:00.000Z,18,Beijing,131,7267.004
2025-11-06T11:00:00.000Z,19,Chennai,132,7351.904
2025-11-06T11:00:00.000Z,20,Tehran,135,8308.028
2025-11-06T11:00:00.000Z,21,Moscow,136,7926.831
2025-11-06T11:00:00.000Z,22,Los Angeles,136,8855.28
2025-11-06T11:00:00.000Z,23,Manila,138,8213.785
2025-11-06T11:00:00.000Z,24,Auckland,139,8261.208
2025-11-06T11:00:00.000Z,25,Houston,139,8471.64
2025-11-06T11:00:00.000Z,26,Mexico City,140,6615.514
2025-11-06T11:00:00.000Z,27,Buenos Aires,141,8408.285
2025-11-06T11:00:00.000Z,28,Zurich,142,7784.59
2025-11-06T11:00:00.000Z,29,Kolkata,142,7883.594
2025-11-06T11:00:00.000Z,30,Kuala Lumpur,142,7934.5380000000005
2025-11-06T11:00:00.000Z,31,Delhi,142,8551.993
2025-11-06T11:00:00.000Z,32,Cape Town,143,7380.492
2025-11-06T11:00:00.000Z,33,Mumbai,144,8505.076000000001
2025-11-06T11:00:00.000Z,34,Madrid,144,8704.747
2025-11-06T11:00:00.000Z,35,Dubai,145,8173.439
2025-11-06T11:00:00.000Z,36,Berlin,147,8481.53
2025-11-06T11:00:00.000Z,37,Helsinki,148,7878.02
2025-11-06T11:00:00.000Z,38,San Francisco,148,8824.177
2025-11-06T11:00:00.000Z,39,Cairo,152,7555.4130000000005
2025-11-06T11:00:00.000Z,40,Rome,152,7874.6630000000005
2025-11-06T11:00:00.000Z,41,Paris,152,8365.624
2025-11-06T11:00:00.000Z,42,Nairobi,153,8109.237
2025-11-06T11:00:00.000Z,43,Vancouver,154,7716.905000000001
2025-11-06T11:00:00.000Z,44,Stockholm,154,8641.694
2025-11-06T11:00:00.000Z,45,New York,156,6867.201
2025-11-06T11:00:00.000Z,46,Doha,156,8734.681
2025-11-06T11:00:00.000Z,47,Lagos,162,8133.39
2025-11-06T11:00:00.000Z,48,Hong Kong,183,8410.865
2025-11-06T11:00:00.000Z,49,Osaka,188,8182.234
2025-11-06T11:00:00.000Z,50,Jakarta,198,8969.746
2025-11-06T12:00:00.000Z,1,Ho Chi Minh City,116,6503.299
2025-11-06T12:00:00.000Z,2,Sydney,117,7778.968
2025-11-06T12:00:00.000Z,3,Bengaluru,119,7696.026
2025-11-06T12:00:00.000Z,4,Karachi,119,8025.87
2025-11-06T12:00:00.000Z,5,Singapore,119,9116.905
2025-11-06T12:00:00.000Z,6,Tokyo,121,7758.664
2025-11-06T12:00:00.000Z,7,Delhi,121,8216.898000000001
2025-11-06T12:00:00.000Z,8,Toronto,121,8273.216
2025-11-06T12:00:00.000Z,9,London,121,9518.981
2025-11-06T12:00:00.000Z,10,Seoul,123,7804.241
2025-11-06T12:00:00.000Z,11,Warsaw,124,8230.33
2025-11-06T12:00:00.000Z,12,Shanghai,126,8445.736
2025-11-06T12:00:00.000Z,13,Melbourne,126,8522.059000000001
2025-11-06T12:00:00.000Z,14,São Paulo,129,8383.216
2025-11-06T12:00:00.000Z,15,Bangkok,130,8591.564
2025-11-06T12:00:00.000Z,16,Riyadh,130,9174.203
2025-11-06T12:00:00.000Z,17,Chennai,132,8086.0
2025-11-06T12:00:00.000Z,18,Tehran,135,8163.313
2025-11-06T12:00:00.000Z,19,Beijing,136,6854.922
2025-11-06T12:00:00.000Z,20,Los Angeles,136,8006.124
2025-11-06T12:00:00.000Z,21,Moscow,136,8142.225
2025-11-06T12:00:00.000Z,22,Chicago,139,8054.391
2025-11-06T12:00:00.000Z,23,Houston,139,8846.389
2025-11-06T12:00:00.000Z,24,Auckland,139,8948.872
2025-11-06T12:00:00.000Z,25,Mexico City,140,7419.576
2025-11-06T12:00:00.000Z,26,Buenos Aires,141,7637.7970000000005
2025-11-06T12:00:00.000Z,27,Kolkata,142,7504.002
2025-11-06T12:00:00.000Z,28,Zurich,142,7516.6630000000005
2025-11-06T12:00:00.000Z,29,Kuala Lumpur,142,7678.732
2025-11-06T12:00:00.000Z,30,Cape Town,143,7810.374
2025-11-06T12:00:00.000Z,31,Madrid,144,8306.467
2025-11-06T12:00:00.000Z,32,Mumbai,144,8973.502
2025-11-06T12:00:00.000Z,33,Dubai,145,7863.433999999999
2025-11-06T12:00:00.000Z,34,Berlin,147,8361.447
2025-11-06T12:00:00.000Z,35,Helsinki,148,7903.271000000001
2025-11-06T12:00:00.000Z,36,San Francisco,148,9365.032
2025-11-06T12:00:00.000Z,37,Rome,152,7530.421
2025-11-06T12:00:00.000Z,38,Cairo,152,7717.537
2025-11-06T12:00:00.000Z,39,Paris,152,8453.117
2025-11-06T12:00:00.000Z,40,Nairobi,153,8634.332
2025-11-06T12:00:00.000Z,41,Vancouver,154,7881.808999999999
2025-11-06T12:00:00.000Z,42,Stockholm,154,8963.377
2025-11-06T12:00:00.000Z,43,New York,156,7579.182
2025-11-06T12:00:00.000Z,44,Manila,156,7675.33
2025-11-06T12:00:00.000Z,45,Doha,156,8399.14
2025-11-06T12:00:00.000Z,46,Istanbul,157,8213.188
2025-11-06T12:00:00.000Z,47,Lagos,162,8494.971
2025-11-06T12:00:00.000Z,48,Hong Kong,183,7637.82
2025-11-06T12:00:00.000Z,49,Osaka,188,7873.51
2025-11-06T12:00:00.000Z,50,Jakarta,198,8867.476
2025-11-06T13:00:00.000Z,1,Sydney,117,8248.18
2025-11-06T13:00:00.000Z,2,Tokyo,119,6665.526
2025-11-06T13:00:00.000Z,3,Karachi,119,7836.011
2025-11-06T13:00:00.000Z,4,Bengaluru,119,8367.119
2025-11-06T13:00:00.000Z,5,Singapore,119,9405.429
2025-11-06T13:00:00.000Z,6,Toronto,121,8192.56
2025-11-06T13:00:00.000Z,7,London,121,8367.653
2025-11-06T13:00:00.000Z,8,Delhi,121,8389.249
2025-11-06T13:00:00.000Z,9,Seoul,123,7736.237
2025-11-06T13:00:00.000Z,10,Warsaw,124,8730.526
2025-11-06T13:00:00.000Z,11,Melbourne,126,7827.242
2025-11-06T13:00:00.000Z,12,Shanghai,126,8614.449
2025-11-06T13:00:00.000Z,13,Ho Chi Minh City,128,7037.461
2025-11-06T13:00:00.000Z,14,São Paulo,129,8180.634
2025-11-06T13:00:00.000Z,15,Bangkok,130,8709.071
2025-11-06T13:00:00.000Z,16,Vancouver,132,7323.24
2025-11-06T13:00:00.000Z,17,Chennai,132,8495.236
2025-11-06T13:00:00.000Z,18,Tehran,135,8298.076000000001
2025-11-06T13:00:00.000Z,19,Beijing,136,7644.607
2025-11-06T13:00:00.000Z,20,Los Angeles,136,8354.276
2025-11-06T13:00:00.000Z,21,Moscow,136,8577.33
2025-11-06T13:00:00.000Z,22,Mumbai,136,8656.603
2025-11-06T13:00:00.000Z,23,Berlin,138,8133.349
2025-11-06T13:00:00.000Z,24,Houston,139,8660.407
2025-11-06T13:00:00.000Z,25,Auckland,139,8909.630000000001
2025-11-06T13:00:00.000Z,26,Mexico City,140,7300.5779999999995
2025-11-06T13:00:00.000Z,27,Buenos Aires,141,7519.766
2025-11-06T13:00:00.000Z,28,Riyadh,141,9636.350999999999
2025-11-06T13:00:00.000Z,29,Kolkata,142,6923.887
2025-11-06T13:00:00.000Z,30,Zurich,142,7589.375
2025-11-06T13:00:00.000Z,31,Kuala Lumpur,142,7627.136
2025-11-06T13:00:00.000Z,32,Madrid,144,8802.109
2025-11-06T13:00:00.000Z,33,Cape Town,145,7272.494000000001
2025-11-06T13:00:00.000Z,34,Dubai,145,8329.338
2025-11-06T13:00:00.000Z,35,Helsinki,148,8166.622
2025-11-06T13:00:00.000Z,36,San Francisco,148,8986.956
2025-11-06T13:00:00.000Z,37,Cairo,152,7108.266
2025-11-06T13:00:00.000Z,38,Rome,152,7772.531999999999
2025-11-06T13:00:00.000Z,39,Paris,152,8507.304
2025-11-06T13:00:00.000Z,40,Nairobi,153,8305.136999999999
2025-11-06T13:00:00.000Z,41,Stockholm,154,8796.965
2025-11-06T13:00:00.000Z,42,Manila,156,7301.423
2025-11-06T13:00:00.000Z,43,Doha,156,8057.36
2025-11-06T13:00:00.000Z,44,New York,156,8088.532999999999
2025-11-06T13:00:00.000Z,45,Istanbul,157,8061.893
2025-11-06T13:00:00.000Z,46,Lagos,162,8714.142
2025-11-06T13:00:00.000Z,47,Chicago,179,8320.198
2025-11-06T13:00:00.000Z,48,Hong Kong,183,7349.592000000001
2025-11-06T13:00:00.000Z,49,Osaka,188,7987.191
2025-11-06T13:00:00.000Z,50,Jakarta,198,8277.187
2025-11-06T14:00:00.000Z,1,Singapore,106,9337.277
2025-11-06T14:00:00.000Z,2,Sydney,117,8490.573
2025-11-06T14:00:00.000Z,3,Karachi,118,7622.498
2025-11-06T14:00:00.000Z,4,London,118,8036.028
2025-11-06T14:00:00.000Z,5,Tokyo,119,6062.029
2025-11-06T14:00:00.000Z,6,Bengaluru,119,8220.543
2025-11-06T14:00:00.000Z,7,Seoul,123,7886.0650000000005
2025-11-06T14:00:00.000Z,8,Toronto,123,7933.686
2025-11-06T14:00:00.000Z,9,Warsaw,124,9592.896
2025-11-06T14:00:00.000Z,10,Melbourne,126,7817.045
2025-11-06T14:00:00.000Z,11,Shanghai,126,8858.426
2025-11-06T14:00:00.000Z,12,Ho Chi Minh City,128,7305.573
2025-11-06T14:00:00.000Z,13,São Paulo,129,8222.253
2025-11-06T14:00:00.000Z,14,Kuala Lumpur,130,7796.314
2025-11-06T14:00:00.000Z,15,Bangkok,130,8993.923
2025-11-06T14:00:00.000Z,16,Stockholm,130,9121.183
2025-11-06T14:00:00.000Z,17,Vancouver,132,7347.008
2025-11-06T14:00:00.000Z,18,Chennai,132,8759.382
2025-11-06T14:00:00.000Z,19,Tehran,135,8784.522
2025-11-06T14:00:00.000Z,20,Los Angeles,136,7599.107
2025-11-06T14:00:00.000Z,21,Beijing,136,7625.08
2025-11-06T14:00:00.000Z,22,Mumbai,136,8272.41
2025-11-06T14:00:00.000Z,23,Moscow,136,8369.846
2025-11-06T14:00:00.000Z,24,Berlin,138,7969.673
2025-11-06T14:00:00.000Z,25,Rome,138,8189.298
2025-11-06T14:00:00.000Z,26,Houston,139,8560.892
2025-11-06T14:00:00.000Z,27,Auckland,139,8992.609
2025-11-06T14:00:00.000Z,28,Mexico City,140,7440.964
2025-11-06T14:00:00.000Z,29,Buenos Aires,141,7137.975
2025-11-06T14:00:00.000Z,30,Riyadh,141,9483.696
2025-11-06T14:00:00.000Z,31,Kolkata,142,7492.341
2025-11-06T14:00:00.000Z,32,Zurich,142,7731.151
2025-11-06T14:00:00.000Z,33,Osaka,143,7795.688
2025-11-06T14:00:00.000Z,34,Madrid,144,8226.625
2025-11-06T14:00:00.000Z,35,Cape Town,145,7469.32
2025-11-06T14:00:00.000Z,36,Dubai,145,8759.692
2025-11-06T14:00:00.000Z,37,Helsinki,147,7814.444
2025-11-06T14:00:00.000Z,38,Cairo,148,6745.221
2025-11-06T14:00:00.000Z,39,San Francisco,148,8633.097
2025-11-06T14:00:00.000Z,40,Paris,152,8408.508
2025-11-06T14:00:00.000Z,41,Nairobi,153,8991.865
2025-11-06T14:00:00.000Z,42,Manila,156,7369.401
2025-11-06T14:00:00.000Z,43,Doha,156,7948.254
2025-11-06T14:00:00.000Z,44,New York,156,9011.627
2025-11-06T14:00:00.000Z,45,Istanbul,157,8315.278
2025-11-06T14:00:00.000Z,46,Delhi,160,8383.949
2025-11-06T14:00:00.000Z,47,Lagos,162,9008.073
2025-11-06T14:00:00.000Z,48,Chicago,179,8283.576000000001
2025-11-06T14:00:00.000Z,49,Hong Kong,183,7010.872
2025-11-06T14:00:00.000Z,50,Jakarta,198,8060.879999999999
2025-11-06T15:00:00.000Z,1,Warsaw,113,9644.079
2025-11-06T15:00:00.000Z,2,Tokyo,117,6006.178
2025-11-06T15:00:00.000Z,3,Sydney,117,8534.919
2025-11-06T15:00:00.000Z,4,Karachi,118,7656.76
2025-11-06T15:00:00.000Z,5,Jakarta,118,8018.778
2025-11-06T15:00:00.000Z,6,London,118,8153.327
2025-11-06T15:00:00.000Z,7,Bengaluru,119,8994.245
2025-11-06T15:00:00.000Z,8,Chennai,120,9541.798
2025-11-06T15:00:00.000Z,9,Toronto,123,8265.606
2025-11-06T15:00:00.000Z,10,Melbourne,126,7135.596
2025-11-06T15:00:00.000Z,11,Shanghai,126,8587.922
2025-11-06T15:00:00.000Z,12,Seoul,127,7842.863
2025-11-06T15:00:00.000Z,13,Ho Chi Minh City,128,8012.388
2025-11-06T15:00:00.000Z,14,São Paulo,129,8112.748
2025-11-06T15:00:00.000Z,15,Kuala Lumpur,130,8087.559
2025-11-06T15:00:00.000Z,16,Bangkok,130,8775.855
2025-11-06T15:00:00.000Z,17,Stockholm,130,9066.228
2025-11-06T15:00:00.000Z,18,Tehran,135,8710.825
2025-11-06T15:00:00.000Z,19,Beijing,136,7471.723
2025-11-06T15:00:00.000Z,20,Mumbai,136,7983.498
2025-11-06T15:00:00.000Z,21,Moscow,136,8863.456
2025-11-06T15:00:00.000Z,22,Berlin,138,7534.331
2025-11-06T15:00:00.000Z,23,Madrid,138,8055.619
2025-11-06T15:00:00.000Z,24,Rome,138,8132.439
2025-11-06T15:00:00.000Z,25,Houston,139,8829.366
2025-11-06T15:00:00.000Z,26,Auckland,139,8922.547
2025-11-06T15:00:00.000Z,27,Mexico City,140,7759.298
2025-11-06T15:00:00.000Z,28,Buenos Aires,141,7538.612
2025-11-06T15:00:00.000Z,29,Kolkata,142,7471.254999999999
2025-11-06T15:00:00.000Z,30,Zurich,142,8029.554
2025-11-06T15:00:00.000Z,31,Helsinki,142,8303.752
2025-11-06T15:00:00.000Z,32,Osaka,143,7280.001
2025-11-06T15:00:00.000Z,33,Cape Town,145,7411.421
2025-11-06T15:00:00.000Z,34,Dubai,145,8920.519
2025-11-06T15:00:00.000Z,35,Cairo,148,7206.918
2025-11-06T15:00:00.000Z,36,San Francisco,148,8358.596
2025-11-06T15:00:00.000Z,37,New York,150,9071.858
2025-11-06T15:00:00.000Z,38,Paris,152,8967.484
2025-11-06T15:00:00.000Z,39,Nairobi,153,8896.938
2025-11-06T15:00:00.000Z,40,Manila,156,7082.256
2025-11-06T15:00:00.000Z,41,Doha,156,8810.794
2025-11-06T15:00:00.000Z,42,Singapore,156,9302.04
2025-11-06T15:00:00.000Z,43,Istanbul,157,8522.419
2025-11-06T15:00:00.000Z,44,Los Angeles,158,7650.460999999999
2025-11-06T15:00:00.000Z,45,Delhi,160,8124.492
2025-11-06T15:00:00.000Z,46,Lagos,162,8655.259
2025-11-06T15:00:00.000Z,47,Riyadh,174,8604.686
2025-11-06T15:00:00.000Z,48,Chicago,179,7716.630999999999
2025-11-06T15:00:00.000Z,49,Vancouver,182,7320.267
2025-11-06T15:00:00.000Z,50,Hong Kong,183,6752.007
2025-11-06T16:00:00.000Z,1,Tokyo,110,5884.48
2025-11-06T16:00:00.000Z,2,Paris,111,9147.862000000001
2025-11-06T16:00:00.000Z,3,Warsaw,113,9335.207
2025-11-06T16:00:00.000Z,4,Bengaluru,115,9498.96
2025-11-06T16:00:00.000Z,5,Sydney,117,9125.627
2025-11-06T16:00:00.000Z,6,Jakarta,118,7519.846
2025-11-06T16:00:00.000Z,7,Karachi,118,7662.591
2025-11-06T16:00:00.000Z,8,London,118,8323.185
2025-11-06T16:00:00.000Z,9,Chennai,120,9044.911
2025-11-06T16:00:00.000Z,10,Stockholm,122,8138.223
2025-11-06T16:00:00.000Z,11,Toronto,123,8404.219000000001
2025-11-06T16:00:00.000Z,12,Melbourne,126,6539.582
2025-11-06T16:00:00.000Z,13,Shanghai,126,8912.714
2025-11-06T16:00:00.000Z,14,Ho Chi Minh City,128,8551.5
2025-11-06T16:00:00.000Z,15,São Paulo,129,8047.932
2025-11-06T16:00:00.000Z,16,Kuala Lumpur,130,8144.798
2025-11-06T16:00:00.000Z,17,Bangkok,130,8646.039
2025-11-06T16:00:00.000Z,18,Mexico City,131,7600.734
2025-11-06T16:00:00.000Z,19,Seoul,135,7547.548000000001
2025-11-06T16:00:00.000Z,20,Tehran,135,8640.722
2025-11-06T16:00:00.000Z,21,Moscow,136,8859.162
2025-11-06T16:00:00.000Z,22,Berlin,138,7321.285
2025-11-06T16:00:00.000Z,23,Rome,138,8092.794
2025-11-06T16:00:00.000Z,24,Madrid,138,8356.826
2025-11-06T16:00:00.000Z,25,Auckland,139,8331.084
2025-11-06T16:00:00.000Z,26,Houston,139,8764.336
2025-11-06T16:00:00.000Z,27,Buenos Aires,140,8139.29
2025-11-06T16:00:00.000Z,28,Mumbai,141,7846.591
2025-11-06T16:00:00.000Z,29,Kolkata,142,7521.027
2025-11-06T16:00:00.000Z,30,Zurich,142,8247.384
2025-11-06T16:00:00.000Z,31,Helsinki,142,8378.359
2025-11-06T16:00:00.000Z,32,Osaka,143,6447.912
2025-11-06T16:00:00.000Z,33,Cape Town,145,7131.4580000000005
2025-11-06T16:00:00.000Z,34,Dubai,145,9020.537
2025-11-06T16:00:00.000Z,35,Cairo,148,7266.689
2025-11-06T16:00:00.000Z,36,San Francisco,148,8450.306
2025-11-06T16:00:00.000Z,37,Beijing,152,6689.537
2025-11-06T16:00:00.000Z,38,New York,153,8948.627
2025-11-06T16:00:00.000Z,39,Nairobi,153,9029.91
2025-11-06T16:00:00.000Z,40,Manila,156,7059.398999999999
2025-11-06T16:00:00.000Z,41,Singapore,156,8495.919
2025-11-06T16:00:00.000Z,42,Doha,156,8649.185
2025-11-06T16:00:00.000Z,43,Istanbul,157,8110.09
2025-11-06T16:00:00.000Z,44,Los Angeles,158,7710.781
2025-11-06T16:00:00.000Z,45,Delhi,160,8169.664
2025-11-06T16:00:00.000Z,46,Lagos,162,8627.231
2025-11-06T16:00:00.000Z,47,Riyadh,174,8365.772
2025-11-06T16:00:00.000Z,48,Chicago,179,7803.516
2025-11-06T16:00:00.000Z,49,Vancouver,182,7926.595
2025-11-06T16:00:00.000Z,50,Hong Kong,183,6779.082
2025-11-06T17:00:00.000Z,1,Tokyo,104,5141.93
2025-11-06T17:00:00.000Z,2,Paris,111,8827.596
2025-11-06T17:00:00.000Z,3,Bengaluru,115,8955.74
2025-11-06T17:00:00.000Z,4,Jakarta,118,7336.357
2025-11-06T17:00:00.000Z,5,Karachi,118,7949.261
2025-11-06T17:00:00.000Z,6,London,118,8334.679
2025-11-06T17:00:00.000Z,7,Stockholm,122,8464.645
2025-11-06T17:00:00.000Z,8,Toronto,123,7818.417
2025-11-06T17:00:00.000Z,9,Chennai,125,8977.136
2025-11-06T17:00:00.000Z,10,Melbourne,126,5833.32
2025-11-06T17:00:00.000Z,11,Shanghai,126,8873.385
2025-11-06T17:00:00.000Z,12,Tehran,127,8331.374
2025-11-06T17:00:00.000Z,13,Ho Chi Minh City,128,9164.479
2025-11-06T17:00:00.000Z,14,Houston,129,8479.916000000001
2025-11-06T17:00:00.000Z,15,São Paulo,129,8570.381
2025-11-06T17:00:00.000Z,16,Kuala Lumpur,130,8008.356
2025-11-06T17:00:00.000Z,17,Bangkok,130,8412.877
2025-11-06T17:00:00.000Z,18,Sydney,130,8917.909
2025-11-06T17:00:00.000Z,19,Mexico City,131,8034.0509999999995
2025-11-06T17:00:00.000Z,20,Seoul,135,7085.617
2025-11-06T17:00:00.000Z,21,Cairo,136,7463.7880000000005
2025-11-06T17:00:00.000Z,22,Moscow,136,8494.029
2025-11-06T17:00:00.000Z,23,Doha,137,9050.637
2025-11-06T17:00:00.000Z,24,Warsaw,137,9648.356
2025-11-06T17:00:00.000Z,25,Berlin,138,7314.519
2025-11-06T17:00:00.000Z,26,Madrid,138,7839.915
2025-11-06T17:00:00.000Z,27,Auckland,138,8103.7080000000005
2025-11-06T17:00:00.000Z,28,Rome,138,8189.588
2025-11-06T17:00:00.000Z,29,Buenos Aires,140,7948.164
2025-11-06T17:00:00.000Z,30,San Francisco,140,8707.205
2025-11-06T17:00:00.000Z,31,Mumbai,141,8507.521
2025-11-06T17:00:00.000Z,32,Kolkata,142,6817.07
2025-11-06T17:00:00.000Z,33,Helsinki,142,8005.650000000001
2025-11-06T17:00:00.000Z,34,Zurich,142,8338.985
2025-11-06T17:00:00.000Z,35,Osaka,143,6516.752
2025-11-06T17:00:00.000Z,36,Cape Town,145,7758.738
2025-11-06T17:00:00.000Z,37,Dubai,145,8686.441
2025-11-06T17:00:00.000Z,38,Beijing,152,6892.456
2025-11-06T17:00:00.000Z,39,Nairobi,153,9265.562
2025-11-06T17:00:00.000Z,40,New York,153,9449.305
2025-11-06T17:00:00.000Z,41,Hong Kong,156,6950.697
2025-11-06T17:00:00.000Z,42,Manila,156,7102.069
2025-11-06T17:00:00.000Z,43,Singapore,156,8769.308
2025-11-06T17:00:00.000Z,44,Istanbul,157,8224.354
2025-11-06T17:00:00.000Z,45,Los Angeles,158,7925.751
2025-11-06T17:00:00.000Z,46,Delhi,160,7694.063
2025-11-06T17:00:00.000Z,47,Lagos,162,8990.217
2025-11-06T17:00:00.000Z,48,Riyadh,174,8047.184
2025-11-06T17:00:00.000Z,49,Chicago,179,7791.554
2025-11-06T17:00:00.000Z,50,Vancouver,182,8020.513
2025-11-06T18:00:00.000Z,1,Tokyo,104,5962.832
2025-11-06T18:00:00.000Z,2,Paris,110,8390.111
2025-11-06T18:00:00.000Z,3,Cairo,112,7388.296
2025-11-06T18:00:00.000Z,4,Lagos,114,8083.639999999999
2025-11-06T18:00:00.000Z,5,Bengaluru,115,8730.616
2025-11-06T18:00:00.000Z,6,Jakarta,118,7705.442999999999
2025-11-06T18:00:00.000Z,7,London,118,8241.266
2025-11-06T18:00:00.000Z,8,Mexico City,118,8307.503
2025-11-06T18:00:00.000Z,9,Stockholm,121,8185.853999999999
2025-11-06T18:00:00.000Z,10,Toronto,123,8218.31
2025-11-06T18:00:00.000Z,11,Chennai,125,9511.451000000001
2025-11-06T18:00:00.000Z,12,Shanghai,126,8887.621
2025-11-06T18:00:00.000Z,13,Tehran,127,8194.108
2025-11-06T18:00:00.000Z,14,Berlin,128,6876.641
2025-11-06T18:00:00.000Z,15,Helsinki,128,8008.96
2025-11-06T18:00:00.000Z,16,Ho Chi Minh City,128,9347.989
2025-11-06T18:00:00.000Z,17,São Paulo,129,8437.324
2025-11-06T18:00:00.000Z,18,Houston,129,8911.973
2025-11-06T18:00:00.000Z,19,Karachi,130,7718.6539999999995
2025-11-06T18:00:00.000Z,20,Bangkok,130,8739.457
2025-11-06T18:00:00.000Z,21,Sydney,130,8743.973
2025-11-06T18:00:00.000Z,22,Seoul,135,7840.016
2025-11-06T18:00:00.000Z,23,Rome,136,8047.136
2025-11-06T18:00:00.000Z,24,Nairobi,136,8674.759
2025-11-06T18:00:00.000Z,25,Doha,137,8465.679
2025-11-06T18:00:00.000Z,26,Warsaw,137,9579.817
2025-11-06T18:00:00.000Z,27,Madrid,138,7604.927
2025-11-06T18:00:00.000Z,28,Auckland,138,7768.052
2025-11-06T18:00:00.000Z,29,Melbourne,140,5413.385
2025-11-06T18:00:00.000Z,30,Buenos Aires,140,8277.268
2025-11-06T18:00:00.000Z,31,San Francisco,140,8780.943
2025-11-06T18:00:00.000Z,32,Mumbai,141,8551.23
2025-11-06T18:00:00.000Z,33,Kolkata,142,7450.599
2025-11-06T18:00:00.000Z,34,Zurich,142,7957.624
2025-11-06T18:00:00.000Z,35,Osaka,143,6832.825
2025-11-06T18:00:00.000Z,36,Moscow,143,8852.637
2025-11-06T18:00:00.000Z,37,Dubai,144,8572.161
2025-11-06T18:00:00.000Z,38,Cape Town,145,7799.745
2025-11-06T18:00:00.000Z,39,Beijing,152,7114.401
2025-11-06T18:00:00.000Z,40,New York,153,9137.989
2025-11-06T18:00:00.000Z,41,Manila,156,7460.954
2025-11-06T18:00:00.000Z,42,Singapore,156,8427.594
2025-11-06T18:00:00.000Z,43,Istanbul,157,7942.431
2025-11-06T18:00:00.000Z,44,Los Angeles,158,8135.496
2025-11-06T18:00:00.000Z,45,Delhi,160,7619.287
2025-11-06T18:00:00.000Z,46,Hong Kong,162,7506.616
2025-11-06T18:00:00.000Z,47,Kuala Lumpur,168,7605.858
2025-11-06T18:00:00.000Z,48,Riyadh,174,7732.938
2025-11-06T18:00:00.000Z,49,Chicago,179,7648.456
2025-11-06T18:00:00.000Z,50,Vancouver,182,8587.202
2025-11-06T19:00:00.000Z,1,Tokyo,104,6337.647
2025-11-06T19:00:00.000Z,2,Paris,110,8470.389
2025-11-06T19:00:00.000Z,3,Cairo,112,7668.689
2025-11-06T19:00:00.000Z,4,Stockholm,115,8370.68
2025-11-06T19:00:00.000Z,5,Bengaluru,115,8550.304
2025-11-06T19:00:00.000Z,6,Jakarta,118,7752.2210000000005
2025-11-06T19:00:00.000Z,7,Mexico City,118,8393.787
2025-11-06T19:00:00.000Z,8,Bangkok,120,8777.447
2025-11-06T19:00:00.000Z,9,Lagos,122,7816.234
2025-11-06T19:00:00.000Z,10,Toronto,123,8239.305
2025-11-06T19:00:00.000Z,11,Chennai,125,9907.268
2025-11-06T19:00:00.000Z,12,São Paulo,126,7914.988
2025-11-06T19:00:00.000Z,13,Shanghai,126,8946.081
2025-11-06T19:00:00.000Z,14,Tehran,127,7568.082
2025-11-06T19:00:00.000Z,15,Berlin,128,6577.231
2025-11-06T19:00:00.000Z,16,Helsinki,128,8099.46
2025-11-06T19:00:00.000Z,17,Ho Chi Minh City,128,9075.675
2025-11-06T19:00:00.000Z,18,Madrid,129,7339.442
2025-11-06T19:00:00.000Z,19,Houston,129,8763.665
2025-11-06T19:00:00.000Z,20,Karachi,130,7427.287
2025-11-06T19:00:00.000Z,21,Sydney,130,8542.228
2025-11-06T19:00:00.000Z,22,Kolkata,133,7327.946
2025-11-06T19:00:00.000Z,23,Seoul,135,7227.51
2025-11-06T19:00:00.000Z,24,Rome,136,8053.195
2025-11-06T19:00:00.000Z,25,Nairobi,136,8870.931
2025-11-06T19:00:00.000Z,26,Warsaw,137,9282.783
2025-11-06T19:00:00.000Z,27,Melbourne,140,5479.886
2025-11-06T19:00:00.000Z,28,San Francisco,140,9107.67
2025-11-06T19:00:00.000Z,29,Mumbai,141,8447.801
2025-11-06T19:00:00.000Z,30,Zurich,142,8030.128
2025-11-06T19:00:00.000Z,31,Osaka,143,7409.38
2025-11-06T19:00:00.000Z,32,Moscow,143,7871.728
2025-11-06T19:00:00.000Z,33,Dubai,144,8250.244
2025-11-06T19:00:00.000Z,34,Cape Town,145,8302.846
2025-11-06T19:00:00.000Z,35,Auckland,147,7810.698
2025-11-06T19:00:00.000Z,36,Buenos Aires,150,7784.99
2025-11-06T19:00:00.000Z,37,Beijing,152,7923.724
2025-11-06T19:00:00.000Z,38,London,152,8849.287
2025-11-06T19:00:00.000Z,39,New York,153,9202.251
2025-11-06T19:00:00.000Z,40,Manila,156,7403.8150000000005
2025-11-06T19:00:00.000Z,41,Singapore,156,8644.738
2025-11-06T19:00:00.000Z,42,Istanbul,157,7598.644
2025-11-06T19:00:00.000Z,43,Los Angeles,158,8418.648000000001
2025-11-06T19:00:00.000Z,44,Delhi,160,7979.796
2025-11-06T19:00:00.000Z,45,Doha,161,7807.439
2025-11-06T19:00:00.000Z,46,Hong Kong,162,7595.786
2025-11-06T19:00:00.000Z,47,Kuala Lumpur,168,7804.079
2025-11-06T19:00:00.000Z,48,Riyadh,174,7571.6630000000005
2025-11-06T19:00:00.000Z,49,Chicago,179,8130.579
2025-11-06T19:00:00.000Z,50,Vancouver,182,8040.576999999999
2025-11-06T20:00:00.000Z,1,Paris,110,8422.876
2025-11-06T20:00:00.000Z,2,Stockholm,115,8691.673999999999
2025-11-06T20:00:00.000Z,3,Bengaluru,115,9209.543
2025-11-06T20:00:00.000Z,4,Nairobi,116,8013.135
2025-11-06T20:00:00.000Z,5,Jakarta,118,8076.447
2025-11-06T20:00:00.000Z,6,Shanghai,119,9102.581
2025-11-06T20:00:00.000Z,7,Manila,120,7565.906
2025-11-06T20:00:00.000Z,8,Istanbul,122,7740.0509999999995
2025-11-06T20:00:00.000Z,9,Bangkok,122,8019.226
2025-11-06T20:00:00.000Z,10,Tokyo,123,6489.567
2025-11-06T20:00:00.000Z,11,Toronto,123,8422.148000000001
2025-11-06T20:00:00.000Z,12,Chennai,125,9466.206
2025-11-06T20:00:00.000Z,13,São Paulo,126,7321.963
2025-11-06T20:00:00.000Z,14,Tehran,127,7133.0070000000005
2025-11-06T20:00:00.000Z,15,Berlin,128,6773.84
2025-11-06T20:00:00.000Z,16,Helsinki,128,7688.754
2025-11-06T20:00:00.000Z,17,Ho Chi Minh City,128,8961.79
2025-11-06T20:00:00.000Z,18,Madrid,129,7816.18
2025-11-06T20:00:00.000Z,19,Houston,129,8510.493
2025-11-06T20:00:00.000Z,20,Karachi,130,7989.148999999999
2025-11-06T20:00:00.000Z,21,Sydney,130,8194.947
2025-11-06T20:00:00.000Z,22,Kolkata,133,7590.499
2025-11-06T20:00:00.000Z,23,Seoul,135,7238.036
2025-11-06T20:00:00.000Z,24,Rome,136,8021.978999999999
2025-11-06T20:00:00.000Z,25,Warsaw,137,8272.061
2025-11-06T20:00:00.000Z,26,Melbourne,140,5881.77
2025-11-06T20:00:00.000Z,27,San Francisco,140,9234.605
2025-11-06T20:00:00.000Z,28,Mumbai,141,8139.138999999999
2025-11-06T20:00:00.000Z,29,Zurich,142,8100.62
2025-11-06T20:00:00.000Z,30,Osaka,143,7203.018
2025-11-06T20:00:00.000Z,31,Moscow,143,7689.446
2025-11-06T20:00:00.000Z,32,Dubai,144,8258.152
2025-11-06T20:00:00.000Z,33,Cape Town,145,7852.912
2025-11-06T20:00:00.000Z,34,Auckland,147,7842.063
2025-11-06T20:00:00.000Z,35,Buenos Aires,150,7795.823
2025-11-06T20:00:00.000Z,36,Mexico City,151,8213.304
2025-11-06T20:00:00.000Z,37,Beijing,152,8210.144
2025-11-06T20:00:00.000Z,38,London,152,8273.004
2025-11-06T20:00:00.000Z,39,New York,153,8944.052
2025-11-06T20:00:00.000Z,40,Singapore,156,8315.259
2025-11-06T20:00:00.000Z,41,Cairo,157,7430.028
2025-11-06T20:00:00.000Z,42,Los Angeles,158,8862.954
2025-11-06T20:00:00.000Z,43,Delhi,160,8604.673999999999
2025-11-06T20:00:00.000Z,44,Doha,161,7837.879
2025-11-06T20:00:00.000Z,45,Hong Kong,162,7769.536
2025-11-06T20:00:00.000Z,46,Lagos,168,7350.0779999999995
2025-11-06T20:00:00.000Z,47,Kuala Lumpur,168,8502.927
2025-11-06T20:00:00.000Z,48,Riyadh,174,7632.6990000000005
2025-11-06T20:00:00.000Z,49,Chicago,179,8298.155999999999
2025-11-06T20:00:00.000Z,50,Vancouver,182,8257.576000000001
2025-11-06T21:00:00.000Z,1,Paris,110,8263.056
2025-11-06T21:00:00.000Z,2,Bengaluru,115,8514.318
2025-11-06T21:00:00.000Z,3,Nairobi,116,8375.104
2025-11-06T21:00:00.000Z,4,Ho Chi Minh City,116,8450.597
2025-11-06T21:00:00.000Z,5,Jakarta,118,8161.2699999999995
2025-11-06T21:00:00.000Z,6,Shanghai,119,9253.128
2025-11-06T21:00:00.000Z,7,Istanbul,122,7811.163
2025-11-06T21:00:00.000Z,8,Bangkok,122,8038.437
2025-11-06T21:00:00.000Z,9,Stockholm,122,8707.524
2025-11-06T21:00:00.000Z,10,Tokyo,123,7156.15
2025-11-06T21:00:00.000Z,11,Toronto,123,8046.48
2025-11-06T21:00:00.000Z,12,Chennai,125,9593.779
2025-11-06T21:00:00.000Z,13,São Paulo,126,7348.469
2025-11-06T21:00:00.000Z,14,Tehran,127,7080.283
2025-11-06T21:00:00.000Z,15,Berlin,128,7328.357
2025-11-06T21:00:00.000Z,16,Helsinki,128,7553.9220000000005
2025-11-06T21:00:00.000Z,17,Madrid,129,7554.424
2025-11-06T21:00:00.000Z,18,Houston,129,8157.852
2025-11-06T21:00:00.000Z,19,Sydney,130,7913.65
2025-11-06T21:00:00.000Z,20,Seoul,135,7081.2880000000005
2025-11-06T21:00:00.000Z,21,Rome,136,7676.735000000001
2025-11-06T21:00:00.000Z,22,Warsaw,137,8456.394
2025-11-06T21:00:00.000Z,23,Melbourne,140,6195.722
2025-11-06T21:00:00.000Z,24,San Francisco,140,8791.052
2025-11-06T21:00:00.000Z,25,Manila,141,7423.509
2025-11-06T21:00:00.000Z,26,Zurich,142,8205.851999999999
2025-11-06T21:00:00.000Z,27,Osaka,143,6835.706
2025-11-06T21:00:00.000Z,28,Moscow,143,6914.842
2025-11-06T21:00:00.000Z,29,Dubai,144,7903.479
2025-11-06T21:00:00.000Z,30,Cape Town,144,8119.327
2025-11-06T21:00:00.000Z,31,Auckland,147,7689.7119999999995
2025-11-06T21:00:00.000Z,32,Buenos Aires,150,7835.086
2025-11-06T21:00:00.000Z,33,Karachi,150,8379.653
2025-11-06T21:00:00.000Z,34,Mexico City,151,8104.782
2025-11-06T21:00:00.000Z,35,Beijing,152,8234.014
2025-11-06T21:00:00.000Z,36,London,152,8910.019
2025-11-06T21:00:00.000Z,37,Mumbai,153,8440.692000000001
2025-11-06T21:00:00.000Z,38,New York,153,8454.589
2025-11-06T21:00:00.000Z,39,Singapore,156,8693.723
2025-11-06T21:00:00.000Z,40,Cairo,157,7955.646
2025-11-06T21:00:00.000Z,41,Los Angeles,158,8561.172
2025-11-06T21:00:00.000Z,42,Kolkata,159,7788.934
2025-11-06T21:00:00.000Z,43,Delhi,160,8459.718
2025-11-06T21:00:00.000Z,44,Doha,161,8065.754
2025-11-06T21:00:00.000Z,45,Hong Kong,162,7882.664
2025-11-06T21:00:00.000Z,46,Lagos,168,6880.525
2025-11-06T21:00:00.000Z,47,Kuala Lumpur,168,7953.65
2025-11-06T21:00:00.000Z,48,Riyadh,174,7743.948
2025-11-06T21:00:00.000Z,49,Chicago,174,8061.807
2025-11-06T21:00:00.000Z,50,Vancouver,182,8464.538
2025-11-06T22:00:00.000Z,1,Madrid,111,7792.395
2025-11-06T22:00:00.000Z,2,Paris,114,7581.664
2025-11-06T22:00:00.000Z,3,Bengaluru,115,8448.326000000001
2025-11-06T22:00:00.000Z,4,Nairobi,116,7506.935
2025-11-06T22:00:00.000Z,5,Ho Chi Minh City,117,7884.964
2025-11-06T22:00:00.000Z,6,Jakarta,118,8366.149
2025-11-06T22:00:00.000Z,7,Shanghai,118,8763.695
2025-11-06T22:00:00.000Z,8,Istanbul,122,7589.123
2025-11-06T22:00:00.000Z,9,Stockholm,122,8034.702
2025-11-06T22:00:00.000Z,10,Toronto,122,8228.721
2025-11-06T22:00:00.000Z,11,Bangkok,125,7691.186
2025-11-06T22:00:00.000Z,12,Chennai,125,9329.495
2025-11-06T22:00:00.000Z,13,São Paulo,126,7714.039000000001
2025-11-06T22:00:00.000Z,14,Tehran,127,6576.3330000000005
2025-11-06T22:00:00.000Z,15,Helsinki,128,7619.59
2025-11-06T22:00:00.000Z,16,Houston,129,7974.26
2025-11-06T22:00:00.000Z,17,Sydney,133,7849.895
2025-11-06T22:00:00.000Z,18,Tokyo,133,7930.311
2025-11-06T22:00:00.000Z,19,Rome,136,6921.537
2025-11-06T22:00:00.000Z,20,Seoul,138,6820.56
2025-11-06T22:00:00.000Z,21,Dubai,138,7420.027
2025-11-06T22:00:00.000Z,22,Zurich,139,8137.317
2025-11-06T22:00:00.000Z,23,Melbourne,140,5714.309
2025-11-06T22:00:00.000Z,24,San Francisco,140,8385.569
2025-11-06T22:00:00.000Z,25,Manila,141,7372.925
2025-11-06T22:00:00.000Z,26,Berlin,141,7447.360000000001
2025-11-06T22:00:00.000Z,27,Moscow,143,7191.777
2025-11-06T22:00:00.000Z,28,Osaka,143,7325.715
2025-11-06T22:00:00.000Z,29,Cape Town,144,8603.461
2025-11-06T22:00:00.000Z,30,Auckland,147,8412.709
2025-11-06T22:00:00.000Z,31,Buenos Aires,150,7948.782999999999
2025-11-06T22:00:00.000Z,32,Karachi,150,9051.828
2025-11-06T22:00:00.000Z,33,Mexico City,151,7779.311
2025-11-06T22:00:00.000Z,34,Beijing,152,8449.857
2025-11-06T22:00:00.000Z,35,London,152,8973.317
2025-11-06T22:00:00.000Z,36,New York,153,8264.194
2025-11-06T22:00:00.000Z,37,Warsaw,154,8158.589
2025-11-06T22:00:00.000Z,38,Mumbai,155,8936.636
2025-11-06T22:00:00.000Z,39,Singapore,156,8693.817
2025-11-06T22:00:00.000Z,40,Cairo,157,7845.9169999999995
2025-11-06T22:00:00.000Z,41,Delhi,158,8135.189
2025-11-06T22:00:00.000Z,42,Los Angeles,158,9259.644
2025-11-06T22:00:00.000Z,43,Kolkata,159,7830.849
2025-11-06T22:00:00.000Z,44,Doha,161,7712.124
2025-11-06T22:00:00.000Z,45,Hong Kong,162,7802.367
2025-11-06T22:00:00.000Z,46,Lagos,168,6509.378
2025-11-06T22:00:00.000Z,47,Kuala Lumpur,168,7887.689
2025-11-06T22:00:00.000Z,48,Chicago,174,7182.591
2025-11-06T22:00:00.000Z,49,Riyadh,174,7969.527
2025-11-06T22:00:00.000Z,50,Vancouver,182,8347.251
2025-11-06T23:00:00.000Z,1,Bengaluru,106,7691.858
2025-11-06T23:00:00.000Z,2,Madrid,111,7319.233
2025-11-06T23:00:00.000Z,3,Nairobi,116,7304.514
2025-11-06T23:00:00.000Z,4,Tehran,117,6759.103
2025-11-06T23:00:00.000Z,5,Paris,117,7148.838
2025-11-06T23:00:00.000Z,6,Ho Chi Minh City,117,7654.976000000001
2025-11-06T23:00:00.000Z,7,Shanghai,118,9327.893
2025-11-06T23:00:00.000Z,8,Stockholm,122,7568.13
2025-11-06T23:00:00.000Z,9,Istanbul,122,7639.882
2025-11-06T23:00:00.000Z,10,Toronto,122,7765.718
2025-11-06T23:00:00.000Z,11,Bangkok,125,7915.484
2025-11-06T23:00:00.000Z,12,Chennai,125,8810.737000000001
2025-11-06T23:00:00.000Z,13,Helsinki,128,7185.787
2025-11-06T23:00:00.000Z,14,Singapore,128,8682.764
2025-11-06T23:00:00.000Z,15,Dubai,129,7041.827
2025-11-06T23:00:00.000Z,16,Houston,129,7808.582
2025-11-06T23:00:00.000Z,17,Vancouver,131,8588.403
2025-11-06T23:00:00.000Z,18,Tokyo,133,7474.777
2025-11-06T23:00:00.000Z,19,Sydney,133,7490.014999999999
2025-11-06T23:00:00.000Z,20,Jakarta,134,8929.088
2025-11-06T23:00:00.000Z,21,Rome,135,6566.869
2025-11-06T23:00:00.000Z,22,Los Angeles,136,9289.887
2025-11-06T23:00:00.000Z,23,Seoul,138,6951.588
2025-11-06T23:00:00.000Z,24,Zurich,139,7832.152
2025-11-06T23:00:00.000Z,25,Melbourne,140,6684.603
2025-11-06T23:00:00.000Z,26,San Francisco,140,7934.359
2025-11-06T23:00:00.000Z,27,Berlin,141,7218.584
2025-11-06T23:00:00.000Z,28,Manila,141,7626.312
2025-11-06T23:00:00.000Z,29,Osaka,143,7717.205
2025-11-06T23:00:00.000Z,30,Cape Town,144,8576.831
2025-11-06T23:00:00.000Z,31,Moscow,147,6823.374
2025-11-06T23:00:00.000Z,32,Auckland,147,8452.682
2025-11-06T23:00:00.000Z,33,Buenos Aires,150,7733.992
2025-11-06T23:00:00.000Z,34,Riyadh,150,8425.528
2025-11-06T23:00:00.000Z,35,Mexico City,151,8177.772
2025-11-06T23:00:00.000Z,36,Beijing,152,8670.166
2025-11-06T23:00:00.000Z,37,London,152,8670.776
2025-11-06T23:00:00.000Z,38,São Paulo,153,7725.229
2025-11-06T23:00:00.000Z,39,New York,153,7753.406999999999
2025-11-06T23:00:00.000Z,40,Warsaw,154,7574.362
2025-11-06T23:00:00.000Z,41,Mumbai,155,9408.722
2025-11-06T23:00:00.000Z,42,Cairo,157,7727.997
2025-11-06T23:00:00.000Z,43,Delhi,158,7802.641
2025-11-06T23:00:00.000Z,44,Kolkata,159,8485.672999999999
2025-11-06T23:00:00.000Z,45,Doha,161,7423.107
2025-11-06T23:00:00.000Z,46,Hong Kong,162,7637.614
2025-11-06T23:00:00.000Z,47,Karachi,166,9018.34
2025-11-06T23:00:00.000Z,48,Lagos,168,7024.1
2025-11-06T23:00:00.000Z,49,Kuala Lumpur,168,8206.114
2025-11-06T23:00:00.000Z,50,Chicago,174,7498.829
2025-11-07T00:00:00.000Z,1,Bengaluru,106,7674.604
2025-11-07T00:00:00.000Z,2,Nairobi,111,7049.279
2025-11-07T00:00:00.000Z,3,Madrid,111,7245.666
2025-11-07T00:00:00.000Z,4,Ho Chi Minh City,117,6944.353999999999
2025-11-07T00:00:00.000Z,5,Paris,117,7212.021000000001
2025-11-07T00:00:00.000Z,6,Shanghai,118,9217.969
2025-11-07T00:00:00.000Z,7,Istanbul,119,7320.259
2025-11-07T00:00:00.000Z,8,Toronto,122,7653.524
2025-11-07T00:00:00.000Z,9,Stockholm,122,7889.1
2025-11-07T00:00:00.000Z,10,New York,124,7860.564
2025-11-07T00:00:00.000Z,11,Chennai,125,8040.75
2025-11-07T00:00:00.000Z,12,Helsinki,128,7131.045
2025-11-07T00:00:00.000Z,13,Bangkok,128,7870.144
2025-11-07T00:00:00.000Z,14,Singapore,128,9366.797
2025-11-07T00:00:00.000Z,15,Houston,129,7818.4130000000005
2025-11-07T00:00:00.000Z,16,Beijing,130,9009.54
2025-11-07T00:00:00.000Z,17,Vancouver,131,7761.287
2025-11-07T00:00:00.000Z,18,Sydney,133,7093.48
2025-11-07T00:00:00.000Z,19,Jakarta,134,9268.427
2025-11-07T00:00:00.000Z,20,Rome,135,6681.2119999999995
2025-11-07T00:00:00.000Z,21,Los Angeles,136,9174.427
2025-11-07T00:00:00.000Z,22,San Francisco,137,7506.817999999999
2025-11-07T00:00:00.000Z,23,Tokyo,139,7910.632
2025-11-07T00:00:00.000Z,24,Melbourne,140,7281.763
2025-11-07T00:00:00.000Z,25,Tehran,141,6933.767
2025-11-07T00:00:00.000Z,26,Berlin,141,7445.123
2025-11-07T00:00:00.000Z,27,Manila,141,7465.135
2025-11-07T00:00:00.000Z,28,Osaka,143,8238.818
2025-11-07T00:00:00.000Z,29,Cape Town,144,8765.519
2025-11-07T00:00:00.000Z,30,Moscow,147,7584.66
2025-11-07T00:00:00.000Z,31,Auckland,147,8719.119999999999
2025-11-07T00:00:00.000Z,32,Buenos Aires,150,7336.514999999999
2025-11-07T00:00:00.000Z,33,Riyadh,150,8824.228000000001
2025-11-07T00:00:00.000Z,34,Mexico City,151,8123.1900000000005
2025-11-07T00:00:00.000Z,35,London,152,8409.428
2025-11-07T00:00:00.000Z,36,São Paulo,153,8365.961
2025-11-07T00:00:00.000Z,37,Warsaw,154,7938.126
2025-11-07T00:00:00.000Z,38,Mumbai,155,8895.787
2025-11-07T00:00:00.000Z,39,Delhi,156,7939.639999999999
2025-11-07T00:00:00.000Z,40,Zurich,156,8254.98
2025-11-07T00:00:00.000Z,41,Cairo,157,7372.377
2025-11-07T00:00:00.000Z,42,Seoul,159,7043.193
2025-11-07T00:00:00.000Z,43,Kolkata,159,7952.171
2025-11-07T00:00:00.000Z,44,Doha,161,7504.981
2025-11-07T00:00:00.000Z,45,Hong Kong,162,7574.75
2025-11-07T00:00:00.000Z,46,Karachi,166,8519.526
2025-11-07T00:00:00.000Z,47,Lagos,168,7396.799
2025-11-07T00:00:00.000Z,48,Kuala Lumpur,168,8604.211
2025-11-07T00:00:00.000Z,49,Chicago,174,7352.651
2025-11-07T00:00:00.000Z,50,Dubai,189,7116.383
2025-11-07T01:00:00.000Z,1,Bengaluru,106,7522.759
2025-11-07T01:00:00.000Z,2,Madrid,111,7543.158
2025-11-07T01:00:00.000Z,3,Nairobi,116,7260.928
2025-11-07T01:00:00.000Z,4,Ho Chi Minh City,117,6421.782
2025-11-07T01:00:00.000Z,5,Paris,117,7250.958
2025-11-07T01:00:00.000Z,6,Shanghai,118,9313.99
2025-11-07T01:00:00.000Z,7,Istanbul,119,7311.737
2025-11-07T01:00:00.000Z,8,Stockholm,122,7756.537
2025-11-07T01:00:00.000Z,9,Toronto,122,7953.362999999999
2025-11-07T01:00:00.000Z,10,New York,124,7279.706
2025-11-07T01:00:00.000Z,11,Rome,125,6433.005
2025-11-07T01:00:00.000Z,12,Helsinki,128,7272.854
2025-11-07T01:00:00.000Z,13,Bangkok,128,7642.595
2025-11-07T01:00:00.000Z,14,Houston,128,8014.349
2025-11-07T01:00:00.000Z,15,Singapore,128,9148.397
2025-11-07T01:00:00.000Z,16,Vancouver,131,7847.399
2025-11-07T01:00:00.000Z,17,Chennai,132,8148.885
2025-11-07T01:00:00.000Z,18,Sydney,133,6902.659
2025-11-07T01:00:00.000Z,19,Jakarta,134,8946.858
2025-11-07T01:00:00.000Z,20,Los Angeles,136,9015.332
2025-11-07T01:00:00.000Z,21,San Francisco,137,7069.049
2025-11-07T01:00:00.000Z,22,Tokyo,139,8124.169
2025-11-07T01:00:00.000Z,23,Melbourne,140,7966.786
2025-11-07T01:00:00.000Z,24,Tehran,141,7166.266
2025-11-07T01:00:00.000Z,25,Manila,141,7331.677
2025-11-07T01:00:00.000Z,26,Berlin,141,8115.811
2025-11-07T01:00:00.000Z,27,Beijing,142,8662.282
2025-11-07T01:00:00.000Z,28,Cape Town,144,8246.939
2025-11-07T01:00:00.000Z,29,Osaka,145,7527.975
2025-11-07T01:00:00.000Z,30,Auckland,147,8320.381000000001
2025-11-07T01:00:00.000Z,31,Buenos Aires,150,7041.293
2025-11-07T01:00:00.000Z,32,Riyadh,150,8904.443000000001
2025-11-07T01:00:00.000Z,33,Mexico City,151,8136.085
2025-11-07T01:00:00.000Z,34,London,152,8330.287
2025-11-07T01:00:00.000Z,35,São Paulo,153,7933.041
2025-11-07T01:00:00.000Z,36,Warsaw,154,7293.722
2025-11-07T01:00:00.000Z,37,Mumbai,155,8369.068
2025-11-07T01:00:00.000Z,38,Delhi,156,7912.0689999999995
2025-11-07T01:00:00.000Z,39,Zurich,156,8296.543
2025-11-07T01:00:00.000Z,40,Cairo,157,7502.1630000000005
2025-11-07T01:00:00.000Z,41,Seoul,159,7783.646
2025-11-07T01:00:00.000Z,42,Moscow,159,8226.055
2025-11-07T01:00:00.000Z,43,Kolkata,159,9112.833999999999
2025-11-07T01:00:00.000Z,44,Doha,161,6544.35
2025-11-07T01:00:00.000Z,45,Hong Kong,162,7796.816
2025-11-07T01:00:00.000Z,46,Karachi,166,8460.306
2025-11-07T01:00:00.000Z,47,Lagos,168,7333.924
2025-11-07T01:00:00.000Z,48,Kuala Lumpur,168,8811.41
2025-11-07T01:00:00.000Z,49,Chicago,174,6878.982
2025-11-07T01:00:00.000Z,50,Dubai,189,7040.626
2025-11-07T02:00:00.000Z,1,Madrid,111,7629.066
2025-11-07T02:00:00.000Z,2,Nairobi,116,7306.513
2025-11-07T02:00:00.000Z,3,Ho Chi Minh City,117,5936.377
2025-11-07T02:00:00.000Z,4,Chicago,117,6837.766
2025-11-07T02:00:00.000Z,5,Paris,117,7301.482
2025-11-07T02:00:00.000Z,6,Shanghai,118,9053.37
2025-11-07T02:00:00.000Z,7,Stockholm,122,8165.662
2025-11-07T02:00:00.000Z,8,Bengaluru,123,7546.0830000000005
2025-11-07T02:00:00.000Z,9,Toronto,123,7661.553
2025-11-07T02:00:00.000Z,10,Rome,125,6480.69
2025-11-07T02:00:00.000Z,11,New York,126,7260.311
2025-11-07T02:00:00.000Z,12,Bangkok,128,7334.321
2025-11-07T02:00:00.000Z,13,Helsinki,128,7592.001
2025-11-07T02:00:00.000Z,14,Houston,128,8139.123
2025-11-07T02:00:00.000Z,15,Melbourne,129,8620.419
2025-11-07T02:00:00.000Z,16,Vancouver,131,7690.262
2025-11-07T02:00:00.000Z,17,Hong Kong,132,7840.8099999999995
2025-11-07T02:00:00.000Z,18,Chennai,132,7901.731
2025-11-07T02:00:00.000Z,19,Sydney,133,7064.189
2025-11-07T02:00:00.000Z,20,Jakarta,134,8260.251
2025-11-07T02:00:00.000Z,21,Los Angeles,136,8205.533
2025-11-07T02:00:00.000Z,22,San Francisco,137,7480.706
2025-11-07T02:00:00.000Z,23,Tokyo,139,8002.094999999999
2025-11-07T02:00:00.000Z,24,Manila,141,6985.138
2025-11-07T02:00:00.000Z,25,Tehran,141,7942.5689999999995
2025-11-07T02:00:00.000Z,26,Berlin,141,8703.003
2025-11-07T02:00:00.000Z,27,Beijing,142,9096.58
2025-11-07T02:00:00.000Z,28,Cape Town,144,7954.671
2025-11-07T02:00:00.000Z,29,Osaka,145,7486.801
2025-11-07T02:00:00.000Z,30,Auckland,147,8443.302
2025-11-07T02:00:00.000Z,31,Singapore,147,9241.948
2025-11-07T02:00:00.000Z,32,Istanbul,148,7399.869
2025-11-07T02:00:00.000Z,33,Buenos Aires,150,6903.598
2025-11-07T02:00:00.000Z,34,Riyadh,150,9106.155999999999
2025-11-07T02:00:00.000Z,35,Mexico City,151,7943.167
2025-11-07T02:00:00.000Z,36,London,152,8161.906
2025-11-07T02:00:00.000Z,37,São Paulo,153,7458.313
2025-11-07T02:00:00.000Z,38,Warsaw,154,7225.268
2025-11-07T02:00:00.000Z,39,Mumbai,155,8092.907
2025-11-07T02:00:00.000Z,40,Delhi,156,7444.829
2025-11-07T02:00:00.000Z,41,Zurich,156,8868.128
2025-11-07T02:00:00.000Z,42,Cairo,157,7730.225
2025-11-07T02:00:00.000Z,43,Seoul,159,7562.816
2025-11-07T02:00:00.000Z,44,Moscow,159,8040.091
2025-11-07T02:00:00.000Z,45,Kolkata,159,8868.275
2025-11-07T02:00:00.000Z,46,Doha,161,7395.388
2025-11-07T02:00:00.000Z,47,Kuala Lumpur,167,9432.829
2025-11-07T02:00:00.000Z,48,Lagos,168,7372.683
2025-11-07T02:00:00.000Z,49,Karachi,181,8584.663
2025-11-07T02:00:00.000Z,50,Dubai,189,6704.021000000001
2025-11-07T03:00:00.000Z,1,Madrid,106,8018.577
2025-11-07T03:00:00.000Z,2,London,110,7998.488
2025-11-07T03:00:00.000Z,3,Nairobi,116,7239.548
2025-11-07T03:00:00.000Z,4,Ho Chi Minh City,117,6059.157
2025-11-07T03:00:00.000Z,5,Chicago,117,6787.92
2025-11-07T03:00:00.000Z,6,Shanghai,118,8581.973
2025-11-07T03:00:00.000Z,7,Toronto,123,7583.728
2025-11-07T03:00:00.000Z,8,Bengaluru,123,7679.741
2025-11-07T03:00:00.000Z,9,New York,126,6989.966
2025-11-07T03:00:00.000Z,10,Helsinki,127,8245.225999999999
2025-11-07T03:00:00.000Z,11,Bangkok,128,7306.479
2025-11-07T03:00:00.000Z,12,Houston,128,8270.066
2025-11-07T03:00:00.000Z,13,Paris,129,7731.707
2025-11-07T03:00:00.000Z,14,Vancouver,131,7704.894
2025-11-07T03:00:00.000Z,15,Chennai,132,7552.979
2025-11-07T03:00:00.000Z,16,Hong Kong,132,8053.825000000001
2025-11-07T03:00:00.000Z,17,Sydney,133,7639.427
2025-11-07T03:00:00.000Z,18,Jakarta,134,7965.0869999999995
2025-11-07T03:00:00.000Z,19,Los Angeles,136,7907.987
2025-11-07T03:00:00.000Z,20,Rome,137,6670.359
2025-11-07T03:00:00.000Z,21,Buenos Aires,139,6921.203
2025-11-07T03:00:00.000Z,22,Tokyo,139,8220.914
2025-11-07T03:00:00.000Z,23,Auckland,139,8318.597
2025-11-07T03:00:00.000Z,24,Manila,141,7257.9349999999995
2025-11-07T03:00:00.000Z,25,Tehran,141,8315.803
2025-11-07T03:00:00.000Z,26,Berlin,141,9338.117
2025-11-07T03:00:00.000Z,27,San Francisco,142,7641.41
2025-11-07T03:00:00.000Z,28,Beijing,142,9035.925
2025-11-07T03:00:00.000Z,29,Cape Town,144,7181.363
2025-11-07T03:00:00.000Z,30,Stockholm,144,8489.66
2025-11-07T03:00:00.000Z,31,Osaka,145,7157.131
2025-11-07T03:00:00.000Z,32,Singapore,147,9365.938
2025-11-07T03:00:00.000Z,33,Istanbul,148,7557.288
2025-11-07T03:00:00.000Z,34,Riyadh,150,9039.191
2025-11-07T03:00:00.000Z,35,Mexico City,151,8150.807
2025-11-07T03:00:00.000Z,36,São Paulo,153,8043.841
2025-11-07T03:00:00.000Z,37,Warsaw,154,7528.3240000000005
2025-11-07T03:00:00.000Z,38,Mumbai,155,7963.375
2025-11-07T03:00:00.000Z,39,Delhi,156,7091.512
2025-11-07T03:00:00.000Z,40,Zurich,156,8688.821
2025-11-07T03:00:00.000Z,41,Cairo,157,7125.297
2025-11-07T03:00:00.000Z,42,Doha,157,8009.418
2025-11-07T03:00:00.000Z,43,Seoul,159,7955.693
2025-11-07T03:00:00.000Z,44,Moscow,159,8340.986
2025-11-07T03:00:00.000Z,45,Kolkata,159,9017.567000000001
2025-11-07T03:00:00.000Z,46,Melbourne,164,8571.246
2025-11-07T03:00:00.000Z,47,Kuala Lumpur,167,9126.271
2025-11-07T03:00:00.000Z,48,Lagos,168,7993.918
2025-11-07T03:00:00.000Z,49,Karachi,181,8696.332
2025-11-07T03:00:00.000Z,50,Dubai,189,7469.683
2025-11-07T04:00:00.000Z,1,Madrid,106,7283.454
2025-11-07T04:00:00.000Z,2,London,110,8146.156
2025-11-07T04:00:00.000Z,3,Nairobi,116,7699.121
2025-11-07T04:00:00.000Z,4,Lagos,116,8559.017
2025-11-07T04:00:00.000Z,5,Ho Chi Minh City,117,6171.678
2025-11-07T04:00:00.000Z,6,Chicago,117,6700.066
2025-11-07T04:00:00.000Z,7,Cairo,122,6708.200000000001
2025-11-07T04:00:00.000Z,8,Bengaluru,123,7260.732
2025-11-07T04:00:00.000Z,9,Toronto,123,7290.637000000001
2025-11-07T04:00:00.000Z,10,Shanghai,123,8951.267
2025-11-07T04:00:00.000Z,11,Helsinki,127,8694.885
2025-11-07T04:00:00.000Z,12,Bangkok,128,7727.855
2025-11-07T04:00:00.000Z,13,Houston,128,8135.53
2025-11-07T04:00:00.000Z,14,Hong Kong,130,7760.945
2025-11-07T04:00:00.000Z,15,Vancouver,131,7871.932
2025-11-07T04:00:00.000Z,16,Chennai,132,7685.611
2025-11-07T04:00:00.000Z,17,Sydney,133,7885.001
2025-11-07T04:00:00.000Z,18,Jakarta,134,7553.7029999999995
2025-11-07T04:00:00.000Z,19,Los Angeles,136,7347.47
2025-11-07T04:00:00.000Z,20,Riyadh,136,8974.131
2025-11-07T04:00:00.000Z,21,Rome,137,6402.304
2025-11-07T04:00:00.000Z,22,New York,139,7226.44
2025-11-07T04:00:00.000Z,23,Buenos Aires,139,7307.594
2025-11-07T04:00:00.000Z,24,Auckland,139,7794.66
2025-11-07T04:00:00.000Z,25,Tokyo,139,8461.435
2025-11-07T04:00:00.000Z,26,Manila,141,7707.487
2025-11-07T04:00:00.000Z,27,Tehran,141,8916.578
2025-11-07T04:00:00.000Z,28,Berlin,141,9041.576000000001
2025-11-07T04:00:00.000Z,29,San Francisco,142,7293.525
2025-11-07T04:00:00.000Z,30,Beijing,142,8960.315999999999
2025-11-07T04:00:00.000Z,31,Cape Town,144,7506.829
2025-11-07T04:00:00.000Z,32,Stockholm,144,7908.995
2025-11-07T04:00:00.000Z,33,Osaka,145,6817.436
2025-11-07T04:00:00.000Z,34,Mexico City,145,7516.285
2025-11-07T04:00:00.000Z,35,Singapore,147,9753.007
2025-11-07T04:00:00.000Z,36,São Paulo,153,8124.905
2025-11-07T04:00:00.000Z,37,Warsaw,154,7760.227
2025-11-07T04:00:00.000Z,38,Mumbai,155,8360.272
2025-11-07T04:00:00.000Z,39,Delhi,156,7170.633
2025-11-07T04:00:00.000Z,40,Paris,156,7641.374
2025-11-07T04:00:00.000Z,41,Zurich,156,8992.482
2025-11-07T04:00:00.000Z,42,Doha,157,7566.549
2025-11-07T04:00:00.000Z,43,Seoul,159,8064.588
2025-11-07T04:00:00.000Z,44,Kolkata,159,8318.552
2025-11-07T04:00:00.000Z,45,Moscow,159,8324.773
2025-11-07T04:00:00.000Z,46,Melbourne,164,8275.472
2025-11-07T04:00:00.000Z,47,Istanbul,166,7418.377
2025-11-07T04:00:00.000Z,48,Kuala Lumpur,167,8764.569
2025-11-07T04:00:00.000Z,49,Karachi,181,8058.041
2025-11-07T04:00:00.000Z,50,Dubai,189,7371.179
2025-11-07T05:00:00.000Z,1,Madrid,106,7131.110000000001
2025-11-07T05:00:00.000Z,2,London,110,7801.467000000001
2025-11-07T05:00:00.000Z,3,Chicago,117,7105.004
2025-11-07T05:00:00.000Z,4,Nairobi,117,7533.709
2025-11-07T05:00:00.000Z,5,Cairo,118,6243.1939999999995
2025-11-07T05:00:00.000Z,6,Toronto,123,7460.9169999999995
2025-11-07T05:00:00.000Z,7,Shanghai,123,8055.048000000001
2025-11-07T05:00:00.000Z,8,Manila,126,7890.0869999999995
2025-11-07T05:00:00.000Z,9,Helsinki,127,8667.321
2025-11-07T05:00:00.000Z,10,Cape Town,128,7426.713
2025-11-07T05:00:00.000Z,11,Bangkok,128,7719.845
2025-11-07T05:00:00.000Z,12,Houston,128,8509.749
2025-11-07T05:00:00.000Z,13,Kuala Lumpur,129,9039.58
2025-11-07T05:00:00.000Z,14,Hong Kong,130,7802.09
2025-11-07T05:00:00.000Z,15,Vancouver,131,7584.849
2025-11-07T05:00:00.000Z,16,Chennai,132,7344.787
2025-11-07T05:00:00.000Z,17,Bengaluru,133,7071.391
2025-11-07T05:00:00.000Z,18,Sydney,133,7388.878
2025-11-07T05:00:00.000Z,19,Jakarta,134,7385.598
2025-11-07T05:00:00.000Z,20,Ho Chi Minh City,136,6651.56
2025-11-07T05:00:00.000Z,21,Los Angeles,136,7939.09
2025-11-07T05:00:00.000Z,22,Riyadh,136,9068.426
2025-11-07T05:00:00.000Z,23,Rome,137,6433.398999999999
2025-11-07T05:00:00.000Z,24,New York,139,7435.285
2025-11-07T05:00:00.000Z,25,Buenos Aires,139,7443.7480000000005
2025-11-07T05:00:00.000Z,26,Auckland,139,7565.983
2025-11-07T05:00:00.000Z,27,Tokyo,139,8377.753
2025-11-07T05:00:00.000Z,28,Berlin,141,8312.827
2025-11-07T05:00:00.000Z,29,Tehran,141,8609.789999999999
2025-11-07T05:00:00.000Z,30,San Francisco,142,7479.475
2025-11-07T05:00:00.000Z,31,Beijing,142,9020.124
2025-11-07T05:00:00.000Z,32,Stockholm,144,7726.2970000000005
2025-11-07T05:00:00.000Z,33,Kolkata,144,8565.113
2025-11-07T05:00:00.000Z,34,Lagos,144,8875.483
2025-11-07T05:00:00.000Z,35,Osaka,145,7367.545
2025-11-07T05:00:00.000Z,36,Mexico City,145,7656.246
2025-11-07T05:00:00.000Z,37,Singapore,147,9549.936
2025-11-07T05:00:00.000Z,38,São Paulo,153,7857.749
2025-11-07T05:00:00.000Z,39,Warsaw,154,7430.93
2025-11-07T05:00:00.000Z,40,Mumbai,155,7745.853999999999
2025-11-07T05:00:00.000Z,41,Delhi,156,6633.18
2025-11-07T05:00:00.000Z,42,Paris,156,7683.28
2025-11-07T05:00:00.000Z,43,Zurich,156,8690.754
2025-11-07T05:00:00.000Z,44,Doha,157,7453.28
2025-11-07T05:00:00.000Z,45,Seoul,159,8239.006
2025-11-07T05:00:00.000Z,46,Moscow,159,8526.254
2025-11-07T05:00:00.000Z,47,Melbourne,164,8380.511
2025-11-07T05:00:00.000Z,48,Istanbul,166,7630.034
2025-11-07T05:00:00.000Z,49,Karachi,181,7944.557
2025-11-07T05:00:00.000Z,50,Dubai,189,7285.907999999999
2025-11-07T06:00:00.000Z,1,Madrid,106,7168.292
2025-11-07T06:00:00.000Z,2,Sydney,111,7182.715
2025-11-07T06:00:00.000Z,3,Nairobi,117,7845.397
2025-11-07T06:00:00.000Z,4,Chicago,117,7960.404
2025-11-07T06:00:00.000Z,5,Los Angeles,118,7422.279
2025-11-07T06:00:00.000Z,6,Cairo,119,6378.505999999999
2025-11-07T06:00:00.000Z,7,Toronto,123,7765.628000000001
2025-11-07T06:00:00.000Z,8,Shanghai,123,8546.66
2025-11-07T06:00:00.000Z,9,Manila,126,7587.51
2025-11-07T06:00:00.000Z,10,Delhi,127,6569.648999999999
2025-11-07T06:00:00.000Z,11,Helsinki,127,8588.162
2025-11-07T06:00:00.000Z,12,Cape Town,128,7215.157999999999
2025-11-07T06:00:00.000Z,13,Vancouver,128,7604.271
2025-11-07T06:00:00.000Z,14,Houston,128,8519.526
2025-11-07T06:00:00.000Z,15,Kuala Lumpur,129,9338.947
2025-11-07T06:00:00.000Z,16,Hong Kong,130,7664.003
2025-11-07T06:00:00.000Z,17,Chennai,132,7722.5380000000005
2025-11-07T06:00:00.000Z,18,Bengaluru,133,7355.629
2025-11-07T06:00:00.000Z,19,Bangkok,133,7504.112999999999
2025-11-07T06:00:00.000Z,20,Jakarta,134,7157.978
2025-11-07T06:00:00.000Z,21,Ho Chi Minh City,136,7264.157999999999
2025-11-07T06:00:00.000Z,22,Riyadh,136,8494.093
2025-11-07T06:00:00.000Z,23,Warsaw,137,7041.504
2025-11-07T06:00:00.000Z,24,Rome,137,7065.52
2025-11-07T06:00:00.000Z,25,Berlin,138,8179.836
2025-11-07T06:00:00.000Z,26,Auckland,139,6909.05
2025-11-07T06:00:00.000Z,27,Buenos Aires,139,7531.765
2025-11-07T06:00:00.000Z,28,Tokyo,139,7649.348
2025-11-07T06:00:00.000Z,29,Tehran,141,8915.922
2025-11-07T06:00:00.000Z,30,Beijing,142,9096.118
2025-11-07T06:00:00.000Z,31,Stockholm,144,8558.357
2025-11-07T06:00:00.000Z,32,Kolkata,144,8607.208
2025-11-07T06:00:00.000Z,33,Lagos,144,9592.114
2025-11-07T06:00:00.000Z,34,Osaka,145,7541.147
2025-11-07T06:00:00.000Z,35,Mexico City,145,8166.3369999999995
2025-11-07T06:00:00.000Z,36,Singapore,147,9559.948
2025-11-07T06:00:00.000Z,37,São Paulo,153,7323.839
2025-11-07T06:00:00.000Z,38,San Francisco,153,8024.764
2025-11-07T06:00:00.000Z,39,Mumbai,154,7507.383
2025-11-07T06:00:00.000Z,40,London,154,7780.272
2025-11-07T06:00:00.000Z,41,Paris,156,7932.891
2025-11-07T06:00:00.000Z,42,Zurich,156,8236.028
2025-11-07T06:00:00.000Z,43,Doha,157,7970.081
2025-11-07T06:00:00.000Z,44,Moscow,159,8317.818
2025-11-07T06:00:00.000Z,45,Seoul,159,8497.505000000001
2025-11-07T06:00:00.000Z,46,New York,160,7514.657
2025-11-07T06:00:00.000Z,47,Melbourne,164,9491.242
2025-11-07T06:00:00.000Z,48,Istanbul,166,7744.227000000001
2025-11-07T06:00:00.000Z,49,Karachi,181,8166.9169999999995
2025-11-07T06:00:00.000Z,50,Dubai,189,7573.991
2025-11-07T07:00:00.000Z,1,Madrid,114,7626.693
2025-11-07T07:00:00.000Z,2,Nairobi,117,8138.445
2025-11-07T07:00:00.000Z,3,Chicago,117,8371.166000000001
2025-11-07T07:00:00.000Z,4,Los Angeles,118,7382.639999999999
2025-11-07T07:00:00.000Z,5,Manila,118,7798.168
2025-11-07T07:00:00.000Z,6,Hong Kong,118,8197.018
2025-11-07T07:00:00.000Z,7,Cairo,119,6668.177
2025-11-07T07:00:00.000Z,8,Helsinki,120,8438.021
2025-11-07T07:00:00.000Z,9,Shanghai,123,8061.302000000001
2025-11-07T07:00:00.000Z,10,Delhi,127,7117.133
2025-11-07T07:00:00.000Z,11,Cape Town,128,6976.299
2025-11-07T07:00:00.000Z,12,Vancouver,128,7058.941
2025-11-07T07:00:00.000Z,13,Houston,128,8284.913
2025-11-07T07:00:00.000Z,14,Kuala Lumpur,129,8938.726
2025-11-07T07:00:00.000Z,15,Chennai,132,7399.823
2025-11-07T07:00:00.000Z,16,Bangkok,133,7544.189
2025-11-07T07:00:00.000Z,17,Bengaluru,133,7560.456
2025-11-07T07:00:00.000Z,18,Sydney,133,7605.21
2025-11-07T07:00:00.000Z,19,Warsaw,134,7552.285
2025-11-07T07:00:00.000Z,20,Ho Chi Minh City,136,6822.849
2025-11-07T07:00:00.000Z,21,Riyadh,136,8465.723
2025-11-07T07:00:00.000Z,22,Rome,137,7450.892
2025-11-07T07:00:00.000Z,23,Toronto,138,7970.956
2025-11-07T07:00:00.000Z,24,Berlin,138,8271.579
2025-11-07T07:00:00.000Z,25,Auckland,139,7095.053
2025-11-07T07:00:00.000Z,26,Tokyo,139,8196.462
2025-11-07T07:00:00.000Z,27,São Paulo,141,7729.377
2025-11-07T07:00:00.000Z,28,Tehran,141,9157.444
2025-11-07T07:00:00.000Z,29,Beijing,142,8869.735
2025-11-07T07:00:00.000Z,30,Kolkata,144,8096.876
2025-11-07T07:00:00.000Z,31,Stockholm,144,8831.635
2025-11-07T07:00:00.000Z,32,Lagos,144,9440.137999999999
2025-11-07T07:00:00.000Z,33,Osaka,145,7741.1939999999995
2025-11-07T07:00:00.000Z,34,Mexico City,145,8344.71
2025-11-07T07:00:00.000Z,35,Singapore,147,9052.786
2025-11-07T07:00:00.000Z,36,Buenos Aires,153,7203.966
2025-11-07T07:00:00.000Z,37,San Francisco,153,8484.876
2025-11-07T07:00:00.000Z,38,Mumbai,154,7328.612999999999
2025-11-07T07:00:00.000Z,39,London,154,7793.221
2025-11-07T07:00:00.000Z,40,Zurich,156,8046.638
2025-11-07T07:00:00.000Z,41,Paris,156,8176.651
2025-11-07T07:00:00.000Z,42,Doha,157,7584.199
2025-11-07T07:00:00.000Z,43,Moscow,159,8550.57
2025-11-07T07:00:00.000Z,44,Seoul,159,8554.159
2025-11-07T07:00:00.000Z,45,New York,160,7533.5869999999995
2025-11-07T07:00:00.000Z,46,Jakarta,163,6761.35
2025-11-07T07:00:00.000Z,47,Melbourne,164,8644.353
2025-11-07T07:00:00.000Z,48,Istanbul,166,7558.193
2025-11-07T07:00:00.000Z,49,Karachi,181,8484.219000000001
2025-11-07T07:00:00.000Z,50,Dubai,189,7378.724
2025-11-07T08:00:00.000Z,1,Madrid,114,7525.796
2025-11-07T08:00:00.000Z,2,Nairobi,117,8079.048000000001
2025-11-07T08:00:00.000Z,3,Hong Kong,118,7469.673
2025-11-07T08:00:00.000Z,4,Los Angeles,118,7513.368
2025-11-07T08:00:00.000Z,5,Manila,118,7667.29
2025-11-07T08:00:00.000Z,6,Cairo,119,7147.385
2025-11-07T08:00:00.000Z,7,Tokyo,121,7914.294
2025-11-07T08:00:00.000Z,8,Shanghai,123,8670.012999999999
2025-11-07T08:00:00.000Z,9,Delhi,127,7518.466
2025-11-07T08:00:00.000Z,10,Cape Town,128,6409.586
2025-11-07T08:00:00.000Z,11,Vancouver,128,7490.104
2025-11-07T08:00:00.000Z,12,Houston,128,8107.75
2025-11-07T08:00:00.000Z,13,Kuala Lumpur,129,8534.581
2025-11-07T08:00:00.000Z,14,Tehran,129,9188.844000000001
2025-11-07T08:00:00.000Z,15,Chennai,132,7692.74
2025-11-07T08:00:00.000Z,16,Bangkok,133,7398.5740000000005
2025-11-07T08:00:00.000Z,17,Sydney,133,7499.107
2025-11-07T08:00:00.000Z,18,Chicago,133,8342.667
2025-11-07T08:00:00.000Z,19,Warsaw,134,7409.884
2025-11-07T08:00:00.000Z,20,Ho Chi Minh City,136,6944.173
2025-11-07T08:00:00.000Z,21,Riyadh,136,7672.384
2025-11-07T08:00:00.000Z,22,Rome,137,7298.482
2025-11-07T08:00:00.000Z,23,Berlin,138,7900.159
2025-11-07T08:00:00.000Z,24,Toronto,138,8217.805
2025-11-07T08:00:00.000Z,25,Auckland,139,6700.1900000000005
2025-11-07T08:00:00.000Z,26,São Paulo,141,7207.115
2025-11-07T08:00:00.000Z,27,Beijing,142,8772.786
2025-11-07T08:00:00.000Z,28,Kolkata,144,8486.302
2025-11-07T08:00:00.000Z,29,Stockholm,144,8805.806
2025-11-07T08:00:00.000Z,30,Lagos,144,9568.932999999999
2025-11-07T08:00:00.000Z,31,Osaka,145,8043.8369999999995
2025-11-07T08:00:00.000Z,32,Mexico City,145,8436.968
2025-11-07T08:00:00.000Z,33,Bengaluru,147,7618.232
2025-11-07T08:00:00.000Z,34,Singapore,147,8756.046
2025-11-07T08:00:00.000Z,35,Seoul,151,8435.738
2025-11-07T08:00:00.000Z,36,Buenos Aires,153,6989.165
2025-11-07T08:00:00.000Z,37,San Francisco,153,8355.937
2025-11-07T08:00:00.000Z,38,Helsinki,153,8579.145
2025-11-07T08:00:00.000Z,39,London,154,8246.975
2025-11-07T08:00:00.000Z,40,Paris,156,7915.563
2025-11-07T08:00:00.000Z,41,Doha,157,7928.255
2025-11-07T08:00:00.000Z,42,Moscow,159,7838.012000000001
2025-11-07T08:00:00.000Z,43,New York,160,7749.437
2025-11-07T08:00:00.000Z,44,Zurich,161,7836.375
2025-11-07T08:00:00.000Z,45,Dubai,162,7392.7080000000005
2025-11-07T08:00:00.000Z,46,Jakarta,163,7009.401
2025-11-07T08:00:00.000Z,47,Melbourne,164,8190.84
2025-11-07T08:00:00.000Z,48,Istanbul,166,7774.832
2025-11-07T08:00:00.000Z,49,Mumbai,169,8124.355
2025-11-07T08:00:00.000Z,50,Karachi,181,8479.374
2025-11-07T09:00:00.000Z,1,Los Angeles,112,7670.734
2025-11-07T09:00:00.000Z,2,Hong Kong,116,7519.527
2025-11-07T09:00:00.000Z,3,Moscow,118,7417.507
2025-11-07T09:00:00.000Z,4,Manila,118,7589.142
2025-11-07T09:00:00.000Z,5,Mexico City,118,8034.492
2025-11-07T09:00:00.000Z,6,Cairo,119,7134.826
2025-11-07T09:00:00.000Z,7,Doha,120,8114.014
2025-11-07T09:00:00.000Z,8,Cape Town,122,7393.035
2025-11-07T09:00:00.000Z,9,Houston,122,7740.594
2025-11-07T09:00:00.000Z,10,Osaka,125,8517.529
2025-11-07T09:00:00.000Z,11,Delhi,127,8433.707
2025-11-07T09:00:00.000Z,12,Chennai,128,7449.787
2025-11-07T09:00:00.000Z,13,Vancouver,128,7690.399
2025-11-07T09:00:00.000Z,14,Kuala Lumpur,129,8312.927
2025-11-07T09:00:00.000Z,15,Tokyo,130,7794.7119999999995
2025-11-07T09:00:00.000Z,16,Shanghai,130,8291.59
2025-11-07T09:00:00.000Z,17,São Paulo,131,7236.908
2025-11-07T09:00:00.000Z,18,Beijing,132,8691.236
2025-11-07T09:00:00.000Z,19,Bangkok,133,7248.92
2025-11-07T09:00:00.000Z,20,Chicago,133,7942.058
2025-11-07T09:00:00.000Z,21,Sydney,133,8242.579
2025-11-07T09:00:00.000Z,22,Tehran,133,9092.030999999999
2025-11-07T09:00:00.000Z,23,Madrid,134,7632.533
2025-11-07T09:00:00.000Z,24,Warsaw,134,7889.088
2025-11-07T09:00:00.000Z,25,Rome,137,7691.597
2025-11-07T09:00:00.000Z,26,Berlin,138,7669.978999999999
2025-11-07T09:00:00.000Z,27,Toronto,138,7980.821
2025-11-07T09:00:00.000Z,28,Auckland,139,7251.473
2025-11-07T09:00:00.000Z,29,Riyadh,141,7819.56
2025-11-07T09:00:00.000Z,30,Kolkata,144,7520.611
2025-11-07T09:00:00.000Z,31,Nairobi,144,7794.9220000000005
2025-11-07T09:00:00.000Z,32,Stockholm,144,8829.11
2025-11-07T09:00:00.000Z,33,Lagos,144,9540.118999999999
2025-11-07T09:00:00.000Z,34,Bengaluru,147,8286.97
2025-11-07T09:00:00.000Z,35,Singapore,147,8666.098
2025-11-07T09:00:00.000Z,36,Ho Chi Minh City,148,7577.775
2025-11-07T09:00:00.000Z,37,Seoul,151,8551.512
2025-11-07T09:00:00.000Z,38,Buenos Aires,153,7580.365
2025-11-07T09:00:00.000Z,39,Helsinki,153,8310.967
2025-11-07T09:00:00.000Z,40,San Francisco,153,8599.635
2025-11-07T09:00:00.000Z,41,London,154,8340.032
2025-11-07T09:00:00.000Z,42,Paris,156,8441.951000000001
2025-11-07T09:00:00.000Z,43,New York,160,8561.134
2025-11-07T09:00:00.000Z,44,Zurich,161,7805.719
2025-11-07T09:00:00.000Z,45,Jakarta,163,7036.314
2025-11-07T09:00:00.000Z,46,Melbourne,164,8495.247
2025-11-07T09:00:00.000Z,47,Istanbul,166,7447.987
2025-11-07T09:00:00.000Z,48,Dubai,167,7363.685
2025-11-07T09:00:00.000Z,49,Mumbai,169,8120.2029999999995
2025-11-07T09:00:00.000Z,50,Karachi,181,8410.029
2025-11-07T10:00:00.000Z,1,Doha,102,7494.454
2025-11-07T10:00:00.000Z,2,Hong Kong,105,7879.371
2025-11-07T10:00:00.000Z,3,Moscow,118,7559.088
2025-11-07T10:00:00.000Z,4,Manila,118,7745.703
2025-11-07T10:00:00.000Z,5,Mexico City,118,7918.044
2025-11-07T10:00:00.000Z,6,Kuala Lumpur,120,8327.137999999999
2025-11-07T10:00:00.000Z,7,Cape Town,122,7366.860000000001
2025-11-07T10:00:00.000Z,8,Houston,122,7642.133
2025-11-07T10:00:00.000Z,9,Osaka,125,8240.747
2025-11-07T10:00:00.000Z,10,Delhi,127,9350.267
2025-11-07T10:00:00.000Z,11,Vancouver,128,7177.123
2025-11-07T10:00:00.000Z,12,Shanghai,130,8021.526
2025-11-07T10:00:00.000Z,13,Tokyo,130,8101.1
2025-11-07T10:00:00.000Z,14,São Paulo,131,8170.799
2025-11-07T10:00:00.000Z,15,Warsaw,132,7451.709
2025-11-07T10:00:00.000Z,16,Beijing,132,8234.165
2025-11-07T10:00:00.000Z,17,Chicago,133,8145.927
2025-11-07T10:00:00.000Z,18,Sydney,133,8382.421999999999
2025-11-07T10:00:00.000Z,19,Tehran,133,8561.08
2025-11-07T10:00:00.000Z,20,Madrid,134,8057.023999999999
2025-11-07T10:00:00.000Z,21,Bangkok,136,7043.812
2025-11-07T10:00:00.000Z,22,Rome,137,7668.959
2025-11-07T10:00:00.000Z,23,Berlin,138,7546.849
2025-11-07T10:00:00.000Z,24,Toronto,138,7794.247
2025-11-07T10:00:00.000Z,25,Auckland,139,7478.975
2025-11-07T10:00:00.000Z,26,Los Angeles,139,8027.057000000001
2025-11-07T10:00:00.000Z,27,Chennai,140,7263.332
2025-11-07T10:00:00.000Z,28,Riyadh,141,7767.496
2025-11-07T10:00:00.000Z,29,Nairobi,144,7355.252
2025-11-07T10:00:00.000Z,30,Kolkata,144,7398.393
2025-11-07T10:00:00.000Z,31,Stockholm,144,8650.962
2025-11-07T10:00:00.000Z,32,Lagos,144,9330.103
2025-11-07T10:00:00.000Z,33,Singapore,147,8472.972
2025-11-07T10:00:00.000Z,34,Ho Chi Minh City,148,8204.189
2025-11-07T10:00:00.000Z,35,Seoul,151,8480.125
2025-11-07T10:00:00.000Z,36,Helsinki,153,8094.153
2025-11-07T10:00:00.000Z,37,San Francisco,153,8711.262
2025-11-07T10:00:00.000Z,38,Bengaluru,154,8602.826000000001
2025-11-07T10:00:00.000Z,39,London,154,8788.346
2025-11-07T10:00:00.000Z,40,Paris,156,8969.304
2025-11-07T10:00:00.000Z,41,Buenos Aires,157,7283.124
2025-11-07T10:00:00.000Z,42,Karachi,159,8127.827
2025-11-07T10:00:00.000Z,43,New York,160,8831.53
2025-11-07T10:00:00.000Z,44,Zurich,161,6919.207
2025-11-07T10:00:00.000Z,45,Jakarta,163,7440.747
2025-11-07T10:00:00.000Z,46,Melbourne,164,7896.601000000001
2025-11-07T10:00:00.000Z,47,Istanbul,166,7174.151
2025-11-07T10:00:00.000Z,48,Dubai,167,7211.528
2025-11-07T10:00:00.000Z,49,Mumbai,169,8074.79
2025-11-07T10:00:00.000Z,50,Cairo,173,7318.916
2025-11-07T11:00:00.000Z,1,Hong Kong,105,7469.558
2025-11-07T11:00:00.000Z,2,Kuala Lumpur,111,8716.54
2025-11-07T11:00:00.000Z,3,Cape Town,116,8218.661
2025-11-07T11:00:00.000Z,4,Doha,118,7609.943
2025-11-07T11:00:00.000Z,5,Manila,118,7903.662
2025-11-07T11:00:00.000Z,6,Mexico City,118,8017.496
2025-11-07T11:00:00.000Z,7,Moscow,118,8099.974
2025-11-07T11:00:00.000Z,8,Auckland,120,7446.596
2025-11-07T11:00:00.000Z,9,Houston,124,7363.969999999999
2025-11-07T11:00:00.000Z,10,Warsaw,124,7747.66
2025-11-07T11:00:00.000Z,11,Delhi,127,9425.302
2025-11-07T11:00:00.000Z,12,Vancouver,128,7269.445
2025-11-07T11:00:00.000Z,13,Osaka,128,8365.16
2025-11-07T11:00:00.000Z,14,Stockholm,128,8910.172999999999
2025-11-07T11:00:00.000Z,15,Rome,130,7615.823
2025-11-07T11:00:00.000Z,16,Tokyo,130,7628.322
2025-11-07T11:00:00.000Z,17,Shanghai,130,8358.72
2025-11-07T11:00:00.000Z,18,São Paulo,131,7893.237999999999
2025-11-07T11:00:00.000Z,19,Beijing,132,7974.005
2025-11-07T11:00:00.000Z,20,Sydney,133,8010.120000000001
2025-11-07T11:00:00.000Z,21,Chicago,133,8376.375
2025-11-07T11:00:00.000Z,22,Tehran,133,8770.614
2025-11-07T11:00:00.000Z,23,Madrid,134,7920.498
2025-11-07T11:00:00.000Z,24,Bangkok,136,6723.802
2025-11-07T11:00:00.000Z,25,Berlin,138,7361.99
2025-11-07T11:00:00.000Z,26,Toronto,138,7644.312
2025-11-07T11:00:00.000Z,27,Los Angeles,139,7930.0869999999995
2025-11-07T11:00:00.000Z,28,Chennai,140,7702.3859999999995
2025-11-07T11:00:00.000Z,29,Riyadh,141,7612.778
2025-11-07T11:00:00.000Z,30,Nairobi,144,7120.084
2025-11-07T11:00:00.000Z,31,Kolkata,144,7490.24
2025-11-07T11:00:00.000Z,32,Lagos,144,8843.221
2025-11-07T11:00:00.000Z,33,Singapore,147,8099.753
2025-11-07T11:00:00.000Z,34,Ho Chi Minh City,148,8476.908
2025-11-07T11:00:00.000Z,35,Melbourne,150,8113.606
2025-11-07T11:00:00.000Z,36,Seoul,151,8077.949
2025-11-07T11:00:00.000Z,37,Helsinki,153,7290.032999999999
2025-11-07T11:00:00.000Z,38,San Francisco,153,8392.261
2025-11-07T11:00:00.000Z,39,London,154,8910.027
2025-11-07T11:00:00.000Z,40,Bengaluru,154,9085.904
2025-11-07T11:00:00.000Z,41,Paris,156,8193.111
2025-11-07T11:00:00.000Z,42,Buenos Aires,157,7774.298
2025-11-07T11:00:00.000Z,43,Karachi,159,8052.518
2025-11-07T11:00:00.000Z,44,New York,160,9133.817
2025-11-07T11:00:00.000Z,45,Zurich,161,6465.053
2025-11-07T11:00:00.000Z,46,Jakarta,163,7777.959
2025-11-07T11:00:00.000Z,47,Istanbul,166,7373.055
2025-11-07T11:00:00.000Z,48,Dubai,167,6988.378
2025-11-07T11:00:00.000Z,49,Mumbai,169,8233.111
2025-11-07T11:00:00.000Z,50,Cairo,173,7593.012
2025-11-07T12:00:00.000Z,1,Hong Kong,108,8095.646000000001
2025-11-07T12:00:00.000Z,2,Cape Town,109,8030.8240000000005
2025-11-07T12:00:00.000Z,3,Kuala Lumpur,111,8787.96
2025-11-07T12:00:00.000Z,4,Manila,118,7385.265
2025-11-07T12:00:00.000Z,5,Mexico City,118,8192.111
2025-11-07T12:00:00.000Z,6,Moscow,118,8283.294
2025-11-07T12:00:00.000Z,7,Auckland,120,7561.02
2025-11-07T12:00:00.000Z,8,Paris,120,8605.886
2025-11-07T12:00:00.000Z,9,São Paulo,121,8171.174
2025-11-07T12:00:00.000Z,10,Delhi,121,9384.054
2025-11-07T12:00:00.000Z,11,Houston,124,7060.077
2025-11-07T12:00:00.000Z,12,Warsaw,124,7793.978999999999
2025-11-07T12:00:00.000Z,13,Rome,124,7929.960999999999
2025-11-07T12:00:00.000Z,14,Vancouver,128,6934.9349999999995
2025-11-07T12:00:00.000Z,15,Osaka,128,8654.8
2025-11-07T12:00:00.000Z,16,Shanghai,130,7807.101000000001
2025-11-07T12:00:00.000Z,17,Beijing,132,8799.419
2025-11-07T12:00:00.000Z,18,Sydney,133,8212.71
2025-11-07T12:00:00.000Z,19,Tehran,133,8607.296
2025-11-07T12:00:00.000Z,20,Stockholm,133,8858.986
2025-11-07T12:00:00.000Z,21,Chicago,133,8988.063
2025-11-07T12:00:00.000Z,22,Bangkok,136,7188.865
2025-11-07T12:00:00.000Z,23,Berlin,138,7594.088
2025-11-07T12:00:00.000Z,24,Toronto,138,8136.1630000000005
2025-11-07T12:00:00.000Z,25,Los Angeles,139,8382.652
2025-11-07T12:00:00.000Z,26,Chennai,140,7216.175
2025-11-07T12:00:00.000Z,27,Riyadh,141,8011.975
2025-11-07T12:00:00.000Z,28,Nairobi,144,6932.079
2025-11-07T12:00:00.000Z,29,Kolkata,144,8130.493
2025-11-07T12:00:00.000Z,30,Ho Chi Minh City,148,8512.565
2025-11-07T12:00:00.000Z,31,Istanbul,151,6961.014
2025-11-07T12:00:00.000Z,32,Seoul,151,7874.667
2025-11-07T12:00:00.000Z,33,Melbourne,151,8176.967
2025-11-07T12:00:00.000Z,34,Lagos,151,8533.408
2025-11-07T12:00:00.000Z,35,Helsinki,153,7296.909
2025-11-07T12:00:00.000Z,36,San Francisco,153,7750.995
2025-11-07T12:00:00.000Z,37,Bengaluru,154,8492.237000000001
2025-11-07T12:00:00.000Z,38,London,154,9420.103
2025-11-07T12:00:00.000Z,39,Singapore,155,7785.52
2025-11-07T12:00:00.000Z,40,Buenos Aires,157,7469.308
2025-11-07T12:00:00.000Z,41,Doha,158,8385.752
2025-11-07T12:00:00.000Z,42,Karachi,159,8089.432000000001
2025-11-07T12:00:00.000Z,43,New York,160,8997.744999999999
2025-11-07T12:00:00.000Z,44,Zurich,161,5872.55
2025-11-07T12:00:00.000Z,45,Jakarta,163,7785.431
2025-11-07T12:00:00.000Z,46,Madrid,163,8045.086
2025-11-07T12:00:00.000Z,47,Dubai,167,6946.119
2025-11-07T12:00:00.000Z,48,Mumbai,169,8399.932
2025-11-07T12:00:00.000Z,49,Cairo,173,7851.613
2025-11-07T12:00:00.000Z,50,Tokyo,175,7031.137
2025-11-07T13:00:00.000Z,1,Cape Town,109,8069.728
2025-11-07T13:00:00.000Z,2,Kuala Lumpur,115,8300.436
2025-11-07T13:00:00.000Z,3,Vancouver,117,7433.553
2025-11-07T13:00:00.000Z,4,Manila,118,7183.268
2025-11-07T13:00:00.000Z,5,Mexico City,118,7949.601
2025-11-07T13:00:00.000Z,6,Auckland,120,8042.469
2025-11-07T13:00:00.000Z,7,São Paulo,121,8680.882
2025-11-07T13:00:00.000Z,8,Delhi,121,9479.706
2025-11-07T13:00:00.000Z,9,Houston,124,6931.142
2025-11-07T13:00:00.000Z,10,Warsaw,125,7539.552
2025-11-07T13:00:00.000Z,11,Osaka,128,8424.026
2025-11-07T13:00:00.000Z,12,Shanghai,130,7829.603
2025-11-07T13:00:00.000Z,13,Beijing,132,8904.269
2025-11-07T13:00:00.000Z,14,Sydney,133,8421.146
2025-11-07T13:00:00.000Z,15,Stockholm,133,8554.416000000001
2025-11-07T13:00:00.000Z,16,Tehran,133,8609.604
2025-11-07T13:00:00.000Z,17,Chicago,133,8676.376
2025-11-07T13:00:00.000Z,18,Berlin,134,7800.967000000001
2025-11-07T13:00:00.000Z,19,Bangkok,136,7299.86
2025-11-07T13:00:00.000Z,20,Kolkata,136,8109.723
2025-11-07T13:00:00.000Z,21,Hong Kong,137,7788.952
2025-11-07T13:00:00.000Z,22,Toronto,138,8226.366
2025-11-07T13:00:00.000Z,23,Los Angeles,139,7926.888
2025-11-07T13:00:00.000Z,24,Chennai,140,7523.118
2025-11-07T13:00:00.000Z,25,Riyadh,141,7675.5830000000005
2025-11-07T13:00:00.000Z,26,Nairobi,144,7024.3060000000005
2025-11-07T13:00:00.000Z,27,Moscow,148,8132.129
2025-11-07T13:00:00.000Z,28,Ho Chi Minh City,148,8534.436
2025-11-07T13:00:00.000Z,29,Istanbul,151,6549.705
2025-11-07T13:00:00.000Z,30,Seoul,151,7845.577
2025-11-07T13:00:00.000Z,31,Lagos,151,8322.748
2025-11-07T13:00:00.000Z,32,Melbourne,151,8491.993
2025-11-07T13:00:00.000Z,33,Helsinki,153,7278.532999999999
2025-11-07T13:00:00.000Z,34,San Francisco,153,8349.42
2025-11-07T13:00:00.000Z,35,Bengaluru,154,8879.297999999999
2025-11-07T13:00:00.000Z,36,London,154,9233.414999999999
2025-11-07T13:00:00.000Z,37,Singapore,155,7894.947
2025-11-07T13:00:00.000Z,38,Buenos Aires,157,7713.983
2025-11-07T13:00:00.000Z,39,Doha,158,7813.985
2025-11-07T13:00:00.000Z,40,Karachi,159,8447.582
2025-11-07T13:00:00.000Z,41,New York,160,8803.346
2025-11-07T13:00:00.000Z,42,Zurich,161,5780.201999999999
2025-11-07T13:00:00.000Z,43,Jakarta,163,8056.71
2025-11-07T13:00:00.000Z,44,Madrid,163,8212.852
2025-11-07T13:00:00.000Z,45,Dubai,167,6820.37
2025-11-07T13:00:00.000Z,46,Mumbai,169,8605.611
2025-11-07T13:00:00.000Z,47,Cairo,173,8301.591
2025-11-07T13:00:00.000Z,48,Tokyo,175,6702.34
2025-11-07T13:00:00.000Z,49,Rome,178,8280.325
2025-11-07T13:00:00.000Z,50,Paris,187,8732.035
2025-11-07T14:00:00.000Z,1,Cape Town,109,7996.136
2025-11-07T14:00:00.000Z,2,Manila,115,7066.028
2025-11-07T14:00:00.000Z,3,Kuala Lumpur,115,8133.216
2025-11-07T14:00:00.000Z,4,Vancouver,117,7557.3369999999995
2025-11-07T14:00:00.000Z,5,Auckland,120,8056.815
2025-11-07T14:00:00.000Z,6,São Paulo,121,8785.014
2025-11-07T14:00:00.000Z,7,Houston,124,7006.264999999999
2025-11-07T14:00:00.000Z,8,Warsaw,125,7699.991
2025-11-07T14:00:00.000Z,9,Osaka,128,7972.732
2025-11-07T14:00:00.000Z,10,Shanghai,130,7714.860000000001
2025-11-07T14:00:00.000Z,11,Beijing,132,9026.347
2025-11-07T14:00:00.000Z,12,Stockholm,133,7837.898
2025-11-07T14:00:00.000Z,13,San Francisco,133,8077.867
2025-11-07T14:00:00.000Z,14,Tehran,133,8462.158
2025-11-07T14:00:00.000Z,15,Sydney,133,8910.833
2025-11-07T14:00:00.000Z,16,Berlin,134,7758.003
2025-11-07T14:00:00.000Z,17,Seoul,134,8009.205
2025-11-07T14:00:00.000Z,18,London,135,8768.858
2025-11-07T14:00:00.000Z,19,Kolkata,136,8107.296
2025-11-07T14:00:00.000Z,20,Hong Kong,137,7540.871999999999
2025-11-07T14:00:00.000Z,21,New York,137,8956.49
2025-11-07T14:00:00.000Z,22,Toronto,138,7945.924
2025-11-07T14:00:00.000Z,23,Los Angeles,139,8098.385
2025-11-07T14:00:00.000Z,24,Chennai,140,7008.0560000000005
2025-11-07T14:00:00.000Z,25,Riyadh,141,7859.162
2025-11-07T14:00:00.000Z,26,Delhi,141,9581.336
2025-11-07T14:00:00.000Z,27,Nairobi,144,7848.222
2025-11-07T14:00:00.000Z,28,Mexico City,148,7521.057
2025-11-07T14:00:00.000Z,29,Ho Chi Minh City,148,8124.174
2025-11-07T14:00:00.000Z,30,Moscow,148,8443.112000000001
2025-11-07T14:00:00.000Z,31,Istanbul,151,6496.812
2025-11-07T14:00:00.000Z,32,Lagos,151,7422.93
2025-11-07T14:00:00.000Z,33,Melbourne,151,7719.874
2025-11-07T14:00:00.000Z,34,Helsinki,153,7337.499
2025-11-07T14:00:00.000Z,35,Chicago,154,8069.657
2025-11-07T14:00:00.000Z,36,Bengaluru,154,9062.361
2025-11-07T14:00:00.000Z,37,Singapore,155,7245.1939999999995
2025-11-07T14:00:00.000Z,38,Bangkok,156,7718.242
2025-11-07T14:00:00.000Z,39,Buenos Aires,157,7773.349
2025-11-07T14:00:00.000Z,40,Doha,158,7836.824
2025-11-07T14:00:00.000Z,41,Karachi,159,7719.5830000000005
2025-11-07T14:00:00.000Z,42,Zurich,161,6581.075000000001
2025-11-07T14:00:00.000Z,43,Madrid,163,8013.308
2025-11-07T14:00:00.000Z,44,Jakarta,163,8303.373
2025-11-07T14:00:00.000Z,45,Dubai,167,7234.133
2025-11-07T14:00:00.000Z,46,Mumbai,169,8649.01
2025-11-07T14:00:00.000Z,47,Cairo,173,8871.813
2025-11-07T14:00:00.000Z,48,Tokyo,175,7244.575
2025-11-07T14:00:00.000Z,49,Rome,178,8051.174
2025-11-07T14:00:00.000Z,50,Paris,187,8893.149
2025-11-07T15:00:00.000Z,1,Cape Town,109,8024.856
2025-11-07T15:00:00.000Z,2,Manila,115,6921.779
2025-11-07T15:00:00.000Z,3,Kuala Lumpur,115,8247.955
2025-11-07T15:00:00.000Z,4,New York,118,9259.975
2025-11-07T15:00:00.000Z,5,Toronto,121,7488.8369999999995
2025-11-07T15:00:00.000Z,6,São Paulo,121,8135.186
2025-11-07T15:00:00.000Z,7,Houston,124,6840.706
2025-11-07T15:00:00.000Z,8,Osaka,128,7970.072
2025-11-07T15:00:00.000Z,9,Shanghai,130,8215.535
2025-11-07T15:00:00.000Z,10,Sydney,132,7950.9580000000005
2025-11-07T15:00:00.000Z,11,Beijing,132,9274.669
2025-11-07T15:00:00.000Z,12,Stockholm,133,7463.805
2025-11-07T15:00:00.000Z,13,Tehran,133,8068.169
2025-11-07T15:00:00.000Z,14,Berlin,134,7885.4439999999995
2025-11-07T15:00:00.000Z,15,Seoul,134,7964.934
2025-11-07T15:00:00.000Z,16,Kolkata,136,7606.173
2025-11-07T15:00:00.000Z,17,San Francisco,136,8009.629
2025-11-07T15:00:00.000Z,18,Hong Kong,137,7404.252
2025-11-07T15:00:00.000Z,19,Los Angeles,139,8043.013
2025-11-07T15:00:00.000Z,20,Jakarta,140,8570.0
2025-11-07T15:00:00.000Z,21,Riyadh,141,7897.803
2025-11-07T15:00:00.000Z,22,Delhi,141,8896.649
2025-11-07T15:00:00.000Z,23,Nairobi,144,7562.567
2025-11-07T15:00:00.000Z,24,Mexico City,148,6966.169
2025-11-07T15:00:00.000Z,25,Vancouver,148,7817.953
2025-11-07T15:00:00.000Z,26,Ho Chi Minh City,148,8387.765
2025-11-07T15:00:00.000Z,27,Moscow,148,8572.76
2025-11-07T15:00:00.000Z,28,Lagos,151,6990.527
2025-11-07T15:00:00.000Z,29,Karachi,151,7020.939
2025-11-07T15:00:00.000Z,30,Istanbul,151,7337.523
2025-11-07T15:00:00.000Z,31,Melbourne,151,8527.112
2025-11-07T15:00:00.000Z,32,Helsinki,153,7431.503
2025-11-07T15:00:00.000Z,33,Chicago,154,7658.12
2025-11-07T15:00:00.000Z,34,Bengaluru,154,8959.637
2025-11-07T15:00:00.000Z,35,Singapore,155,7835.521000000001
2025-11-07T15:00:00.000Z,36,Bangkok,156,7420.198
2025-11-07T15:00:00.000Z,37,Buenos Aires,157,8196.974
2025-11-07T15:00:00.000Z,38,Doha,158,7349.983
2025-11-07T15:00:00.000Z,39,Zurich,161,6503.908
2025-11-07T15:00:00.000Z,40,Madrid,163,7509.478
2025-11-07T15:00:00.000Z,41,Chennai,165,6982.192
2025-11-07T15:00:00.000Z,42,London,166,8579.984
2025-11-07T15:00:00.000Z,43,Dubai,167,7981.353999999999
2025-11-07T15:00:00.000Z,44,Mumbai,169,8680.404
2025-11-07T15:00:00.000Z,45,Auckland,173,7713.555
2025-11-07T15:00:00.000Z,46,Cairo,173,9144.438
2025-11-07T15:00:00.000Z,47,Tokyo,175,6936.078
2025-11-07T15:00:00.000Z,48,Rome,178,7913.705
2025-11-07T15:00:00.000Z,49,Warsaw,183,7410.952
2025-11-07T15:00:00.000Z,50,Paris,187,8944.190999999999
2025-11-07T16:00:00.000Z,1,Mumbai,111,8596.542
2025-11-07T16:00:00.000Z,2,Toronto,112,7461.2919999999995
2025-11-07T16:00:00.000Z,3,Kuala Lumpur,115,8258.166
2025-11-07T16:00:00.000Z,4,Manila,116,7449.211
2025-11-07T16:00:00.000Z,5,New York,118,9046.759
2025-11-07T16:00:00.000Z,6,Houston,124,6959.135
2025-11-07T16:00:00.000Z,7,Osaka,128,7917.248
2025-11-07T16:00:00.000Z,8,Shanghai,130,7287.867
2025-11-07T16:00:00.000Z,9,Sydney,132,8127.625
2025-11-07T16:00:00.000Z,10,Beijing,132,9688.592
2025-11-07T16:00:00.000Z,11,Stockholm,133,7913.031
2025-11-07T16:00:00.000Z,12,Tehran,133,8358.431
2025-11-07T16:00:00.000Z,13,Seoul,134,7616.9310000000005
2025-11-07T16:00:00.000Z,14,Berlin,134,8175.157
2025-11-07T16:00:00.000Z,15,Cape Town,134,8792.353
2025-11-07T16:00:00.000Z,16,Kolkata,136,7419.34
2025-11-07T16:00:00.000Z,17,San Francisco,136,8303.578
2025-11-07T16:00:00.000Z,18,Hong Kong,137,7849.526
2025-11-07T16:00:00.000Z,19,Jakarta,140,8069.156
2025-11-07T16:00:00.000Z,20,Helsinki,141,7269.879
2025-11-07T16:00:00.000Z,21,Riyadh,141,8138.356
2025-11-07T16:00:00.000Z,22,Delhi,141,8789.335
2025-11-07T16:00:00.000Z,23,Nairobi,144,7755.982
2025-11-07T16:00:00.000Z,24,Mexico City,148,7405.349
2025-11-07T16:00:00.000Z,25,Ho Chi Minh City,148,8220.967
2025-11-07T16:00:00.000Z,26,Moscow,148,8574.973
2025-11-07T16:00:00.000Z,27,Los Angeles,149,8195.059
2025-11-07T16:00:00.000Z,28,Zurich,150,6430.105
2025-11-07T16:00:00.000Z,29,Lagos,151,6838.738
2025-11-07T16:00:00.000Z,30,Istanbul,151,7279.974
2025-11-07T16:00:00.000Z,31,Karachi,151,7463.988
2025-11-07T16:00:00.000Z,32,Melbourne,151,8988.966
2025-11-07T16:00:00.000Z,33,Chicago,154,7699.361
2025-11-07T16:00:00.000Z,34,Bengaluru,154,8637.85
2025-11-07T16:00:00.000Z,35,Singapore,155,8169.677
2025-11-07T16:00:00.000Z,36,Bangkok,156,7617.987999999999
2025-11-07T16:00:00.000Z,37,Buenos Aires,157,8584.564
2025-11-07T16:00:00.000Z,38,Doha,158,7766.1539999999995
2025-11-07T16:00:00.000Z,39,Madrid,163,7343.285
2025-11-07T16:00:00.000Z,40,Chennai,165,7158.777
2025-11-07T16:00:00.000Z,41,Vancouver,165,7824.994000000001
2025-11-07T16:00:00.000Z,42,London,166,8588.088
2025-11-07T16:00:00.000Z,43,Dubai,167,7261.706
2025-11-07T16:00:00.000Z,44,São Paulo,169,8562.067000000001
2025-11-07T16:00:00.000Z,45,Auckland,173,8149.048000000001
2025-11-07T16:00:00.000Z,46,Cairo,173,8541.0
2025-11-07T16:00:00.000Z,47,Tokyo,175,6938.21
2025-11-07T16:00:00.000Z,48,Rome,178,8084.24
2025-11-07T16:00:00.000Z,49,Warsaw,183,7083.4400000000005
2025-11-07T16:00:00.000Z,50,Paris,187,8960.492
2025-11-07T17:00:00.000Z,1,New York,118,8951.487000000001
2025-11-07T17:00:00.000Z,2,Riyadh,120,7798.673
2025-11-07T17:00:00.000Z,3,Nairobi,122,7847.005
2025-11-07T17:00:00.000Z,4,Berlin,122,8067.673
2025-11-07T17:00:00.000Z,5,Houston,124,7332.41
2025-11-07T17:00:00.000Z,6,Seoul,124,7448.496
2025-11-07T17:00:00.000Z,7,Kuala Lumpur,124,8096.4259999999995
2025-11-07T17:00:00.000Z,8,Shanghai,126,7299.089
2025-11-07T17:00:00.000Z,9,Osaka,128,7847.402
2025-11-07T17:00:00.000Z,10,Sydney,132,7791.039
2025-11-07T17:00:00.000Z,11,Beijing,132,9653.446
2025-11-07T17:00:00.000Z,12,Kolkata,136,7801.664
2025-11-07T17:00:00.000Z,13,San Francisco,136,8486.578
2025-11-07T17:00:00.000Z,14,Hong Kong,137,7403.84
2025-11-07T17:00:00.000Z,15,Dubai,137,7680.184
2025-11-07T17:00:00.000Z,16,Stockholm,137,7836.951
2025-11-07T17:00:00.000Z,17,Tehran,137,8392.766
2025-11-07T17:00:00.000Z,18,Jakarta,140,8094.611
2025-11-07T17:00:00.000Z,19,Helsinki,141,7246.276
2025-11-07T17:00:00.000Z,20,Delhi,141,7785.946
2025-11-07T17:00:00.000Z,21,Ho Chi Minh City,147,7896.409
2025-11-07T17:00:00.000Z,22,Mexico City,148,7487.498
2025-11-07T17:00:00.000Z,23,Toronto,149,7623.0
2025-11-07T17:00:00.000Z,24,Los Angeles,149,8247.371
2025-11-07T17:00:00.000Z,25,Zurich,150,6178.393
2025-11-07T17:00:00.000Z,26,Lagos,151,7116.843
2025-11-07T17:00:00.000Z,27,Karachi,151,7449.058
2025-11-07T17:00:00.000Z,28,Istanbul,151,7569.5779999999995
2025-11-07T17:00:00.000Z,29,Melbourne,151,8426.458
2025-11-07T17:00:00.000Z,30,Bengaluru,154,8109.753
2025-11-07T17:00:00.000Z,31,Chicago,154,8347.597
2025-11-07T17:00:00.000Z,32,Singapore,155,8329.565
2025-11-07T17:00:00.000Z,33,Mumbai,155,8346.904
2025-11-07T17:00:00.000Z,34,Bangkok,156,8019.221
2025-11-07T17:00:00.000Z,35,Moscow,156,8715.303
2025-11-07T17:00:00.000Z,36,Buenos Aires,157,8694.234
2025-11-07T17:00:00.000Z,37,Doha,158,7696.252
2025-11-07T17:00:00.000Z,38,Madrid,163,7056.148999999999
2025-11-07T17:00:00.000Z,39,Cape Town,164,8377.83
2025-11-07T17:00:00.000Z,40,Chennai,165,6802.273
2025-11-07T17:00:00.000Z,41,Vancouver,165,7656.6630000000005
2025-11-07T17:00:00.000Z,42,London,166,8110.0830000000005
2025-11-07T17:00:00.000Z,43,Manila,169,7564.308999999999
2025-11-07T17:00:00.000Z,44,São Paulo,169,8387.976
2025-11-07T17:00:00.000Z,45,Auckland,173,8102.491
2025-11-07T17:00:00.000Z,46,Cairo,173,8629.423
2025-11-07T17:00:00.000Z,47,Tokyo,175,7019.716
2025-11-07T17:00:00.000Z,48,Rome,178,7889.053
2025-11-07T17:00:00.000Z,49,Warsaw,183,6699.6720000000005
2025-11-07T17:00:00.000Z,50,Paris,187,9106.448
2025-11-07T18:00:00.000Z,1,Bengaluru,115,8205.665
2025-11-07T18:00:00.000Z,2,New York,118,8493.519
2025-11-07T18:00:00.000Z,3,Riyadh,120,7574.6359999999995
2025-11-07T18:00:00.000Z,4,Dubai,122,7836.359
2025-11-07T18:00:00.000Z,5,Seoul,124,7619.4400000000005
2025-11-07T18:00:00.000Z,6,Kuala Lumpur,124,7680.21
2025-11-07T18:00:00.000Z,7,Shanghai,126,7488.045
2025-11-07T18:00:00.000Z,8,Osaka,128,7952.48
2025-11-07T18:00:00.000Z,9,Berlin,131,8446.746
2025-11-07T18:00:00.000Z,10,Sydney,132,8040.049
2025-11-07T18:00:00.000Z,11,Beijing,132,9826.039
2025-11-07T18:00:00.000Z,12,Houston,135,7298.522
2025-11-07T18:00:00.000Z,13,Buenos Aires,135,8722.878
2025-11-07T18:00:00.000Z,14,Kolkata,136,7552.409
2025-11-07T18:00:00.000Z,15,San Francisco,136,7778.112
2025-11-07T18:00:00.000Z,16,Hong Kong,137,7057.101000000001
2025-11-07T18:00:00.000Z,17,Tehran,137,8521.542
2025-11-07T18:00:00.000Z,18,Jakarta,140,8141.66
2025-11-07T18:00:00.000Z,19,Helsinki,141,7224.984
2025-11-07T18:00:00.000Z,20,Delhi,141,7229.51
2025-11-07T18:00:00.000Z,21,Istanbul,143,7541.258
2025-11-07T18:00:00.000Z,22,Ho Chi Minh City,147,7545.497
2025-11-07T18:00:00.000Z,23,Mexico City,148,7730.866
2025-11-07T18:00:00.000Z,24,Toronto,149,7798.704
2025-11-07T18:00:00.000Z,25,Cairo,149,8185.575000000001
2025-11-07T18:00:00.000Z,26,Los Angeles,149,8479.852
2025-11-07T18:00:00.000Z,27,Zurich,150,6795.34
2025-11-07T18:00:00.000Z,28,Lagos,151,7338.366
2025-11-07T18:00:00.000Z,29,Karachi,151,7842.834
2025-11-07T18:00:00.000Z,30,Melbourne,151,9328.423
2025-11-07T18:00:00.000Z,31,Chicago,154,8425.128
2025-11-07T18:00:00.000Z,32,Mumbai,155,8466.768
2025-11-07T18:00:00.000Z,33,Singapore,155,8479.065
2025-11-07T18:00:00.000Z,34,Bangkok,156,8606.153
2025-11-07T18:00:00.000Z,35,Moscow,156,8808.57
2025-11-07T18:00:00.000Z,36,Nairobi,157,8073.2880000000005
2025-11-07T18:00:00.000Z,37,Doha,158,7828.117
2025-11-07T18:00:00.000Z,38,Madrid,163,6547.610000000001
2025-11-07T18:00:00.000Z,39,Cape Town,164,8558.332
2025-11-07T18:00:00.000Z,40,Chennai,165,7414.373
2025-11-07T18:00:00.000Z,41,Stockholm,165,7683.157999999999
2025-11-07T18:00:00.000Z,42,Vancouver,165,7959.187
2025-11-07T18:00:00.000Z,43,London,166,7618.152
2025-11-07T18:00:00.000Z,44,Manila,169,7627.504999999999
2025-11-07T18:00:00.000Z,45,São Paulo,169,8339.568
2025-11-07T18:00:00.000Z,46,Auckland,173,7665.291
2025-11-07T18:00:00.000Z,47,Tokyo,175,6956.6849999999995
2025-11-07T18:00:00.000Z,48,Rome,178,7661.681
2025-11-07T18:00:00.000Z,49,Warsaw,183,7341.246999999999
2025-11-07T18:00:00.000Z,50,Paris,187,8777.168
2025-11-07T19:00:00.000Z,1,Bengaluru,115,7807.887000000001
2025-11-07T19:00:00.000Z,2,Beijing,115,10071.937
2025-11-07T19:00:00.000Z,3,New York,118,8164.927
2025-11-07T19:00:00.000Z,4,Riyadh,120,7634.464
2025-11-07T19:00:00.000Z,5,Dubai,122,7644.405
2025-11-07T19:00:00.000Z,6,Kuala Lumpur,124,7592.522
2025-11-07T19:00:00.000Z,7,Shanghai,126,6901.482
2025-11-07T19:00:00.000Z,8,Kolkata,128,7874.035
2025-11-07T19:00:00.000Z,9,Berlin,131,7940.209
2025-11-07T19:00:00.000Z,10,Sydney,132,7675.1720000000005
2025-11-07T19:00:00.000Z,11,Houston,135,7496.757
2025-11-07T19:00:00.000Z,12,Buenos Aires,135,8539.948
2025-11-07T19:00:00.000Z,13,San Francisco,136,7312.52
2025-11-07T19:00:00.000Z,14,Tehran,137,8107.682
2025-11-07T19:00:00.000Z,15,Jakarta,140,8433.643
2025-11-07T19:00:00.000Z,16,Delhi,141,7466.591
2025-11-07T19:00:00.000Z,17,Helsinki,141,7945.48
2025-11-07T19:00:00.000Z,18,Seoul,142,7557.706
2025-11-07T19:00:00.000Z,19,Ho Chi Minh City,147,7505.0560000000005
2025-11-07T19:00:00.000Z,20,Mexico City,148,7419.099
2025-11-07T19:00:00.000Z,21,Toronto,149,7838.852
2025-11-07T19:00:00.000Z,22,Los Angeles,149,8116.769
2025-11-07T19:00:00.000Z,23,Cairo,149,8127.813
2025-11-07T19:00:00.000Z,24,Zurich,150,7705.215
2025-11-07T19:00:00.000Z,25,Karachi,151,7756.1810000000005
2025-11-07T19:00:00.000Z,26,Melbourne,151,9306.969000000001
2025-11-07T19:00:00.000Z,27,Hong Kong,152,6802.2
2025-11-07T19:00:00.000Z,28,Chicago,154,7923.424
2025-11-07T19:00:00.000Z,29,Mumbai,155,8591.434000000001
2025-11-07T19:00:00.000Z,30,Singapore,155,8805.366
2025-11-07T19:00:00.000Z,31,Bangkok,156,8759.655999999999
2025-11-07T19:00:00.000Z,32,Moscow,156,9094.147
2025-11-07T19:00:00.000Z,33,Istanbul,157,7559.674
2025-11-07T19:00:00.000Z,34,Nairobi,157,8302.214
2025-11-07T19:00:00.000Z,35,Madrid,163,6886.442
2025-11-07T19:00:00.000Z,36,Cape Town,164,7764.376
2025-11-07T19:00:00.000Z,37,Chennai,165,7033.192
2025-11-07T19:00:00.000Z,38,Stockholm,165,7708.344
2025-11-07T19:00:00.000Z,39,Vancouver,165,7761.926
2025-11-07T19:00:00.000Z,40,London,166,6955.936
2025-11-07T19:00:00.000Z,41,Manila,169,7356.036
2025-11-07T19:00:00.000Z,42,São Paulo,169,7745.169
2025-11-07T19:00:00.000Z,43,Lagos,171,7360.548
2025-11-07T19:00:00.000Z,44,Auckland,173,7709.747
2025-11-07T19:00:00.000Z,45,Osaka,173,7923.731
2025-11-07T19:00:00.000Z,46,Tokyo,175,6872.532
2025-11-07T19:00:00.000Z,47,Rome,178,7965.130999999999
2025-11-07T19:00:00.000Z,48,Warsaw,183,7574.249
2025-11-07T19:00:00.000Z,49,Doha,183,8171.29
2025-11-07T19:00:00.000Z,50,Paris,187,9548.873
2025-11-07T20:00:00.000Z,1,Dubai,110,7582.9580000000005
2025-11-07T20:00:00.000Z,2,Beijing,115,9490.725
2025-11-07T20:00:00.000Z,3,Kolkata,117,7894.398
2025-11-07T20:00:00.000Z,4,Helsinki,120,7813.224
2025-11-07T20:00:00.000Z,5,Kuala Lumpur,124,7763.831
2025-11-07T20:00:00.000Z,6,Shanghai,126,6925.599
2025-11-07T20:00:00.000Z,7,Melbourne,126,9505.129
2025-11-07T20:00:00.000Z,8,Sydney,129,6568.636
2025-11-07T20:00:00.000Z,9,Bengaluru,130,8386.461
2025-11-07T20:00:00.000Z,10,Riyadh,134,7773.713
2025-11-07T20:00:00.000Z,11,Houston,135,7647.114
2025-11-07T20:00:00.000Z,12,Buenos Aires,135,8614.471
2025-11-07T20:00:00.000Z,13,San Francisco,136,7857.091
2025-11-07T20:00:00.000Z,14,Tehran,137,7828.346
2025-11-07T20:00:00.000Z,15,Berlin,140,7760.331
2025-11-07T20:00:00.000Z,16,Jakarta,140,8455.667
2025-11-07T20:00:00.000Z,17,Delhi,141,6925.09
2025-11-07T20:00:00.000Z,18,Seoul,142,8058.509
2025-11-07T20:00:00.000Z,19,Madrid,143,6635.514
2025-11-07T20:00:00.000Z,20,Ho Chi Minh City,147,7384.815
2025-11-07T20:00:00.000Z,21,Mexico City,148,7843.868
2025-11-07T20:00:00.000Z,22,Toronto,149,7951.842
2025-11-07T20:00:00.000Z,23,Los Angeles,149,8212.317
2025-11-07T20:00:00.000Z,24,Cairo,149,9032.669
2025-11-07T20:00:00.000Z,25,Zurich,150,7577.389
2025-11-07T20:00:00.000Z,26,Hong Kong,152,6709.568
2025-11-07T20:00:00.000Z,27,Chicago,154,7789.853999999999
2025-11-07T20:00:00.000Z,28,Mumbai,155,7745.214
2025-11-07T20:00:00.000Z,29,Singapore,155,9159.212
2025-11-07T20:00:00.000Z,30,Bangkok,156,8609.885
2025-11-07T20:00:00.000Z,31,Moscow,156,8826.272
2025-11-07T20:00:00.000Z,32,Nairobi,157,8125.39
2025-11-07T20:00:00.000Z,33,Istanbul,157,8289.743
2025-11-07T20:00:00.000Z,34,Tokyo,160,7107.813
2025-11-07T20:00:00.000Z,35,Karachi,164,7622.665
2025-11-07T20:00:00.000Z,36,Cape Town,164,7842.111
2025-11-07T20:00:00.000Z,37,Stockholm,165,7717.266
2025-11-07T20:00:00.000Z,38,Chennai,165,7729.357
2025-11-07T20:00:00.000Z,39,Vancouver,165,7901.834
2025-11-07T20:00:00.000Z,40,London,166,6447.822
2025-11-07T20:00:00.000Z,41,New York,167,8107.082
2025-11-07T20:00:00.000Z,42,Manila,169,7386.008
2025-11-07T20:00:00.000Z,43,São Paulo,169,7879.7080000000005
2025-11-07T20:00:00.000Z,44,Lagos,171,7634.224
2025-11-07T20:00:00.000Z,45,Auckland,173,7821.741
2025-11-07T20:00:00.000Z,46,Osaka,173,8167.665
2025-11-07T20:00:00.000Z,47,Rome,178,8153.832
2025-11-07T20:00:00.000Z,48,Warsaw,183,7817.11
2025-11-07T20:00:00.000Z,49,Doha,183,7832.584000000001
2025-11-07T20:00:00.000Z,50,Paris,187,9789.318
2025-11-07T21:00:00.000Z,1,Dubai,110,7900.082
2025-11-07T21:00:00.000Z,2,Beijing,115,9239.844000000001
2025-11-07T21:00:00.000Z,3,Helsinki,120,7330.854
2025-11-07T21:00:00.000Z,4,Rome,120,7765.62
2025-11-07T21:00:00.000Z,5,Kuala Lumpur,124,8392.321
2025-11-07T21:00:00.000Z,6,Shanghai,126,7053.158
2025-11-07T21:00:00.000Z,7,Kolkata,127,7903.268
2025-11-07T21:00:00.000Z,8,Sydney,129,6452.662
2025-11-07T21:00:00.000Z,9,Bengaluru,130,8031.371
2025-11-07T21:00:00.000Z,10,Riyadh,134,7714.918
2025-11-07T21:00:00.000Z,11,Buenos Aires,135,8213.18
2025-11-07T21:00:00.000Z,12,San Francisco,136,6956.886
2025-11-07T21:00:00.000Z,13,Houston,137,7501.064
2025-11-07T21:00:00.000Z,14,Tehran,137,8095.9349999999995
2025-11-07T21:00:00.000Z,15,Berlin,140,7387.733
2025-11-07T21:00:00.000Z,16,Jakarta,140,8687.17
2025-11-07T21:00:00.000Z,17,Delhi,141,7495.501
2025-11-07T21:00:00.000Z,18,Seoul,142,8548.698
2025-11-07T21:00:00.000Z,19,Madrid,143,6646.285
2025-11-07T21:00:00.000Z,20,Ho Chi Minh City,147,7397.085
2025-11-07T21:00:00.000Z,21,Mexico City,148,8178.221
2025-11-07T21:00:00.000Z,22,Los Angeles,149,7803.809
2025-11-07T21:00:00.000Z,23,Toronto,149,8230.016
2025-11-07T21:00:00.000Z,24,Cairo,149,8828.029
2025-11-07T21:00:00.000Z,25,Zurich,150,8308.249
2025-11-07T21:00:00.000Z,26,Hong Kong,152,6983.066
2025-11-07T21:00:00.000Z,27,Melbourne,152,9600.715
2025-11-07T21:00:00.000Z,28,Chicago,154,8246.323
2025-11-07T21:00:00.000Z,29,Mumbai,155,7831.621999999999
2025-11-07T21:00:00.000Z,30,Singapore,155,8954.666000000001
2025-11-07T21:00:00.000Z,31,Bangkok,156,8581.302
2025-11-07T21:00:00.000Z,32,Moscow,156,9321.437
2025-11-07T21:00:00.000Z,33,Nairobi,157,8187.257
2025-11-07T21:00:00.000Z,34,Istanbul,157,8624.437
2025-11-07T21:00:00.000Z,35,Paris,158,9577.176
2025-11-07T21:00:00.000Z,36,Tokyo,160,7476.459000000001
2025-11-07T21:00:00.000Z,37,Karachi,164,7729.406
2025-11-07T21:00:00.000Z,38,Cape Town,164,8118.019
2025-11-07T21:00:00.000Z,39,Vancouver,165,7224.218
2025-11-07T21:00:00.000Z,40,Chennai,165,7761.928
2025-11-07T21:00:00.000Z,41,Stockholm,165,7837.571
2025-11-07T21:00:00.000Z,42,London,166,7019.502
2025-11-07T21:00:00.000Z,43,New York,167,8255.655
2025-11-07T21:00:00.000Z,44,São Paulo,169,7538.784
2025-11-07T21:00:00.000Z,45,Manila,169,7627.5599999999995
2025-11-07T21:00:00.000Z,46,Lagos,171,7221.813
2025-11-07T21:00:00.000Z,47,Auckland,173,8047.67
2025-11-07T21:00:00.000Z,48,Osaka,173,8199.57
2025-11-07T21:00:00.000Z,49,Warsaw,183,7976.452
2025-11-07T21:00:00.000Z,50,Doha,183,8630.599
2025-11-07T22:00:00.000Z,1,Dubai,110,7695.299
2025-11-07T22:00:00.000Z,2,Helsinki,120,7685.476000000001
2025-11-07T22:00:00.000Z,3,Rome,120,8127.048000000001
2025-11-07T22:00:00.000Z,4,Tokyo,123,7265.895
2025-11-07T22:00:00.000Z,5,Kuala Lumpur,124,8010.601000000001
2025-11-07T22:00:00.000Z,6,Sydney,129,6570.412
2025-11-07T22:00:00.000Z,7,Bengaluru,130,7880.451
2025-11-07T22:00:00.000Z,8,Bangkok,130,8297.382
2025-11-07T22:00:00.000Z,9,Shanghai,131,6939.947
2025-11-07T22:00:00.000Z,10,Delhi,131,7442.121999999999
2025-11-07T22:00:00.000Z,11,Cairo,134,8091.176
2025-11-07T22:00:00.000Z,12,Riyadh,134,8292.280999999999
2025-11-07T22:00:00.000Z,13,Zurich,135,7609.786
2025-11-07T22:00:00.000Z,14,Kolkata,135,7753.169
2025-11-07T22:00:00.000Z,15,Buenos Aires,135,7971.454
2025-11-07T22:00:00.000Z,16,San Francisco,136,7191.859
2025-11-07T22:00:00.000Z,17,Houston,137,7288.389
2025-11-07T22:00:00.000Z,18,Tehran,137,7828.0650000000005
2025-11-07T22:00:00.000Z,19,Chicago,138,8426.887999999999
2025-11-07T22:00:00.000Z,20,Singapore,138,8938.207
2025-11-07T22:00:00.000Z,21,Jakarta,140,8674.036
2025-11-07T22:00:00.000Z,22,Seoul,142,8752.779
2025-11-07T22:00:00.000Z,23,Madrid,143,6909.591
2025-11-07T22:00:00.000Z,24,Mexico City,143,8407.048999999999
2025-11-07T22:00:00.000Z,25,Ho Chi Minh City,147,8084.8369999999995
2025-11-07T22:00:00.000Z,26,Berlin,149,7521.642
2025-11-07T22:00:00.000Z,27,Toronto,149,8144.945
2025-11-07T22:00:00.000Z,28,Beijing,149,9024.44
2025-11-07T22:00:00.000Z,29,Hong Kong,152,7203.972
2025-11-07T22:00:00.000Z,30,Melbourne,152,9802.846
2025-11-07T22:00:00.000Z,31,Los Angeles,154,7952.142
2025-11-07T22:00:00.000Z,32,Mumbai,155,7895.752
2025-11-07T22:00:00.000Z,33,Moscow,156,8786.3
2025-11-07T22:00:00.000Z,34,Nairobi,157,7580.484
2025-11-07T22:00:00.000Z,35,Istanbul,157,8826.202
2025-11-07T22:00:00.000Z,36,Paris,158,9512.923999999999
2025-11-07T22:00:00.000Z,37,Karachi,164,7939.64
2025-11-07T22:00:00.000Z,38,Cape Town,164,8107.842
2025-11-07T22:00:00.000Z,39,Vancouver,165,7584.26
2025-11-07T22:00:00.000Z,40,Chennai,165,7668.749
2025-11-07T22:00:00.000Z,41,Stockholm,165,7875.285
2025-11-07T22:00:00.000Z,42,London,166,7413.947
2025-11-07T22:00:00.000Z,43,New York,167,8372.255000000001
2025-11-07T22:00:00.000Z,44,São Paulo,169,7613.709
2025-11-07T22:00:00.000Z,45,Manila,169,8386.173
2025-11-07T22:00:00.000Z,46,Lagos,171,7644.539
2025-11-07T22:00:00.000Z,47,Osaka,173,8127.4490000000005
2025-11-07T22:00:00.000Z,48,Auckland,173,8404.117
2025-11-07T22:00:00.000Z,49,Warsaw,183,8496.415
2025-11-07T22:00:00.000Z,50,Doha,183,8671.599
2025-11-07T23:00:00.000Z,1,San Francisco,116,7292.380999999999
2025-11-07T23:00:00.000Z,2,Helsinki,120,7409.813
2025-11-07T23:00:00.000Z,3,Rome,120,8074.698
2025-11-07T23:00:00.000Z,4,Dubai,124,7275.735000000001
2025-11-07T23:00:00.000Z,5,Kuala Lumpur,124,7850.625
2025-11-07T23:00:00.000Z,6,Sydney,129,7012.019
2025-11-07T23:00:00.000Z,7,Chennai,129,8212.404
2025-11-07T23:00:00.000Z,8,Bengaluru,130,7987.852
2025-11-07T23:00:00.000Z,9,Bangkok,130,8128.964
2025-11-07T23:00:00.000Z,10,Chicago,130,8666.115
2025-11-07T23:00:00.000Z,11,Shanghai,131,6599.111
2025-11-07T23:00:00.000Z,12,Delhi,131,7870.1630000000005
2025-11-07T23:00:00.000Z,13,Warsaw,131,8535.784
2025-11-07T23:00:00.000Z,14,London,134,7357.903
2025-11-07T23:00:00.000Z,15,Cairo,134,7795.267
2025-11-07T23:00:00.000Z,16,Riyadh,134,8444.528
2025-11-07T23:00:00.000Z,17,Zurich,135,7267.936
2025-11-07T23:00:00.000Z,18,Buenos Aires,135,7426.803
2025-11-07T23:00:00.000Z,19,Kolkata,135,8123.73
2025-11-07T23:00:00.000Z,20,Houston,137,7082.442
2025-11-07T23:00:00.000Z,21,Tehran,137,7534.009
2025-11-07T23:00:00.000Z,22,Singapore,138,8480.506
2025-11-07T23:00:00.000Z,23,Jakarta,140,8256.423999999999
2025-11-07T23:00:00.000Z,24,Seoul,142,8725.647
2025-11-07T23:00:00.000Z,25,Madrid,143,7669.513
2025-11-07T23:00:00.000Z,26,Ho Chi Minh City,147,8513.665
2025-11-07T23:00:00.000Z,27,Berlin,149,7890.039
2025-11-07T23:00:00.000Z,28,Beijing,149,8758.5
2025-11-07T23:00:00.000Z,29,Auckland,150,8388.797
2025-11-07T23:00:00.000Z,30,Hong Kong,152,7276.634
2025-11-07T23:00:00.000Z,31,Melbourne,152,9482.52
2025-11-07T23:00:00.000Z,32,Los Angeles,154,8115.644
2025-11-07T23:00:00.000Z,33,Mumbai,155,7519.5689999999995
2025-11-07T23:00:00.000Z,34,Tokyo,156,7554.95
2025-11-07T23:00:00.000Z,35,Toronto,156,8416.513
2025-11-07T23:00:00.000Z,36,Moscow,156,8585.356
2025-11-07T23:00:00.000Z,37,Nairobi,157,7963.849
2025-11-07T23:00:00.000Z,38,Istanbul,157,8528.586
2025-11-07T23:00:00.000Z,39,Paris,158,9614.499
2025-11-07T23:00:00.000Z,40,Cape Town,164,8000.305
2025-11-07T23:00:00.000Z,41,Karachi,164,8446.845
2025-11-07T23:00:00.000Z,42,Vancouver,165,7197.72
2025-11-07T23:00:00.000Z,43,Stockholm,165,8104.098
2025-11-07T23:00:00.000Z,44,New York,167,8390.396
2025-11-07T23:00:00.000Z,45,Mexico City,167,9018.155
2025-11-07T23:00:00.000Z,46,São Paulo,169,7569.845
2025-11-07T23:00:00.000Z,47,Manila,169,8800.338
2025-11-07T23:00:00.000Z,48,Lagos,171,8050.116
2025-11-07T23:00:00.000Z,49,Osaka,173,7897.608
2025-11-07T23:00:00.000Z,50,Doha,183,9203.507
2025-11-08T00:00:00.000Z,1,San Francisco,99,7085.409
2025-11-08T00:00:00.000Z,2,Rome,111,7969.158
2025-11-08T00:00:00.000Z,3,Sydney,121,6879.8369999999995
2025-11-08T00:00:00.000Z,4,Dubai,124,7541.218
2025-11-08T00:00:00.000Z,5,Kuala Lumpur,124,8190.798
2025-11-08T00:00:00.000Z,6,Helsinki,127,7938.366
2025-11-08T00:00:00.000Z,7,Chennai,129,7919.237
2025-11-08T00:00:00.000Z,8,Bengaluru,130,7429.158
2025-11-08T00:00:00.000Z,9,Bangkok,130,7692.4529999999995
2025-11-08T00:00:00.000Z,10,Shanghai,131,7419.674999999999
2025-11-08T00:00:00.000Z,11,Delhi,131,7755.172
2025-11-08T00:00:00.000Z,12,London,134,6922.942999999999
2025-11-08T00:00:00.000Z,13,Buenos Aires,134,7366.359
2025-11-08T00:00:00.000Z,14,Cairo,134,8111.167
2025-11-08T00:00:00.000Z,15,Riyadh,134,8697.236
2025-11-08T00:00:00.000Z,16,Zurich,135,7380.468999999999
2025-11-08T00:00:00.000Z,17,Vancouver,135,7539.884
2025-11-08T00:00:00.000Z,18,Kolkata,135,8264.309
2025-11-08T00:00:00.000Z,19,Houston,137,6774.289
2025-11-08T00:00:00.000Z,20,Tehran,137,7271.152
2025-11-08T00:00:00.000Z,21,Madrid,139,8532.133
2025-11-08T00:00:00.000Z,22,Jakarta,140,8199.959
2025-11-08T00:00:00.000Z,23,Warsaw,140,8821.794
2025-11-08T00:00:00.000Z,24,Seoul,142,8709.689
2025-11-08T00:00:00.000Z,25,Singapore,144,8047.701999999999
2025-11-08T00:00:00.000Z,26,Ho Chi Minh City,147,9263.829
2025-11-08T00:00:00.000Z,27,Berlin,149,7487.117
2025-11-08T00:00:00.000Z,28,Beijing,149,8354.247
2025-11-08T00:00:00.000Z,29,Auckland,150,8239.328000000001
2025-11-08T00:00:00.000Z,30,Hong Kong,152,7927.314
2025-11-08T00:00:00.000Z,31,Chicago,152,8713.494
2025-11-08T00:00:00.000Z,32,Melbourne,152,9259.537
2025-11-08T00:00:00.000Z,33,Los Angeles,154,7807.411
2025-11-08T00:00:00.000Z,34,Mumbai,155,7168.643
2025-11-08T00:00:00.000Z,35,Tokyo,156,7540.164
2025-11-08T00:00:00.000Z,36,Toronto,156,8126.859
2025-11-08T00:00:00.000Z,37,Moscow,156,8527.492
2025-11-08T00:00:00.000Z,38,Nairobi,157,7649.143
2025-11-08T00:00:00.000Z,39,Istanbul,157,8594.997
2025-11-08T00:00:00.000Z,40,Paris,158,9730.132
2025-11-08T00:00:00.000Z,41,Cape Town,164,8069.568
2025-11-08T00:00:00.000Z,42,Karachi,164,8220.574
2025-11-08T00:00:00.000Z,43,Stockholm,165,8567.933
2025-11-08T00:00:00.000Z,44,New York,167,8471.708
2025-11-08T00:00:00.000Z,45,Mexico City,167,8654.226999999999
2025-11-08T00:00:00.000Z,46,São Paulo,169,7355.69
2025-11-08T00:00:00.000Z,47,Manila,169,8390.051
2025-11-08T00:00:00.000Z,48,Lagos,171,7401.509
2025-11-08T00:00:00.000Z,49,Osaka,173,7565.438
2025-11-08T00:00:00.000Z,50,Doha,183,8643.218
2025-11-08T01:00:00.000Z,1,Rome,111,7409.0380000000005
2025-11-08T01:00:00.000Z,2,San Francisco,115,7125.844
2025-11-08T01:00:00.000Z,3,Kuala Lumpur,117,8274.723
2025-11-08T01:00:00.000Z,4,Jakarta,118,8214.474
2025-11-08T01:00:00.000Z,5,Tehran,119,7678.731
2025-11-08T01:00:00.000Z,6,Sydney,121,6889.0869999999995
2025-11-08T01:00:00.000Z,7,Dubai,124,6774.098
2025-11-08T01:00:00.000Z,8,Helsinki,127,8074.601000000001
2025-11-08T01:00:00.000Z,9,Chennai,129,8452.947
2025-11-08T01:00:00.000Z,10,Bangkok,130,7428.221
2025-11-08T01:00:00.000Z,11,Bengaluru,130,7670.822
2025-11-08T01:00:00.000Z,12,Delhi,131,8239.229
2025-11-08T01:00:00.000Z,13,Shanghai,133,7404.309
2025-11-08T01:00:00.000Z,14,Buenos Aires,134,7251.098
2025-11-08T01:00:00.000Z,15,London,134,7404.454
2025-11-08T01:00:00.000Z,16,Cairo,134,8148.103999999999
2025-11-08T01:00:00.000Z,17,Riyadh,134,8939.564
2025-11-08T01:00:00.000Z,18,Zurich,135,7108.287
2025-11-08T01:00:00.000Z,19,Kolkata,135,8586.789
2025-11-08T01:00:00.000Z,20,Houston,137,6987.155000000001
2025-11-08T01:00:00.000Z,21,Vancouver,140,7773.2970000000005
2025-11-08T01:00:00.000Z,22,Warsaw,140,8667.491
2025-11-08T01:00:00.000Z,23,Seoul,142,8868.404
2025-11-08T01:00:00.000Z,24,Moscow,143,8487.078
2025-11-08T01:00:00.000Z,25,Singapore,144,7732.053
2025-11-08T01:00:00.000Z,26,Cape Town,144,7963.959
2025-11-08T01:00:00.000Z,27,Mumbai,145,7555.804
2025-11-08T01:00:00.000Z,28,Ho Chi Minh City,147,9378.887999999999
2025-11-08T01:00:00.000Z,29,Berlin,149,7539.969
2025-11-08T01:00:00.000Z,30,Beijing,149,8730.225
2025-11-08T01:00:00.000Z,31,Auckland,150,8178.307000000001
2025-11-08T01:00:00.000Z,32,Hong Kong,152,8111.43
2025-11-08T01:00:00.000Z,33,Chicago,152,8320.374
2025-11-08T01:00:00.000Z,34,Madrid,152,8731.772
2025-11-08T01:00:00.000Z,35,Melbourne,152,9530.421
2025-11-08T01:00:00.000Z,36,Los Angeles,154,7746.073
2025-11-08T01:00:00.000Z,37,Manila,154,8350.244999999999
2025-11-08T01:00:00.000Z,38,Tokyo,156,7205.289
2025-11-08T01:00:00.000Z,39,Toronto,156,8064.867
2025-11-08T01:00:00.000Z,40,Nairobi,157,7446.791
2025-11-08T01:00:00.000Z,41,Istanbul,157,8360.237
2025-11-08T01:00:00.000Z,42,Paris,158,9525.068
2025-11-08T01:00:00.000Z,43,Karachi,164,8019.692
2025-11-08T01:00:00.000Z,44,Stockholm,165,8270.186
2025-11-08T01:00:00.000Z,45,New York,167,7745.118
2025-11-08T01:00:00.000Z,46,Mexico City,167,9265.328
2025-11-08T01:00:00.000Z,47,São Paulo,169,7447.813
2025-11-08T01:00:00.000Z,48,Lagos,171,7345.357
2025-11-08T01:00:00.000Z,49,Osaka,173,7885.645
2025-11-08T01:00:00.000Z,50,Doha,183,8619.817
2025-11-08T02:00:00.000Z,1,Buenos Aires,117,7734.621999999999
2025-11-08T02:00:00.000Z,2,Kuala Lumpur,117,9142.788
2025-11-08T02:00:00.000Z,3,San Francisco,118,7436.938
2025-11-08T02:00:00.000Z,4,Jakarta,118,8070.058
2025-11-08T02:00:00.000Z,5,Tehran,119,7111.678
2025-11-08T02:00:00.000Z,6,Rome,119,7684.244000000001
2025-11-08T02:00:00.000Z,7,Sydney,121,7215.468
2025-11-08T02:00:00.000Z,8,Delhi,123,8893.099
2025-11-08T02:00:00.000Z,9,Dubai,124,6533.397
2025-11-08T02:00:00.000Z,10,Helsinki,127,7916.468
2025-11-08T02:00:00.000Z,11,Bangkok,130,7030.772
2025-11-08T02:00:00.000Z,12,Bengaluru,130,7402.369
2025-11-08T02:00:00.000Z,13,Shanghai,133,7619.27
2025-11-08T02:00:00.000Z,14,London,134,7624.567
2025-11-08T02:00:00.000Z,15,Cairo,134,7652.379
2025-11-08T02:00:00.000Z,16,Riyadh,134,9019.04
2025-11-08T02:00:00.000Z,17,Houston,137,6769.137
2025-11-08T02:00:00.000Z,18,Vancouver,140,8268.888
2025-11-08T02:00:00.000Z,19,Warsaw,140,8823.614
2025-11-08T02:00:00.000Z,20,Zurich,141,7298.85
2025-11-08T02:00:00.000Z,21,Seoul,142,8915.569
2025-11-08T02:00:00.000Z,22,Moscow,143,8177.723
2025-11-08T02:00:00.000Z,23,Singapore,144,7388.367
2025-11-08T02:00:00.000Z,24,Cape Town,144,8115.258
2025-11-08T02:00:00.000Z,25,Mumbai,146,8120.353
2025-11-08T02:00:00.000Z,26,Ho Chi Minh City,147,9588.169
2025-11-08T02:00:00.000Z,27,Stockholm,148,8305.833
2025-11-08T02:00:00.000Z,28,Berlin,149,7372.406
2025-11-08T02:00:00.000Z,29,Beijing,149,8393.539
2025-11-08T02:00:00.000Z,30,Nairobi,150,7951.857
2025-11-08T02:00:00.000Z,31,Auckland,150,8487.686
2025-11-08T02:00:00.000Z,32,Kolkata,150,8865.594
2025-11-08T02:00:00.000Z,33,Hong Kong,152,8208.278
2025-11-08T02:00:00.000Z,34,Chicago,152,8376.884
2025-11-08T02:00:00.000Z,35,Madrid,152,9027.21
2025-11-08T02:00:00.000Z,36,Melbourne,152,9216.618
2025-11-08T02:00:00.000Z,37,Chennai,153,8286.813
2025-11-08T02:00:00.000Z,38,Los Angeles,154,8324.528
2025-11-08T02:00:00.000Z,39,Manila,154,8358.664
2025-11-08T02:00:00.000Z,40,Tokyo,156,7350.985
2025-11-08T02:00:00.000Z,41,Toronto,156,8191.791
2025-11-08T02:00:00.000Z,42,Istanbul,157,8943.686
2025-11-08T02:00:00.000Z,43,Karachi,164,7734.052
2025-11-08T02:00:00.000Z,44,New York,167,8255.353
2025-11-08T02:00:00.000Z,45,Mexico City,167,8693.568
2025-11-08T02:00:00.000Z,46,São Paulo,169,7509.492
2025-11-08T02:00:00.000Z,47,Paris,170,9717.125
2025-11-08T02:00:00.000Z,48,Lagos,171,7403.796
2025-11-08T02:00:00.000Z,49,Osaka,173,7922.9439999999995
2025-11-08T02:00:00.000Z,50,Doha,183,8740.312
2025-11-08T03:00:00.000Z,1,Kuala Lumpur,117,8897.393
2025-11-08T03:00:00.000Z,2,Sydney,118,7276.965
2025-11-08T03:00:00.000Z,3,Jakarta,118,8094.838
2025-11-08T03:00:00.000Z,4,Rome,119,7581.35
2025-11-08T03:00:00.000Z,5,Tehran,119,7647.629
2025-11-08T03:00:00.000Z,6,Dubai,124,6137.888
2025-11-08T03:00:00.000Z,7,San Francisco,125,8117.554
2025-11-08T03:00:00.000Z,8,Delhi,125,8938.802
2025-11-08T03:00:00.000Z,9,Hong Kong,126,8407.53
2025-11-08T03:00:00.000Z,10,Helsinki,127,7548.517
2025-11-08T03:00:00.000Z,11,Lagos,129,7727.698
2025-11-08T03:00:00.000Z,12,Bangkok,130,6948.827
2025-11-08T03:00:00.000Z,13,Bengaluru,130,8007.475
2025-11-08T03:00:00.000Z,14,Osaka,131,7632.987999999999
2025-11-08T03:00:00.000Z,15,Seoul,132,9059.488
2025-11-08T03:00:00.000Z,16,Shanghai,133,7926.018
2025-11-08T03:00:00.000Z,17,Cairo,134,7789.225
2025-11-08T03:00:00.000Z,18,London,134,8582.657
2025-11-08T03:00:00.000Z,19,Riyadh,134,8773.637999999999
2025-11-08T03:00:00.000Z,20,Houston,137,6515.615
2025-11-08T03:00:00.000Z,21,Warsaw,140,8086.937
2025-11-08T03:00:00.000Z,22,Vancouver,140,8468.582
2025-11-08T03:00:00.000Z,23,Zurich,141,6757.086
2025-11-08T03:00:00.000Z,24,Istanbul,142,9027.39
2025-11-08T03:00:00.000Z,25,Singapore,144,7249.352
2025-11-08T03:00:00.000Z,26,Buenos Aires,144,7879.685
2025-11-08T03:00:00.000Z,27,Cape Town,144,8700.005
2025-11-08T03:00:00.000Z,28,Mumbai,146,7547.667
2025-11-08T03:00:00.000Z,29,Stockholm,148,7750.548000000001
2025-11-08T03:00:00.000Z,30,Ho Chi Minh City,148,9423.586
2025-11-08T03:00:00.000Z,31,Berlin,149,7822.748
2025-11-08T03:00:00.000Z,32,Beijing,149,8620.989
2025-11-08T03:00:00.000Z,33,Nairobi,150,7617.012
2025-11-08T03:00:00.000Z,34,Auckland,150,8805.606
2025-11-08T03:00:00.000Z,35,Kolkata,150,9033.152
2025-11-08T03:00:00.000Z,36,Madrid,152,8713.891
2025-11-08T03:00:00.000Z,37,Chicago,152,8809.065
2025-11-08T03:00:00.000Z,38,Melbourne,152,9218.365
2025-11-08T03:00:00.000Z,39,Chennai,153,7941.136
2025-11-08T03:00:00.000Z,40,Manila,154,8267.614
2025-11-08T03:00:00.000Z,41,Los Angeles,154,8924.121
2025-11-08T03:00:00.000Z,42,Moscow,155,7977.040999999999
2025-11-08T03:00:00.000Z,43,Tokyo,156,7225.941
2025-11-08T03:00:00.000Z,44,Toronto,156,8199.96
2025-11-08T03:00:00.000Z,45,Karachi,164,7795.093
2025-11-08T03:00:00.000Z,46,Doha,166,8265.361
2025-11-08T03:00:00.000Z,47,New York,167,8562.489
2025-11-08T03:00:00.000Z,48,Mexico City,167,8901.432
2025-11-08T03:00:00.000Z,49,São Paulo,169,7777.732
2025-11-08T03:00:00.000Z,50,Paris,170,9432.96
2025-11-08T04:00:00.000Z,1,Karachi,117,8262.776
2025-11-08T04:00:00.000Z,2,Jakarta,118,8138.657
2025-11-08T04:00:00.000Z,3,Tehran,119,7781.121999999999
2025-11-08T04:00:00.000Z,4,San Francisco,125,7915.992
2025-11-08T04:00:00.000Z,5,Delhi,125,9367.121
2025-11-08T04:00:00.000Z,6,Helsinki,127,7824.068
2025-11-08T04:00:00.000Z,7,Riyadh,128,8205.196
2025-11-08T04:00:00.000Z,8,Bangkok,130,6534.4439999999995
2025-11-08T04:00:00.000Z,9,Lagos,130,7496.1
2025-11-08T04:00:00.000Z,10,Hong Kong,131,7654.943
2025-11-08T04:00:00.000Z,11,Osaka,132,7351.3859999999995
2025-11-08T04:00:00.000Z,12,Seoul,132,9164.771
2025-11-08T04:00:00.000Z,13,Shanghai,133,7949.886
2025-11-08T04:00:00.000Z,14,Cairo,134,7448.143
2025-11-08T04:00:00.000Z,15,London,134,8648.538
2025-11-08T04:00:00.000Z,16,Houston,137,5885.871
2025-11-08T04:00:00.000Z,17,Warsaw,140,8152.178
2025-11-08T04:00:00.000Z,18,Vancouver,140,8411.59
2025-11-08T04:00:00.000Z,19,Sydney,140,8455.741
2025-11-08T04:00:00.000Z,20,Zurich,141,7104.434
2025-11-08T04:00:00.000Z,21,Kuala Lumpur,141,8682.83
2025-11-08T04:00:00.000Z,22,Istanbul,142,8683.565
2025-11-08T04:00:00.000Z,23,Singapore,144,6389.895
2025-11-08T04:00:00.000Z,24,Buenos Aires,144,7579.535
2025-11-08T04:00:00.000Z,25,Cape Town,144,8081.572
2025-11-08T04:00:00.000Z,26,Mumbai,146,8359.586
2025-11-08T04:00:00.000Z,27,Rome,147,7462.347
2025-11-08T04:00:00.000Z,28,New York,147,8668.285
2025-11-08T04:00:00.000Z,29,Stockholm,148,7265.377
2025-11-08T04:00:00.000Z,30,Ho Chi Minh City,148,9355.32
2025-11-08T04:00:00.000Z,31,Berlin,149,8125.223
2025-11-08T04:00:00.000Z,32,Beijing,149,8410.402
2025-11-08T04:00:00.000Z,33,Nairobi,150,7249.641
2025-11-08T04:00:00.000Z,34,Auckland,150,8498.215
2025-11-08T04:00:00.000Z,35,Kolkata,150,8860.942
2025-11-08T04:00:00.000Z,36,Dubai,152,6301.455
2025-11-08T04:00:00.000Z,37,Chicago,152,8482.225
2025-11-08T04:00:00.000Z,38,Melbourne,152,8913.702
2025-11-08T04:00:00.000Z,39,Madrid,152,9103.89
2025-11-08T04:00:00.000Z,40,Chennai,153,7182.132
2025-11-08T04:00:00.000Z,41,Manila,154,8468.3
2025-11-08T04:00:00.000Z,42,Los Angeles,154,8896.969000000001
2025-11-08T04:00:00.000Z,43,Moscow,155,8104.697
2025-11-08T04:00:00.000Z,44,Toronto,156,7793.696
2025-11-08T04:00:00.000Z,45,Tokyo,156,8048.318
2025-11-08T04:00:00.000Z,46,Doha,166,8252.287
2025-11-08T04:00:00.000Z,47,Mexico City,167,9181.617
2025-11-08T04:00:00.000Z,48,São Paulo,169,7593.748
2025-11-08T04:00:00.000Z,49,Paris,170,9075.157
2025-11-08T04:00:00.000Z,50,Bengaluru,175,7548.794
2025-11-08T05:00:00.000Z,1,Bangkok,115,6245.339
2025-11-08T05:00:00.000Z,2,Karachi,117,7957.9310000000005
2025-11-08T05:00:00.000Z,3,Jakarta,118,8027.701
2025-11-08T05:00:00.000Z,4,Tehran,119,7775.664000000001
2025-11-08T05:00:00.000Z,5,Houston,120,5853.8009999999995
2025-11-08T05:00:00.000Z,6,Auckland,120,8579.347
2025-11-08T05:00:00.000Z,7,San Francisco,125,7815.179
2025-11-08T05:00:00.000Z,8,Delhi,125,9194.711
2025-11-08T05:00:00.000Z,9,Riyadh,128,8115.781
2025-11-08T05:00:00.000Z,10,Lagos,130,8099.409
2025-11-08T05:00:00.000Z,11,Hong Kong,131,7598.071
2025-11-08T05:00:00.000Z,12,Melbourne,131,8495.553
2025-11-08T05:00:00.000Z,13,Osaka,132,7357.347
2025-11-08T05:00:00.000Z,14,Seoul,132,8927.479
2025-11-08T05:00:00.000Z,15,Cairo,134,7570.442
2025-11-08T05:00:00.000Z,16,London,134,8034.596
2025-11-08T05:00:00.000Z,17,São Paulo,140,7712.578
2025-11-08T05:00:00.000Z,18,Cape Town,140,8098.137000000001
2025-11-08T05:00:00.000Z,19,Warsaw,140,8156.016
2025-11-08T05:00:00.000Z,20,Sydney,140,8535.055
2025-11-08T05:00:00.000Z,21,Vancouver,140,8644.314
2025-11-08T05:00:00.000Z,22,Zurich,141,6927.575
2025-11-08T05:00:00.000Z,23,Kuala Lumpur,141,8282.182999999999
2025-11-08T05:00:00.000Z,24,Istanbul,142,9011.268
2025-11-08T05:00:00.000Z,25,Singapore,144,6097.172
2025-11-08T05:00:00.000Z,26,Buenos Aires,144,8009.763
2025-11-08T05:00:00.000Z,27,Mumbai,146,8280.857
2025-11-08T05:00:00.000Z,28,Rome,147,7622.338
2025-11-08T05:00:00.000Z,29,New York,147,8995.233
2025-11-08T05:00:00.000Z,30,Stockholm,148,7921.625
2025-11-08T05:00:00.000Z,31,Ho Chi Minh City,148,9411.128
2025-11-08T05:00:00.000Z,32,Beijing,149,8375.84
2025-11-08T05:00:00.000Z,33,Berlin,149,8378.184
2025-11-08T05:00:00.000Z,34,Nairobi,150,7366.737
2025-11-08T05:00:00.000Z,35,Kolkata,150,8410.136
2025-11-08T05:00:00.000Z,36,Dubai,152,6351.473
2025-11-08T05:00:00.000Z,37,Chicago,152,8703.983
2025-11-08T05:00:00.000Z,38,Madrid,152,8886.188
2025-11-08T05:00:00.000Z,39,Chennai,153,6986.171
2025-11-08T05:00:00.000Z,40,Manila,154,8350.558
2025-11-08T05:00:00.000Z,41,Los Angeles,154,9302.496
2025-11-08T05:00:00.000Z,42,Moscow,155,7746.358
2025-11-08T05:00:00.000Z,43,Toronto,156,7562.058
2025-11-08T05:00:00.000Z,44,Tokyo,156,8047.284
2025-11-08T05:00:00.000Z,45,Shanghai,156,8608.539
2025-11-08T05:00:00.000Z,46,Doha,166,7858.1720000000005
2025-11-08T05:00:00.000Z,47,Mexico City,167,8681.382
2025-11-08T05:00:00.000Z,48,Paris,170,9240.855
2025-11-08T05:00:00.000Z,49,Bengaluru,175,7637.822
2025-11-08T05:00:00.000Z,50,Helsinki,181,8053.385
2025-11-08T06:00:00.000Z,1,Karachi,117,7861.408
2025-11-08T06:00:00.000Z,2,Jakarta,118,7974.902
2025-11-08T06:00:00.000Z,3,Tehran,119,7756.6900000000005
2025-11-08T06:00:00.000Z,4,Houston,120,6300.519
2025-11-08T06:00:00.000Z,5,San Francisco,125,7827.982
2025-11-08T06:00:00.000Z,6,Delhi,125,8756.056
2025-11-08T06:00:00.000Z,7,Auckland,127,8440.768
2025-11-08T06:00:00.000Z,8,Riyadh,128,7807.986
2025-11-08T06:00:00.000Z,9,Lagos,130,8580.658
2025-11-08T06:00:00.000Z,10,Cairo,131,7558.846
2025-11-08T06:00:00.000Z,11,Hong Kong,131,7736.716
2025-11-08T06:00:00.000Z,12,Melbourne,131,8951.266
2025-11-08T06:00:00.000Z,13,Seoul,132,8519.64
2025-11-08T06:00:00.000Z,14,Beijing,133,8441.717
2025-11-08T06:00:00.000Z,15,Bangkok,134,6010.259
2025-11-08T06:00:00.000Z,16,Warsaw,140,7334.49
2025-11-08T06:00:00.000Z,17,São Paulo,140,8019.4490000000005
2025-11-08T06:00:00.000Z,18,Berlin,140,8115.347
2025-11-08T06:00:00.000Z,19,Cape Town,140,8334.269
2025-11-08T06:00:00.000Z,20,Vancouver,140,8462.529
2025-11-08T06:00:00.000Z,21,Los Angeles,140,8548.562
2025-11-08T06:00:00.000Z,22,Sydney,140,8616.875
2025-11-08T06:00:00.000Z,23,Zurich,141,7481.46
2025-11-08T06:00:00.000Z,24,Kuala Lumpur,141,8546.447
2025-11-08T06:00:00.000Z,25,Istanbul,142,8893.021
2025-11-08T06:00:00.000Z,26,Manila,143,7931.4259999999995
2025-11-08T06:00:00.000Z,27,Singapore,144,6413.214
2025-11-08T06:00:00.000Z,28,Buenos Aires,144,7947.455
2025-11-08T06:00:00.000Z,29,New York,145,8365.129
2025-11-08T06:00:00.000Z,30,Osaka,146,7477.2
2025-11-08T06:00:00.000Z,31,Mumbai,146,8389.398
2025-11-08T06:00:00.000Z,32,Stockholm,148,8469.029
2025-11-08T06:00:00.000Z,33,Ho Chi Minh City,148,8815.437
2025-11-08T06:00:00.000Z,34,Nairobi,150,6851.466
2025-11-08T06:00:00.000Z,35,Kolkata,150,8534.6
2025-11-08T06:00:00.000Z,36,Rome,151,7852.686
2025-11-08T06:00:00.000Z,37,Dubai,152,6302.25
2025-11-08T06:00:00.000Z,38,Chicago,152,8470.412
2025-11-08T06:00:00.000Z,39,Madrid,152,9267.0
2025-11-08T06:00:00.000Z,40,Chennai,153,7176.208
2025-11-08T06:00:00.000Z,41,Moscow,155,8015.4310000000005
2025-11-08T06:00:00.000Z,42,Toronto,156,7513.518
2025-11-08T06:00:00.000Z,43,Tokyo,156,8097.68
2025-11-08T06:00:00.000Z,44,Shanghai,156,8556.03
2025-11-08T06:00:00.000Z,45,Doha,159,7715.069
2025-11-08T06:00:00.000Z,46,London,160,8091.91
2025-11-08T06:00:00.000Z,47,Mexico City,167,8240.130000000001
2025-11-08T06:00:00.000Z,48,Paris,170,9055.996
2025-11-08T06:00:00.000Z,49,Bengaluru,175,7528.709000000001
2025-11-08T06:00:00.000Z,50,Helsinki,181,7827.914
2025-11-08T07:00:00.000Z,1,Seoul,111,8993.232
2025-11-08T07:00:00.000Z,2,Karachi,117,7886.934
2025-11-08T07:00:00.000Z,3,Los Angeles,117,8516.792
2025-11-08T07:00:00.000Z,4,Houston,118,6696.877
2025-11-08T07:00:00.000Z,5,Tehran,119,8265.304
2025-11-08T07:00:00.000Z,6,Mexico City,123,8045.174
2025-11-08T07:00:00.000Z,7,San Francisco,125,7818.7970000000005
2025-11-08T07:00:00.000Z,8,Delhi,125,8473.511
2025-11-08T07:00:00.000Z,9,Auckland,127,8576.666000000001
2025-11-08T07:00:00.000Z,10,Lagos,130,9056.41
2025-11-08T07:00:00.000Z,11,Hong Kong,131,7589.624
2025-11-08T07:00:00.000Z,12,Toronto,131,7662.643
2025-11-08T07:00:00.000Z,13,Cairo,131,7732.317999999999
2025-11-08T07:00:00.000Z,14,Melbourne,131,8551.775
2025-11-08T07:00:00.000Z,15,Beijing,133,8520.18
2025-11-08T07:00:00.000Z,16,Bangkok,134,6386.859
2025-11-08T07:00:00.000Z,17,Tokyo,139,7810.519
2025-11-08T07:00:00.000Z,18,Nairobi,140,6795.917
2025-11-08T07:00:00.000Z,19,Warsaw,140,7104.804
2025-11-08T07:00:00.000Z,20,Berlin,140,7321.963
2025-11-08T07:00:00.000Z,21,São Paulo,140,8262.241
2025-11-08T07:00:00.000Z,22,Cape Town,140,8353.577
2025-11-08T07:00:00.000Z,23,Sydney,140,8361.253
2025-11-08T07:00:00.000Z,24,Vancouver,140,9194.962
2025-11-08T07:00:00.000Z,25,Kuala Lumpur,141,8235.708
2025-11-08T07:00:00.000Z,26,Zurich,141,8347.048
2025-11-08T07:00:00.000Z,27,Istanbul,142,8649.457
2025-11-08T07:00:00.000Z,28,Manila,143,7573.159
2025-11-08T07:00:00.000Z,29,Singapore,144,6793.7029999999995
2025-11-08T07:00:00.000Z,30,Buenos Aires,144,8153.801
2025-11-08T07:00:00.000Z,31,New York,145,8594.768
2025-11-08T07:00:00.000Z,32,Osaka,146,7582.844
2025-11-08T07:00:00.000Z,33,Mumbai,146,8648.578
2025-11-08T07:00:00.000Z,34,Stockholm,148,8261.517
2025-11-08T07:00:00.000Z,35,Ho Chi Minh City,148,8731.514
2025-11-08T07:00:00.000Z,36,Kolkata,150,8748.52
2025-11-08T07:00:00.000Z,37,Riyadh,151,7313.869
2025-11-08T07:00:00.000Z,38,Rome,151,8003.954
2025-11-08T07:00:00.000Z,39,Dubai,152,6427.47
2025-11-08T07:00:00.000Z,40,Madrid,152,8460.94
2025-11-08T07:00:00.000Z,41,Jakarta,152,8480.119
2025-11-08T07:00:00.000Z,42,Chicago,152,8773.239
2025-11-08T07:00:00.000Z,43,Chennai,153,6770.637
2025-11-08T07:00:00.000Z,44,Moscow,155,7794.597
2025-11-08T07:00:00.000Z,45,Shanghai,156,8404.019
2025-11-08T07:00:00.000Z,46,Doha,166,7972.466
2025-11-08T07:00:00.000Z,47,London,168,8111.043
2025-11-08T07:00:00.000Z,48,Paris,170,8860.396
2025-11-08T07:00:00.000Z,49,Bengaluru,175,7141.73
2025-11-08T07:00:00.000Z,50,Helsinki,181,8551.038
2025-11-08T08:00:00.000Z,1,Manila,116,7600.121999999999
2025-11-08T08:00:00.000Z,2,Karachi,117,7788.15
2025-11-08T08:00:00.000Z,3,Los Angeles,117,8502.201000000001
2025-11-08T08:00:00.000Z,4,Houston,118,6730.466
2025-11-08T08:00:00.000Z,5,Tehran,119,7801.407
2025-11-08T08:00:00.000Z,6,Mexico City,123,7679.523
2025-11-08T08:00:00.000Z,7,San Francisco,125,7848.073
2025-11-08T08:00:00.000Z,8,Tokyo,125,8182.367
2025-11-08T08:00:00.000Z,9,Delhi,125,8358.938
2025-11-08T08:00:00.000Z,10,Auckland,127,8381.478
2025-11-08T08:00:00.000Z,11,Hong Kong,131,7237.1849999999995
2025-11-08T08:00:00.000Z,12,Cairo,131,7424.058
2025-11-08T08:00:00.000Z,13,Toronto,131,7581.093
2025-11-08T08:00:00.000Z,14,Melbourne,131,8588.376
2025-11-08T08:00:00.000Z,15,Beijing,133,8588.769
2025-11-08T08:00:00.000Z,16,Chicago,133,8883.664
2025-11-08T08:00:00.000Z,17,Bangkok,134,6532.4580000000005
2025-11-08T08:00:00.000Z,18,Warsaw,134,6967.3150000000005
2025-11-08T08:00:00.000Z,19,New York,134,8462.146
2025-11-08T08:00:00.000Z,20,Lagos,138,10002.753
2025-11-08T08:00:00.000Z,21,Berlin,140,7461.487
2025-11-08T08:00:00.000Z,22,Nairobi,140,7680.214
2025-11-08T08:00:00.000Z,23,Cape Town,140,7878.896
2025-11-08T08:00:00.000Z,24,São Paulo,140,8060.408
2025-11-08T08:00:00.000Z,25,Sydney,140,8507.664
2025-11-08T08:00:00.000Z,26,Seoul,140,9180.561
2025-11-08T08:00:00.000Z,27,Vancouver,140,9249.794
2025-11-08T08:00:00.000Z,28,Zurich,141,8080.664000000001
2025-11-08T08:00:00.000Z,29,Kuala Lumpur,141,8183.239
2025-11-08T08:00:00.000Z,30,Singapore,142,6847.173
2025-11-08T08:00:00.000Z,31,Istanbul,142,8595.207
2025-11-08T08:00:00.000Z,32,Buenos Aires,144,8188.459
2025-11-08T08:00:00.000Z,33,Osaka,146,8026.351000000001
2025-11-08T08:00:00.000Z,34,Mumbai,146,8621.113000000001
2025-11-08T08:00:00.000Z,35,Stockholm,148,7653.219
2025-11-08T08:00:00.000Z,36,Ho Chi Minh City,148,8482.557
2025-11-08T08:00:00.000Z,37,Kolkata,150,8926.365
2025-11-08T08:00:00.000Z,38,Riyadh,151,7366.266
2025-11-08T08:00:00.000Z,39,Rome,151,7715.257
2025-11-08T08:00:00.000Z,40,Dubai,152,6687.513
2025-11-08T08:00:00.000Z,41,Madrid,152,7826.691000000001
2025-11-08T08:00:00.000Z,42,Jakarta,152,8720.24
2025-11-08T08:00:00.000Z,43,Chennai,153,7058.698
2025-11-08T08:00:00.000Z,44,Moscow,155,7805.937
2025-11-08T08:00:00.000Z,45,Shanghai,156,7816.088
2025-11-08T08:00:00.000Z,46,Doha,166,7782.312
2025-11-08T08:00:00.000Z,47,London,168,8343.21
2025-11-08T08:00:00.000Z,48,Paris,170,8963.823
2025-11-08T08:00:00.000Z,49,Bengaluru,175,7757.371
2025-11-08T08:00:00.000Z,50,Helsinki,181,7707.7
2025-11-08T09:00:00.000Z,1,Berlin,111,7032.089
2025-11-08T09:00:00.000Z,2,Manila,116,7946.717
2025-11-08T09:00:00.000Z,3,Karachi,117,8161.173
2025-11-08T09:00:00.000Z,4,Los Angeles,117,8332.021999999999
2025-11-08T09:00:00.000Z,5,Houston,118,6267.9439999999995
2025-11-08T09:00:00.000Z,6,Tehran,119,7840.937
2025-11-08T09:00:00.000Z,7,San Francisco,125,7482.016
2025-11-08T09:00:00.000Z,8,Tokyo,125,8372.685
2025-11-08T09:00:00.000Z,9,Delhi,125,8422.904
2025-11-08T09:00:00.000Z,10,Auckland,127,8399.889
2025-11-08T09:00:00.000Z,11,Vancouver,129,8993.61
2025-11-08T09:00:00.000Z,12,Hong Kong,131,7239.171
2025-11-08T09:00:00.000Z,13,Cairo,131,7360.714
2025-11-08T09:00:00.000Z,14,Toronto,131,7753.225
2025-11-08T09:00:00.000Z,15,Melbourne,131,8431.524
2025-11-08T09:00:00.000Z,16,Warsaw,132,6773.923
2025-11-08T09:00:00.000Z,17,Beijing,133,8679.218
2025-11-08T09:00:00.000Z,18,Chicago,133,9015.593
2025-11-08T09:00:00.000Z,19,Bangkok,134,6195.0740000000005
2025-11-08T09:00:00.000Z,20,Stockholm,134,8177.284
2025-11-08T09:00:00.000Z,21,New York,134,9091.017
2025-11-08T09:00:00.000Z,22,Singapore,138,7305.58
2025-11-08T09:00:00.000Z,23,Lagos,138,9849.226
2025-11-08T09:00:00.000Z,24,Madrid,139,7952.005999999999
2025-11-08T09:00:00.000Z,25,Nairobi,140,7704.377
2025-11-08T09:00:00.000Z,26,São Paulo,140,8009.295
2025-11-08T09:00:00.000Z,27,Sydney,140,8043.514999999999
2025-11-08T09:00:00.000Z,28,Cape Town,140,8078.5070000000005
2025-11-08T09:00:00.000Z,29,Seoul,140,8986.205
2025-11-08T09:00:00.000Z,30,Kuala Lumpur,141,8062.665
2025-11-08T09:00:00.000Z,31,Zurich,141,8430.125
2025-11-08T09:00:00.000Z,32,Istanbul,142,8736.902
2025-11-08T09:00:00.000Z,33,Buenos Aires,144,8452.523000000001
2025-11-08T09:00:00.000Z,34,Osaka,146,7686.32
2025-11-08T09:00:00.000Z,35,Mumbai,146,8466.781
2025-11-08T09:00:00.000Z,36,Ho Chi Minh City,148,8014.714
2025-11-08T09:00:00.000Z,37,Mexico City,149,7348.552
2025-11-08T09:00:00.000Z,38,Kolkata,150,8604.601999999999
2025-11-08T09:00:00.000Z,39,Riyadh,151,7320.993
2025-11-08T09:00:00.000Z,40,Rome,151,7968.693
2025-11-08T09:00:00.000Z,41,Dubai,152,7365.918
2025-11-08T09:00:00.000Z,42,Jakarta,152,8944.712
2025-11-08T09:00:00.000Z,43,Chennai,153,7248.771
2025-11-08T09:00:00.000Z,44,Moscow,155,7527.897999999999
2025-11-08T09:00:00.000Z,45,Shanghai,156,7689.630999999999
2025-11-08T09:00:00.000Z,46,Doha,166,7875.276
2025-11-08T09:00:00.000Z,47,London,168,8089.975
2025-11-08T09:00:00.000Z,48,Paris,170,8569.6
2025-11-08T09:00:00.000Z,49,Bengaluru,175,7889.4220000000005
2025-11-08T09:00:00.000Z,50,Helsinki,181,7584.89
2025-11-08T10:00:00.000Z,1,Berlin,111,6617.434
2025-11-08T10:00:00.000Z,2,Karachi,114,8189.121
2025-11-08T10:00:00.000Z,3,Manila,116,8057.573
2025-11-08T10:00:00.000Z,4,Los Angeles,117,7523.566000000001
2025-11-08T10:00:00.000Z,5,Houston,118,5935.758
2025-11-08T10:00:00.000Z,6,Tehran,119,8217.694
2025-11-08T10:00:00.000Z,7,Zurich,124,8779.849
2025-11-08T10:00:00.000Z,8,San Francisco,125,7534.372
2025-11-08T10:00:00.000Z,9,Delhi,125,7582.744000000001
2025-11-08T10:00:00.000Z,10,Tokyo,125,7714.96
2025-11-08T10:00:00.000Z,11,Cape Town,125,8496.685
2025-11-08T10:00:00.000Z,12,Auckland,127,8662.574
2025-11-08T10:00:00.000Z,13,New York,127,8670.704
2025-11-08T10:00:00.000Z,14,Paris,129,8411.019
2025-11-08T10:00:00.000Z,15,Vancouver,129,8945.371
2025-11-08T10:00:00.000Z,16,Toronto,131,7524.003000000001
2025-11-08T10:00:00.000Z,17,Hong Kong,131,7814.4890000000005
2025-11-08T10:00:00.000Z,18,Cairo,131,8052.378000000001
2025-11-08T10:00:00.000Z,19,Warsaw,132,6826.891
2025-11-08T10:00:00.000Z,20,Beijing,133,8687.631
2025-11-08T10:00:00.000Z,21,Chicago,133,9252.544
2025-11-08T10:00:00.000Z,22,Bangkok,134,6519.813
2025-11-08T10:00:00.000Z,23,Stockholm,134,7874.745
2025-11-08T10:00:00.000Z,24,Singapore,138,7457.1669999999995
2025-11-08T10:00:00.000Z,25,Melbourne,138,8685.063
2025-11-08T10:00:00.000Z,26,Lagos,138,9869.596
2025-11-08T10:00:00.000Z,27,Madrid,139,8031.647999999999
2025-11-08T10:00:00.000Z,28,Sydney,140,7587.927
2025-11-08T10:00:00.000Z,29,Seoul,140,8561.655
2025-11-08T10:00:00.000Z,30,Chennai,141,6728.325
2025-11-08T10:00:00.000Z,31,Kuala Lumpur,141,7464.6140000000005
2025-11-08T10:00:00.000Z,32,Istanbul,142,8309.375
2025-11-08T10:00:00.000Z,33,Mumbai,144,7841.966
2025-11-08T10:00:00.000Z,34,Buenos Aires,144,7954.688
2025-11-08T10:00:00.000Z,35,Kolkata,145,7931.428
2025-11-08T10:00:00.000Z,36,Osaka,146,7234.112
2025-11-08T10:00:00.000Z,37,São Paulo,147,7041.309
2025-11-08T10:00:00.000Z,38,Ho Chi Minh City,148,8232.144
2025-11-08T10:00:00.000Z,39,Mexico City,149,7606.404
2025-11-08T10:00:00.000Z,40,Riyadh,151,7172.196
2025-11-08T10:00:00.000Z,41,Rome,151,7706.254
2025-11-08T10:00:00.000Z,42,Dubai,152,7537.135
2025-11-08T10:00:00.000Z,43,Jakarta,152,8379.599
2025-11-08T10:00:00.000Z,44,Moscow,155,7661.332
2025-11-08T10:00:00.000Z,45,Nairobi,155,7723.157
2025-11-08T10:00:00.000Z,46,Shanghai,156,7665.201
2025-11-08T10:00:00.000Z,47,Doha,166,8119.614
2025-11-08T10:00:00.000Z,48,London,168,7996.0779999999995
2025-11-08T10:00:00.000Z,49,Bengaluru,175,8273.705
2025-11-08T10:00:00.000Z,50,Helsinki,181,7774.695
2025-11-08T11:00:00.000Z,1,Istanbul,108,7730.104
2025-11-08T11:00:00.000Z,2,Berlin,111,6998.514
2025-11-08T11:00:00.000Z,3,Karachi,114,8617.572
2025-11-08T11:00:00.000Z,4,Manila,116,8283.419
2025-11-08T11:00:00.000Z,5,Los Angeles,117,7022.9220000000005
2025-11-08T11:00:00.000Z,6,Delhi,117,7223.107
2025-11-08T11:00:00.000Z,7,Houston,118,5975.789
2025-11-08T11:00:00.000Z,8,Tehran,119,7793.532999999999
2025-11-08T11:00:00.000Z,9,Zurich,120,8809.399
2025-11-08T11:00:00.000Z,10,Tokyo,123,7885.8330000000005
2025-11-08T11:00:00.000Z,11,Cape Town,125,7957.6669999999995
2025-11-08T11:00:00.000Z,12,Auckland,127,8412.952000000001
2025-11-08T11:00:00.000Z,13,New York,127,8803.036
2025-11-08T11:00:00.000Z,14,Paris,129,8524.422999999999
2025-11-08T11:00:00.000Z,15,Vancouver,129,8586.064
2025-11-08T11:00:00.000Z,16,Moscow,131,7804.952
2025-11-08T11:00:00.000Z,17,Toronto,131,7868.4400000000005
2025-11-08T11:00:00.000Z,18,Hong Kong,131,8144.478
2025-11-08T11:00:00.000Z,19,Cairo,131,8232.016
2025-11-08T11:00:00.000Z,20,Warsaw,132,7097.131
2025-11-08T11:00:00.000Z,21,Buenos Aires,132,8267.563
2025-11-08T11:00:00.000Z,22,Beijing,133,8261.054
2025-11-08T11:00:00.000Z,23,Chicago,133,9107.23
2025-11-08T11:00:00.000Z,24,Bangkok,134,7089.989
2025-11-08T11:00:00.000Z,25,Stockholm,134,8024.675
2025-11-08T11:00:00.000Z,26,Singapore,138,7564.816000000001
2025-11-08T11:00:00.000Z,27,Melbourne,138,8438.955
2025-11-08T11:00:00.000Z,28,Lagos,138,9410.985
2025-11-08T11:00:00.000Z,29,Ho Chi Minh City,139,8027.433999999999
2025-11-08T11:00:00.000Z,30,Madrid,139,8570.902
2025-11-08T11:00:00.000Z,31,San Francisco,140,7723.331
2025-11-08T11:00:00.000Z,32,Sydney,140,7959.322
2025-11-08T11:00:00.000Z,33,Seoul,140,8632.809000000001
2025-11-08T11:00:00.000Z,34,Chennai,141,6627.881
2025-11-08T11:00:00.000Z,35,Kuala Lumpur,141,7738.592000000001
2025-11-08T11:00:00.000Z,36,Mumbai,144,8082.316
2025-11-08T11:00:00.000Z,37,Kolkata,145,7442.318
2025-11-08T11:00:00.000Z,38,Osaka,146,7369.532
2025-11-08T11:00:00.000Z,39,São Paulo,147,7234.599
2025-11-08T11:00:00.000Z,40,Mexico City,149,7414.509
2025-11-08T11:00:00.000Z,41,Rome,151,7291.945
2025-11-08T11:00:00.000Z,42,Riyadh,151,7710.151
2025-11-08T11:00:00.000Z,43,Dubai,152,7902.364
2025-11-08T11:00:00.000Z,44,Jakarta,152,8387.654
2025-11-08T11:00:00.000Z,45,Nairobi,155,8055.236
2025-11-08T11:00:00.000Z,46,Shanghai,156,8174.110000000001
2025-11-08T11:00:00.000Z,47,Doha,166,8319.653
2025-11-08T11:00:00.000Z,48,London,168,7453.481
2025-11-08T11:00:00.000Z,49,Bengaluru,175,7878.184
2025-11-08T11:00:00.000Z,50,Helsinki,181,8371.93
2025-11-08T12:00:00.000Z,1,Berlin,105,6785.259
2025-11-08T12:00:00.000Z,2,Manila,106,8333.194
2025-11-08T12:00:00.000Z,3,Istanbul,108,7711.187
2025-11-08T12:00:00.000Z,4,Paris,113,9097.166000000001
2025-11-08T12:00:00.000Z,5,Tehran,115,7667.811
2025-11-08T12:00:00.000Z,6,Houston,116,6781.549
2025-11-08T12:00:00.000Z,7,Delhi,117,7546.144
2025-11-08T12:00:00.000Z,8,Karachi,119,8378.411
2025-11-08T12:00:00.000Z,9,Buenos Aires,120,8710.888
2025-11-08T12:00:00.000Z,10,Hong Kong,121,8633.324
2025-11-08T12:00:00.000Z,11,Tokyo,123,7101.445
2025-11-08T12:00:00.000Z,12,Zurich,124,8784.621
2025-11-08T12:00:00.000Z,13,Cape Town,125,8278.006
2025-11-08T12:00:00.000Z,14,Stockholm,127,8257.888
2025-11-08T12:00:00.000Z,15,New York,127,9152.891
2025-11-08T12:00:00.000Z,16,Kolkata,129,7390.311
2025-11-08T12:00:00.000Z,17,Vancouver,129,8684.788
2025-11-08T12:00:00.000Z,18,Cairo,130,7444.303
2025-11-08T12:00:00.000Z,19,Sydney,130,7638.919
2025-11-08T12:00:00.000Z,20,Moscow,131,7657.312
2025-11-08T12:00:00.000Z,21,Warsaw,132,6828.188
2025-11-08T12:00:00.000Z,22,Bengaluru,133,8056.296
2025-11-08T12:00:00.000Z,23,Beijing,133,8453.8
2025-11-08T12:00:00.000Z,24,Bangkok,134,7362.236
2025-11-08T12:00:00.000Z,25,Kuala Lumpur,134,7409.715
2025-11-08T12:00:00.000Z,26,Chicago,137,8938.564
2025-11-08T12:00:00.000Z,27,Mumbai,138,7647.849
2025-11-08T12:00:00.000Z,28,Singapore,138,7848.32
2025-11-08T12:00:00.000Z,29,Lagos,138,9049.391
2025-11-08T12:00:00.000Z,30,Melbourne,138,9105.564
2025-11-08T12:00:00.000Z,31,Ho Chi Minh City,139,7886.992
2025-11-08T12:00:00.000Z,32,Madrid,139,8825.279
2025-11-08T12:00:00.000Z,33,San Francisco,140,7658.632
2025-11-08T12:00:00.000Z,34,Seoul,140,8089.225
2025-11-08T12:00:00.000Z,35,Chennai,141,7374.1630000000005
2025-11-08T12:00:00.000Z,36,Dubai,144,7881.613
2025-11-08T12:00:00.000Z,37,Osaka,146,7626.416
2025-11-08T12:00:00.000Z,38,Toronto,147,8014.89
2025-11-08T12:00:00.000Z,39,São Paulo,147,8097.978999999999
2025-11-08T12:00:00.000Z,40,Auckland,147,8590.225
2025-11-08T12:00:00.000Z,41,Mexico City,149,7090.866
2025-11-08T12:00:00.000Z,42,Rome,151,7315.546
2025-11-08T12:00:00.000Z,43,Riyadh,151,7620.9
2025-11-08T12:00:00.000Z,44,Jakarta,152,8123.428
2025-11-08T12:00:00.000Z,45,Nairobi,155,8659.402
2025-11-08T12:00:00.000Z,46,Shanghai,156,8388.665
2025-11-08T12:00:00.000Z,47,Los Angeles,162,6857.028
2025-11-08T12:00:00.000Z,48,Doha,166,8646.948
2025-11-08T12:00:00.000Z,49,London,168,7962.342000000001
2025-11-08T12:00:00.000Z,50,Helsinki,181,8336.723
2025-11-08T13:00:00.000Z,1,Berlin,105,6872.892
2025-11-08T13:00:00.000Z,2,Manila,106,8493.041
2025-11-08T13:00:00.000Z,3,Istanbul,108,7449.724
2025-11-08T13:00:00.000Z,4,Paris,113,8347.568
2025-11-08T13:00:00.000Z,5,Tehran,115,7182.054
2025-11-08T13:00:00.000Z,6,Houston,116,6776.228999999999
2025-11-08T13:00:00.000Z,7,Delhi,117,7818.274
2025-11-08T13:00:00.000Z,8,Stockholm,117,8167.155
2025-11-08T13:00:00.000Z,9,Buenos Aires,118,8474.907
2025-11-08T13:00:00.000Z,10,Karachi,119,8600.823
2025-11-08T13:00:00.000Z,11,Hong Kong,121,9159.466
2025-11-08T13:00:00.000Z,12,Warsaw,122,6752.255
2025-11-08T13:00:00.000Z,13,Tokyo,123,6950.066
2025-11-08T13:00:00.000Z,14,Zurich,124,7988.360000000001
2025-11-08T13:00:00.000Z,15,Moscow,126,7657.23
2025-11-08T13:00:00.000Z,16,New York,127,8426.664
2025-11-08T13:00:00.000Z,17,Shanghai,127,8558.136
2025-11-08T13:00:00.000Z,18,Vancouver,129,9087.030999999999
2025-11-08T13:00:00.000Z,19,Cairo,130,7398.142
2025-11-08T13:00:00.000Z,20,Kolkata,130,7438.307
2025-11-08T13:00:00.000Z,21,Sydney,130,8205.785
2025-11-08T13:00:00.000Z,22,Cape Town,131,7913.669
2025-11-08T13:00:00.000Z,23,Beijing,131,7962.3060000000005
2025-11-08T13:00:00.000Z,24,Bengaluru,133,8161.459000000001
2025-11-08T13:00:00.000Z,25,Bangkok,134,7124.098
2025-11-08T13:00:00.000Z,26,Kuala Lumpur,134,7250.34
2025-11-08T13:00:00.000Z,27,Mumbai,138,7297.892
2025-11-08T13:00:00.000Z,28,Lagos,138,8964.311
2025-11-08T13:00:00.000Z,29,Melbourne,138,9578.893
2025-11-08T13:00:00.000Z,30,Ho Chi Minh City,139,7857.248
2025-11-08T13:00:00.000Z,31,Madrid,139,8791.929
2025-11-08T13:00:00.000Z,32,Seoul,140,7449.521000000001
2025-11-08T13:00:00.000Z,33,Dubai,140,7906.514
2025-11-08T13:00:00.000Z,34,San Francisco,140,8401.052
2025-11-08T13:00:00.000Z,35,Chennai,141,7366.927
2025-11-08T13:00:00.000Z,36,Osaka,146,7478.145
2025-11-08T13:00:00.000Z,37,Toronto,147,8013.809
2025-11-08T13:00:00.000Z,38,Auckland,147,8029.983
2025-11-08T13:00:00.000Z,39,São Paulo,147,8460.12
2025-11-08T13:00:00.000Z,40,Mexico City,149,7278.9490000000005
2025-11-08T13:00:00.000Z,41,Rome,151,7398.061
2025-11-08T13:00:00.000Z,42,Riyadh,151,7935.885
2025-11-08T13:00:00.000Z,43,Jakarta,152,8018.019
2025-11-08T13:00:00.000Z,44,Singapore,155,8493.332
2025-11-08T13:00:00.000Z,45,Nairobi,155,8848.476999999999
2025-11-08T13:00:00.000Z,46,Chicago,156,8430.899
2025-11-08T13:00:00.000Z,47,Doha,166,8664.757
2025-11-08T13:00:00.000Z,48,London,168,7735.857
2025-11-08T13:00:00.000Z,49,Los Angeles,169,7005.231
2025-11-08T13:00:00.000Z,50,Helsinki,171,8283.767
2025-11-08T14:00:00.000Z,1,Berlin,105,6489.07
2025-11-08T14:00:00.000Z,2,Manila,106,8443.668
2025-11-08T14:00:00.000Z,3,Istanbul,108,7697.3
2025-11-08T14:00:00.000Z,4,Tehran,115,7471.472
2025-11-08T14:00:00.000Z,5,Houston,116,6352.645
2025-11-08T14:00:00.000Z,6,Stockholm,117,8072.545
2025-11-08T14:00:00.000Z,7,Buenos Aires,118,8627.428
2025-11-08T14:00:00.000Z,8,Karachi,119,8529.827
2025-11-08T14:00:00.000Z,9,Paris,120,8491.51
2025-11-08T14:00:00.000Z,10,Hong Kong,121,8784.517
2025-11-08T14:00:00.000Z,11,Tokyo,123,6943.5830000000005
2025-11-08T14:00:00.000Z,12,Zurich,124,7856.967
2025-11-08T14:00:00.000Z,13,Shanghai,127,8525.769
2025-11-08T14:00:00.000Z,14,New York,127,8780.306
2025-11-08T14:00:00.000Z,15,Vancouver,129,8871.072
2025-11-08T14:00:00.000Z,16,Kolkata,130,7074.083
2025-11-08T14:00:00.000Z,17,Cairo,130,7156.28
2025-11-08T14:00:00.000Z,18,Sydney,130,7907.689
2025-11-08T14:00:00.000Z,19,Cape Town,131,7826.092000000001
2025-11-08T14:00:00.000Z,20,Bangkok,133,7213.879
2025-11-08T14:00:00.000Z,21,Mumbai,138,7293.604
2025-11-08T14:00:00.000Z,22,Lagos,138,8535.095
2025-11-08T14:00:00.000Z,23,Melbourne,138,9277.321
2025-11-08T14:00:00.000Z,24,Ho Chi Minh City,139,7920.583
2025-11-08T14:00:00.000Z,25,Beijing,139,8031.514
2025-11-08T14:00:00.000Z,26,Madrid,139,8091.966
2025-11-08T14:00:00.000Z,27,Seoul,140,7692.809
2025-11-08T14:00:00.000Z,28,Dubai,140,7921.925
2025-11-08T14:00:00.000Z,29,San Francisco,140,8168.504
2025-11-08T14:00:00.000Z,30,Warsaw,141,6959.33
2025-11-08T14:00:00.000Z,31,Chennai,141,7527.055
2025-11-08T14:00:00.000Z,32,Kuala Lumpur,143,7540.9529999999995
2025-11-08T14:00:00.000Z,33,Rome,144,6743.266
2025-11-08T14:00:00.000Z,34,Auckland,147,7756.263
2025-11-08T14:00:00.000Z,35,Toronto,147,8112.5869999999995
2025-11-08T14:00:00.000Z,36,São Paulo,147,8123.481
2025-11-08T14:00:00.000Z,37,Bengaluru,148,8036.656
2025-11-08T14:00:00.000Z,38,Mexico City,149,7670.485000000001
2025-11-08T14:00:00.000Z,39,Riyadh,151,8239.885
2025-11-08T14:00:00.000Z,40,Jakarta,152,7993.594999999999
2025-11-08T14:00:00.000Z,41,Singapore,155,8584.466
2025-11-08T14:00:00.000Z,42,Nairobi,155,9095.407
2025-11-08T14:00:00.000Z,43,Moscow,156,7720.673000000001
2025-11-08T14:00:00.000Z,44,Chicago,156,8275.788
2025-11-08T14:00:00.000Z,45,Delhi,157,8567.288
2025-11-08T14:00:00.000Z,46,Doha,166,8233.421
2025-11-08T14:00:00.000Z,47,London,168,7439.511
2025-11-08T14:00:00.000Z,48,Los Angeles,169,7460.067
2025-11-08T14:00:00.000Z,49,Helsinki,171,7881.3730000000005
2025-11-08T14:00:00.000Z,50,Osaka,172,7445.557
2025-11-08T15:00:00.000Z,1,Manila,106,8586.0
2025-11-08T15:00:00.000Z,2,London,109,7821.991
2025-11-08T15:00:00.000Z,3,Tehran,115,7587.311
2025-11-08T15:00:00.000Z,4,Ho Chi Minh City,116,7412.123
2025-11-08T15:00:00.000Z,5,Stockholm,117,7637.876
2025-11-08T15:00:00.000Z,6,Madrid,117,8479.663
2025-11-08T15:00:00.000Z,7,Berlin,118,7180.608
2025-11-08T15:00:00.000Z,8,Buenos Aires,118,8008.911
2025-11-08T15:00:00.000Z,9,Karachi,119,8174.234
2025-11-08T15:00:00.000Z,10,Houston,120,6074.687
2025-11-08T15:00:00.000Z,11,Tokyo,123,7211.518
2025-11-08T15:00:00.000Z,12,Zurich,124,7539.3859999999995
2025-11-08T15:00:00.000Z,13,New York,127,7860.403
2025-11-08T15:00:00.000Z,14,Shanghai,127,8438.928
2025-11-08T15:00:00.000Z,15,Vancouver,129,8336.634
2025-11-08T15:00:00.000Z,16,Kolkata,130,7110.941
2025-11-08T15:00:00.000Z,17,Cape Town,131,7633.992
2025-11-08T15:00:00.000Z,18,Bangkok,133,7324.751
2025-11-08T15:00:00.000Z,19,Paris,133,8688.014
2025-11-08T15:00:00.000Z,20,Chennai,136,8018.809
2025-11-08T15:00:00.000Z,21,Mumbai,138,7166.997
2025-11-08T15:00:00.000Z,22,Lagos,138,7893.3099999999995
2025-11-08T15:00:00.000Z,23,Melbourne,138,9466.815
2025-11-08T15:00:00.000Z,24,Jakarta,139,7853.432000000001
2025-11-08T15:00:00.000Z,25,Seoul,140,7847.673
2025-11-08T15:00:00.000Z,26,Dubai,140,8152.629
2025-11-08T15:00:00.000Z,27,San Francisco,140,8164.6630000000005
2025-11-08T15:00:00.000Z,28,Warsaw,141,7268.011
2025-11-08T15:00:00.000Z,29,Kuala Lumpur,143,7675.503000000001
2025-11-08T15:00:00.000Z,30,Rome,144,6583.559
2025-11-08T15:00:00.000Z,31,Auckland,147,7970.8189999999995
2025-11-08T15:00:00.000Z,32,Toronto,147,8148.289
2025-11-08T15:00:00.000Z,33,Cairo,148,6951.832
2025-11-08T15:00:00.000Z,34,Bengaluru,148,8204.863
2025-11-08T15:00:00.000Z,35,Riyadh,148,8657.669
2025-11-08T15:00:00.000Z,36,Mexico City,149,7347.8
2025-11-08T15:00:00.000Z,37,Hong Kong,150,8781.753
2025-11-08T15:00:00.000Z,38,Sydney,152,8239.641
2025-11-08T15:00:00.000Z,39,São Paulo,152,8247.959
2025-11-08T15:00:00.000Z,40,Singapore,155,8164.859
2025-11-08T15:00:00.000Z,41,Nairobi,155,9010.533
2025-11-08T15:00:00.000Z,42,Moscow,156,7587.092000000001
2025-11-08T15:00:00.000Z,43,Chicago,156,8562.907
2025-11-08T15:00:00.000Z,44,Delhi,158,9154.707
2025-11-08T15:00:00.000Z,45,Istanbul,160,7440.372
2025-11-08T15:00:00.000Z,46,Doha,164,7695.859
2025-11-08T15:00:00.000Z,47,Los Angeles,169,7441.857
2025-11-08T15:00:00.000Z,48,Helsinki,171,7783.659
2025-11-08T15:00:00.000Z,49,Beijing,171,8376.802
2025-11-08T15:00:00.000Z,50,Osaka,172,7502.532
2025-11-08T16:00:00.000Z,1,Tokyo,105,6972.017
2025-11-08T16:00:00.000Z,2,Manila,106,8440.748
2025-11-08T16:00:00.000Z,3,London,109,7600.728
2025-11-08T16:00:00.000Z,4,Tehran,115,7991.627
2025-11-08T16:00:00.000Z,5,Ho Chi Minh City,116,7412.012
2025-11-08T16:00:00.000Z,6,Lagos,117,7549.522
2025-11-08T16:00:00.000Z,7,Stockholm,117,7683.795
2025-11-08T16:00:00.000Z,8,Buenos Aires,117,8187.588
2025-11-08T16:00:00.000Z,9,Madrid,117,8571.415
2025-11-08T16:00:00.000Z,10,Karachi,119,8357.595
2025-11-08T16:00:00.000Z,11,Houston,120,6619.3189999999995
2025-11-08T16:00:00.000Z,12,Zurich,124,7501.165
2025-11-08T16:00:00.000Z,13,Mumbai,126,7653.821
2025-11-08T16:00:00.000Z,14,New York,127,8148.627
2025-11-08T16:00:00.000Z,15,Shanghai,127,8765.989
2025-11-08T16:00:00.000Z,16,Vancouver,129,8048.956
2025-11-08T16:00:00.000Z,17,Kolkata,130,7213.9169999999995
2025-11-08T16:00:00.000Z,18,Cape Town,131,8259.1
2025-11-08T16:00:00.000Z,19,Paris,133,7967.734
2025-11-08T16:00:00.000Z,20,Berlin,136,7455.157
2025-11-08T16:00:00.000Z,21,Chennai,136,7891.689
2025-11-08T16:00:00.000Z,22,Seoul,137,7584.068
2025-11-08T16:00:00.000Z,23,Melbourne,138,9524.038
2025-11-08T16:00:00.000Z,24,Jakarta,139,7729.043
2025-11-08T16:00:00.000Z,25,Dubai,140,7905.3730000000005
2025-11-08T16:00:00.000Z,26,San Francisco,140,8355.530999999999
2025-11-08T16:00:00.000Z,27,Warsaw,141,7471.72
2025-11-08T16:00:00.000Z,28,Kuala Lumpur,143,7544.734
2025-11-08T16:00:00.000Z,29,Rome,144,6876.584
2025-11-08T16:00:00.000Z,30,Auckland,147,7758.755999999999
2025-11-08T16:00:00.000Z,31,Toronto,147,8180.784
2025-11-08T16:00:00.000Z,32,Cairo,148,7142.505999999999
2025-11-08T16:00:00.000Z,33,Bengaluru,148,7839.687
2025-11-08T16:00:00.000Z,34,Riyadh,148,8453.205
2025-11-08T16:00:00.000Z,35,Mexico City,149,7863.978
2025-11-08T16:00:00.000Z,36,Hong Kong,150,8963.391
2025-11-08T16:00:00.000Z,37,Sydney,152,7968.3150000000005
2025-11-08T16:00:00.000Z,38,São Paulo,152,8594.757
2025-11-08T16:00:00.000Z,39,Singapore,155,7909.702
2025-11-08T16:00:00.000Z,40,Nairobi,155,8134.803
2025-11-08T16:00:00.000Z,41,Moscow,156,7801.136
2025-11-08T16:00:00.000Z,42,Chicago,156,8255.153
2025-11-08T16:00:00.000Z,43,Bangkok,157,7288.503000000001
2025-11-08T16:00:00.000Z,44,Delhi,158,9278.761
2025-11-08T16:00:00.000Z,45,Istanbul,160,7254.1720000000005
2025-11-08T16:00:00.000Z,46,Doha,164,7762.588
2025-11-08T16:00:00.000Z,47,Los Angeles,169,7488.603
2025-11-08T16:00:00.000Z,48,Beijing,171,7879.2880000000005
2025-11-08T16:00:00.000Z,49,Helsinki,171,8316.329
2025-11-08T16:00:00.000Z,50,Osaka,172,7343.209
2025-11-08T17:00:00.000Z,1,Tokyo,105,7800.3
2025-11-08T17:00:00.000Z,2,Manila,106,8182.192
2025-11-08T17:00:00.000Z,3,London,109,7875.689
2025-11-08T17:00:00.000Z,4,Madrid,111,8724.02
2025-11-08T17:00:00.000Z,5,Vancouver,115,7574.995
2025-11-08T17:00:00.000Z,6,Tehran,115,8002.136
2025-11-08T17:00:00.000Z,7,Ho Chi Minh City,116,7575.102
2025-11-08T17:00:00.000Z,8,Stockholm,117,6905.397999999999
2025-11-08T17:00:00.000Z,9,Buenos Aires,117,8317.498
2025-11-08T17:00:00.000Z,10,Karachi,119,8007.548000000001
2025-11-08T17:00:00.000Z,11,Houston,120,6611.466
2025-11-08T17:00:00.000Z,12,Zurich,124,7890.046
2025-11-08T17:00:00.000Z,13,Mumbai,126,7557.88
2025-11-08T17:00:00.000Z,14,New York,127,7529.412
2025-11-08T17:00:00.000Z,15,Shanghai,127,9209.586
2025-11-08T17:00:00.000Z,16,Kolkata,130,7187.739
2025-11-08T17:00:00.000Z,17,Seoul,130,7339.030000000001
2025-11-08T17:00:00.000Z,18,Cape Town,131,7812.411
2025-11-08T17:00:00.000Z,19,Chennai,132,8032.187
2025-11-08T17:00:00.000Z,20,Paris,133,8063.875
2025-11-08T17:00:00.000Z,21,Berlin,136,8072.293
2025-11-08T17:00:00.000Z,22,Melbourne,138,9644.055
2025-11-08T17:00:00.000Z,23,Jakarta,139,7203.471
2025-11-08T17:00:00.000Z,24,Dubai,140,7667.347
2025-11-08T17:00:00.000Z,25,San Francisco,140,7906.745
2025-11-08T17:00:00.000Z,26,Mexico City,143,7361.674
2025-11-08T17:00:00.000Z,27,Kuala Lumpur,143,7567.5470000000005
2025-11-08T17:00:00.000Z,28,Rome,144,7372.27
2025-11-08T17:00:00.000Z,29,Auckland,147,7627.998
2025-11-08T17:00:00.000Z,30,Toronto,147,7973.715
2025-11-08T17:00:00.000Z,31,Cairo,148,6855.218
2025-11-08T17:00:00.000Z,32,Bengaluru,148,7501.994000000001
2025-11-08T17:00:00.000Z,33,Riyadh,148,8960.596
2025-11-08T17:00:00.000Z,34,Hong Kong,150,8884.023
2025-11-08T17:00:00.000Z,35,Sydney,152,8120.321
2025-11-08T17:00:00.000Z,36,São Paulo,152,8428.534
2025-11-08T17:00:00.000Z,37,Singapore,155,7450.008
2025-11-08T17:00:00.000Z,38,Nairobi,155,8162.415
2025-11-08T17:00:00.000Z,39,Moscow,156,7707.275
2025-11-08T17:00:00.000Z,40,Chicago,156,8681.193
2025-11-08T17:00:00.000Z,41,Lagos,157,7678.024
2025-11-08T17:00:00.000Z,42,Bangkok,157,7932.488
2025-11-08T17:00:00.000Z,43,Delhi,158,9512.815
2025-11-08T17:00:00.000Z,44,Istanbul,160,7183.496
2025-11-08T17:00:00.000Z,45,Doha,164,7842.772
2025-11-08T17:00:00.000Z,46,Warsaw,165,7727.455
2025-11-08T17:00:00.000Z,47,Los Angeles,169,7369.945
2025-11-08T17:00:00.000Z,48,Beijing,171,7752.777
2025-11-08T17:00:00.000Z,49,Helsinki,171,9076.42
2025-11-08T17:00:00.000Z,50,Osaka,172,7589.571
2025-11-08T18:00:00.000Z,1,Ho Chi Minh City,104,7301.724
2025-11-08T18:00:00.000Z,2,London,109,7755.805
2025-11-08T18:00:00.000Z,3,Tehran,110,8219.192
2025-11-08T18:00:00.000Z,4,Madrid,114,8543.186
2025-11-08T18:00:00.000Z,5,Tokyo,117,8063.844
2025-11-08T18:00:00.000Z,6,Buenos Aires,117,9042.67
2025-11-08T18:00:00.000Z,7,Karachi,119,8293.255
2025-11-08T18:00:00.000Z,8,Zurich,124,7382.202
2025-11-08T18:00:00.000Z,9,Mumbai,126,7678.962
2025-11-08T18:00:00.000Z,10,New York,126,7879.603
2025-11-08T18:00:00.000Z,11,Shanghai,128,9065.731
2025-11-08T18:00:00.000Z,12,Melbourne,128,9455.485
2025-11-08T18:00:00.000Z,13,Manila,129,8080.279
2025-11-08T18:00:00.000Z,14,Seoul,130,7512.537
2025-11-08T18:00:00.000Z,15,Cape Town,131,7213.373
2025-11-08T18:00:00.000Z,16,Chennai,132,8627.514
2025-11-08T18:00:00.000Z,17,Paris,133,8120.528
2025-11-08T18:00:00.000Z,18,Dubai,134,7660.906
2025-11-08T18:00:00.000Z,19,Berlin,136,8266.339
2025-11-08T18:00:00.000Z,20,Nairobi,139,7267.406
2025-11-08T18:00:00.000Z,21,Jakarta,139,7424.733
2025-11-08T18:00:00.000Z,22,San Francisco,140,7956.075000000001
2025-11-08T18:00:00.000Z,23,Kolkata,140,8586.106
2025-11-08T18:00:00.000Z,24,Mexico City,143,7356.839
2025-11-08T18:00:00.000Z,25,Kuala Lumpur,143,7596.96
2025-11-08T18:00:00.000Z,26,Rome,144,7463.943
2025-11-08T18:00:00.000Z,27,Auckland,147,6960.582
2025-11-08T18:00:00.000Z,28,Vancouver,147,7200.485
2025-11-08T18:00:00.000Z,29,Toronto,147,7748.746
2025-11-08T18:00:00.000Z,30,Cairo,148,6625.427
2025-11-08T18:00:00.000Z,31,Bengaluru,148,7109.646
2025-11-08T18:00:00.000Z,32,Houston,148,7149.833
2025-11-08T18:00:00.000Z,33,Riyadh,148,9146.298999999999
2025-11-08T18:00:00.000Z,34,Hong Kong,150,8122.754
2025-11-08T18:00:00.000Z,35,Sydney,152,8314.902
2025-11-08T18:00:00.000Z,36,São Paulo,152,9542.006
2025-11-08T18:00:00.000Z,37,Singapore,155,7486.558
2025-11-08T18:00:00.000Z,38,Moscow,156,7980.8060000000005
2025-11-08T18:00:00.000Z,39,Chicago,156,8253.54
2025-11-08T18:00:00.000Z,40,Bangkok,157,7330.122
2025-11-08T18:00:00.000Z,41,Lagos,157,7906.083
2025-11-08T18:00:00.000Z,42,Delhi,158,9694.685
2025-11-08T18:00:00.000Z,43,Istanbul,160,7508.984
2025-11-08T18:00:00.000Z,44,Stockholm,163,7259.982
2025-11-08T18:00:00.000Z,45,Doha,164,7930.621
2025-11-08T18:00:00.000Z,46,Warsaw,165,7449.999
2025-11-08T18:00:00.000Z,47,Los Angeles,169,7560.16
2025-11-08T18:00:00.000Z,48,Beijing,171,7687.724
2025-11-08T18:00:00.000Z,49,Helsinki,171,9685.479
2025-11-08T18:00:00.000Z,50,Osaka,172,7997.974
2025-11-08T19:00:00.000Z,1,Ho Chi Minh City,104,7558.781
2025-11-08T19:00:00.000Z,2,Tehran,110,7754.147
2025-11-08T19:00:00.000Z,3,London,112,7937.563
2025-11-08T19:00:00.000Z,4,Karachi,119,7604.921
2025-11-08T19:00:00.000Z,5,New York,126,7131.224
2025-11-08T19:00:00.000Z,6,Zurich,127,7472.615
2025-11-08T19:00:00.000Z,7,Shanghai,128,9044.416000000001
2025-11-08T19:00:00.000Z,8,Melbourne,128,9830.499
2025-11-08T19:00:00.000Z,9,Manila,129,8105.393
2025-11-08T19:00:00.000Z,10,Seoul,130,7214.5380000000005
2025-11-08T19:00:00.000Z,11,Cape Town,131,7297.184
2025-11-08T19:00:00.000Z,12,Tokyo,132,8284.207
2025-11-08T19:00:00.000Z,13,Dubai,134,8236.816
2025-11-08T19:00:00.000Z,14,Berlin,136,8232.918
2025-11-08T19:00:00.000Z,15,San Francisco,137,7467.864
2025-11-08T19:00:00.000Z,16,Jakarta,139,7133.987
2025-11-08T19:00:00.000Z,17,Nairobi,139,7976.1939999999995
2025-11-08T19:00:00.000Z,18,Paris,140,8246.672
2025-11-08T19:00:00.000Z,19,Kolkata,140,8305.146
2025-11-08T19:00:00.000Z,20,Madrid,141,7847.0599999999995
2025-11-08T19:00:00.000Z,21,Mexico City,143,7137.873
2025-11-08T19:00:00.000Z,22,Kuala Lumpur,143,7375.448
2025-11-08T19:00:00.000Z,23,Rome,144,8384.182
2025-11-08T19:00:00.000Z,24,Mumbai,145,7983.7919999999995
2025-11-08T19:00:00.000Z,25,Buenos Aires,145,8075.152
2025-11-08T19:00:00.000Z,26,Chennai,145,9483.021999999999
2025-11-08T19:00:00.000Z,27,Toronto,147,6891.612999999999
2025-11-08T19:00:00.000Z,28,Vancouver,147,7703.629
2025-11-08T19:00:00.000Z,29,Cairo,148,6230.895
2025-11-08T19:00:00.000Z,30,Houston,148,7030.477
2025-11-08T19:00:00.000Z,31,Bengaluru,148,7550.509
2025-11-08T19:00:00.000Z,32,Auckland,150,6737.148999999999
2025-11-08T19:00:00.000Z,33,Hong Kong,150,7907.4439999999995
2025-11-08T19:00:00.000Z,34,Sydney,152,8060.235000000001
2025-11-08T19:00:00.000Z,35,São Paulo,152,9001.891
2025-11-08T19:00:00.000Z,36,Singapore,155,7977.01
2025-11-08T19:00:00.000Z,37,Moscow,156,7655.026
2025-11-08T19:00:00.000Z,38,Chicago,156,8011.399
2025-11-08T19:00:00.000Z,39,Bangkok,157,6522.267
2025-11-08T19:00:00.000Z,40,Lagos,157,7378.377
2025-11-08T19:00:00.000Z,41,Delhi,158,10046.558
2025-11-08T19:00:00.000Z,42,Riyadh,159,9099.662
2025-11-08T19:00:00.000Z,43,Istanbul,160,8059.959
2025-11-08T19:00:00.000Z,44,Stockholm,163,6944.360000000001
2025-11-08T19:00:00.000Z,45,Doha,164,8027.809
2025-11-08T19:00:00.000Z,46,Warsaw,165,7281.481
2025-11-08T19:00:00.000Z,47,Los Angeles,169,7893.682
2025-11-08T19:00:00.000Z,48,Beijing,171,7661.621
2025-11-08T19:00:00.000Z,49,Helsinki,171,8908.134
2025-11-08T19:00:00.000Z,50,Osaka,172,8630.942
2025-11-08T20:00:00.000Z,1,Ho Chi Minh City,110,7239.168
2025-11-08T20:00:00.000Z,2,London,112,7551.96
2025-11-08T20:00:00.000Z,3,New York,127,6733.727
2025-11-08T20:00:00.000Z,4,Zurich,127,7408.201
2025-11-08T20:00:00.000Z,5,Shanghai,128,8905.078
2025-11-08T20:00:00.000Z,6,Manila,129,7911.9400000000005
2025-11-08T20:00:00.000Z,7,Toronto,130,6978.3460000000005
2025-11-08T20:00:00.000Z,8,Karachi,130,7747.954
2025-11-08T20:00:00.000Z,9,Seoul,130,7883.623
2025-11-08T20:00:00.000Z,10,Cape Town,131,7550.0779999999995
2025-11-08T20:00:00.000Z,11,Dubai,134,8668.808
2025-11-08T20:00:00.000Z,12,Berlin,136,8477.596
2025-11-08T20:00:00.000Z,13,Jakarta,139,7317.282999999999
2025-11-08T20:00:00.000Z,14,Tehran,139,7793.595
2025-11-08T20:00:00.000Z,15,Nairobi,139,7813.874
2025-11-08T20:00:00.000Z,16,Paris,140,7629.851000000001
2025-11-08T20:00:00.000Z,17,Tokyo,140,8234.234
2025-11-08T20:00:00.000Z,18,Kolkata,140,8415.024
2025-11-08T20:00:00.000Z,19,Mexico City,143,7215.641
2025-11-08T20:00:00.000Z,20,Kuala Lumpur,143,7434.201999999999
2025-11-08T20:00:00.000Z,21,Rome,144,8524.768
2025-11-08T20:00:00.000Z,22,Mumbai,145,8190.738
2025-11-08T20:00:00.000Z,23,Buenos Aires,145,8217.213
2025-11-08T20:00:00.000Z,24,Chennai,145,9124.501
2025-11-08T20:00:00.000Z,25,Vancouver,147,7605.2119999999995
2025-11-08T20:00:00.000Z,26,Cairo,148,6642.344
2025-11-08T20:00:00.000Z,27,Houston,148,6748.308
2025-11-08T20:00:00.000Z,28,Bengaluru,148,7705.8369999999995
2025-11-08T20:00:00.000Z,29,Auckland,150,6983.2029999999995
2025-11-08T20:00:00.000Z,30,Hong Kong,150,8155.215
2025-11-08T20:00:00.000Z,31,Sydney,152,8012.542
2025-11-08T20:00:00.000Z,32,São Paulo,152,8149.83
2025-11-08T20:00:00.000Z,33,San Francisco,153,8065.392
2025-11-08T20:00:00.000Z,34,Doha,155,8034.606
2025-11-08T20:00:00.000Z,35,Singapore,155,8197.423999999999
2025-11-08T20:00:00.000Z,36,Moscow,156,8085.684
2025-11-08T20:00:00.000Z,37,Chicago,156,8281.604
2025-11-08T20:00:00.000Z,38,Bangkok,157,6444.927
2025-11-08T20:00:00.000Z,39,Lagos,157,7453.432000000001
2025-11-08T20:00:00.000Z,40,Delhi,158,9982.851
2025-11-08T20:00:00.000Z,41,Riyadh,159,9499.502
2025-11-08T20:00:00.000Z,42,Madrid,160,8042.669
2025-11-08T20:00:00.000Z,43,Istanbul,160,8198.089
2025-11-08T20:00:00.000Z,44,Stockholm,163,7099.023
2025-11-08T20:00:00.000Z,45,Warsaw,165,6959.244
2025-11-08T20:00:00.000Z,46,Los Angeles,169,7791.342
2025-11-08T20:00:00.000Z,47,Beijing,171,7271.892
2025-11-08T20:00:00.000Z,48,Helsinki,171,9658.707
2025-11-08T20:00:00.000Z,49,Osaka,172,8561.208
2025-11-08T20:00:00.000Z,50,Melbourne,174,9129.032
2025-11-08T21:00:00.000Z,1,Singapore,108,7852.314
2025-11-08T21:00:00.000Z,2,Helsinki,126,9835.604
2025-11-08T21:00:00.000Z,3,New York,127,6876.794
2025-11-08T21:00:00.000Z,4,Ho Chi Minh City,127,6886.938
2025-11-08T21:00:00.000Z,5,Zurich,127,7956.83
2025-11-08T21:00:00.000Z,6,Shanghai,128,8002.807
2025-11-08T21:00:00.000Z,7,Manila,129,7316.872
2025-11-08T21:00:00.000Z,8,Seoul,130,8180.106
2025-11-08T21:00:00.000Z,9,Chicago,133,8027.902
2025-11-08T21:00:00.000Z,10,Dubai,134,8672.322
2025-11-08T21:00:00.000Z,11,Mexico City,135,7658.535
2025-11-08T21:00:00.000Z,12,Berlin,136,8573.137999999999
2025-11-08T21:00:00.000Z,13,Jakarta,139,7138.8240000000005
2025-11-08T21:00:00.000Z,14,Tehran,139,7703.991
2025-11-08T21:00:00.000Z,15,Paris,140,8582.485
2025-11-08T21:00:00.000Z,16,Kolkata,140,8764.833999999999
2025-11-08T21:00:00.000Z,17,Tokyo,140,8847.125
2025-11-08T21:00:00.000Z,18,London,142,8684.868
2025-11-08T21:00:00.000Z,19,Kuala Lumpur,143,7605.464
2025-11-08T21:00:00.000Z,20,Nairobi,144,7353.021000000001
2025-11-08T21:00:00.000Z,21,Rome,144,8669.213
2025-11-08T21:00:00.000Z,22,Buenos Aires,145,8167.282
2025-11-08T21:00:00.000Z,23,Mumbai,145,8431.048999999999
2025-11-08T21:00:00.000Z,24,Chennai,145,9203.131
2025-11-08T21:00:00.000Z,25,Vancouver,147,7798.567999999999
2025-11-08T21:00:00.000Z,26,Cairo,148,6266.817
2025-11-08T21:00:00.000Z,27,Houston,148,6973.316
2025-11-08T21:00:00.000Z,28,Bengaluru,148,7652.615
2025-11-08T21:00:00.000Z,29,Cape Town,149,8024.523999999999
2025-11-08T21:00:00.000Z,30,Auckland,150,7548.768
2025-11-08T21:00:00.000Z,31,Los Angeles,150,7564.809
2025-11-08T21:00:00.000Z,32,Hong Kong,150,7643.895
2025-11-08T21:00:00.000Z,33,Sydney,152,7816.013
2025-11-08T21:00:00.000Z,34,São Paulo,152,7928.286
2025-11-08T21:00:00.000Z,35,San Francisco,153,7688.019
2025-11-08T21:00:00.000Z,36,Doha,155,7952.732
2025-11-08T21:00:00.000Z,37,Moscow,156,7963.393
2025-11-08T21:00:00.000Z,38,Bangkok,157,7062.192
2025-11-08T21:00:00.000Z,39,Lagos,157,7165.933
2025-11-08T21:00:00.000Z,40,Delhi,158,9412.667
2025-11-08T21:00:00.000Z,41,Karachi,159,7217.423
2025-11-08T21:00:00.000Z,42,Riyadh,159,9382.280999999999
2025-11-08T21:00:00.000Z,43,Istanbul,160,7883.0470000000005
2025-11-08T21:00:00.000Z,44,Madrid,160,8323.688
2025-11-08T21:00:00.000Z,45,Toronto,162,7510.513
2025-11-08T21:00:00.000Z,46,Stockholm,163,7313.432
2025-11-08T21:00:00.000Z,47,Warsaw,165,7459.63
2025-11-08T21:00:00.000Z,48,Beijing,171,7615.844
2025-11-08T21:00:00.000Z,49,Osaka,172,9135.411
2025-11-08T21:00:00.000Z,50,Melbourne,174,8974.121
2025-11-08T22:00:00.000Z,1,Singapore,108,7605.706
2025-11-08T22:00:00.000Z,2,Kuala Lumpur,122,7237.326
2025-11-08T22:00:00.000Z,3,Rome,126,9068.837
2025-11-08T22:00:00.000Z,4,Helsinki,126,10150.721
2025-11-08T22:00:00.000Z,5,New York,127,6718.9490000000005
2025-11-08T22:00:00.000Z,6,Ho Chi Minh City,127,6790.727
2025-11-08T22:00:00.000Z,7,Shanghai,128,7605.981
2025-11-08T22:00:00.000Z,8,Manila,129,7465.931
2025-11-08T22:00:00.000Z,9,Zurich,129,8075.384
2025-11-08T22:00:00.000Z,10,Chicago,133,8920.403
2025-11-08T22:00:00.000Z,11,Dubai,134,8447.18
2025-11-08T22:00:00.000Z,12,Mexico City,135,7806.249
2025-11-08T22:00:00.000Z,13,Berlin,136,9014.655
2025-11-08T22:00:00.000Z,14,Jakarta,139,7188.018
2025-11-08T22:00:00.000Z,15,Tehran,139,7217.112
2025-11-08T22:00:00.000Z,16,Bengaluru,139,8192.51
2025-11-08T22:00:00.000Z,17,Paris,140,8320.836
2025-11-08T22:00:00.000Z,18,Tokyo,140,9135.574
2025-11-08T22:00:00.000Z,19,Kolkata,140,9446.059
2025-11-08T22:00:00.000Z,20,London,142,8829.669
2025-11-08T22:00:00.000Z,21,Nairobi,144,7811.366
2025-11-08T22:00:00.000Z,22,Mumbai,145,8040.971
2025-11-08T22:00:00.000Z,23,Moscow,145,8084.056
2025-11-08T22:00:00.000Z,24,Buenos Aires,145,8152.643
2025-11-08T22:00:00.000Z,25,Chennai,145,9136.281
2025-11-08T22:00:00.000Z,26,Vancouver,147,8169.429
2025-11-08T22:00:00.000Z,27,Osaka,147,9212.067
2025-11-08T22:00:00.000Z,28,Cairo,148,6669.287
2025-11-08T22:00:00.000Z,29,Houston,148,7078.394
2025-11-08T22:00:00.000Z,30,Cape Town,149,8071.393
2025-11-08T22:00:00.000Z,31,Los Angeles,150,7420.8
2025-11-08T22:00:00.000Z,32,Hong Kong,150,7654.185
2025-11-08T22:00:00.000Z,33,Auckland,150,7814.214
2025-11-08T22:00:00.000Z,34,Sydney,152,7919.683999999999
2025-11-08T22:00:00.000Z,35,São Paulo,152,8323.639
2025-11-08T22:00:00.000Z,36,Doha,155,8222.734
2025-11-08T22:00:00.000Z,37,Lagos,157,6737.811
2025-11-08T22:00:00.000Z,38,Bangkok,157,6924.778
2025-11-08T22:00:00.000Z,39,Delhi,158,9395.497
2025-11-08T22:00:00.000Z,40,Karachi,159,7345.1720000000005
2025-11-08T22:00:00.000Z,41,Riyadh,159,9443.266
2025-11-08T22:00:00.000Z,42,Istanbul,160,7843.064
2025-11-08T22:00:00.000Z,43,Madrid,160,8832.983
2025-11-08T22:00:00.000Z,44,Seoul,161,8021.398999999999
2025-11-08T22:00:00.000Z,45,Toronto,162,6953.662
2025-11-08T22:00:00.000Z,46,Stockholm,163,7413.991
2025-11-08T22:00:00.000Z,47,San Francisco,163,7978.784
2025-11-08T22:00:00.000Z,48,Warsaw,165,7899.883
2025-11-08T22:00:00.000Z,49,Beijing,171,7493.093
2025-11-08T22:00:00.000Z,50,Melbourne,174,8625.57
2025-11-08T23:00:00.000Z,1,Kuala Lumpur,122,7184.532
2025-11-08T23:00:00.000Z,2,Sydney,122,7421.543
2025-11-08T23:00:00.000Z,3,Delhi,126,8739.001
2025-11-08T23:00:00.000Z,4,Helsinki,126,10284.848
2025-11-08T23:00:00.000Z,5,Ho Chi Minh City,127,7286.421
2025-11-08T23:00:00.000Z,6,New York,127,7758.157999999999
2025-11-08T23:00:00.000Z,7,Manila,129,7392.621
2025-11-08T23:00:00.000Z,8,Zurich,129,7682.514
2025-11-08T23:00:00.000Z,9,Hong Kong,129,7979.389999999999
2025-11-08T23:00:00.000Z,10,Jakarta,130,6765.487999999999
2025-11-08T23:00:00.000Z,11,Cairo,132,6792.719999999999
2025-11-08T23:00:00.000Z,12,Istanbul,133,7963.383
2025-11-08T23:00:00.000Z,13,Chicago,133,8182.8009999999995
2025-11-08T23:00:00.000Z,14,Dubai,134,8326.771
2025-11-08T23:00:00.000Z,15,Rome,134,9079.295
2025-11-08T23:00:00.000Z,16,Mexico City,135,7995.465
2025-11-08T23:00:00.000Z,17,Singapore,136,7578.764999999999
2025-11-08T23:00:00.000Z,18,São Paulo,136,8164.031
2025-11-08T23:00:00.000Z,19,Berlin,136,9002.222
2025-11-08T23:00:00.000Z,20,Tehran,139,7106.0380000000005
2025-11-08T23:00:00.000Z,21,Bengaluru,139,8296.493999999999
2025-11-08T23:00:00.000Z,22,Paris,140,7476.293
2025-11-08T23:00:00.000Z,23,Tokyo,140,8793.718
2025-11-08T23:00:00.000Z,24,Kolkata,140,9306.714
2025-11-08T23:00:00.000Z,25,London,142,8806.439
2025-11-08T23:00:00.000Z,26,Nairobi,144,7823.284
2025-11-08T23:00:00.000Z,27,Shanghai,145,7511.309
2025-11-08T23:00:00.000Z,28,Moscow,145,8064.889
2025-11-08T23:00:00.000Z,29,Mumbai,145,8126.365
2025-11-08T23:00:00.000Z,30,Buenos Aires,145,8610.203
2025-11-08T23:00:00.000Z,31,Chennai,145,9101.838
2025-11-08T23:00:00.000Z,32,Vancouver,147,8501.504
2025-11-08T23:00:00.000Z,33,Osaka,147,8903.361
2025-11-08T23:00:00.000Z,34,Houston,148,7156.898
2025-11-08T23:00:00.000Z,35,Cape Town,149,8133.331
2025-11-08T23:00:00.000Z,36,Los Angeles,150,7259.91
2025-11-08T23:00:00.000Z,37,Auckland,150,7443.7080000000005
2025-11-08T23:00:00.000Z,38,Doha,155,8332.539
2025-11-08T23:00:00.000Z,39,Bangkok,157,6820.607
2025-11-08T23:00:00.000Z,40,Lagos,157,7230.3150000000005
2025-11-08T23:00:00.000Z,41,Karachi,159,7170.3820000000005
2025-11-08T23:00:00.000Z,42,Riyadh,159,9115.407
2025-11-08T23:00:00.000Z,43,Madrid,160,9012.162
2025-11-08T23:00:00.000Z,44,Seoul,161,7594.169
2025-11-08T23:00:00.000Z,45,Toronto,162,6809.403
2025-11-08T23:00:00.000Z,46,Beijing,162,6978.304
2025-11-08T23:00:00.000Z,47,San Francisco,163,7741.519
2025-11-08T23:00:00.000Z,48,Stockholm,163,8082.633
2025-11-08T23:00:00.000Z,49,Warsaw,165,7913.0
2025-11-08T23:00:00.000Z,50,Melbourne,174,8452.231
2025-11-09T00:00:00.000Z,1,Berlin,121,8756.117
2025-11-09T00:00:00.000Z,2,Sydney,122,7242.126
2025-11-09T00:00:00.000Z,3,Kuala Lumpur,124,7002.796
2025-11-09T00:00:00.000Z,4,Delhi,126,8518.613
2025-11-09T00:00:00.000Z,5,Helsinki,126,10310.001
2025-11-09T00:00:00.000Z,6,Ho Chi Minh City,127,7076.347
2025-11-09T00:00:00.000Z,7,Beijing,127,7467.284
2025-11-09T00:00:00.000Z,8,New York,127,7594.915
2025-11-09T00:00:00.000Z,9,Manila,129,7054.397
2025-11-09T00:00:00.000Z,10,Zurich,129,7779.536
2025-11-09T00:00:00.000Z,11,Hong Kong,129,7988.407999999999
2025-11-09T00:00:00.000Z,12,Jakarta,130,6815.489
2025-11-09T00:00:00.000Z,13,Istanbul,133,8024.843
2025-11-09T00:00:00.000Z,14,Dubai,134,8624.835
2025-11-09T00:00:00.000Z,15,Rome,134,8959.754
2025-11-09T00:00:00.000Z,16,Mexico City,135,8101.15
2025-11-09T00:00:00.000Z,17,Singapore,136,7364.893
2025-11-09T00:00:00.000Z,18,São Paulo,136,7788.227
2025-11-09T00:00:00.000Z,19,Bengaluru,139,8103.128
2025-11-09T00:00:00.000Z,20,Paris,140,7693.969
2025-11-09T00:00:00.000Z,21,Kolkata,140,8739.248
2025-11-09T00:00:00.000Z,22,Tokyo,140,8925.863
2025-11-09T00:00:00.000Z,23,Chicago,141,8447.117
2025-11-09T00:00:00.000Z,24,London,142,8482.254
2025-11-09T00:00:00.000Z,25,Nairobi,144,8174.137
2025-11-09T00:00:00.000Z,26,Shanghai,145,7830.62
2025-11-09T00:00:00.000Z,27,Mumbai,145,8054.651
2025-11-09T00:00:00.000Z,28,Moscow,145,8316.748
2025-11-09T00:00:00.000Z,29,Buenos Aires,145,8554.008
2025-11-09T00:00:00.000Z,30,Chennai,145,8747.081
2025-11-09T00:00:00.000Z,31,Vancouver,147,8235.626
2025-11-09T00:00:00.000Z,32,Osaka,147,8774.208
2025-11-09T00:00:00.000Z,33,Houston,148,7018.955
2025-11-09T00:00:00.000Z,34,Bangkok,149,6726.673
2025-11-09T00:00:00.000Z,35,Tehran,149,7156.642
2025-11-09T00:00:00.000Z,36,Cape Town,149,7717.77
2025-11-09T00:00:00.000Z,37,Doha,149,8657.231
2025-11-09T00:00:00.000Z,38,Cairo,150,6586.3060000000005
2025-11-09T00:00:00.000Z,39,Los Angeles,150,7696.983
2025-11-09T00:00:00.000Z,40,Auckland,156,8024.5830000000005
2025-11-09T00:00:00.000Z,41,Lagos,157,7067.142
2025-11-09T00:00:00.000Z,42,Riyadh,159,9279.393
2025-11-09T00:00:00.000Z,43,Madrid,160,9037.793
2025-11-09T00:00:00.000Z,44,Seoul,161,8517.985
2025-11-09T00:00:00.000Z,45,Toronto,162,6862.863
2025-11-09T00:00:00.000Z,46,San Francisco,163,7313.643
2025-11-09T00:00:00.000Z,47,Stockholm,163,7952.280000000001
2025-11-09T00:00:00.000Z,48,Warsaw,165,7534.362999999999
2025-11-09T00:00:00.000Z,49,Melbourne,174,8428.838
2025-11-09T00:00:00.000Z,50,Karachi,186,7124.0869999999995
2025-11-09T01:00:00.000Z,1,Delhi,113,8070.612999999999
2025-11-09T01:00:00.000Z,2,Dubai,115,8395.458
2025-11-09T01:00:00.000Z,3,Lagos,121,7108.62
2025-11-09T01:00:00.000Z,4,Berlin,121,8332.203
2025-11-09T01:00:00.000Z,5,Sydney,122,7048.8369999999995
2025-11-09T01:00:00.000Z,6,Kuala Lumpur,124,7084.8369999999995
2025-11-09T01:00:00.000Z,7,Helsinki,126,9652.677
2025-11-09T01:00:00.000Z,8,Ho Chi Minh City,127,7170.5689999999995
2025-11-09T01:00:00.000Z,9,New York,127,7184.1810000000005
2025-11-09T01:00:00.000Z,10,Beijing,127,7541.282
2025-11-09T01:00:00.000Z,11,Bangkok,128,6946.071
2025-11-09T01:00:00.000Z,12,Zurich,129,7126.779
2025-11-09T01:00:00.000Z,13,Jakarta,130,7292.134
2025-11-09T01:00:00.000Z,14,Istanbul,133,8420.403
2025-11-09T01:00:00.000Z,15,Bengaluru,134,8181.471
2025-11-09T01:00:00.000Z,16,Hong Kong,134,8461.702
2025-11-09T01:00:00.000Z,17,Rome,134,8840.634
2025-11-09T01:00:00.000Z,18,Mexico City,135,8336.069
2025-11-09T01:00:00.000Z,19,São Paulo,136,7794.4130000000005
2025-11-09T01:00:00.000Z,20,Singapore,136,7829.602
2025-11-09T01:00:00.000Z,21,Manila,137,6779.305
2025-11-09T01:00:00.000Z,22,Paris,140,7946.854
2025-11-09T01:00:00.000Z,23,Tokyo,140,8647.274
2025-11-09T01:00:00.000Z,24,Kolkata,140,8846.913
2025-11-09T01:00:00.000Z,25,Warsaw,141,8022.748
2025-11-09T01:00:00.000Z,26,London,142,8513.065
2025-11-09T01:00:00.000Z,27,Nairobi,144,7889.706
2025-11-09T01:00:00.000Z,28,Shanghai,145,7725.92
2025-11-09T01:00:00.000Z,29,Buenos Aires,145,8127.5
2025-11-09T01:00:00.000Z,30,Mumbai,145,8187.536
2025-11-09T01:00:00.000Z,31,Moscow,145,8675.71
2025-11-09T01:00:00.000Z,32,Chennai,145,8800.43
2025-11-09T01:00:00.000Z,33,Vancouver,147,8534.868
2025-11-09T01:00:00.000Z,34,Osaka,147,8713.508
2025-11-09T01:00:00.000Z,35,Houston,148,6910.755
2025-11-09T01:00:00.000Z,36,Tehran,149,6663.01
2025-11-09T01:00:00.000Z,37,Cape Town,149,7465.066
2025-11-09T01:00:00.000Z,38,Doha,149,8295.896
2025-11-09T01:00:00.000Z,39,Cairo,150,6445.723
2025-11-09T01:00:00.000Z,40,Los Angeles,150,7665.196
2025-11-09T01:00:00.000Z,41,Chicago,153,8148.953
2025-11-09T01:00:00.000Z,42,Auckland,156,7963.008
2025-11-09T01:00:00.000Z,43,Riyadh,159,8744.719
2025-11-09T01:00:00.000Z,44,Madrid,160,9035.691
2025-11-09T01:00:00.000Z,45,Seoul,161,8522.296
2025-11-09T01:00:00.000Z,46,Toronto,162,6940.918
2025-11-09T01:00:00.000Z,47,San Francisco,163,7830.325000000001
2025-11-09T01:00:00.000Z,48,Stockholm,163,8796.470000000001
2025-11-09T01:00:00.000Z,49,Melbourne,174,8382.965
2025-11-09T01:00:00.000Z,50,Karachi,186,7415.789000000001
2025-11-09T02:00:00.000Z,1,Delhi,113,8390.735
2025-11-09T02:00:00.000Z,2,Berlin,121,8057.3279999999995
2025-11-09T02:00:00.000Z,3,Sydney,122,6985.147
2025-11-09T02:00:00.000Z,4,Houston,122,7060.025
2025-11-09T02:00:00.000Z,5,Kolkata,123,8038.188
2025-11-09T02:00:00.000Z,6,Kuala Lumpur,124,7045.831
2025-11-09T02:00:00.000Z,7,Vancouver,124,8280.073
2025-11-09T02:00:00.000Z,8,Helsinki,126,8853.131
2025-11-09T02:00:00.000Z,9,Ho Chi Minh City,127,7126.279
2025-11-09T02:00:00.000Z,10,New York,127,7265.009
2025-11-09T02:00:00.000Z,11,Beijing,127,7469.885
2025-11-09T02:00:00.000Z,12,Bangkok,128,7550.638
2025-11-09T02:00:00.000Z,13,Lagos,129,6597.139
2025-11-09T02:00:00.000Z,14,Zurich,129,6912.496
2025-11-09T02:00:00.000Z,15,Jakarta,130,7457.468
2025-11-09T02:00:00.000Z,16,Hong Kong,134,8606.856
2025-11-09T02:00:00.000Z,17,Bengaluru,134,8639.711
2025-11-09T02:00:00.000Z,18,Rome,134,9145.621
2025-11-09T02:00:00.000Z,19,Dubai,135,8392.339
2025-11-09T02:00:00.000Z,20,Mexico City,135,8405.314
2025-11-09T02:00:00.000Z,21,São Paulo,136,7225.842000000001
2025-11-09T02:00:00.000Z,22,Manila,139,6612.979
2025-11-09T02:00:00.000Z,23,Singapore,139,7911.643
2025-11-09T02:00:00.000Z,24,Paris,140,7412.687
2025-11-09T02:00:00.000Z,25,Tokyo,140,8662.509
2025-11-09T02:00:00.000Z,26,Warsaw,141,7720.243
2025-11-09T02:00:00.000Z,27,London,142,8305.719
2025-11-09T02:00:00.000Z,28,Nairobi,144,8736.708
2025-11-09T02:00:00.000Z,29,Istanbul,144,8865.596
2025-11-09T02:00:00.000Z,30,Shanghai,145,7700.610000000001
2025-11-09T02:00:00.000Z,31,Buenos Aires,145,7773.867
2025-11-09T02:00:00.000Z,32,Mumbai,145,8199.928
2025-11-09T02:00:00.000Z,33,Chennai,145,8310.459
2025-11-09T02:00:00.000Z,34,Osaka,147,8811.612000000001
2025-11-09T02:00:00.000Z,35,Tehran,149,6856.479
2025-11-09T02:00:00.000Z,36,Doha,149,8032.15
2025-11-09T02:00:00.000Z,37,Cape Town,149,8188.185
2025-11-09T02:00:00.000Z,38,Cairo,150,6633.768
2025-11-09T02:00:00.000Z,39,Los Angeles,150,7656.999
2025-11-09T02:00:00.000Z,40,Moscow,152,8516.81
2025-11-09T02:00:00.000Z,41,Chicago,153,8068.221
2025-11-09T02:00:00.000Z,42,Auckland,156,8176.891
2025-11-09T02:00:00.000Z,43,Riyadh,159,8176.3189999999995
2025-11-09T02:00:00.000Z,44,Madrid,160,8987.813
2025-11-09T02:00:00.000Z,45,Seoul,161,8482.051
2025-11-09T02:00:00.000Z,46,Toronto,163,7297.288
2025-11-09T02:00:00.000Z,47,San Francisco,163,8183.385
2025-11-09T02:00:00.000Z,48,Stockholm,173,8372.365
2025-11-09T02:00:00.000Z,49,Melbourne,174,7875.113
2025-11-09T02:00:00.000Z,50,Karachi,186,7947.939
2025-11-09T03:00:00.000Z,1,Buenos Aires,119,8300.561
2025-11-09T03:00:00.000Z,2,Berlin,121,7707.947
2025-11-09T03:00:00.000Z,3,Sydney,122,7344.839
2025-11-09T03:00:00.000Z,4,Houston,122,7740.636
2025-11-09T03:00:00.000Z,5,Kolkata,123,8154.475
2025-11-09T03:00:00.000Z,6,Kuala Lumpur,124,6687.768
2025-11-09T03:00:00.000Z,7,Vancouver,124,7797.395
2025-11-09T03:00:00.000Z,8,Helsinki,126,9163.269
2025-11-09T03:00:00.000Z,9,Ho Chi Minh City,127,7063.075
2025-11-09T03:00:00.000Z,10,Beijing,127,7513.921
2025-11-09T03:00:00.000Z,11,Mexico City,127,8589.184
2025-11-09T03:00:00.000Z,12,Bangkok,128,7549.4400000000005
2025-11-09T03:00:00.000Z,13,Chennai,128,8243.767
2025-11-09T03:00:00.000Z,14,Zurich,129,6976.609
2025-11-09T03:00:00.000Z,15,Jakarta,130,7276.369000000001
2025-11-09T03:00:00.000Z,16,Paris,131,7052.144
2025-11-09T03:00:00.000Z,17,Lagos,131,7391.812
2025-11-09T03:00:00.000Z,18,Bengaluru,134,8156.7919999999995
2025-11-09T03:00:00.000Z,19,Rome,134,8424.524
2025-11-09T03:00:00.000Z,20,Hong Kong,134,8573.539
2025-11-09T03:00:00.000Z,21,Dubai,135,7322.484
2025-11-09T03:00:00.000Z,22,Riyadh,135,7733.627
2025-11-09T03:00:00.000Z,23,São Paulo,136,7542.487
2025-11-09T03:00:00.000Z,24,Manila,139,6464.93
2025-11-09T03:00:00.000Z,25,Singapore,139,7083.234
2025-11-09T03:00:00.000Z,26,Mumbai,141,7916.301
2025-11-09T03:00:00.000Z,27,Warsaw,141,7945.309
2025-11-09T03:00:00.000Z,28,Nairobi,144,8163.934
2025-11-09T03:00:00.000Z,29,Istanbul,144,9109.417
2025-11-09T03:00:00.000Z,30,Shanghai,145,7621.678
2025-11-09T03:00:00.000Z,31,London,145,7771.457
2025-11-09T03:00:00.000Z,32,Osaka,147,7937.568
2025-11-09T03:00:00.000Z,33,Tehran,149,7195.96
2025-11-09T03:00:00.000Z,34,Doha,149,7673.494000000001
2025-11-09T03:00:00.000Z,35,Cape Town,149,8481.3
2025-11-09T03:00:00.000Z,36,Cairo,150,6338.487
2025-11-09T03:00:00.000Z,37,Los Angeles,150,7876.252
2025-11-09T03:00:00.000Z,38,Moscow,152,8210.303
2025-11-09T03:00:00.000Z,39,Chicago,153,8233.181
2025-11-09T03:00:00.000Z,40,Delhi,155,8573.246
2025-11-09T03:00:00.000Z,41,Auckland,156,8666.116
2025-11-09T03:00:00.000Z,42,Seoul,161,8624.244999999999
2025-11-09T03:00:00.000Z,43,Toronto,163,7995.814
2025-11-09T03:00:00.000Z,44,San Francisco,163,8336.982
2025-11-09T03:00:00.000Z,45,Madrid,165,9319.952000000001
2025-11-09T03:00:00.000Z,46,Tokyo,168,8595.655
2025-11-09T03:00:00.000Z,47,Stockholm,173,8357.382
2025-11-09T03:00:00.000Z,48,Melbourne,174,7486.23
2025-11-09T03:00:00.000Z,49,Karachi,186,8457.057999999999
2025-11-09T03:00:00.000Z,50,New York,192,8585.953
2025-11-09T04:00:00.000Z,1,Mumbai,116,7990.099
2025-11-09T04:00:00.000Z,2,Buenos Aires,119,7768.289
2025-11-09T04:00:00.000Z,3,Helsinki,119,8801.573
2025-11-09T04:00:00.000Z,4,Berlin,121,7644.262000000001
2025-11-09T04:00:00.000Z,5,Melbourne,122,7448.725
2025-11-09T04:00:00.000Z,6,Sydney,122,7526.878
2025-11-09T04:00:00.000Z,7,Kolkata,123,8052.287
2025-11-09T04:00:00.000Z,8,Ho Chi Minh City,127,7222.196
2025-11-09T04:00:00.000Z,9,Beijing,127,7940.023999999999
2025-11-09T04:00:00.000Z,10,Mexico City,127,8627.249
2025-11-09T04:00:00.000Z,11,Bangkok,128,7597.609
2025-11-09T04:00:00.000Z,12,Chennai,128,8285.862000000001
2025-11-09T04:00:00.000Z,13,Zurich,129,6910.013
2025-11-09T04:00:00.000Z,14,Jakarta,130,7167.838
2025-11-09T04:00:00.000Z,15,Houston,130,8406.749
2025-11-09T04:00:00.000Z,16,Lagos,131,8164.418
2025-11-09T04:00:00.000Z,17,Rome,134,7669.041
2025-11-09T04:00:00.000Z,18,Hong Kong,134,8403.988000000001
2025-11-09T04:00:00.000Z,19,Dubai,135,6356.492
2025-11-09T04:00:00.000Z,20,Riyadh,135,7590.326
2025-11-09T04:00:00.000Z,21,São Paulo,136,8038.156
2025-11-09T04:00:00.000Z,22,Vancouver,137,7627.671
2025-11-09T04:00:00.000Z,23,Manila,139,6325.2119999999995
2025-11-09T04:00:00.000Z,24,Singapore,139,7282.769
2025-11-09T04:00:00.000Z,25,Warsaw,141,8556.585
2025-11-09T04:00:00.000Z,26,Doha,143,7744.388
2025-11-09T04:00:00.000Z,27,Nairobi,144,8205.417
2025-11-09T04:00:00.000Z,28,Istanbul,144,8760.9
2025-11-09T04:00:00.000Z,29,Shanghai,145,7609.855
2025-11-09T04:00:00.000Z,30,London,145,7873.594
2025-11-09T04:00:00.000Z,31,Osaka,147,7953.558
2025-11-09T04:00:00.000Z,32,Cape Town,149,8474.275
2025-11-09T04:00:00.000Z,33,Cairo,150,6475.616
2025-11-09T04:00:00.000Z,34,Kuala Lumpur,150,6835.529
2025-11-09T04:00:00.000Z,35,Los Angeles,150,7919.575
2025-11-09T04:00:00.000Z,36,Moscow,152,7892.399
2025-11-09T04:00:00.000Z,37,Chicago,153,8256.429
2025-11-09T04:00:00.000Z,38,Tehran,154,7269.933
2025-11-09T04:00:00.000Z,39,Delhi,155,8298.919
2025-11-09T04:00:00.000Z,40,Auckland,156,8370.574
2025-11-09T04:00:00.000Z,41,Paris,159,6840.466
2025-11-09T04:00:00.000Z,42,Seoul,161,8636.23
2025-11-09T04:00:00.000Z,43,Toronto,163,7751.909
2025-11-09T04:00:00.000Z,44,San Francisco,163,7915.834
2025-11-09T04:00:00.000Z,45,Madrid,165,8924.034
2025-11-09T04:00:00.000Z,46,Tokyo,168,8735.189
2025-11-09T04:00:00.000Z,47,Bengaluru,168,8744.533
2025-11-09T04:00:00.000Z,48,Stockholm,173,8342.471
2025-11-09T04:00:00.000Z,49,Karachi,186,8183.111
2025-11-09T04:00:00.000Z,50,New York,192,8897.368
2025-11-09T05:00:00.000Z,1,Helsinki,108,8863.651
2025-11-09T05:00:00.000Z,2,Beijing,116,7960.032
2025-11-09T05:00:00.000Z,3,Mumbai,116,8077.186
2025-11-09T05:00:00.000Z,4,Ho Chi Minh City,117,7522.473
2025-11-09T05:00:00.000Z,5,Berlin,121,7996.8060000000005
2025-11-09T05:00:00.000Z,6,Melbourne,122,7436.492
2025-11-09T05:00:00.000Z,7,Buenos Aires,122,8107.567999999999
2025-11-09T05:00:00.000Z,8,Kolkata,123,8226.401
2025-11-09T05:00:00.000Z,9,São Paulo,123,8294.363000000001
2025-11-09T05:00:00.000Z,10,Mexico City,127,8053.357
2025-11-09T05:00:00.000Z,11,Bangkok,128,7313.9580000000005
2025-11-09T05:00:00.000Z,12,Chennai,128,8280.089
2025-11-09T05:00:00.000Z,13,Zurich,129,6944.843
2025-11-09T05:00:00.000Z,14,Jakarta,130,7239.403
2025-11-09T05:00:00.000Z,15,Houston,130,7968.9580000000005
2025-11-09T05:00:00.000Z,16,Lagos,131,8157.111
2025-11-09T05:00:00.000Z,17,Nairobi,132,8015.197
2025-11-09T05:00:00.000Z,18,Cape Town,132,8115.451999999999
2025-11-09T05:00:00.000Z,19,Rome,134,7175.492
2025-11-09T05:00:00.000Z,20,Los Angeles,134,7755.557
2025-11-09T05:00:00.000Z,21,Dubai,135,6507.36
2025-11-09T05:00:00.000Z,22,Riyadh,135,7359.099
2025-11-09T05:00:00.000Z,23,Hong Kong,136,8052.705
2025-11-09T05:00:00.000Z,24,Vancouver,137,7165.013
2025-11-09T05:00:00.000Z,25,Manila,139,6667.7029999999995
2025-11-09T05:00:00.000Z,26,Singapore,139,7241.296
2025-11-09T05:00:00.000Z,27,Osaka,141,7587.344
2025-11-09T05:00:00.000Z,28,Sydney,142,7452.205
2025-11-09T05:00:00.000Z,29,Doha,143,8007.155
2025-11-09T05:00:00.000Z,30,Istanbul,144,8858.499
2025-11-09T05:00:00.000Z,31,London,145,7758.4169999999995
2025-11-09T05:00:00.000Z,32,Shanghai,145,8351.035
2025-11-09T05:00:00.000Z,33,Kuala Lumpur,150,6842.3009999999995
2025-11-09T05:00:00.000Z,34,Cairo,150,6862.698
2025-11-09T05:00:00.000Z,35,Moscow,152,8368.295
2025-11-09T05:00:00.000Z,36,Warsaw,153,7940.473
2025-11-09T05:00:00.000Z,37,Chicago,153,8406.1
2025-11-09T05:00:00.000Z,38,Tehran,154,7272.955
2025-11-09T05:00:00.000Z,39,Auckland,156,7944.611
2025-11-09T05:00:00.000Z,40,Paris,159,6735.002
2025-11-09T05:00:00.000Z,41,Seoul,161,8709.59
2025-11-09T05:00:00.000Z,42,Toronto,163,6608.389
2025-11-09T05:00:00.000Z,43,San Francisco,163,7898.116
2025-11-09T05:00:00.000Z,44,Madrid,165,8268.297
2025-11-09T05:00:00.000Z,45,Tokyo,168,8464.967
2025-11-09T05:00:00.000Z,46,Bengaluru,168,8661.417
2025-11-09T05:00:00.000Z,47,Stockholm,173,7989.236
2025-11-09T05:00:00.000Z,48,Karachi,186,8704.928
2025-11-09T05:00:00.000Z,49,Delhi,189,8443.769
2025-11-09T05:00:00.000Z,50,New York,192,9324.576000000001
2025-11-09T06:00:00.000Z,1,Melbourne,115,7580.9259999999995
2025-11-09T06:00:00.000Z,2,Beijing,116,7424.758
2025-11-09T06:00:00.000Z,3,Helsinki,120,8978.676
2025-11-09T06:00:00.000Z,4,Zurich,122,6816.217000000001
2025-11-09T06:00:00.000Z,5,Buenos Aires,122,8120.555
2025-11-09T06:00:00.000Z,6,Jakarta,123,7153.785
2025-11-09T06:00:00.000Z,7,Kolkata,123,7755.648
2025-11-09T06:00:00.000Z,8,São Paulo,123,7984.895
2025-11-09T06:00:00.000Z,9,Chennai,124,8355.857
2025-11-09T06:00:00.000Z,10,Berlin,126,8137.246999999999
2025-11-09T06:00:00.000Z,11,Mexico City,127,7767.489
2025-11-09T06:00:00.000Z,12,San Francisco,128,8004.835
2025-11-09T06:00:00.000Z,13,Houston,130,7609.463
2025-11-09T06:00:00.000Z,14,Lagos,131,8850.593
2025-11-09T06:00:00.000Z,15,Cape Town,132,8510.344000000001
2025-11-09T06:00:00.000Z,16,Rome,134,7261.564
2025-11-09T06:00:00.000Z,17,Los Angeles,134,8057.082
2025-11-09T06:00:00.000Z,18,Riyadh,135,6715.222
2025-11-09T06:00:00.000Z,19,Hong Kong,136,8705.922999999999
2025-11-09T06:00:00.000Z,20,Manila,139,6332.717000000001
2025-11-09T06:00:00.000Z,21,Singapore,139,7147.7570000000005
2025-11-09T06:00:00.000Z,22,Seoul,140,8732.2
2025-11-09T06:00:00.000Z,23,Osaka,141,7155.6
2025-11-09T06:00:00.000Z,24,Sydney,142,7182.504999999999
2025-11-09T06:00:00.000Z,25,Doha,143,7733.985
2025-11-09T06:00:00.000Z,26,Istanbul,144,8642.108
2025-11-09T06:00:00.000Z,27,London,145,8105.278
2025-11-09T06:00:00.000Z,28,Shanghai,145,8721.132
2025-11-09T06:00:00.000Z,29,Dubai,150,6717.202
2025-11-09T06:00:00.000Z,30,Kuala Lumpur,150,6892.604
2025-11-09T06:00:00.000Z,31,Cairo,150,7358.95
2025-11-09T06:00:00.000Z,32,Nairobi,152,7568.401
2025-11-09T06:00:00.000Z,33,Moscow,152,7981.5779999999995
2025-11-09T06:00:00.000Z,34,Chicago,153,7730.699
2025-11-09T06:00:00.000Z,35,Warsaw,153,7751.981
2025-11-09T06:00:00.000Z,36,Tehran,154,7563.769
2025-11-09T06:00:00.000Z,37,Mumbai,154,8675.476
2025-11-09T06:00:00.000Z,38,Ho Chi Minh City,155,7661.136
2025-11-09T06:00:00.000Z,39,Vancouver,156,6755.037
2025-11-09T06:00:00.000Z,40,Auckland,156,7653.286
2025-11-09T06:00:00.000Z,41,Paris,159,6695.045
2025-11-09T06:00:00.000Z,42,Toronto,163,7087.323
2025-11-09T06:00:00.000Z,43,Madrid,165,8332.792
2025-11-09T06:00:00.000Z,44,Tokyo,168,8399.007
2025-11-09T06:00:00.000Z,45,Bengaluru,168,8560.05
2025-11-09T06:00:00.000Z,46,Stockholm,173,7559.464
2025-11-09T06:00:00.000Z,47,Karachi,186,9092.25
2025-11-09T06:00:00.000Z,48,Delhi,189,8323.416000000001
2025-11-09T06:00:00.000Z,49,New York,192,9349.17
2025-11-09T06:00:00.000Z,50,Bangkok,194,7359.21
2025-11-09T07:00:00.000Z,1,Melbourne,115,8262.8
2025-11-09T07:00:00.000Z,2,Jakarta,119,7392.314
2025-11-09T07:00:00.000Z,3,Helsinki,120,8375.545
2025-11-09T07:00:00.000Z,4,Buenos Aires,122,8030.966
2025-11-09T07:00:00.000Z,5,São Paulo,123,7819.621
2025-11-09T07:00:00.000Z,6,Kolkata,123,7868.402
2025-11-09T07:00:00.000Z,7,Zurich,124,7366.215
2025-11-09T07:00:00.000Z,8,Chennai,124,8081.275
2025-11-09T07:00:00.000Z,9,Mexico City,127,7563.575
2025-11-09T07:00:00.000Z,10,Houston,130,7852.653
2025-11-09T07:00:00.000Z,11,Shanghai,130,8739.277
2025-11-09T07:00:00.000Z,12,Lagos,131,8141.605
2025-11-09T07:00:00.000Z,13,Cape Town,132,9265.433
2025-11-09T07:00:00.000Z,14,Los Angeles,134,8150.414
2025-11-09T07:00:00.000Z,15,Riyadh,135,7063.9259999999995
2025-11-09T07:00:00.000Z,16,Hong Kong,136,8224.03
2025-11-09T07:00:00.000Z,17,Manila,139,6425.561
2025-11-09T07:00:00.000Z,18,Singapore,139,7233.218
2025-11-09T07:00:00.000Z,19,San Francisco,140,8142.837
2025-11-09T07:00:00.000Z,20,Seoul,140,8347.82
2025-11-09T07:00:00.000Z,21,Rome,141,7582.833
2025-11-09T07:00:00.000Z,22,Osaka,141,7846.427
2025-11-09T07:00:00.000Z,23,Berlin,141,7933.294
2025-11-09T07:00:00.000Z,24,Doha,143,7755.9439999999995
2025-11-09T07:00:00.000Z,25,Sydney,144,7808.746
2025-11-09T07:00:00.000Z,26,Istanbul,144,8800.004
2025-11-09T07:00:00.000Z,27,London,145,8041.511
2025-11-09T07:00:00.000Z,28,Dubai,150,6473.552
2025-11-09T07:00:00.000Z,29,Cairo,150,7147.167
2025-11-09T07:00:00.000Z,30,Nairobi,152,7693.624
2025-11-09T07:00:00.000Z,31,Moscow,152,7816.1759999999995
2025-11-09T07:00:00.000Z,32,Warsaw,154,7603.338
2025-11-09T07:00:00.000Z,33,Tehran,154,7621.991
2025-11-09T07:00:00.000Z,34,Beijing,154,7764.314
2025-11-09T07:00:00.000Z,35,Mumbai,154,8302.841
2025-11-09T07:00:00.000Z,36,Ho Chi Minh City,155,7565.005
2025-11-09T07:00:00.000Z,37,Vancouver,156,6895.862999999999
2025-11-09T07:00:00.000Z,38,Auckland,156,7967.834000000001
2025-11-09T07:00:00.000Z,39,Kuala Lumpur,159,6977.191
2025-11-09T07:00:00.000Z,40,Paris,159,7456.702
2025-11-09T07:00:00.000Z,41,Toronto,163,7028.757
2025-11-09T07:00:00.000Z,42,Madrid,165,8123.610000000001
2025-11-09T07:00:00.000Z,43,Chicago,166,7682.745
2025-11-09T07:00:00.000Z,44,Tokyo,168,8740.374
2025-11-09T07:00:00.000Z,45,Bengaluru,168,8801.544
2025-11-09T07:00:00.000Z,46,Stockholm,173,7955.1759999999995
2025-11-09T07:00:00.000Z,47,Karachi,186,9208.331
2025-11-09T07:00:00.000Z,48,Delhi,189,8494.153
2025-11-09T07:00:00.000Z,49,New York,192,9288.068
2025-11-09T07:00:00.000Z,50,Bangkok,194,7667.169
2025-11-09T08:00:00.000Z,1,Melbourne,115,8372.546
2025-11-09T08:00:00.000Z,2,Karachi,116,9383.3
2025-11-09T08:00:00.000Z,3,Jakarta,119,7658.322
2025-11-09T08:00:00.000Z,4,Helsinki,120,8440.688
2025-11-09T08:00:00.000Z,5,Kolkata,123,8431.535
2025-11-09T08:00:00.000Z,6,Zurich,124,7604.58
2025-11-09T08:00:00.000Z,7,Chennai,124,8616.223
2025-11-09T08:00:00.000Z,8,Riyadh,125,6852.159
2025-11-09T08:00:00.000Z,9,Los Angeles,126,8046.38
2025-11-09T08:00:00.000Z,10,Mexico City,127,7314.132
2025-11-09T08:00:00.000Z,11,São Paulo,127,7478.954
2025-11-09T08:00:00.000Z,12,Houston,130,8213.526
2025-11-09T08:00:00.000Z,13,Shanghai,130,8540.333
2025-11-09T08:00:00.000Z,14,Cape Town,132,8903.905999999999
2025-11-09T08:00:00.000Z,15,Seoul,133,7725.271
2025-11-09T08:00:00.000Z,16,Hong Kong,136,7765.168
2025-11-09T08:00:00.000Z,17,Manila,139,6670.102
2025-11-09T08:00:00.000Z,18,Auckland,139,7524.832
2025-11-09T08:00:00.000Z,19,Singapore,139,8003.792
2025-11-09T08:00:00.000Z,20,San Francisco,140,8321.582
2025-11-09T08:00:00.000Z,21,Berlin,141,7714.0560000000005
2025-11-09T08:00:00.000Z,22,Rome,141,7804.359
2025-11-09T08:00:00.000Z,23,Osaka,141,8304.977
2025-11-09T08:00:00.000Z,24,Doha,143,7721.495
2025-11-09T08:00:00.000Z,25,Sydney,144,8138.938
2025-11-09T08:00:00.000Z,26,Istanbul,144,9208.301
2025-11-09T08:00:00.000Z,27,Cairo,145,7304.391
2025-11-09T08:00:00.000Z,28,London,145,8762.695
2025-11-09T08:00:00.000Z,29,Buenos Aires,147,8182.269
2025-11-09T08:00:00.000Z,30,Dubai,150,6365.624
2025-11-09T08:00:00.000Z,31,Nairobi,152,7644.316000000001
2025-11-09T08:00:00.000Z,32,Moscow,152,7647.455
2025-11-09T08:00:00.000Z,33,Mumbai,154,7702.5830000000005
2025-11-09T08:00:00.000Z,34,Tehran,154,7731.472
2025-11-09T08:00:00.000Z,35,Warsaw,154,7868.895
2025-11-09T08:00:00.000Z,36,Beijing,154,7995.856
2025-11-09T08:00:00.000Z,37,Ho Chi Minh City,155,7776.08
2025-11-09T08:00:00.000Z,38,Vancouver,156,7582.175
2025-11-09T08:00:00.000Z,39,Lagos,156,7926.312
2025-11-09T08:00:00.000Z,40,Kuala Lumpur,159,7695.972
2025-11-09T08:00:00.000Z,41,Paris,159,7894.001
2025-11-09T08:00:00.000Z,42,Toronto,163,7144.191
2025-11-09T08:00:00.000Z,43,Madrid,165,8476.119
2025-11-09T08:00:00.000Z,44,Chicago,166,7935.688
2025-11-09T08:00:00.000Z,45,Tokyo,168,8766.591
2025-11-09T08:00:00.000Z,46,Bengaluru,168,9212.887
2025-11-09T08:00:00.000Z,47,Stockholm,173,7939.966
2025-11-09T08:00:00.000Z,48,Delhi,189,8717.415
2025-11-09T08:00:00.000Z,49,New York,192,8925.203
2025-11-09T08:00:00.000Z,50,Bangkok,194,7709.29
2025-11-09T09:00:00.000Z,1,Melbourne,115,8327.673999999999
2025-11-09T09:00:00.000Z,2,Karachi,116,9309.33
2025-11-09T09:00:00.000Z,3,Helsinki,120,8060.839
2025-11-09T09:00:00.000Z,4,Los Angeles,121,8137.805
2025-11-09T09:00:00.000Z,5,Chennai,124,8187.152
2025-11-09T09:00:00.000Z,6,Mexico City,127,6733.001
2025-11-09T09:00:00.000Z,7,São Paulo,127,7715.003
2025-11-09T09:00:00.000Z,8,Shanghai,127,8792.887
2025-11-09T09:00:00.000Z,9,Cape Town,132,9078.086
2025-11-09T09:00:00.000Z,10,Seoul,133,7957.82
2025-11-09T09:00:00.000Z,11,Zurich,134,7902.755
2025-11-09T09:00:00.000Z,12,Hong Kong,136,7257.48
2025-11-09T09:00:00.000Z,13,Houston,138,8302.565
2025-11-09T09:00:00.000Z,14,Manila,139,7060.045
2025-11-09T09:00:00.000Z,15,Auckland,139,7993.56
2025-11-09T09:00:00.000Z,16,San Francisco,140,8165.951
2025-11-09T09:00:00.000Z,17,Rome,141,7400.276
2025-11-09T09:00:00.000Z,18,Osaka,141,7826.85
2025-11-09T09:00:00.000Z,19,Berlin,141,7868.186
2025-11-09T09:00:00.000Z,20,Doha,143,7885.726
2025-11-09T09:00:00.000Z,21,Sydney,144,8357.57
2025-11-09T09:00:00.000Z,22,Istanbul,144,8628.279
2025-11-09T09:00:00.000Z,23,Cairo,145,7686.871999999999
2025-11-09T09:00:00.000Z,24,Singapore,145,8266.16
2025-11-09T09:00:00.000Z,25,London,145,8821.44
2025-11-09T09:00:00.000Z,26,Buenos Aires,147,8855.925
2025-11-09T09:00:00.000Z,27,Jakarta,150,7667.121
2025-11-09T09:00:00.000Z,28,Moscow,152,7699.6849999999995
2025-11-09T09:00:00.000Z,29,Nairobi,152,7988.022000000001
2025-11-09T09:00:00.000Z,30,Riyadh,154,7334.792
2025-11-09T09:00:00.000Z,31,Beijing,154,7593.73
2025-11-09T09:00:00.000Z,32,Tehran,154,7950.463
2025-11-09T09:00:00.000Z,33,Warsaw,154,7978.792
2025-11-09T09:00:00.000Z,34,Mumbai,154,8015.245
2025-11-09T09:00:00.000Z,35,Dubai,155,6941.548
2025-11-09T09:00:00.000Z,36,Ho Chi Minh City,155,8334.821
2025-11-09T09:00:00.000Z,37,Lagos,156,7493.559
2025-11-09T09:00:00.000Z,38,Vancouver,156,7699.923
2025-11-09T09:00:00.000Z,39,Kuala Lumpur,159,8061.287
2025-11-09T09:00:00.000Z,40,Paris,159,8258.194
2025-11-09T09:00:00.000Z,41,Toronto,163,7390.184
2025-11-09T09:00:00.000Z,42,Madrid,165,8169.121
2025-11-09T09:00:00.000Z,43,Chicago,166,7798.939
2025-11-09T09:00:00.000Z,44,Tokyo,168,9026.715
2025-11-09T09:00:00.000Z,45,Bengaluru,168,9534.141
2025-11-09T09:00:00.000Z,46,Stockholm,173,7484.746
2025-11-09T09:00:00.000Z,47,Kolkata,183,8728.597
2025-11-09T09:00:00.000Z,48,Delhi,189,9245.229
2025-11-09T09:00:00.000Z,49,New York,192,9518.849
2025-11-09T09:00:00.000Z,50,Bangkok,194,7393.106
2025-11-09T10:00:00.000Z,1,Stockholm,109,7870.773999999999
2025-11-09T10:00:00.000Z,2,Karachi,116,8555.508
2025-11-09T10:00:00.000Z,3,Helsinki,120,8374.982
2025-11-09T10:00:00.000Z,4,Los Angeles,121,8375.678
2025-11-09T10:00:00.000Z,5,Chennai,124,8329.032
2025-11-09T10:00:00.000Z,6,Cape Town,124,8544.757
2025-11-09T10:00:00.000Z,7,Mexico City,127,6981.45
2025-11-09T10:00:00.000Z,8,São Paulo,127,7878.293
2025-11-09T10:00:00.000Z,9,Manila,131,7287.674
2025-11-09T10:00:00.000Z,10,Istanbul,132,7933.173
2025-11-09T10:00:00.000Z,11,Shanghai,132,8760.193
2025-11-09T10:00:00.000Z,12,Seoul,133,8028.17
2025-11-09T10:00:00.000Z,13,Melbourne,133,8702.21
2025-11-09T10:00:00.000Z,14,Toronto,134,7537.101000000001
2025-11-09T10:00:00.000Z,15,Zurich,134,8259.831
2025-11-09T10:00:00.000Z,16,Hong Kong,136,7532.610000000001
2025-11-09T10:00:00.000Z,17,Houston,138,7620.651
2025-11-09T10:00:00.000Z,18,Auckland,139,8792.264
2025-11-09T10:00:00.000Z,19,San Francisco,140,7714.651
2025-11-09T10:00:00.000Z,20,Rome,141,7703.4580000000005
2025-11-09T10:00:00.000Z,21,Berlin,141,7876.0560000000005
2025-11-09T10:00:00.000Z,22,Osaka,141,8138.493
2025-11-09T10:00:00.000Z,23,Doha,143,7802.276
2025-11-09T10:00:00.000Z,24,Sydney,144,8504.639
2025-11-09T10:00:00.000Z,25,Singapore,145,8028.637
2025-11-09T10:00:00.000Z,26,London,145,9039.79
2025-11-09T10:00:00.000Z,27,Buenos Aires,147,8814.702
2025-11-09T10:00:00.000Z,28,Moscow,150,7753.525
2025-11-09T10:00:00.000Z,29,Jakarta,150,8027.993
2025-11-09T10:00:00.000Z,30,Nairobi,152,7758.3369999999995
2025-11-09T10:00:00.000Z,31,Tehran,154,7774.395
2025-11-09T10:00:00.000Z,32,Beijing,154,7967.577
2025-11-09T10:00:00.000Z,33,Warsaw,154,8110.361
2025-11-09T10:00:00.000Z,34,Riyadh,154,8207.1
2025-11-09T10:00:00.000Z,35,Mumbai,154,8699.923
2025-11-09T10:00:00.000Z,36,Dubai,155,7149.366
2025-11-09T10:00:00.000Z,37,Ho Chi Minh City,155,8459.793
2025-11-09T10:00:00.000Z,38,Lagos,156,7842.699
2025-11-09T10:00:00.000Z,39,Vancouver,156,7909.262
2025-11-09T10:00:00.000Z,40,Kuala Lumpur,159,7848.042
2025-11-09T10:00:00.000Z,41,Paris,159,8512.525
2025-11-09T10:00:00.000Z,42,Cairo,160,7567.8009999999995
2025-11-09T10:00:00.000Z,43,Madrid,165,8125.8279999999995
2025-11-09T10:00:00.000Z,44,Chicago,166,8339.04
2025-11-09T10:00:00.000Z,45,Tokyo,168,8568.223
2025-11-09T10:00:00.000Z,46,Bengaluru,168,9149.05
2025-11-09T10:00:00.000Z,47,Kolkata,183,8742.698
2025-11-09T10:00:00.000Z,48,Delhi,189,8939.572
2025-11-09T10:00:00.000Z,49,New York,192,9138.44
2025-11-09T10:00:00.000Z,50,Bangkok,194,7209.209
2025-11-09T11:00:00.000Z,1,Stockholm,109,7774.67
2025-11-09T11:00:00.000Z,2,Chennai,116,7576.412
2025-11-09T11:00:00.000Z,3,Karachi,116,8182.373
2025-11-09T11:00:00.000Z,4,Helsinki,120,8598.737000000001
2025-11-09T11:00:00.000Z,5,Los Angeles,121,8166.147
2025-11-09T11:00:00.000Z,6,Cape Town,124,8285.91
2025-11-09T11:00:00.000Z,7,Manila,125,7387.641
2025-11-09T11:00:00.000Z,8,New York,126,7937.432000000001
2025-11-09T11:00:00.000Z,9,Mexico City,127,7413.612
2025-11-09T11:00:00.000Z,10,São Paulo,127,8315.294
2025-11-09T11:00:00.000Z,11,Tokyo,128,8523.942
2025-11-09T11:00:00.000Z,12,Shanghai,132,8486.458
2025-11-09T11:00:00.000Z,13,Seoul,133,8126.296
2025-11-09T11:00:00.000Z,14,Toronto,134,7850.731
2025-11-09T11:00:00.000Z,15,Zurich,134,8108.979
2025-11-09T11:00:00.000Z,16,Madrid,135,8003.493
2025-11-09T11:00:00.000Z,17,Hong Kong,136,7547.576999999999
2025-11-09T11:00:00.000Z,18,Istanbul,137,7933.206
2025-11-09T11:00:00.000Z,19,Houston,138,7738.713
2025-11-09T11:00:00.000Z,20,Auckland,139,8686.658
2025-11-09T11:00:00.000Z,21,San Francisco,140,7442.4619999999995
2025-11-09T11:00:00.000Z,22,Rome,141,7507.206
2025-11-09T11:00:00.000Z,23,Berlin,141,8161.832
2025-11-09T11:00:00.000Z,24,Osaka,141,8625.842
2025-11-09T11:00:00.000Z,25,Doha,143,8204.302
2025-11-09T11:00:00.000Z,26,Sydney,144,8259.528
2025-11-09T11:00:00.000Z,27,Singapore,145,8450.775
2025-11-09T11:00:00.000Z,28,London,145,8775.535
2025-11-09T11:00:00.000Z,29,Buenos Aires,147,9183.243
2025-11-09T11:00:00.000Z,30,Moscow,150,7527.661
2025-11-09T11:00:00.000Z,31,Jakarta,150,8437.973
2025-11-09T11:00:00.000Z,32,Nairobi,152,7998.982
2025-11-09T11:00:00.000Z,33,Tehran,154,7802.123
2025-11-09T11:00:00.000Z,34,Warsaw,154,7977.638
2025-11-09T11:00:00.000Z,35,Riyadh,154,8084.634
2025-11-09T11:00:00.000Z,36,Beijing,154,8366.745
2025-11-09T11:00:00.000Z,37,Mumbai,154,8582.039
2025-11-09T11:00:00.000Z,38,Dubai,155,7453.125
2025-11-09T11:00:00.000Z,39,Ho Chi Minh City,155,8210.29
2025-11-09T11:00:00.000Z,40,Lagos,156,7959.1939999999995
2025-11-09T11:00:00.000Z,41,Vancouver,156,8284.908
2025-11-09T11:00:00.000Z,42,Kuala Lumpur,159,7727.635
2025-11-09T11:00:00.000Z,43,Paris,159,8655.481
2025-11-09T11:00:00.000Z,44,Cairo,160,8178.6630000000005
2025-11-09T11:00:00.000Z,45,Chicago,166,8047.487
2025-11-09T11:00:00.000Z,46,Bengaluru,168,8513.988
2025-11-09T11:00:00.000Z,47,Kolkata,183,9208.089
2025-11-09T11:00:00.000Z,48,Delhi,189,8994.333
2025-11-09T11:00:00.000Z,49,Melbourne,191,8738.603
2025-11-09T11:00:00.000Z,50,Bangkok,194,7781.777
2025-11-09T12:00:00.000Z,1,Chennai,108,7744.509
2025-11-09T12:00:00.000Z,2,Tehran,108,7867.855
2025-11-09T12:00:00.000Z,3,Stockholm,109,7432.5830000000005
2025-11-09T12:00:00.000Z,4,Karachi,116,8455.253
2025-11-09T12:00:00.000Z,5,Helsinki,120,8435.417
2025-11-09T12:00:00.000Z,6,Los Angeles,121,8360.966
2025-11-09T12:00:00.000Z,7,Manila,125,8007.108
2025-11-09T12:00:00.000Z,8,New York,126,7929.0560000000005
2025-11-09T12:00:00.000Z,9,São Paulo,127,8062.272
2025-11-09T12:00:00.000Z,10,Paris,130,9146.923999999999
2025-11-09T12:00:00.000Z,11,Doha,131,8310.92
2025-11-09T12:00:00.000Z,12,Shanghai,132,8575.876
2025-11-09T12:00:00.000Z,13,Moscow,133,7317.939
2025-11-09T12:00:00.000Z,14,Seoul,133,7728.092
2025-11-09T12:00:00.000Z,15,Zurich,134,8316.691
2025-11-09T12:00:00.000Z,16,Madrid,135,7958.033
2025-11-09T12:00:00.000Z,17,Hong Kong,136,7442.064
2025-11-09T12:00:00.000Z,18,Istanbul,137,8217.516
2025-11-09T12:00:00.000Z,19,Auckland,139,8762.394
2025-11-09T12:00:00.000Z,20,San Francisco,140,7198.645
2025-11-09T12:00:00.000Z,21,Toronto,140,7757.226
2025-11-09T12:00:00.000Z,22,Berlin,141,8094.108
2025-11-09T12:00:00.000Z,23,Osaka,141,8985.591
2025-11-09T12:00:00.000Z,24,Sydney,144,7865.243
2025-11-09T12:00:00.000Z,25,Singapore,145,8174.017
2025-11-09T12:00:00.000Z,26,London,145,8652.492
2025-11-09T12:00:00.000Z,27,Buenos Aires,147,9511.146
2025-11-09T12:00:00.000Z,28,Jakarta,150,8808.336
2025-11-09T12:00:00.000Z,29,Nairobi,152,8191.335999999999
2025-11-09T12:00:00.000Z,30,Mexico City,154,7319.622
2025-11-09T12:00:00.000Z,31,Warsaw,154,8106.674
2025-11-09T12:00:00.000Z,32,Mumbai,154,8133.213
2025-11-09T12:00:00.000Z,33,Riyadh,154,8230.086
2025-11-09T12:00:00.000Z,34,Beijing,154,8663.998
2025-11-09T12:00:00.000Z,35,Dubai,155,8031.419
2025-11-09T12:00:00.000Z,36,Ho Chi Minh City,155,8130.526
2025-11-09T12:00:00.000Z,37,Lagos,156,7709.984
2025-11-09T12:00:00.000Z,38,Rome,156,8017.869
2025-11-09T12:00:00.000Z,39,Vancouver,156,8384.213
2025-11-09T12:00:00.000Z,40,Kuala Lumpur,159,7748.748
2025-11-09T12:00:00.000Z,41,Tokyo,159,8460.655999999999
2025-11-09T12:00:00.000Z,42,Bengaluru,160,8273.652
2025-11-09T12:00:00.000Z,43,Cairo,160,8436.246
2025-11-09T12:00:00.000Z,44,Houston,161,7712.322
2025-11-09T12:00:00.000Z,45,Chicago,166,7896.87
2025-11-09T12:00:00.000Z,46,Cape Town,171,7502.921
2025-11-09T12:00:00.000Z,47,Kolkata,183,9493.592
2025-11-09T12:00:00.000Z,48,Delhi,189,8596.309
2025-11-09T12:00:00.000Z,49,Melbourne,191,8821.913
2025-11-09T12:00:00.000Z,50,Bangkok,194,7606.289
2025-11-09T13:00:00.000Z,1,Chennai,106,7495.92
2025-11-09T13:00:00.000Z,2,Tehran,108,8455.877
2025-11-09T13:00:00.000Z,3,Stockholm,109,7240.039000000001
2025-11-09T13:00:00.000Z,4,Karachi,109,8434.409
2025-11-09T13:00:00.000Z,5,Paris,111,8902.589
2025-11-09T13:00:00.000Z,6,Hong Kong,120,7817.2789999999995
2025-11-09T13:00:00.000Z,7,Helsinki,120,8544.435
2025-11-09T13:00:00.000Z,8,Los Angeles,121,8651.016
2025-11-09T13:00:00.000Z,9,New York,126,7971.023
2025-11-09T13:00:00.000Z,10,Auckland,126,9260.122
2025-11-09T13:00:00.000Z,11,São Paulo,127,7556.224
2025-11-09T13:00:00.000Z,12,Doha,128,7473.994000000001
2025-11-09T13:00:00.000Z,13,Shanghai,132,8312.647
2025-11-09T13:00:00.000Z,14,Moscow,133,6809.652
2025-11-09T13:00:00.000Z,15,Seoul,133,7387.294
2025-11-09T13:00:00.000Z,16,Zurich,134,7928.674
2025-11-09T13:00:00.000Z,17,Madrid,135,8565.54
2025-11-09T13:00:00.000Z,18,Istanbul,137,8534.252
2025-11-09T13:00:00.000Z,19,Osaka,139,8946.219
2025-11-09T13:00:00.000Z,20,San Francisco,140,7808.216
2025-11-09T13:00:00.000Z,21,Toronto,140,8050.708
2025-11-09T13:00:00.000Z,22,Berlin,141,7799.103
2025-11-09T13:00:00.000Z,23,Sydney,144,7302.209
2025-11-09T13:00:00.000Z,24,Singapore,145,8022.032
2025-11-09T13:00:00.000Z,25,London,145,8324.386
2025-11-09T13:00:00.000Z,26,Buenos Aires,147,9140.264
2025-11-09T13:00:00.000Z,27,Jakarta,150,8665.597
2025-11-09T13:00:00.000Z,28,Nairobi,152,8700.871
2025-11-09T13:00:00.000Z,29,Delhi,153,8442.304
2025-11-09T13:00:00.000Z,30,Mexico City,154,7755.775
2025-11-09T13:00:00.000Z,31,Mumbai,154,8225.832
2025-11-09T13:00:00.000Z,32,Warsaw,154,8287.249
2025-11-09T13:00:00.000Z,33,Riyadh,154,8296.301
2025-11-09T13:00:00.000Z,34,Beijing,154,8507.832
2025-11-09T13:00:00.000Z,35,Ho Chi Minh City,155,7577.383
2025-11-09T13:00:00.000Z,36,Dubai,155,7735.863
2025-11-09T13:00:00.000Z,37,Lagos,156,8142.1849999999995
2025-11-09T13:00:00.000Z,38,Vancouver,156,8591.085
2025-11-09T13:00:00.000Z,39,Rome,156,8595.936
2025-11-09T13:00:00.000Z,40,Kuala Lumpur,159,7856.177
2025-11-09T13:00:00.000Z,41,Tokyo,159,8593.857
2025-11-09T13:00:00.000Z,42,Cairo,160,8474.509
2025-11-09T13:00:00.000Z,43,Bengaluru,160,8621.335
2025-11-09T13:00:00.000Z,44,Houston,161,7670.101000000001
2025-11-09T13:00:00.000Z,45,Chicago,166,8238.880000000001
2025-11-09T13:00:00.000Z,46,Cape Town,171,7278.971
2025-11-09T13:00:00.000Z,47,Kolkata,183,9071.047
2025-11-09T13:00:00.000Z,48,Manila,188,8398.131
2025-11-09T13:00:00.000Z,49,Melbourne,191,8781.546
2025-11-09T13:00:00.000Z,50,Bangkok,194,7718.388
2025-11-09T14:00:00.000Z,1,Seoul,104,7240.084
2025-11-09T14:00:00.000Z,2,Chennai,106,7417.625
2025-11-09T14:00:00.000Z,3,Los Angeles,107,8524.752
2025-11-09T14:00:00.000Z,4,Tehran,108,8542.639
2025-11-09T14:00:00.000Z,5,Stockholm,109,7112.646000000001
2025-11-09T14:00:00.000Z,6,Paris,111,9457.67
2025-11-09T14:00:00.000Z,7,Bengaluru,119,8268.259
2025-11-09T14:00:00.000Z,8,Hong Kong,120,7536.936
2025-11-09T14:00:00.000Z,9,Ho Chi Minh City,124,7610.416
2025-11-09T14:00:00.000Z,10,Karachi,126,7817.848
2025-11-09T14:00:00.000Z,11,New York,126,7842.529
2025-11-09T14:00:00.000Z,12,Auckland,126,9038.536
2025-11-09T14:00:00.000Z,13,Doha,128,7909.189
2025-11-09T14:00:00.000Z,14,London,130,8156.460999999999
2025-11-09T14:00:00.000Z,15,Shanghai,132,8404.344000000001
2025-11-09T14:00:00.000Z,16,Vancouver,132,8912.33
2025-11-09T14:00:00.000Z,17,Zurich,134,7973.687
2025-11-09T14:00:00.000Z,18,Delhi,134,8463.063
2025-11-09T14:00:00.000Z,19,Madrid,135,8455.713
2025-11-09T14:00:00.000Z,20,Nairobi,135,8482.385
2025-11-09T14:00:00.000Z,21,Istanbul,137,8490.97
2025-11-09T14:00:00.000Z,22,Moscow,139,6967.394
2025-11-09T14:00:00.000Z,23,Osaka,139,9213.876
2025-11-09T14:00:00.000Z,24,San Francisco,140,7676.864
2025-11-09T14:00:00.000Z,25,Berlin,141,7535.219999999999
2025-11-09T14:00:00.000Z,26,Bangkok,141,7993.985
2025-11-09T14:00:00.000Z,27,São Paulo,142,7646.5779999999995
2025-11-09T14:00:00.000Z,28,Sydney,144,7542.3060000000005
2025-11-09T14:00:00.000Z,29,Mumbai,145,7528.674
2025-11-09T14:00:00.000Z,30,Singapore,145,8145.995
2025-11-09T14:00:00.000Z,31,Toronto,147,8264.873
2025-11-09T14:00:00.000Z,32,Buenos Aires,147,9180.42
2025-11-09T14:00:00.000Z,33,Jakarta,150,8525.276
2025-11-09T14:00:00.000Z,34,Mexico City,154,7450.359
2025-11-09T14:00:00.000Z,35,Warsaw,154,7858.6759999999995
2025-11-09T14:00:00.000Z,36,Riyadh,154,8990.48
2025-11-09T14:00:00.000Z,37,Beijing,154,9061.78
2025-11-09T14:00:00.000Z,38,Dubai,155,7663.264999999999
2025-11-09T14:00:00.000Z,39,Lagos,156,8026.396
2025-11-09T14:00:00.000Z,40,Rome,156,8581.679
2025-11-09T14:00:00.000Z,41,Kuala Lumpur,159,7731.421
2025-11-09T14:00:00.000Z,42,Tokyo,159,8309.856
2025-11-09T14:00:00.000Z,43,Cairo,160,8244.739
2025-11-09T14:00:00.000Z,44,Houston,161,8273.112000000001
2025-11-09T14:00:00.000Z,45,Chicago,166,8383.712
2025-11-09T14:00:00.000Z,46,Cape Town,171,6886.652
2025-11-09T14:00:00.000Z,47,Helsinki,174,8330.922
2025-11-09T14:00:00.000Z,48,Kolkata,183,9673.967
2025-11-09T14:00:00.000Z,49,Manila,188,8881.414
2025-11-09T14:00:00.000Z,50,Melbourne,191,8911.768
2025-11-09T15:00:00.000Z,1,Seoul,104,7292.457
2025-11-09T15:00:00.000Z,2,Los Angeles,107,8617.132
2025-11-09T15:00:00.000Z,3,Bengaluru,119,7804.55
2025-11-09T15:00:00.000Z,4,Hong Kong,123,7866.441
2025-11-09T15:00:00.000Z,5,Ho Chi Minh City,124,7580.034
2025-11-09T15:00:00.000Z,6,San Francisco,124,7608.8060000000005
2025-11-09T15:00:00.000Z,7,Nairobi,125,8105.32
2025-11-09T15:00:00.000Z,8,New York,126,7449.88
2025-11-09T15:00:00.000Z,9,Auckland,126,9318.369
2025-11-09T15:00:00.000Z,10,Stockholm,127,6756.246
2025-11-09T15:00:00.000Z,11,Doha,128,7990.211
2025-11-09T15:00:00.000Z,12,Shanghai,132,8679.987
2025-11-09T15:00:00.000Z,13,Vancouver,132,8979.446
2025-11-09T15:00:00.000Z,14,Beijing,133,8972.395
2025-11-09T15:00:00.000Z,15,Zurich,134,7418.823
2025-11-09T15:00:00.000Z,16,Kuala Lumpur,134,7540.271
2025-11-09T15:00:00.000Z,17,Delhi,134,8396.9
2025-11-09T15:00:00.000Z,18,Berlin,135,7100.532999999999
2025-11-09T15:00:00.000Z,19,Madrid,135,8471.034
2025-11-09T15:00:00.000Z,20,London,136,8205.71
2025-11-09T15:00:00.000Z,21,Tehran,136,8342.721
2025-11-09T15:00:00.000Z,22,Istanbul,137,8782.724
2025-11-09T15:00:00.000Z,23,Chicago,138,8590.758
2025-11-09T15:00:00.000Z,24,Moscow,139,7730.76
2025-11-09T15:00:00.000Z,25,Karachi,139,8167.614
2025-11-09T15:00:00.000Z,26,Osaka,139,8343.849
2025-11-09T15:00:00.000Z,27,Chennai,140,7540.7919999999995
2025-11-09T15:00:00.000Z,28,Sydney,141,6933.692
2025-11-09T15:00:00.000Z,29,Bangkok,141,7288.121
2025-11-09T15:00:00.000Z,30,Paris,141,9291.905999999999
2025-11-09T15:00:00.000Z,31,São Paulo,142,7446.539
2025-11-09T15:00:00.000Z,32,Warsaw,142,8134.162
2025-11-09T15:00:00.000Z,33,Mumbai,145,7811.099
2025-11-09T15:00:00.000Z,34,Singapore,145,7959.733
2025-11-09T15:00:00.000Z,35,Toronto,147,8322.931
2025-11-09T15:00:00.000Z,36,Buenos Aires,147,9255.641
2025-11-09T15:00:00.000Z,37,Jakarta,150,8441.313
2025-11-09T15:00:00.000Z,38,Mexico City,154,7887.368
2025-11-09T15:00:00.000Z,39,Riyadh,154,8549.317
2025-11-09T15:00:00.000Z,40,Dubai,155,7742.896
2025-11-09T15:00:00.000Z,41,Rome,156,8185.412
2025-11-09T15:00:00.000Z,42,Lagos,156,8192.118
2025-11-09T15:00:00.000Z,43,Tokyo,159,8122.871
2025-11-09T15:00:00.000Z,44,Cairo,160,7886.959
2025-11-09T15:00:00.000Z,45,Houston,161,8045.397
2025-11-09T15:00:00.000Z,46,Cape Town,171,6787.380999999999
2025-11-09T15:00:00.000Z,47,Helsinki,174,8913.691
2025-11-09T15:00:00.000Z,48,Kolkata,183,9685.79
2025-11-09T15:00:00.000Z,49,Manila,188,8618.335
2025-11-09T15:00:00.000Z,50,Melbourne,191,8722.929
2025-11-09T16:00:00.000Z,1,New York,114,7683.117
2025-11-09T16:00:00.000Z,2,Bengaluru,119,8290.943
2025-11-09T16:00:00.000Z,3,Los Angeles,121,8490.262
2025-11-09T16:00:00.000Z,4,Hong Kong,123,8551.54
2025-11-09T16:00:00.000Z,5,Ho Chi Minh City,124,7096.223
2025-11-09T16:00:00.000Z,6,San Francisco,124,7673.531
2025-11-09T16:00:00.000Z,7,Nairobi,125,8405.969000000001
2025-11-09T16:00:00.000Z,8,Auckland,126,9027.689
2025-11-09T16:00:00.000Z,9,Stockholm,127,6870.008
2025-11-09T16:00:00.000Z,10,Vancouver,132,8299.866
2025-11-09T16:00:00.000Z,11,Shanghai,132,8549.712
2025-11-09T16:00:00.000Z,12,Osaka,133,8039.498
2025-11-09T16:00:00.000Z,13,Beijing,133,8219.909
2025-11-09T16:00:00.000Z,14,Kuala Lumpur,134,6508.794
2025-11-09T16:00:00.000Z,15,Zurich,134,7595.541
2025-11-09T16:00:00.000Z,16,Delhi,134,8329.113000000001
2025-11-09T16:00:00.000Z,17,Berlin,135,7214.695
2025-11-09T16:00:00.000Z,18,Madrid,135,7990.865
2025-11-09T16:00:00.000Z,19,London,136,7914.478
2025-11-09T16:00:00.000Z,20,Tehran,136,8117.653
2025-11-09T16:00:00.000Z,21,Istanbul,137,8885.373
2025-11-09T16:00:00.000Z,22,Chicago,138,8216.195
2025-11-09T16:00:00.000Z,23,Karachi,139,7997.443
2025-11-09T16:00:00.000Z,24,Chennai,140,7357.892
2025-11-09T16:00:00.000Z,25,Buenos Aires,140,8986.834
2025-11-09T16:00:00.000Z,26,Sydney,141,6893.171
2025-11-09T16:00:00.000Z,27,Bangkok,141,7147.149
2025-11-09T16:00:00.000Z,28,Paris,141,8802.453
2025-11-09T16:00:00.000Z,29,São Paulo,142,7753.464
2025-11-09T16:00:00.000Z,30,Warsaw,142,8010.92
2025-11-09T16:00:00.000Z,31,Singapore,145,7444.262000000001
2025-11-09T16:00:00.000Z,32,Mumbai,145,7994.891
2025-11-09T16:00:00.000Z,33,Toronto,147,8580.355
2025-11-09T16:00:00.000Z,34,Moscow,149,7941.882
2025-11-09T16:00:00.000Z,35,Jakarta,150,7878.768
2025-11-09T16:00:00.000Z,36,Lagos,151,8616.969
2025-11-09T16:00:00.000Z,37,Mexico City,154,7618.391
2025-11-09T16:00:00.000Z,38,Riyadh,154,8635.932
2025-11-09T16:00:00.000Z,39,Dubai,155,7988.77
2025-11-09T16:00:00.000Z,40,Rome,157,8267.958
2025-11-09T16:00:00.000Z,41,Tokyo,159,7900.889999999999
2025-11-09T16:00:00.000Z,42,Houston,161,7264.362
2025-11-09T16:00:00.000Z,43,Cairo,165,7808.5380000000005
2025-11-09T16:00:00.000Z,44,Cape Town,171,7344.44
2025-11-09T16:00:00.000Z,45,Helsinki,174,8556.597
2025-11-09T16:00:00.000Z,46,Seoul,178,7529.839
2025-11-09T16:00:00.000Z,47,Doha,182,8113.8099999999995
2025-11-09T16:00:00.000Z,48,Kolkata,183,8965.769
2025-11-09T16:00:00.000Z,49,Manila,188,8777.826000000001
2025-11-09T16:00:00.000Z,50,Melbourne,191,8206.486
2025-11-09T17:00:00.000Z,1,San Francisco,115,7517.087
2025-11-09T17:00:00.000Z,2,New York,117,7735.983
2025-11-09T17:00:00.000Z,3,Vancouver,119,8505.972
2025-11-09T17:00:00.000Z,4,Los Angeles,121,8318.29
2025-11-09T17:00:00.000Z,5,Bengaluru,122,7652.022
2025-11-09T17:00:00.000Z,6,Hong Kong,123,9022.608
2025-11-09T17:00:00.000Z,7,Ho Chi Minh City,124,6297.129
2025-11-09T17:00:00.000Z,8,Zurich,124,7410.652
2025-11-09T17:00:00.000Z,9,Dubai,124,7620.654
2025-11-09T17:00:00.000Z,10,Nairobi,125,8967.266
2025-11-09T17:00:00.000Z,11,Auckland,126,8063.153
2025-11-09T17:00:00.000Z,12,Stockholm,127,7410.987999999999
2025-11-09T17:00:00.000Z,13,Riyadh,128,7925.537
2025-11-09T17:00:00.000Z,14,Delhi,129,7736.8460000000005
2025-11-09T17:00:00.000Z,15,Singapore,131,7167.595
2025-11-09T17:00:00.000Z,16,Shanghai,132,8603.861
2025-11-09T17:00:00.000Z,17,Beijing,133,8344.258
2025-11-09T17:00:00.000Z,18,Osaka,133,8612.019
2025-11-09T17:00:00.000Z,19,Kuala Lumpur,134,6472.988
2025-11-09T17:00:00.000Z,20,London,136,7520.646000000001
2025-11-09T17:00:00.000Z,21,Tehran,136,8256.161
2025-11-09T17:00:00.000Z,22,Istanbul,137,9203.378
2025-11-09T17:00:00.000Z,23,Madrid,138,8178.605
2025-11-09T17:00:00.000Z,24,Jakarta,139,7873.813
2025-11-09T17:00:00.000Z,25,Karachi,139,7914.957
2025-11-09T17:00:00.000Z,26,Chennai,140,6986.007
2025-11-09T17:00:00.000Z,27,Buenos Aires,140,7986.9130000000005
2025-11-09T17:00:00.000Z,28,Sydney,141,6893.996
2025-11-09T17:00:00.000Z,29,Bangkok,141,6980.942999999999
2025-11-09T17:00:00.000Z,30,Paris,141,8085.124
2025-11-09T17:00:00.000Z,31,Warsaw,142,7458.14
2025-11-09T17:00:00.000Z,32,São Paulo,142,7462.914
2025-11-09T17:00:00.000Z,33,Mumbai,145,7848.114
2025-11-09T17:00:00.000Z,34,Toronto,147,8210.458
2025-11-09T17:00:00.000Z,35,Chicago,148,8625.711
2025-11-09T17:00:00.000Z,36,Berlin,149,7357.334
2025-11-09T17:00:00.000Z,37,Moscow,149,7872.654
2025-11-09T17:00:00.000Z,38,Lagos,151,8834.105
2025-11-09T17:00:00.000Z,39,Mexico City,154,8070.285
2025-11-09T17:00:00.000Z,40,Rome,157,8707.896
2025-11-09T17:00:00.000Z,41,Tokyo,159,7154.3279999999995
2025-11-09T17:00:00.000Z,42,Houston,161,7592.162
2025-11-09T17:00:00.000Z,43,Cairo,165,8040.04
2025-11-09T17:00:00.000Z,44,Cape Town,171,7663.487999999999
2025-11-09T17:00:00.000Z,45,Helsinki,174,9059.059
2025-11-09T17:00:00.000Z,46,Seoul,178,7355.112999999999
2025-11-09T17:00:00.000Z,47,Kolkata,179,8467.881
2025-11-09T17:00:00.000Z,48,Doha,182,7997.838
2025-11-09T17:00:00.000Z,49,Manila,188,9269.276
2025-11-09T17:00:00.000Z,50,Melbourne,191,8206.958
2025-11-09T18:00:00.000Z,1,Shanghai,113,8901.592
2025-11-09T18:00:00.000Z,2,San Francisco,115,7657.577
2025-11-09T18:00:00.000Z,3,New York,117,7802.76
2025-11-09T18:00:00.000Z,4,Riyadh,118,7623.247
2025-11-09T18:00:00.000Z,5,Vancouver,119,8299.436
2025-11-09T18:00:00.000Z,6,Los Angeles,121,8400.589
2025-11-09T18:00:00.000Z,7,Bengaluru,122,7715.596
2025-11-09T18:00:00.000Z,8,Hong Kong,123,8863.894
2025-11-09T18:00:00.000Z,9,Ho Chi Minh City,124,6635.477
2025-11-09T18:00:00.000Z,10,Nairobi,125,9081.934
2025-11-09T18:00:00.000Z,11,Auckland,126,7386.686
2025-11-09T18:00:00.000Z,12,Stockholm,127,7545.904
2025-11-09T18:00:00.000Z,13,Delhi,129,7735.036
2025-11-09T18:00:00.000Z,14,Beijing,129,7892.077
2025-11-09T18:00:00.000Z,15,Osaka,133,8134.169
2025-11-09T18:00:00.000Z,16,Kuala Lumpur,134,6722.396000000001
2025-11-09T18:00:00.000Z,17,Buenos Aires,134,7913.835
2025-11-09T18:00:00.000Z,18,Tehran,136,7973.6410000000005
2025-11-09T18:00:00.000Z,19,Istanbul,137,9572.531
2025-11-09T18:00:00.000Z,20,Madrid,138,7953.9580000000005
2025-11-09T18:00:00.000Z,21,Jakarta,139,8065.499
2025-11-09T18:00:00.000Z,22,Chennai,140,6997.2970000000005
2025-11-09T18:00:00.000Z,23,Sydney,141,6848.986
2025-11-09T18:00:00.000Z,24,Bangkok,141,7315.936
2025-11-09T18:00:00.000Z,25,Paris,141,8324.154
2025-11-09T18:00:00.000Z,26,São Paulo,142,7381.546
2025-11-09T18:00:00.000Z,27,Warsaw,142,7711.23
2025-11-09T18:00:00.000Z,28,London,144,7328.804
2025-11-09T18:00:00.000Z,29,Mumbai,145,7356.88
2025-11-09T18:00:00.000Z,30,Toronto,147,8000.122
2025-11-09T18:00:00.000Z,31,Chicago,148,8039.573
2025-11-09T18:00:00.000Z,32,Moscow,149,7670.744000000001
2025-11-09T18:00:00.000Z,33,Berlin,149,7914.8369999999995
2025-11-09T18:00:00.000Z,34,Karachi,152,8049.944
2025-11-09T18:00:00.000Z,35,Mexico City,154,8110.619
2025-11-09T18:00:00.000Z,36,Lagos,155,8855.678
2025-11-09T18:00:00.000Z,37,Singapore,156,7548.567999999999
2025-11-09T18:00:00.000Z,38,Rome,157,8195.902
2025-11-09T18:00:00.000Z,39,Tokyo,159,7424.324
2025-11-09T18:00:00.000Z,40,Houston,161,8133.607
2025-11-09T18:00:00.000Z,41,Dubai,165,7624.061
2025-11-09T18:00:00.000Z,42,Cairo,165,8232.764
2025-11-09T18:00:00.000Z,43,Cape Town,171,7249.472
2025-11-09T18:00:00.000Z,44,Helsinki,174,8896.959
2025-11-09T18:00:00.000Z,45,Zurich,177,7027.302
2025-11-09T18:00:00.000Z,46,Seoul,178,7702.118
2025-11-09T18:00:00.000Z,47,Kolkata,179,8066.915
2025-11-09T18:00:00.000Z,48,Doha,182,7796.969999999999
2025-11-09T18:00:00.000Z,49,Manila,188,9288.067
2025-11-09T18:00:00.000Z,50,Melbourne,191,7535.7029999999995
2025-11-09T19:00:00.000Z,1,Istanbul,106,9278.762
2025-11-09T19:00:00.000Z,2,Osaka,107,7686.308
2025-11-09T19:00:00.000Z,3,San Francisco,115,7457.785
2025-11-09T19:00:00.000Z,4,Melbourne,117,7447.5380000000005
2025-11-09T19:00:00.000Z,5,New York,117,7691.432
2025-11-09T19:00:00.000Z,6,Riyadh,118,7690.646000000001
2025-11-09T19:00:00.000Z,7,Vancouver,119,8481.548
2025-11-09T19:00:00.000Z,8,Los Angeles,121,8490.022
2025-11-09T19:00:00.000Z,9,Hong Kong,123,8972.095
2025-11-09T19:00:00.000Z,10,Ho Chi Minh City,124,7359.814
2025-11-09T19:00:00.000Z,11,Nairobi,125,9126.199
2025-11-09T19:00:00.000Z,12,Stockholm,127,8050.907
2025-11-09T19:00:00.000Z,13,Bengaluru,127,8649.821
2025-11-09T19:00:00.000Z,14,Shanghai,127,8744.883
2025-11-09T19:00:00.000Z,15,Delhi,129,7265.344
2025-11-09T19:00:00.000Z,16,Auckland,130,7086.123
2025-11-09T19:00:00.000Z,17,Kuala Lumpur,134,7185.99
2025-11-09T19:00:00.000Z,18,Buenos Aires,134,7290.0689999999995
2025-11-09T19:00:00.000Z,19,Beijing,135,7511.811
2025-11-09T19:00:00.000Z,20,Tehran,136,7924.16
2025-11-09T19:00:00.000Z,21,Madrid,138,8016.148
2025-11-09T19:00:00.000Z,22,Jakarta,139,7957.391
2025-11-09T19:00:00.000Z,23,Chennai,140,7371.225
2025-11-09T19:00:00.000Z,24,Sydney,141,7022.183
2025-11-09T19:00:00.000Z,25,Bangkok,141,7305.012000000001
2025-11-09T19:00:00.000Z,26,Paris,141,8211.292
2025-11-09T19:00:00.000Z,27,São Paulo,142,7212.803
2025-11-09T19:00:00.000Z,28,Warsaw,142,7478.489
2025-11-09T19:00:00.000Z,29,London,144,7870.615
2025-11-09T19:00:00.000Z,30,Mumbai,145,7573.243
2025-11-09T19:00:00.000Z,31,Toronto,147,7601.384
2025-11-09T19:00:00.000Z,32,Chicago,148,8503.02
2025-11-09T19:00:00.000Z,33,Moscow,149,7754.28
2025-11-09T19:00:00.000Z,34,Berlin,149,8123.549
2025-11-09T19:00:00.000Z,35,Karachi,152,8560.367
2025-11-09T19:00:00.000Z,36,Mexico City,154,7808.081999999999
2025-11-09T19:00:00.000Z,37,Lagos,155,8421.552
2025-11-09T19:00:00.000Z,38,Singapore,156,7368.411
2025-11-09T19:00:00.000Z,39,Rome,157,8591.06
2025-11-09T19:00:00.000Z,40,Tokyo,159,7168.878
2025-11-09T19:00:00.000Z,41,Houston,161,8043.812
2025-11-09T19:00:00.000Z,42,Cairo,165,7471.366
2025-11-09T19:00:00.000Z,43,Dubai,165,7851.92
2025-11-09T19:00:00.000Z,44,Cape Town,171,7776.360000000001
2025-11-09T19:00:00.000Z,45,Helsinki,174,8572.817
2025-11-09T19:00:00.000Z,46,Zurich,177,7307.697
2025-11-09T19:00:00.000Z,47,Seoul,178,7479.863
2025-11-09T19:00:00.000Z,48,Kolkata,179,7758.362
2025-11-09T19:00:00.000Z,49,Doha,182,7601.457
2025-11-09T19:00:00.000Z,50,Manila,188,9340.652
2025-11-09T20:00:00.000Z,1,Osaka,107,7391.237
2025-11-09T20:00:00.000Z,2,Mumbai,113,7635.225
2025-11-09T20:00:00.000Z,3,Nairobi,113,8989.815
2025-11-09T20:00:00.000Z,4,Istanbul,113,9030.011
2025-11-09T20:00:00.000Z,5,San Francisco,115,7898.607
2025-11-09T20:00:00.000Z,6,New York,117,7430.742
2025-11-09T20:00:00.000Z,7,Riyadh,118,7907.049
2025-11-09T20:00:00.000Z,8,Vancouver,119,8768.327
2025-11-09T20:00:00.000Z,9,Melbourne,120,7544.281999999999
2025-11-09T20:00:00.000Z,10,Los Angeles,121,8817.264000000001
2025-11-09T20:00:00.000Z,11,Ho Chi Minh City,124,7636.879
2025-11-09T20:00:00.000Z,12,Hong Kong,126,9199.032
2025-11-09T20:00:00.000Z,13,Bengaluru,127,8257.783
2025-11-09T20:00:00.000Z,14,Stockholm,127,8494.269
2025-11-09T20:00:00.000Z,15,Shanghai,127,8930.454
2025-11-09T20:00:00.000Z,16,Delhi,129,7706.929
2025-11-09T20:00:00.000Z,17,Cape Town,129,8694.658
2025-11-09T20:00:00.000Z,18,Auckland,130,6806.466
2025-11-09T20:00:00.000Z,19,Bangkok,131,7422.903
2025-11-09T20:00:00.000Z,20,Buenos Aires,134,7016.234
2025-11-09T20:00:00.000Z,21,Kuala Lumpur,134,7090.12
2025-11-09T20:00:00.000Z,22,Beijing,135,7055.702
2025-11-09T20:00:00.000Z,23,Warsaw,135,7059.826
2025-11-09T20:00:00.000Z,24,Tehran,136,8315.759
2025-11-09T20:00:00.000Z,25,Mexico City,137,7867.736
2025-11-09T20:00:00.000Z,26,Madrid,138,8259.31
2025-11-09T20:00:00.000Z,27,Jakarta,139,7974.614
2025-11-09T20:00:00.000Z,28,Tokyo,140,7174.727
2025-11-09T20:00:00.000Z,29,Chennai,140,7181.544
2025-11-09T20:00:00.000Z,30,Sydney,141,7370.167
2025-11-09T20:00:00.000Z,31,Paris,141,7789.746999999999
2025-11-09T20:00:00.000Z,32,São Paulo,142,7295.364
2025-11-09T20:00:00.000Z,33,London,144,7780.195
2025-11-09T20:00:00.000Z,34,Houston,147,7560.593
2025-11-09T20:00:00.000Z,35,Toronto,147,8143.401
2025-11-09T20:00:00.000Z,36,Chicago,148,8769.975
2025-11-09T20:00:00.000Z,37,Moscow,149,8412.511
2025-11-09T20:00:00.000Z,38,Berlin,149,8715.634
2025-11-09T20:00:00.000Z,39,Karachi,152,8448.655999999999
2025-11-09T20:00:00.000Z,40,Lagos,155,8360.424
2025-11-09T20:00:00.000Z,41,Singapore,156,7460.271
2025-11-09T20:00:00.000Z,42,Rome,157,8601.422
2025-11-09T20:00:00.000Z,43,Cairo,165,7274.767
2025-11-09T20:00:00.000Z,44,Dubai,165,8225.556
2025-11-09T20:00:00.000Z,45,Helsinki,174,8194.178
2025-11-09T20:00:00.000Z,46,Zurich,177,7289.662
2025-11-09T20:00:00.000Z,47,Seoul,178,7436.67
2025-11-09T20:00:00.000Z,48,Kolkata,179,7720.259
2025-11-09T20:00:00.000Z,49,Doha,182,7093.0689999999995
2025-11-09T20:00:00.000Z,50,Manila,188,8567.617
2025-11-09T21:00:00.000Z,1,Nairobi,113,8838.956
2025-11-09T21:00:00.000Z,2,Mumbai,119,7516.24
2025-11-09T21:00:00.000Z,3,Melbourne,120,7140.296
2025-11-09T21:00:00.000Z,4,New York,120,7189.507
2025-11-09T21:00:00.000Z,5,Los Angeles,121,8922.97
2025-11-09T21:00:00.000Z,6,Vancouver,122,8627.996
2025-11-09T21:00:00.000Z,7,Osaka,124,7389.65
2025-11-09T21:00:00.000Z,8,Ho Chi Minh City,124,8162.213
2025-11-09T21:00:00.000Z,9,Warsaw,126,7227.23
2025-11-09T21:00:00.000Z,10,Hong Kong,126,9493.913
2025-11-09T21:00:00.000Z,11,Bengaluru,127,7840.996999999999
2025-11-09T21:00:00.000Z,12,Stockholm,127,8360.928
2025-11-09T21:00:00.000Z,13,Shanghai,127,8811.484
2025-11-09T21:00:00.000Z,14,Delhi,129,7289.101000000001
2025-11-09T21:00:00.000Z,15,Cape Town,129,8747.958
2025-11-09T21:00:00.000Z,16,Auckland,130,6691.335999999999
2025-11-09T21:00:00.000Z,17,San Francisco,131,7180.456
2025-11-09T21:00:00.000Z,18,Bangkok,131,7858.892
2025-11-09T21:00:00.000Z,19,Buenos Aires,134,6968.142
2025-11-09T21:00:00.000Z,20,Kuala Lumpur,134,7344.418
2025-11-09T21:00:00.000Z,21,Beijing,135,7448.977
2025-11-09T21:00:00.000Z,22,Tehran,136,8052.271
2025-11-09T21:00:00.000Z,23,Mexico City,137,8028.112
2025-11-09T21:00:00.000Z,24,Madrid,138,8180.12
2025-11-09T21:00:00.000Z,25,Jakarta,139,8094.965
2025-11-09T21:00:00.000Z,26,Sydney,139,8326.883
2025-11-09T21:00:00.000Z,27,Tokyo,140,6662.673
2025-11-09T21:00:00.000Z,28,Chennai,140,7418.483
2025-11-09T21:00:00.000Z,29,Istanbul,140,8540.721
2025-11-09T21:00:00.000Z,30,Manila,140,8625.672
2025-11-09T21:00:00.000Z,31,Paris,141,7665.25
2025-11-09T21:00:00.000Z,32,São Paulo,142,7266.004999999999
2025-11-09T21:00:00.000Z,33,London,147,7275.594
2025-11-09T21:00:00.000Z,34,Houston,147,7585.531000000001
2025-11-09T21:00:00.000Z,35,Toronto,147,8746.574
2025-11-09T21:00:00.000Z,36,Chicago,148,8491.339
2025-11-09T21:00:00.000Z,37,Berlin,149,9023.154
2025-11-09T21:00:00.000Z,38,Karachi,152,7640.648
2025-11-09T21:00:00.000Z,39,Lagos,155,8336.619999999999
2025-11-09T21:00:00.000Z,40,Singapore,156,7950.687
2025-11-09T21:00:00.000Z,41,Rome,157,8336.939
2025-11-09T21:00:00.000Z,42,Moscow,163,8534.288
2025-11-09T21:00:00.000Z,43,Cairo,165,7265.07
2025-11-09T21:00:00.000Z,44,Dubai,165,8437.187
2025-11-09T21:00:00.000Z,45,Riyadh,168,8108.227
2025-11-09T21:00:00.000Z,46,Helsinki,174,7640.284
2025-11-09T21:00:00.000Z,47,Zurich,177,7559.2
2025-11-09T21:00:00.000Z,48,Seoul,178,7873.683
2025-11-09T21:00:00.000Z,49,Kolkata,179,8116.044
2025-11-09T21:00:00.000Z,50,Doha,182,7891.356
2025-11-09T22:00:00.000Z,1,São Paulo,107,7229.552
2025-11-09T22:00:00.000Z,2,Toronto,114,8019.856
2025-11-09T22:00:00.000Z,3,Ho Chi Minh City,114,8248.968
2025-11-09T22:00:00.000Z,4,Nairobi,118,9573.711
2025-11-09T22:00:00.000Z,5,Mumbai,119,7969.689
2025-11-09T22:00:00.000Z,6,New York,120,7319.509
2025-11-09T22:00:00.000Z,7,Los Angeles,121,8897.509
2025-11-09T22:00:00.000Z,8,Jakarta,123,7921.278
2025-11-09T22:00:00.000Z,9,Osaka,124,7403.114
2025-11-09T22:00:00.000Z,10,Warsaw,126,7254.804
2025-11-09T22:00:00.000Z,11,Hong Kong,126,9709.134
2025-11-09T22:00:00.000Z,12,Bengaluru,127,7916.821
2025-11-09T22:00:00.000Z,13,Stockholm,127,8804.11
2025-11-09T22:00:00.000Z,14,Delhi,129,7045.948
2025-11-09T22:00:00.000Z,15,Houston,129,7779.571
2025-11-09T22:00:00.000Z,16,Auckland,130,7384.311
2025-11-09T22:00:00.000Z,17,San Francisco,131,7299.978
2025-11-09T22:00:00.000Z,18,Bangkok,131,7508.9349999999995
2025-11-09T22:00:00.000Z,19,Helsinki,132,7312.746999999999
2025-11-09T22:00:00.000Z,20,Shanghai,133,8934.817
2025-11-09T22:00:00.000Z,21,Buenos Aires,134,6533.791
2025-11-09T22:00:00.000Z,22,Kuala Lumpur,134,7254.743
2025-11-09T22:00:00.000Z,23,Tehran,136,8202.869
2025-11-09T22:00:00.000Z,24,Melbourne,137,7110.42
2025-11-09T22:00:00.000Z,25,Mexico City,137,8140.322
2025-11-09T22:00:00.000Z,26,Madrid,138,7922.054
2025-11-09T22:00:00.000Z,27,Tokyo,140,7154.423
2025-11-09T22:00:00.000Z,28,Chennai,140,7957.369
2025-11-09T22:00:00.000Z,29,Istanbul,140,8152.978
2025-11-09T22:00:00.000Z,30,Manila,140,8207.413
2025-11-09T22:00:00.000Z,31,Paris,141,6919.981
2025-11-09T22:00:00.000Z,32,London,147,7106.344
2025-11-09T22:00:00.000Z,33,Chicago,148,8255.741
2025-11-09T22:00:00.000Z,34,Vancouver,148,8665.488
2025-11-09T22:00:00.000Z,35,Berlin,149,9192.624
2025-11-09T22:00:00.000Z,36,Karachi,152,7970.772
2025-11-09T22:00:00.000Z,37,Sydney,153,8551.866
2025-11-09T22:00:00.000Z,38,Lagos,155,8423.751
2025-11-09T22:00:00.000Z,39,Singapore,156,8356.286
2025-11-09T22:00:00.000Z,40,Rome,157,8626.553
2025-11-09T22:00:00.000Z,41,Cape Town,159,8469.727
2025-11-09T22:00:00.000Z,42,Moscow,163,8778.404
2025-11-09T22:00:00.000Z,43,Beijing,164,7360.112999999999
2025-11-09T22:00:00.000Z,44,Cairo,165,6980.313
2025-11-09T22:00:00.000Z,45,Dubai,165,8639.619
2025-11-09T22:00:00.000Z,46,Riyadh,168,7085.774
2025-11-09T22:00:00.000Z,47,Zurich,177,7462.293
2025-11-09T22:00:00.000Z,48,Seoul,178,8078.339
2025-11-09T22:00:00.000Z,49,Kolkata,179,7755.317999999999
2025-11-09T22:00:00.000Z,50,Doha,182,7570.491
2025-11-09T23:00:00.000Z,1,São Paulo,106,7622.036
2025-11-09T23:00:00.000Z,2,Ho Chi Minh City,114,8169.624
2025-11-09T23:00:00.000Z,3,Paris,115,7096.983
2025-11-09T23:00:00.000Z,4,Toronto,115,7997.879
2025-11-09T23:00:00.000Z,5,Warsaw,116,6987.498
2025-11-09T23:00:00.000Z,6,Nairobi,118,9722.667
2025-11-09T23:00:00.000Z,7,Mumbai,119,8006.6230000000005
2025-11-09T23:00:00.000Z,8,New York,120,7024.473
2025-11-09T23:00:00.000Z,9,Jakarta,123,7947.01
2025-11-09T23:00:00.000Z,10,Osaka,124,7624.925
2025-11-09T23:00:00.000Z,11,Tehran,124,8327.816
2025-11-09T23:00:00.000Z,12,Stockholm,124,8472.985
2025-11-09T23:00:00.000Z,13,Hong Kong,126,9393.814
2025-11-09T23:00:00.000Z,14,Kuala Lumpur,127,7650.975
2025-11-09T23:00:00.000Z,15,Bengaluru,127,7897.996999999999
2025-11-09T23:00:00.000Z,16,Bangkok,128,7992.999
2025-11-09T23:00:00.000Z,17,Delhi,129,7083.58
2025-11-09T23:00:00.000Z,18,Houston,129,8134.764999999999
2025-11-09T23:00:00.000Z,19,San Francisco,131,7356.415
2025-11-09T23:00:00.000Z,20,Helsinki,132,7014.651
2025-11-09T23:00:00.000Z,21,Shanghai,133,8612.027
2025-11-09T23:00:00.000Z,22,Buenos Aires,134,6643.514
2025-11-09T23:00:00.000Z,23,Melbourne,137,6840.882
2025-11-09T23:00:00.000Z,24,Auckland,138,7016.043
2025-11-09T23:00:00.000Z,25,Madrid,138,7992.4400000000005
2025-11-09T23:00:00.000Z,26,Chennai,138,8054.695
2025-11-09T23:00:00.000Z,27,Tokyo,140,7028.8150000000005
2025-11-09T23:00:00.000Z,28,Istanbul,140,7607.102
2025-11-09T23:00:00.000Z,29,Manila,140,8541.953
2025-11-09T23:00:00.000Z,30,Mexico City,142,7828.351000000001
2025-11-09T23:00:00.000Z,31,London,147,6834.906
2025-11-09T23:00:00.000Z,32,Chicago,148,7860.959
2025-11-09T23:00:00.000Z,33,Vancouver,148,7900.093
2025-11-09T23:00:00.000Z,34,Los Angeles,149,8817.327
2025-11-09T23:00:00.000Z,35,Berlin,149,9058.15
2025-11-09T23:00:00.000Z,36,Karachi,152,7523.638999999999
2025-11-09T23:00:00.000Z,37,Sydney,153,9209.31
2025-11-09T23:00:00.000Z,38,Lagos,155,8210.761
2025-11-09T23:00:00.000Z,39,Singapore,156,8097.643
2025-11-09T23:00:00.000Z,40,Rome,157,8487.541
2025-11-09T23:00:00.000Z,41,Cape Town,159,8729.413
2025-11-09T23:00:00.000Z,42,Moscow,163,8768.173
2025-11-09T23:00:00.000Z,43,Beijing,164,7399.941000000001
2025-11-09T23:00:00.000Z,44,Cairo,165,7183.273
2025-11-09T23:00:00.000Z,45,Dubai,165,8532.741
2025-11-09T23:00:00.000Z,46,Riyadh,168,7271.784
2025-11-09T23:00:00.000Z,47,Zurich,177,7687.1939999999995
2025-11-09T23:00:00.000Z,48,Seoul,178,8328.425
2025-11-09T23:00:00.000Z,49,Kolkata,179,7853.697
2025-11-09T23:00:00.000Z,50,Doha,182,7299.526
2025-11-10T00:00:00.000Z,1,Ho Chi Minh City,114,8716.470000000001
2025-11-10T00:00:00.000Z,2,Toronto,115,8160.74
2025-11-10T00:00:00.000Z,3,Manila,117,8495.663
2025-11-10T00:00:00.000Z,4,Nairobi,118,9647.008
2025-11-10T00:00:00.000Z,5,Mumbai,119,8240.536
2025-11-10T00:00:00.000Z,6,New York,120,7195.0380000000005
2025-11-10T00:00:00.000Z,7,Osaka,124,7795.947
2025-11-10T00:00:00.000Z,8,Stockholm,124,8505.886
2025-11-10T00:00:00.000Z,9,Tehran,124,8616.692
2025-11-10T00:00:00.000Z,10,Bengaluru,127,7670.896000000001
2025-11-10T00:00:00.000Z,11,Kuala Lumpur,127,7923.892
2025-11-10T00:00:00.000Z,12,Bangkok,128,8432.338
2025-11-10T00:00:00.000Z,13,Buenos Aires,129,6680.424
2025-11-10T00:00:00.000Z,14,Delhi,129,6731.847
2025-11-10T00:00:00.000Z,15,Houston,129,8744.371
2025-11-10T00:00:00.000Z,16,Warsaw,130,7204.714
2025-11-10T00:00:00.000Z,17,Rome,130,8266.514
2025-11-10T00:00:00.000Z,18,San Francisco,131,6787.155000000001
2025-11-10T00:00:00.000Z,19,Paris,131,7726.585999999999
2025-11-10T00:00:00.000Z,20,Helsinki,132,7186.811
2025-11-10T00:00:00.000Z,21,Seoul,133,8318.415
2025-11-10T00:00:00.000Z,22,Shanghai,133,8519.752
2025-11-10T00:00:00.000Z,23,Hong Kong,134,9228.485
2025-11-10T00:00:00.000Z,24,Melbourne,137,7363.805
2025-11-10T00:00:00.000Z,25,Auckland,138,7355.266
2025-11-10T00:00:00.000Z,26,Madrid,138,8033.789
2025-11-10T00:00:00.000Z,27,Chennai,138,8258.937
2025-11-10T00:00:00.000Z,28,Tokyo,140,7086.665
2025-11-10T00:00:00.000Z,29,Istanbul,140,7323.825000000001
2025-11-10T00:00:00.000Z,30,São Paulo,140,7428.396
2025-11-10T00:00:00.000Z,31,Mexico City,142,8272.777
2025-11-10T00:00:00.000Z,32,Kolkata,142,8387.72
2025-11-10T00:00:00.000Z,33,London,147,6851.82
2025-11-10T00:00:00.000Z,34,Vancouver,148,8117.268
2025-11-10T00:00:00.000Z,35,Chicago,148,8255.626
2025-11-10T00:00:00.000Z,36,Los Angeles,149,8889.376
2025-11-10T00:00:00.000Z,37,Berlin,149,9134.979
2025-11-10T00:00:00.000Z,38,Cairo,150,7275.684
2025-11-10T00:00:00.000Z,39,Jakarta,151,8290.545
2025-11-10T00:00:00.000Z,40,Karachi,152,7470.313
2025-11-10T00:00:00.000Z,41,Sydney,153,9453.867
2025-11-10T00:00:00.000Z,42,Lagos,155,7798.27
2025-11-10T00:00:00.000Z,43,Singapore,156,8141.398
2025-11-10T00:00:00.000Z,44,Cape Town,159,8493.221
2025-11-10T00:00:00.000Z,45,Moscow,163,8863.089
2025-11-10T00:00:00.000Z,46,Beijing,164,7850.323
2025-11-10T00:00:00.000Z,47,Dubai,165,8067.34
2025-11-10T00:00:00.000Z,48,Riyadh,168,6973.868
2025-11-10T00:00:00.000Z,49,Doha,174,7228.341
2025-11-10T00:00:00.000Z,50,Zurich,177,7442.797
2025-11-10T01:00:00.000Z,1,Rome,108,8536.624
2025-11-10T01:00:00.000Z,2,Ho Chi Minh City,114,8911.592
2025-11-10T01:00:00.000Z,3,Toronto,115,8188.242
2025-11-10T01:00:00.000Z,4,Nairobi,118,8921.332
2025-11-10T01:00:00.000Z,5,Mumbai,119,7920.674
2025-11-10T01:00:00.000Z,6,New York,120,7637.669
2025-11-10T01:00:00.000Z,7,Stockholm,124,8696.429
2025-11-10T01:00:00.000Z,8,Manila,125,8063.121
2025-11-10T01:00:00.000Z,9,Helsinki,127,7158.969
2025-11-10T01:00:00.000Z,10,Kuala Lumpur,127,7980.0470000000005
2025-11-10T01:00:00.000Z,11,Bengaluru,127,8084.031
2025-11-10T01:00:00.000Z,12,Warsaw,130,7191.159
2025-11-10T01:00:00.000Z,13,Tehran,131,8384.030999999999
2025-11-10T01:00:00.000Z,14,Paris,132,7450.889
2025-11-10T01:00:00.000Z,15,Buenos Aires,133,7100.526
2025-11-10T01:00:00.000Z,16,Madrid,133,7777.009
2025-11-10T01:00:00.000Z,17,Seoul,133,8383.502
2025-11-10T01:00:00.000Z,18,Delhi,134,7317.522
2025-11-10T01:00:00.000Z,19,Hong Kong,134,8881.182
2025-11-10T01:00:00.000Z,20,Melbourne,137,7475.447
2025-11-10T01:00:00.000Z,21,Shanghai,137,8361.499
2025-11-10T01:00:00.000Z,22,Cairo,138,7084.063
2025-11-10T01:00:00.000Z,23,Auckland,138,7986.317
2025-11-10T01:00:00.000Z,24,Chennai,138,8568.302
2025-11-10T01:00:00.000Z,25,Istanbul,140,7276.794
2025-11-10T01:00:00.000Z,26,Tokyo,140,7361.372
2025-11-10T01:00:00.000Z,27,São Paulo,140,7572.602
2025-11-10T01:00:00.000Z,28,Osaka,142,7848.521
2025-11-10T01:00:00.000Z,29,Mexico City,142,8889.455
2025-11-10T01:00:00.000Z,30,Berlin,143,8720.626
2025-11-10T01:00:00.000Z,31,Houston,146,8900.507
2025-11-10T01:00:00.000Z,32,London,147,7079.046
2025-11-10T01:00:00.000Z,33,Chicago,148,7179.627
2025-11-10T01:00:00.000Z,34,Vancouver,148,7556.9529999999995
2025-11-10T01:00:00.000Z,35,Los Angeles,149,9056.219000000001
2025-11-10T01:00:00.000Z,36,Bangkok,150,8911.581
2025-11-10T01:00:00.000Z,37,San Francisco,151,6950.341
2025-11-10T01:00:00.000Z,38,Kolkata,151,8127.905
2025-11-10T01:00:00.000Z,39,Jakarta,151,8410.335
2025-11-10T01:00:00.000Z,40,Karachi,152,7581.177
2025-11-10T01:00:00.000Z,41,Sydney,153,9703.126
2025-11-10T01:00:00.000Z,42,Lagos,155,7638.551
2025-11-10T01:00:00.000Z,43,Singapore,156,8013.794
2025-11-10T01:00:00.000Z,44,Cape Town,159,8490.931
2025-11-10T01:00:00.000Z,45,Moscow,163,8493.644
2025-11-10T01:00:00.000Z,46,Beijing,164,8065.371999999999
2025-11-10T01:00:00.000Z,47,Dubai,165,8035.383
2025-11-10T01:00:00.000Z,48,Riyadh,168,7236.164
2025-11-10T01:00:00.000Z,49,Doha,174,7627.838
2025-11-10T01:00:00.000Z,50,Zurich,177,7673.268
2025-11-10T02:00:00.000Z,1,Rome,108,8069.448
2025-11-10T02:00:00.000Z,2,Ho Chi Minh City,114,8820.983
2025-11-10T02:00:00.000Z,3,Seoul,116,7728.367
2025-11-10T02:00:00.000Z,4,Nairobi,118,8351.057
2025-11-10T02:00:00.000Z,5,Mumbai,119,7917.793
2025-11-10T02:00:00.000Z,6,New York,120,7331.298000000001
2025-11-10T02:00:00.000Z,7,Toronto,123,8033.707
2025-11-10T02:00:00.000Z,8,Stockholm,124,8558.845
2025-11-10T02:00:00.000Z,9,Manila,125,8312.507
2025-11-10T02:00:00.000Z,10,Karachi,126,7754.086
2025-11-10T02:00:00.000Z,11,Singapore,126,7810.916
2025-11-10T02:00:00.000Z,12,Helsinki,127,7327.996
2025-11-10T02:00:00.000Z,13,Kuala Lumpur,127,7708.994
2025-11-10T02:00:00.000Z,14,Bengaluru,127,8108.642
2025-11-10T02:00:00.000Z,15,Tehran,131,8673.377
2025-11-10T02:00:00.000Z,16,Paris,132,7744.17
2025-11-10T02:00:00.000Z,17,Madrid,133,8264.952
2025-11-10T02:00:00.000Z,18,Warsaw,134,7330.538
2025-11-10T02:00:00.000Z,19,Delhi,134,7599.868
2025-11-10T02:00:00.000Z,20,Hong Kong,134,8595.252
2025-11-10T02:00:00.000Z,21,Shanghai,137,7889.823
2025-11-10T02:00:00.000Z,22,Melbourne,137,7891.489
2025-11-10T02:00:00.000Z,23,Cairo,138,7137.731
2025-11-10T02:00:00.000Z,24,Auckland,138,7962.407999999999
2025-11-10T02:00:00.000Z,25,Chennai,138,8996.287
2025-11-10T02:00:00.000Z,26,Istanbul,140,6974.971
2025-11-10T02:00:00.000Z,27,São Paulo,140,7685.981
2025-11-10T02:00:00.000Z,28,Osaka,142,7922.296
2025-11-10T02:00:00.000Z,29,Buenos Aires,143,7678.653
2025-11-10T02:00:00.000Z,30,Berlin,143,8516.07
2025-11-10T02:00:00.000Z,31,London,147,7238.016
2025-11-10T02:00:00.000Z,32,Chicago,148,7155.855
2025-11-10T02:00:00.000Z,33,Vancouver,148,7983.155
2025-11-10T02:00:00.000Z,34,Houston,148,8760.673
2025-11-10T02:00:00.000Z,35,Los Angeles,149,8579.625
2025-11-10T02:00:00.000Z,36,Bangkok,150,8559.2
2025-11-10T02:00:00.000Z,37,San Francisco,151,7297.875
2025-11-10T02:00:00.000Z,38,Dubai,151,8151.816
2025-11-10T02:00:00.000Z,39,Jakarta,151,8492.018
2025-11-10T02:00:00.000Z,40,Kolkata,151,8539.546
2025-11-10T02:00:00.000Z,41,Sydney,153,9467.183
2025-11-10T02:00:00.000Z,42,Lagos,154,7486.526
2025-11-10T02:00:00.000Z,43,Tokyo,158,7850.079
2025-11-10T02:00:00.000Z,44,Cape Town,159,8467.601
2025-11-10T02:00:00.000Z,45,Moscow,163,8819.932
2025-11-10T02:00:00.000Z,46,Beijing,164,8587.728
2025-11-10T02:00:00.000Z,47,Mexico City,165,8726.829
2025-11-10T02:00:00.000Z,48,Riyadh,168,6771.455
2025-11-10T02:00:00.000Z,49,Doha,174,8202.315999999999
2025-11-10T02:00:00.000Z,50,Zurich,176,7799.687
2025-11-10T03:00:00.000Z,1,Rome,108,8359.343
2025-11-10T03:00:00.000Z,2,Ho Chi Minh City,114,8216.443
2025-11-10T03:00:00.000Z,3,Bengaluru,116,7648.561
2025-11-10T03:00:00.000Z,4,Seoul,116,7943.275
2025-11-10T03:00:00.000Z,5,Nairobi,118,8299.02
2025-11-10T03:00:00.000Z,6,Mumbai,119,8019.541
2025-11-10T03:00:00.000Z,7,Toronto,123,7968.765
2025-11-10T03:00:00.000Z,8,Stockholm,124,8167.652
2025-11-10T03:00:00.000Z,9,Karachi,126,7808.418
2025-11-10T03:00:00.000Z,10,Singapore,126,7900.438
2025-11-10T03:00:00.000Z,11,Cairo,127,7489.067
2025-11-10T03:00:00.000Z,12,Kuala Lumpur,127,7694.722
2025-11-10T03:00:00.000Z,13,Madrid,127,8629.206
2025-11-10T03:00:00.000Z,14,Tehran,131,9110.259
2025-11-10T03:00:00.000Z,15,Paris,132,7840.095
2025-11-10T03:00:00.000Z,16,Delhi,134,7709.997
2025-11-10T03:00:00.000Z,17,New York,134,7963.966
2025-11-10T03:00:00.000Z,18,Hong Kong,134,8439.042
2025-11-10T03:00:00.000Z,19,Shanghai,137,7938.786
2025-11-10T03:00:00.000Z,20,Melbourne,137,8161.553
2025-11-10T03:00:00.000Z,21,Auckland,138,7744.133
2025-11-10T03:00:00.000Z,22,Chennai,138,9095.705
2025-11-10T03:00:00.000Z,23,Warsaw,140,7985.6
2025-11-10T03:00:00.000Z,24,São Paulo,140,8084.571
2025-11-10T03:00:00.000Z,25,Osaka,142,8171.74
2025-11-10T03:00:00.000Z,26,Buenos Aires,143,8020.228
2025-11-10T03:00:00.000Z,27,Berlin,143,8043.959000000001
2025-11-10T03:00:00.000Z,28,Istanbul,144,6909.105
2025-11-10T03:00:00.000Z,29,Helsinki,146,7436.338
2025-11-10T03:00:00.000Z,30,London,147,7184.119000000001
2025-11-10T03:00:00.000Z,31,Chicago,148,6572.256
2025-11-10T03:00:00.000Z,32,Vancouver,148,7828.139
2025-11-10T03:00:00.000Z,33,Houston,148,8009.137
2025-11-10T03:00:00.000Z,34,Los Angeles,149,8339.359
2025-11-10T03:00:00.000Z,35,Bangkok,150,8628.24
2025-11-10T03:00:00.000Z,36,San Francisco,151,7687.869
2025-11-10T03:00:00.000Z,37,Jakarta,151,8121.123
2025-11-10T03:00:00.000Z,38,Dubai,151,8474.269
2025-11-10T03:00:00.000Z,39,Kolkata,151,8488.635
2025-11-10T03:00:00.000Z,40,Sydney,153,9661.493
2025-11-10T03:00:00.000Z,41,Lagos,154,7475.665
2025-11-10T03:00:00.000Z,42,Tokyo,158,8471.25
2025-11-10T03:00:00.000Z,43,Cape Town,159,7886.701
2025-11-10T03:00:00.000Z,44,Manila,159,8026.865
2025-11-10T03:00:00.000Z,45,Moscow,163,9577.141
2025-11-10T03:00:00.000Z,46,Beijing,164,8497.58
2025-11-10T03:00:00.000Z,47,Mexico City,165,8315.567
2025-11-10T03:00:00.000Z,48,Riyadh,168,7189.268
2025-11-10T03:00:00.000Z,49,Doha,174,8488.739
2025-11-10T03:00:00.000Z,50,Zurich,176,8051.635
2025-11-10T04:00:00.000Z,1,Ho Chi Minh City,114,8184.814
2025-11-10T04:00:00.000Z,2,Rome,115,8153.709
2025-11-10T04:00:00.000Z,3,Bengaluru,116,7918.044
2025-11-10T04:00:00.000Z,4,Seoul,116,8000.209
2025-11-10T04:00:00.000Z,5,Mumbai,119,8156.626
2025-11-10T04:00:00.000Z,6,Toronto,123,7647.505999999999
2025-11-10T04:00:00.000Z,7,Stockholm,124,7964.966
2025-11-10T04:00:00.000Z,8,Karachi,126,7580.128
2025-11-10T04:00:00.000Z,9,Singapore,126,8129.826
2025-11-10T04:00:00.000Z,10,Kuala Lumpur,127,7575.707
2025-11-10T04:00:00.000Z,11,Cairo,127,7951.599
2025-11-10T04:00:00.000Z,12,Nairobi,127,8549.703
2025-11-10T04:00:00.000Z,13,Madrid,127,8888.102
2025-11-10T04:00:00.000Z,14,Tehran,131,8881.981
2025-11-10T04:00:00.000Z,15,Dubai,133,7970.35
2025-11-10T04:00:00.000Z,16,Delhi,134,7994.358
2025-11-10T04:00:00.000Z,17,Hong Kong,134,8062.394
2025-11-10T04:00:00.000Z,18,New York,134,8190.747
2025-11-10T04:00:00.000Z,19,Lagos,136,7050.200000000001
2025-11-10T04:00:00.000Z,20,Shanghai,137,7682.654
2025-11-10T04:00:00.000Z,21,Melbourne,137,7871.465
2025-11-10T04:00:00.000Z,22,Chennai,138,9353.454
2025-11-10T04:00:00.000Z,23,São Paulo,140,8351.615
2025-11-10T04:00:00.000Z,24,Warsaw,140,8405.525
2025-11-10T04:00:00.000Z,25,Osaka,142,8132.5
2025-11-10T04:00:00.000Z,26,Berlin,143,7467.495
2025-11-10T04:00:00.000Z,27,Buenos Aires,143,8281.970000000001
2025-11-10T04:00:00.000Z,28,Istanbul,144,7057.969999999999
2025-11-10T04:00:00.000Z,29,Auckland,144,8132.15
2025-11-10T04:00:00.000Z,30,Helsinki,146,7612.549999999999
2025-11-10T04:00:00.000Z,31,Paris,146,7789.835
2025-11-10T04:00:00.000Z,32,London,147,7249.108
2025-11-10T04:00:00.000Z,33,Chicago,148,6432.706
2025-11-10T04:00:00.000Z,34,Vancouver,148,8011.851
2025-11-10T04:00:00.000Z,35,Houston,148,8221.364
2025-11-10T04:00:00.000Z,36,Los Angeles,149,8026.008
2025-11-10T04:00:00.000Z,37,Bangkok,150,8768.141
2025-11-10T04:00:00.000Z,38,San Francisco,151,7307.973
2025-11-10T04:00:00.000Z,39,Kolkata,151,8343.867
2025-11-10T04:00:00.000Z,40,Jakarta,151,8344.812
2025-11-10T04:00:00.000Z,41,Sydney,153,9227.123
2025-11-10T04:00:00.000Z,42,Tokyo,158,8643.269
2025-11-10T04:00:00.000Z,43,Cape Town,159,7904.26
2025-11-10T04:00:00.000Z,44,Manila,159,8506.473
2025-11-10T04:00:00.000Z,45,Moscow,163,9187.043
2025-11-10T04:00:00.000Z,46,Mexico City,165,7883.487999999999
2025-11-10T04:00:00.000Z,47,Riyadh,168,6761.701
2025-11-10T04:00:00.000Z,48,Beijing,171,8744.16
2025-11-10T04:00:00.000Z,49,Doha,174,8822.029
2025-11-10T04:00:00.000Z,50,Zurich,176,7984.733
2025-11-10T05:00:00.000Z,1,Ho Chi Minh City,113,8028.83
2025-11-10T05:00:00.000Z,2,Rome,115,8371.292
2025-11-10T05:00:00.000Z,3,Seoul,116,7641.281
2025-11-10T05:00:00.000Z,4,Bengaluru,116,8490.917
2025-11-10T05:00:00.000Z,5,Toronto,123,7231.078
2025-11-10T05:00:00.000Z,6,Singapore,126,8301.302
2025-11-10T05:00:00.000Z,7,Karachi,126,8534.633
2025-11-10T05:00:00.000Z,8,Kuala Lumpur,127,7002.090999999999
2025-11-10T05:00:00.000Z,9,Nairobi,127,8631.332
2025-11-10T05:00:00.000Z,10,Madrid,127,8869.999
2025-11-10T05:00:00.000Z,11,London,130,7406.9130000000005
2025-11-10T05:00:00.000Z,12,Tehran,131,8950.466
2025-11-10T05:00:00.000Z,13,Dubai,133,7823.919
2025-11-10T05:00:00.000Z,14,Hong Kong,134,7733.907
2025-11-10T05:00:00.000Z,15,New York,134,7999.717000000001
2025-11-10T05:00:00.000Z,16,Delhi,134,8370.23
2025-11-10T05:00:00.000Z,17,Riyadh,136,6803.9259999999995
2025-11-10T05:00:00.000Z,18,Lagos,136,6810.743
2025-11-10T05:00:00.000Z,19,Melbourne,137,7865.082
2025-11-10T05:00:00.000Z,20,Shanghai,137,8058.253000000001
2025-11-10T05:00:00.000Z,21,Cairo,139,8025.529
2025-11-10T05:00:00.000Z,22,Warsaw,140,8102.032
2025-11-10T05:00:00.000Z,23,São Paulo,140,8357.783
2025-11-10T05:00:00.000Z,24,Stockholm,141,8396.792000000001
2025-11-10T05:00:00.000Z,25,Osaka,142,8203.366
2025-11-10T05:00:00.000Z,26,Berlin,143,7374.438
2025-11-10T05:00:00.000Z,27,Buenos Aires,143,8587.797999999999
2025-11-10T05:00:00.000Z,28,Istanbul,144,7292.558
2025-11-10T05:00:00.000Z,29,Auckland,144,8033.112
2025-11-10T05:00:00.000Z,30,Paris,146,7420.116
2025-11-10T05:00:00.000Z,31,Helsinki,146,8118.5470000000005
2025-11-10T05:00:00.000Z,32,Chicago,148,6171.064
2025-11-10T05:00:00.000Z,33,Vancouver,148,8012.541
2025-11-10T05:00:00.000Z,34,Houston,148,8655.836
2025-11-10T05:00:00.000Z,35,Los Angeles,149,7741.603
2025-11-10T05:00:00.000Z,36,Bangkok,150,8114.6849999999995
2025-11-10T05:00:00.000Z,37,San Francisco,151,7852.367
2025-11-10T05:00:00.000Z,38,Jakarta,151,8236.262
2025-11-10T05:00:00.000Z,39,Kolkata,151,8636.995
2025-11-10T05:00:00.000Z,40,Sydney,153,8526.351
2025-11-10T05:00:00.000Z,41,Tokyo,158,8671.106
2025-11-10T05:00:00.000Z,42,Cape Town,159,7719.8550000000005
2025-11-10T05:00:00.000Z,43,Manila,159,8624.784
2025-11-10T05:00:00.000Z,44,Chennai,160,9144.089
2025-11-10T05:00:00.000Z,45,Moscow,161,9532.687
2025-11-10T05:00:00.000Z,46,Mexico City,165,7508.182
2025-11-10T05:00:00.000Z,47,Beijing,171,8899.634
2025-11-10T05:00:00.000Z,48,Doha,174,9004.356
2025-11-10T05:00:00.000Z,49,Mumbai,175,8211.111
2025-11-10T05:00:00.000Z,50,Zurich,176,8272.554
2025-11-10T06:00:00.000Z,1,Bengaluru,106,8217.849
2025-11-10T06:00:00.000Z,2,Ho Chi Minh City,113,7812.282
2025-11-10T06:00:00.000Z,3,Rome,115,8001.036
2025-11-10T06:00:00.000Z,4,Seoul,116,7809.382
2025-11-10T06:00:00.000Z,5,Melbourne,122,7538.504
2025-11-10T06:00:00.000Z,6,Toronto,123,8003.897
2025-11-10T06:00:00.000Z,7,Berlin,124,7176.594
2025-11-10T06:00:00.000Z,8,Singapore,126,8165.272
2025-11-10T06:00:00.000Z,9,Karachi,126,8414.831
2025-11-10T06:00:00.000Z,10,Kuala Lumpur,127,7389.009
2025-11-10T06:00:00.000Z,11,Nairobi,127,8732.380000000001
2025-11-10T06:00:00.000Z,12,Madrid,128,9068.487
2025-11-10T06:00:00.000Z,13,London,130,6973.751
2025-11-10T06:00:00.000Z,14,Tehran,131,9179.418
2025-11-10T06:00:00.000Z,15,Riyadh,133,7211.4
2025-11-10T06:00:00.000Z,16,Dubai,133,7564.507
2025-11-10T06:00:00.000Z,17,Hong Kong,134,7482.132
2025-11-10T06:00:00.000Z,18,Delhi,134,8417.065999999999
2025-11-10T06:00:00.000Z,19,Lagos,136,6179.532
2025-11-10T06:00:00.000Z,20,Shanghai,137,7912.7
2025-11-10T06:00:00.000Z,21,New York,139,7823.2570000000005
2025-11-10T06:00:00.000Z,22,Cairo,139,8226.144
2025-11-10T06:00:00.000Z,23,Warsaw,140,8421.957
2025-11-10T06:00:00.000Z,24,São Paulo,140,8834.663
2025-11-10T06:00:00.000Z,25,Stockholm,141,8520.332
2025-11-10T06:00:00.000Z,26,Vancouver,142,7531.709
2025-11-10T06:00:00.000Z,27,Cape Town,142,7733.707
2025-11-10T06:00:00.000Z,28,Sydney,142,7901.829
2025-11-10T06:00:00.000Z,29,Osaka,142,8674.651
2025-11-10T06:00:00.000Z,30,Buenos Aires,143,9100.393
2025-11-10T06:00:00.000Z,31,Auckland,144,7656.537
2025-11-10T06:00:00.000Z,32,Istanbul,144,7809.656
2025-11-10T06:00:00.000Z,33,Paris,146,7584.142
2025-11-10T06:00:00.000Z,34,Helsinki,146,8033.816
2025-11-10T06:00:00.000Z,35,Chicago,148,6624.445
2025-11-10T06:00:00.000Z,36,Houston,148,8061.1939999999995
2025-11-10T06:00:00.000Z,37,Los Angeles,149,7600.103999999999
2025-11-10T06:00:00.000Z,38,Bangkok,150,8347.295
2025-11-10T06:00:00.000Z,39,San Francisco,151,7191.599
2025-11-10T06:00:00.000Z,40,Kolkata,151,8181.075
2025-11-10T06:00:00.000Z,41,Jakarta,151,8346.081
2025-11-10T06:00:00.000Z,42,Doha,151,9223.448
2025-11-10T06:00:00.000Z,43,Tokyo,158,8495.597
2025-11-10T06:00:00.000Z,44,Manila,159,9040.809000000001
2025-11-10T06:00:00.000Z,45,Chennai,160,8265.256
2025-11-10T06:00:00.000Z,46,Moscow,161,9488.577
2025-11-10T06:00:00.000Z,47,Mexico City,165,7776.222
2025-11-10T06:00:00.000Z,48,Beijing,171,8895.817
2025-11-10T06:00:00.000Z,49,Mumbai,175,8124.428
2025-11-10T06:00:00.000Z,50,Zurich,176,8039.779
2025-11-10T07:00:00.000Z,1,Rome,115,8201.171
2025-11-10T07:00:00.000Z,2,Seoul,116,7524.847
2025-11-10T07:00:00.000Z,3,Ho Chi Minh City,119,7629.402
2025-11-10T07:00:00.000Z,4,Toronto,123,7932.543
2025-11-10T07:00:00.000Z,5,Berlin,124,8139.483
2025-11-10T07:00:00.000Z,6,Kuala Lumpur,126,7074.629
2025-11-10T07:00:00.000Z,7,Karachi,126,8718.755000000001
2025-11-10T07:00:00.000Z,8,Nairobi,127,8718.224
2025-11-10T07:00:00.000Z,9,London,128,7359.85
2025-11-10T07:00:00.000Z,10,Melbourne,128,7690.358
2025-11-10T07:00:00.000Z,11,Madrid,128,9016.097
2025-11-10T07:00:00.000Z,12,Bengaluru,129,8190.051
2025-11-10T07:00:00.000Z,13,Los Angeles,130,7241.555
2025-11-10T07:00:00.000Z,14,Tehran,131,9354.178
2025-11-10T07:00:00.000Z,15,Dubai,133,7819.9529999999995
2025-11-10T07:00:00.000Z,16,Hong Kong,134,7981.695
2025-11-10T07:00:00.000Z,17,Shanghai,137,8516.999
2025-11-10T07:00:00.000Z,18,Riyadh,139,7561.061
2025-11-10T07:00:00.000Z,19,Cairo,139,7999.682
2025-11-10T07:00:00.000Z,20,New York,139,8057.859
2025-11-10T07:00:00.000Z,21,Delhi,140,7903.803
2025-11-10T07:00:00.000Z,22,São Paulo,140,8614.172999999999
2025-11-10T07:00:00.000Z,23,Warsaw,140,8651.108
2025-11-10T07:00:00.000Z,24,Stockholm,141,8615.963
2025-11-10T07:00:00.000Z,25,Cape Town,142,6613.845
2025-11-10T07:00:00.000Z,26,Sydney,142,7801.005999999999
2025-11-10T07:00:00.000Z,27,Vancouver,143,8031.613
2025-11-10T07:00:00.000Z,28,Buenos Aires,143,9118.342
2025-11-10T07:00:00.000Z,29,Istanbul,144,7785.229
2025-11-10T07:00:00.000Z,30,Paris,146,7038.584
2025-11-10T07:00:00.000Z,31,Helsinki,146,7772.4
2025-11-10T07:00:00.000Z,32,Chicago,148,6940.299999999999
2025-11-10T07:00:00.000Z,33,Houston,148,7651.518
2025-11-10T07:00:00.000Z,34,Lagos,149,6573.183
2025-11-10T07:00:00.000Z,35,Bangkok,150,8930.705
2025-11-10T07:00:00.000Z,36,San Francisco,151,7231.097
2025-11-10T07:00:00.000Z,37,Kolkata,151,7821.656
2025-11-10T07:00:00.000Z,38,Jakarta,151,8333.828
2025-11-10T07:00:00.000Z,39,Doha,151,9677.855
2025-11-10T07:00:00.000Z,40,Singapore,152,8671.824
2025-11-10T07:00:00.000Z,41,Osaka,157,8573.821
2025-11-10T07:00:00.000Z,42,Tokyo,158,8436.793
2025-11-10T07:00:00.000Z,43,Manila,159,9329.396
2025-11-10T07:00:00.000Z,44,Chennai,160,7949.3060000000005
2025-11-10T07:00:00.000Z,45,Moscow,161,9318.952
2025-11-10T07:00:00.000Z,46,Auckland,164,7588.275
2025-11-10T07:00:00.000Z,47,Mexico City,165,8146.3279999999995
2025-11-10T07:00:00.000Z,48,Beijing,171,8685.824
2025-11-10T07:00:00.000Z,49,Mumbai,175,8137.55
2025-11-10T07:00:00.000Z,50,Zurich,176,8050.746
2025-11-10T08:00:00.000Z,1,São Paulo,111,9542.447
2025-11-10T08:00:00.000Z,2,Rome,115,9164.975
2025-11-10T08:00:00.000Z,3,Seoul,116,7021.287
2025-11-10T08:00:00.000Z,4,Ho Chi Minh City,119,7624.244
2025-11-10T08:00:00.000Z,5,Jakarta,119,8416.664
2025-11-10T08:00:00.000Z,6,Moscow,120,8794.631
2025-11-10T08:00:00.000Z,7,Toronto,124,7986.455
2025-11-10T08:00:00.000Z,8,Kuala Lumpur,126,7162.887000000001
2025-11-10T08:00:00.000Z,9,Karachi,126,8505.64
2025-11-10T08:00:00.000Z,10,Nairobi,127,8753.44
2025-11-10T08:00:00.000Z,11,London,128,7296.186
2025-11-10T08:00:00.000Z,12,Melbourne,128,7522.07
2025-11-10T08:00:00.000Z,13,Madrid,128,8982.380000000001
2025-11-10T08:00:00.000Z,14,Bengaluru,129,8280.538
2025-11-10T08:00:00.000Z,15,Los Angeles,130,7397.313
2025-11-10T08:00:00.000Z,16,Tehran,131,9532.25
2025-11-10T08:00:00.000Z,17,Dubai,133,8184.106
2025-11-10T08:00:00.000Z,18,Shanghai,137,8371.132
2025-11-10T08:00:00.000Z,19,New York,139,7633.0599999999995
2025-11-10T08:00:00.000Z,20,Riyadh,139,7818.854
2025-11-10T08:00:00.000Z,21,Cairo,139,8127.035
2025-11-10T08:00:00.000Z,22,Delhi,140,8346.398
2025-11-10T08:00:00.000Z,23,Berlin,140,8495.756
2025-11-10T08:00:00.000Z,24,Warsaw,140,8810.408
2025-11-10T08:00:00.000Z,25,Stockholm,141,8496.478
2025-11-10T08:00:00.000Z,26,Cape Town,142,6078.808
2025-11-10T08:00:00.000Z,27,Sydney,142,7575.262
2025-11-10T08:00:00.000Z,28,Vancouver,143,7535.101
2025-11-10T08:00:00.000Z,29,Buenos Aires,143,9384.737000000001
2025-11-10T08:00:00.000Z,30,Istanbul,144,7609.699
2025-11-10T08:00:00.000Z,31,Paris,146,6801.339
2025-11-10T08:00:00.000Z,32,Helsinki,146,7636.8460000000005
2025-11-10T08:00:00.000Z,33,Houston,148,7412.046
2025-11-10T08:00:00.000Z,34,Lagos,149,6656.139
2025-11-10T08:00:00.000Z,35,Bangkok,150,8747.728
2025-11-10T08:00:00.000Z,36,Kolkata,151,7523.231
2025-11-10T08:00:00.000Z,37,San Francisco,151,7746.7119999999995
2025-11-10T08:00:00.000Z,38,Doha,151,9426.448
2025-11-10T08:00:00.000Z,39,Singapore,152,8668.547
2025-11-10T08:00:00.000Z,40,Osaka,157,8149.158
2025-11-10T08:00:00.000Z,41,Tokyo,158,8519.086
2025-11-10T08:00:00.000Z,42,Chicago,159,7206.881
2025-11-10T08:00:00.000Z,43,Manila,159,9677.423
2025-11-10T08:00:00.000Z,44,Chennai,160,7717.561
2025-11-10T08:00:00.000Z,45,Auckland,164,7956.507
2025-11-10T08:00:00.000Z,46,Mexico City,165,7891.982
2025-11-10T08:00:00.000Z,47,Beijing,171,8351.087
2025-11-10T08:00:00.000Z,48,Mumbai,175,8081.177
2025-11-10T08:00:00.000Z,49,Zurich,176,7795.108
2025-11-10T08:00:00.000Z,50,Hong Kong,192,7541.564
2025-11-10T09:00:00.000Z,1,Tehran,106,9522.721
2025-11-10T09:00:00.000Z,2,Moscow,110,8972.32
2025-11-10T09:00:00.000Z,3,San Francisco,111,7755.505
2025-11-10T09:00:00.000Z,4,São Paulo,111,9976.844000000001
2025-11-10T09:00:00.000Z,5,Seoul,113,6698.456
2025-11-10T09:00:00.000Z,6,Rome,115,8753.632
2025-11-10T09:00:00.000Z,7,Ho Chi Minh City,119,7499.851000000001
2025-11-10T09:00:00.000Z,8,Jakarta,119,8610.349
2025-11-10T09:00:00.000Z,9,Karachi,120,8253.530999999999
2025-11-10T09:00:00.000Z,10,Toronto,124,8088.188
2025-11-10T09:00:00.000Z,11,Kuala Lumpur,125,7089.625
2025-11-10T09:00:00.000Z,12,London,128,7409.428
2025-11-10T09:00:00.000Z,13,Madrid,128,9710.014
2025-11-10T09:00:00.000Z,14,Bengaluru,129,8312.681
2025-11-10T09:00:00.000Z,15,Los Angeles,130,7759.589
2025-11-10T09:00:00.000Z,16,Nairobi,131,9275.055
2025-11-10T09:00:00.000Z,17,Melbourne,132,7196.057
2025-11-10T09:00:00.000Z,18,Shanghai,133,7920.022
2025-11-10T09:00:00.000Z,19,Dubai,133,8494.271
2025-11-10T09:00:00.000Z,20,Kolkata,135,7673.442999999999
2025-11-10T09:00:00.000Z,21,Zurich,136,7794.971
2025-11-10T09:00:00.000Z,22,New York,139,7309.103
2025-11-10T09:00:00.000Z,23,Riyadh,139,7761.175
2025-11-10T09:00:00.000Z,24,Cairo,139,8168.159
2025-11-10T09:00:00.000Z,25,Delhi,140,8360.899
2025-11-10T09:00:00.000Z,26,Berlin,140,8817.727
2025-11-10T09:00:00.000Z,27,Warsaw,140,9347.932
2025-11-10T09:00:00.000Z,28,Stockholm,141,7617.619000000001
2025-11-10T09:00:00.000Z,29,Cape Town,142,6142.359
2025-11-10T09:00:00.000Z,30,Sydney,142,7402.335
2025-11-10T09:00:00.000Z,31,Vancouver,143,7689.08
2025-11-10T09:00:00.000Z,32,Buenos Aires,143,9172.93
2025-11-10T09:00:00.000Z,33,Istanbul,144,7479.448
2025-11-10T09:00:00.000Z,34,Paris,146,7259.464
2025-11-10T09:00:00.000Z,35,Helsinki,146,7995.743
2025-11-10T09:00:00.000Z,36,Houston,148,6836.502
2025-11-10T09:00:00.000Z,37,Lagos,149,6684.609
2025-11-10T09:00:00.000Z,38,Bangkok,150,8882.486
2025-11-10T09:00:00.000Z,39,Doha,151,8987.0
2025-11-10T09:00:00.000Z,40,Singapore,152,8819.684
2025-11-10T09:00:00.000Z,41,Osaka,157,8331.093
2025-11-10T09:00:00.000Z,42,Tokyo,158,8844.79
2025-11-10T09:00:00.000Z,43,Chicago,159,7854.239
2025-11-10T09:00:00.000Z,44,Manila,159,9332.271
2025-11-10T09:00:00.000Z,45,Chennai,160,7413.4349999999995
2025-11-10T09:00:00.000Z,46,Auckland,164,8061.576
2025-11-10T09:00:00.000Z,47,Mexico City,165,7440.001
2025-11-10T09:00:00.000Z,48,Beijing,171,8480.512
2025-11-10T09:00:00.000Z,49,Mumbai,175,8012.491
2025-11-10T09:00:00.000Z,50,Hong Kong,192,7828.242
2025-11-10T10:00:00.000Z,1,São Paulo,111,9782.943
2025-11-10T10:00:00.000Z,2,Houston,113,6961.53
2025-11-10T10:00:00.000Z,3,Tokyo,115,8311.848
2025-11-10T10:00:00.000Z,4,Ho Chi Minh City,119,7078.041
2025-11-10T10:00:00.000Z,5,Jakarta,119,8093.151
2025-11-10T10:00:00.000Z,6,Rome,119,8814.236
2025-11-10T10:00:00.000Z,7,Toronto,124,8491.361
2025-11-10T10:00:00.000Z,8,Buenos Aires,124,8549.396
2025-11-10T10:00:00.000Z,9,Kuala Lumpur,125,6847.102
2025-11-10T10:00:00.000Z,10,London,128,7240.105
2025-11-10T10:00:00.000Z,11,Madrid,128,9358.246000000001
2025-11-10T10:00:00.000Z,12,San Francisco,129,7305.72
2025-11-10T10:00:00.000Z,13,Bengaluru,129,8046.117
2025-11-10T10:00:00.000Z,14,Dubai,129,8108.937
2025-11-10T10:00:00.000Z,15,Los Angeles,130,7899.21
2025-11-10T10:00:00.000Z,16,Nairobi,131,9927.748
2025-11-10T10:00:00.000Z,17,Melbourne,132,7306.360000000001
2025-11-10T10:00:00.000Z,18,Shanghai,133,8163.67
2025-11-10T10:00:00.000Z,19,Kolkata,135,7927.795
2025-11-10T10:00:00.000Z,20,Moscow,135,8976.625
2025-11-10T10:00:00.000Z,21,Zurich,137,7757.280000000001
2025-11-10T10:00:00.000Z,22,Karachi,137,7995.1990000000005
2025-11-10T10:00:00.000Z,23,New York,139,7697.415
2025-11-10T10:00:00.000Z,24,Riyadh,139,8137.559
2025-11-10T10:00:00.000Z,25,Cairo,139,8322.008
2025-11-10T10:00:00.000Z,26,Delhi,140,8467.404
2025-11-10T10:00:00.000Z,27,Berlin,140,8899.229
2025-11-10T10:00:00.000Z,28,Warsaw,140,9000.011
2025-11-10T10:00:00.000Z,29,Stockholm,141,7662.073
2025-11-10T10:00:00.000Z,30,Cape Town,142,5958.628000000001
2025-11-10T10:00:00.000Z,31,Sydney,142,7625.076
2025-11-10T10:00:00.000Z,32,Vancouver,143,7331.854
2025-11-10T10:00:00.000Z,33,Paris,146,6834.486
2025-11-10T10:00:00.000Z,34,Helsinki,146,8098.040999999999
2025-11-10T10:00:00.000Z,35,Tehran,147,9688.721
2025-11-10T10:00:00.000Z,36,Lagos,149,6572.666
2025-11-10T10:00:00.000Z,37,Bangkok,150,8809.462
2025-11-10T10:00:00.000Z,38,Seoul,151,7276.878
2025-11-10T10:00:00.000Z,39,Mexico City,151,7587.127
2025-11-10T10:00:00.000Z,40,Doha,151,8741.021
2025-11-10T10:00:00.000Z,41,Singapore,152,9134.204
2025-11-10T10:00:00.000Z,42,Istanbul,154,7690.697
2025-11-10T10:00:00.000Z,43,Osaka,157,8088.331
2025-11-10T10:00:00.000Z,44,Chicago,159,8257.767
2025-11-10T10:00:00.000Z,45,Manila,159,9323.753
2025-11-10T10:00:00.000Z,46,Chennai,160,7087.75
2025-11-10T10:00:00.000Z,47,Auckland,164,8192.777
2025-11-10T10:00:00.000Z,48,Beijing,171,8102.273999999999
2025-11-10T10:00:00.000Z,49,Mumbai,175,8206.713
2025-11-10T10:00:00.000Z,50,Hong Kong,192,8337.287
2025-11-10T11:00:00.000Z,1,Houston,113,7140.025
2025-11-10T11:00:00.000Z,2,Ho Chi Minh City,119,7350.881
2025-11-10T11:00:00.000Z,3,Jakarta,119,8387.04
2025-11-10T11:00:00.000Z,4,Rome,119,8676.179
2025-11-10T11:00:00.000Z,5,São Paulo,122,9704.909
2025-11-10T11:00:00.000Z,6,Buenos Aires,124,8519.57
2025-11-10T11:00:00.000Z,7,Kuala Lumpur,125,7470.793
2025-11-10T11:00:00.000Z,8,Madrid,128,8926.736
2025-11-10T11:00:00.000Z,9,San Francisco,129,7156.679
2025-11-10T11:00:00.000Z,10,Bengaluru,129,8074.6
2025-11-10T11:00:00.000Z,11,Dubai,129,8188.031999999999
2025-11-10T11:00:00.000Z,12,Los Angeles,130,8210.562
2025-11-10T11:00:00.000Z,13,Nairobi,131,9964.595
2025-11-10T11:00:00.000Z,14,Shanghai,133,7909.459
2025-11-10T11:00:00.000Z,15,Warsaw,133,8087.969
2025-11-10T11:00:00.000Z,16,Manila,134,9846.164
2025-11-10T11:00:00.000Z,17,Kolkata,135,8068.009
2025-11-10T11:00:00.000Z,18,Moscow,135,8818.553
2025-11-10T11:00:00.000Z,19,Toronto,135,8925.473
2025-11-10T11:00:00.000Z,20,Karachi,137,7659.2119999999995
2025-11-10T11:00:00.000Z,21,Zurich,137,7727.882
2025-11-10T11:00:00.000Z,22,Melbourne,138,7841.375
2025-11-10T11:00:00.000Z,23,Tokyo,138,8189.82
2025-11-10T11:00:00.000Z,24,New York,139,7923.985000000001
2025-11-10T11:00:00.000Z,25,Riyadh,139,8017.735
2025-11-10T11:00:00.000Z,26,Cairo,139,8468.161
2025-11-10T11:00:00.000Z,27,Berlin,140,8491.994
2025-11-10T11:00:00.000Z,28,Delhi,140,8542.501
2025-11-10T11:00:00.000Z,29,Stockholm,141,7976.661
2025-11-10T11:00:00.000Z,30,Cape Town,142,6035.101000000001
2025-11-10T11:00:00.000Z,31,Helsinki,142,7920.85
2025-11-10T11:00:00.000Z,32,Vancouver,143,6859.64
2025-11-10T11:00:00.000Z,33,Sydney,145,7256.774
2025-11-10T11:00:00.000Z,34,Paris,146,7107.861
2025-11-10T11:00:00.000Z,35,Tehran,147,9195.275
2025-11-10T11:00:00.000Z,36,Lagos,149,7066.652
2025-11-10T11:00:00.000Z,37,Seoul,151,7334.264999999999
2025-11-10T11:00:00.000Z,38,Doha,151,8146.983
2025-11-10T11:00:00.000Z,39,Mexico City,151,8185.639
2025-11-10T11:00:00.000Z,40,Singapore,152,8810.423
2025-11-10T11:00:00.000Z,41,London,153,6816.183
2025-11-10T11:00:00.000Z,42,Istanbul,154,8139.198
2025-11-10T11:00:00.000Z,43,Osaka,157,8686.639
2025-11-10T11:00:00.000Z,44,Chicago,159,8424.276
2025-11-10T11:00:00.000Z,45,Chennai,160,6828.18
2025-11-10T11:00:00.000Z,46,Bangkok,160,8816.597
2025-11-10T11:00:00.000Z,47,Auckland,164,8539.52
2025-11-10T11:00:00.000Z,48,Beijing,171,8215.521
2025-11-10T11:00:00.000Z,49,Mumbai,175,8167.952
2025-11-10T11:00:00.000Z,50,Hong Kong,192,8398.166
2025-11-10T12:00:00.000Z,1,Houston,113,7023.316
2025-11-10T12:00:00.000Z,2,Ho Chi Minh City,119,6986.666
2025-11-10T12:00:00.000Z,3,Paris,119,7361.732
2025-11-10T12:00:00.000Z,4,Jakarta,119,8206.376
2025-11-10T12:00:00.000Z,5,São Paulo,122,9513.981
2025-11-10T12:00:00.000Z,6,Kuala Lumpur,125,7962.3730000000005
2025-11-10T12:00:00.000Z,7,Madrid,128,8455.665
2025-11-10T12:00:00.000Z,8,Bengaluru,129,8081.692
2025-11-10T12:00:00.000Z,9,Dubai,129,8631.189
2025-11-10T12:00:00.000Z,10,Los Angeles,130,7598.304
2025-11-10T12:00:00.000Z,11,Buenos Aires,130,8338.297
2025-11-10T12:00:00.000Z,12,San Francisco,131,7514.231
2025-11-10T12:00:00.000Z,13,Nairobi,131,9659.368
2025-11-10T12:00:00.000Z,14,Shanghai,133,7578.189
2025-11-10T12:00:00.000Z,15,Warsaw,133,8026.736
2025-11-10T12:00:00.000Z,16,Manila,134,10010.491
2025-11-10T12:00:00.000Z,17,Kolkata,135,8014.296
2025-11-10T12:00:00.000Z,18,Moscow,135,8635.677
2025-11-10T12:00:00.000Z,19,Toronto,135,9008.456
2025-11-10T12:00:00.000Z,20,Rome,136,8990.178
2025-11-10T12:00:00.000Z,21,Cape Town,137,5455.924
2025-11-10T12:00:00.000Z,22,Zurich,137,7905.114
2025-11-10T12:00:00.000Z,23,Karachi,137,7969.023999999999
2025-11-10T12:00:00.000Z,24,Tokyo,138,7738.358
2025-11-10T12:00:00.000Z,25,Melbourne,138,7890.5599999999995
2025-11-10T12:00:00.000Z,26,New York,139,7996.381
2025-11-10T12:00:00.000Z,27,Cairo,139,8052.707
2025-11-10T12:00:00.000Z,28,Riyadh,139,8183.463
2025-11-10T12:00:00.000Z,29,Delhi,140,7920.683999999999
2025-11-10T12:00:00.000Z,30,Beijing,140,7930.691000000001
2025-11-10T12:00:00.000Z,31,Berlin,140,8030.73
2025-11-10T12:00:00.000Z,32,Stockholm,141,8228.651
2025-11-10T12:00:00.000Z,33,Helsinki,142,8042.072
2025-11-10T12:00:00.000Z,34,Vancouver,146,6435.767
2025-11-10T12:00:00.000Z,35,Tehran,147,9123.067
2025-11-10T12:00:00.000Z,36,Lagos,149,6577.472
2025-11-10T12:00:00.000Z,37,Seoul,151,7710.0650000000005
2025-11-10T12:00:00.000Z,38,Doha,151,8235.476
2025-11-10T12:00:00.000Z,39,Mexico City,151,8362.532
2025-11-10T12:00:00.000Z,40,Singapore,152,9260.17
2025-11-10T12:00:00.000Z,41,London,153,6851.669
2025-11-10T12:00:00.000Z,42,Istanbul,154,8177.394
2025-11-10T12:00:00.000Z,43,Osaka,157,8410.677
2025-11-10T12:00:00.000Z,44,Chicago,159,8206.306
2025-11-10T12:00:00.000Z,45,Chennai,160,6554.664
2025-11-10T12:00:00.000Z,46,Bangkok,160,8577.123
2025-11-10T12:00:00.000Z,47,Auckland,164,8639.832
2025-11-10T12:00:00.000Z,48,Sydney,169,7339.519
2025-11-10T12:00:00.000Z,49,Mumbai,175,8102.657
2025-11-10T12:00:00.000Z,50,Hong Kong,192,8010.35
2025-11-10T13:00:00.000Z,1,Dubai,104,8374.955
2025-11-10T13:00:00.000Z,2,Helsinki,110,7913.46
2025-11-10T13:00:00.000Z,3,Houston,113,6886.914000000001
2025-11-10T13:00:00.000Z,4,Ho Chi Minh City,119,7074.184
2025-11-10T13:00:00.000Z,5,Jakarta,119,8088.322
2025-11-10T13:00:00.000Z,6,Paris,119,8304.785
2025-11-10T13:00:00.000Z,7,Cairo,124,8121.454
2025-11-10T13:00:00.000Z,8,Kuala Lumpur,125,8483.652
2025-11-10T13:00:00.000Z,9,Manila,126,9511.15
2025-11-10T13:00:00.000Z,10,Madrid,128,9224.439
2025-11-10T13:00:00.000Z,11,Bengaluru,129,8040.17
2025-11-10T13:00:00.000Z,12,Los Angeles,130,7928.198
2025-11-10T13:00:00.000Z,13,Buenos Aires,130,8190.73
2025-11-10T13:00:00.000Z,14,Stockholm,131,7767.88
2025-11-10T13:00:00.000Z,15,San Francisco,131,7868.985
2025-11-10T13:00:00.000Z,16,Nairobi,131,9329.611
2025-11-10T13:00:00.000Z,17,Shanghai,133,7201.554
2025-11-10T13:00:00.000Z,18,Kolkata,135,7190.4400000000005
2025-11-10T13:00:00.000Z,19,Moscow,135,7963.833
2025-11-10T13:00:00.000Z,20,Rome,136,8739.436
2025-11-10T13:00:00.000Z,21,Cape Town,137,6031.4439999999995
2025-11-10T13:00:00.000Z,22,Karachi,137,7599.605
2025-11-10T13:00:00.000Z,23,Tokyo,138,7914.367
2025-11-10T13:00:00.000Z,24,Melbourne,138,7989.386
2025-11-10T13:00:00.000Z,25,New York,139,7979.706
2025-11-10T13:00:00.000Z,26,Riyadh,139,8352.047
2025-11-10T13:00:00.000Z,27,Beijing,140,7479.527
2025-11-10T13:00:00.000Z,28,Delhi,140,7620.018
2025-11-10T13:00:00.000Z,29,Berlin,140,7784.803
2025-11-10T13:00:00.000Z,30,Doha,143,7864.124
2025-11-10T13:00:00.000Z,31,Vancouver,146,6126.381
2025-11-10T13:00:00.000Z,32,Zurich,146,7595.911
2025-11-10T13:00:00.000Z,33,Tehran,147,8973.305
2025-11-10T13:00:00.000Z,34,Toronto,147,9251.913
2025-11-10T13:00:00.000Z,35,São Paulo,148,9632.833999999999
2025-11-10T13:00:00.000Z,36,Lagos,149,6312.658
2025-11-10T13:00:00.000Z,37,Chennai,150,7033.285
2025-11-10T13:00:00.000Z,38,Seoul,151,7843.282999999999
2025-11-10T13:00:00.000Z,39,Warsaw,151,8426.703
2025-11-10T13:00:00.000Z,40,Mexico City,151,8809.974
2025-11-10T13:00:00.000Z,41,Singapore,152,9318.926
2025-11-10T13:00:00.000Z,42,London,153,6941.344999999999
2025-11-10T13:00:00.000Z,43,Istanbul,154,8346.483
2025-11-10T13:00:00.000Z,44,Osaka,157,8335.202000000001
2025-11-10T13:00:00.000Z,45,Mumbai,158,8156.623
2025-11-10T13:00:00.000Z,46,Chicago,159,8312.516
2025-11-10T13:00:00.000Z,47,Bangkok,160,8343.218
2025-11-10T13:00:00.000Z,48,Auckland,164,8378.258
2025-11-10T13:00:00.000Z,49,Sydney,169,7775.456
2025-11-10T13:00:00.000Z,50,Hong Kong,192,7923.068
2025-11-10T14:00:00.000Z,1,Dubai,104,8229.369
2025-11-10T14:00:00.000Z,2,Helsinki,110,8446.837
2025-11-10T14:00:00.000Z,3,Houston,114,7550.031999999999
2025-11-10T14:00:00.000Z,4,New York,114,8101.018
2025-11-10T14:00:00.000Z,5,Shanghai,116,6918.518
2025-11-10T14:00:00.000Z,6,Jakarta,119,8254.668
2025-11-10T14:00:00.000Z,7,Paris,119,8861.565
2025-11-10T14:00:00.000Z,8,Madrid,122,8584.153
2025-11-10T14:00:00.000Z,9,Kuala Lumpur,123,7902.8460000000005
2025-11-10T14:00:00.000Z,10,Cairo,124,7450.308
2025-11-10T14:00:00.000Z,11,Manila,126,9138.526
2025-11-10T14:00:00.000Z,12,Bengaluru,129,8259.201000000001
2025-11-10T14:00:00.000Z,13,Buenos Aires,130,8023.524
2025-11-10T14:00:00.000Z,14,Los Angeles,130,8085.191
2025-11-10T14:00:00.000Z,15,Stockholm,131,7378.023
2025-11-10T14:00:00.000Z,16,San Francisco,131,8355.891
2025-11-10T14:00:00.000Z,17,Nairobi,131,8692.223
2025-11-10T14:00:00.000Z,18,Kolkata,135,7304.897999999999
2025-11-10T14:00:00.000Z,19,Moscow,135,8286.278
2025-11-10T14:00:00.000Z,20,Cape Town,137,6333.843
2025-11-10T14:00:00.000Z,21,Karachi,137,7769.429
2025-11-10T14:00:00.000Z,22,Ho Chi Minh City,138,7375.7080000000005
2025-11-10T14:00:00.000Z,23,Tokyo,138,7485.447
2025-11-10T14:00:00.000Z,24,Melbourne,138,7605.71
2025-11-10T14:00:00.000Z,25,Riyadh,139,8510.593
2025-11-10T14:00:00.000Z,26,Delhi,140,7183.572
2025-11-10T14:00:00.000Z,27,Beijing,140,7521.429
2025-11-10T14:00:00.000Z,28,Berlin,140,7843.037
2025-11-10T14:00:00.000Z,29,Vancouver,146,6347.7029999999995
2025-11-10T14:00:00.000Z,30,Zurich,146,7852.421
2025-11-10T14:00:00.000Z,31,Rome,146,8295.261
2025-11-10T14:00:00.000Z,32,Tehran,147,8643.738
2025-11-10T14:00:00.000Z,33,Toronto,147,8900.015
2025-11-10T14:00:00.000Z,34,São Paulo,148,8845.083
2025-11-10T14:00:00.000Z,35,Lagos,149,7258.312
2025-11-10T14:00:00.000Z,36,Chennai,150,7682.409
2025-11-10T14:00:00.000Z,37,Doha,150,7831.57
2025-11-10T14:00:00.000Z,38,Seoul,151,7153.178
2025-11-10T14:00:00.000Z,39,Warsaw,151,8602.262
2025-11-10T14:00:00.000Z,40,Mexico City,151,9040.112
2025-11-10T14:00:00.000Z,41,Singapore,152,9255.075
2025-11-10T14:00:00.000Z,42,London,153,7594.429
2025-11-10T14:00:00.000Z,43,Istanbul,154,8386.823
2025-11-10T14:00:00.000Z,44,Osaka,157,8240.733
2025-11-10T14:00:00.000Z,45,Mumbai,158,7889.505
2025-11-10T14:00:00.000Z,46,Chicago,159,8218.941
2025-11-10T14:00:00.000Z,47,Bangkok,160,8178.005
2025-11-10T14:00:00.000Z,48,Auckland,164,8442.678
2025-11-10T14:00:00.000Z,49,Sydney,169,8113.171
2025-11-10T14:00:00.000Z,50,Hong Kong,192,7968.187
2025-11-10T15:00:00.000Z,1,Dubai,104,7766.973
2025-11-10T15:00:00.000Z,2,Jakarta,110,7916.467
2025-11-10T15:00:00.000Z,3,Helsinki,110,8833.294
2025-11-10T15:00:00.000Z,4,Houston,114,7921.714
2025-11-10T15:00:00.000Z,5,Shanghai,116,5920.204
2025-11-10T15:00:00.000Z,6,Paris,119,9344.13
2025-11-10T15:00:00.000Z,7,Bengaluru,121,8451.341
2025-11-10T15:00:00.000Z,8,Madrid,122,8146.849
2025-11-10T15:00:00.000Z,9,Cape Town,123,6329.58
2025-11-10T15:00:00.000Z,10,Osaka,124,8444.128
2025-11-10T15:00:00.000Z,11,Lagos,126,6992.487
2025-11-10T15:00:00.000Z,12,Manila,126,8792.468
2025-11-10T15:00:00.000Z,13,Delhi,128,7922.901
2025-11-10T15:00:00.000Z,14,Los Angeles,129,8473.105
2025-11-10T15:00:00.000Z,15,Buenos Aires,130,8053.548000000001
2025-11-10T15:00:00.000Z,16,Stockholm,131,7358.121999999999
2025-11-10T15:00:00.000Z,17,Chennai,131,7883.48
2025-11-10T15:00:00.000Z,18,San Francisco,131,7978.867
2025-11-10T15:00:00.000Z,19,New York,131,8284.056
2025-11-10T15:00:00.000Z,20,Nairobi,131,8631.651
2025-11-10T15:00:00.000Z,21,Riyadh,133,8173.113
2025-11-10T15:00:00.000Z,22,Kolkata,135,7491.248
2025-11-10T15:00:00.000Z,23,Moscow,135,8012.964
2025-11-10T15:00:00.000Z,24,Cairo,137,7804.7119999999995
2025-11-10T15:00:00.000Z,25,Tokyo,138,7584.229
2025-11-10T15:00:00.000Z,26,Ho Chi Minh City,138,7644.325
2025-11-10T15:00:00.000Z,27,Melbourne,138,7959.415
2025-11-10T15:00:00.000Z,28,Berlin,140,7129.5380000000005
2025-11-10T15:00:00.000Z,29,Beijing,140,7687.345
2025-11-10T15:00:00.000Z,30,Kuala Lumpur,140,8188.9619999999995
2025-11-10T15:00:00.000Z,31,Singapore,145,9383.398000000001
2025-11-10T15:00:00.000Z,32,Vancouver,146,6019.74
2025-11-10T15:00:00.000Z,33,Rome,146,7866.999
2025-11-10T15:00:00.000Z,34,Zurich,146,8299.763
2025-11-10T15:00:00.000Z,35,Tehran,147,8367.498
2025-11-10T15:00:00.000Z,36,Auckland,147,8484.485
2025-11-10T15:00:00.000Z,37,Toronto,147,8937.957
2025-11-10T15:00:00.000Z,38,São Paulo,148,8886.834
2025-11-10T15:00:00.000Z,39,Doha,150,7711.016
2025-11-10T15:00:00.000Z,40,Seoul,151,7959.0470000000005
2025-11-10T15:00:00.000Z,41,Warsaw,151,8132.593
2025-11-10T15:00:00.000Z,42,London,153,7301.613
2025-11-10T15:00:00.000Z,43,Istanbul,154,8582.447
2025-11-10T15:00:00.000Z,44,Mexico City,155,8785.669
2025-11-10T15:00:00.000Z,45,Mumbai,158,7934.3
2025-11-10T15:00:00.000Z,46,Chicago,159,8277.948
2025-11-10T15:00:00.000Z,47,Bangkok,160,7369.257
2025-11-10T15:00:00.000Z,48,Sydney,169,7858.134
2025-11-10T15:00:00.000Z,49,Karachi,176,7892.702
2025-11-10T15:00:00.000Z,50,Hong Kong,192,7225.68
2025-11-10T16:00:00.000Z,1,Helsinki,110,8607.175
2025-11-10T16:00:00.000Z,2,Houston,114,8138.697
2025-11-10T16:00:00.000Z,3,Mumbai,119,7649.686
2025-11-10T16:00:00.000Z,4,Paris,119,9302.432
2025-11-10T16:00:00.000Z,5,Cape Town,123,7079.514
2025-11-10T16:00:00.000Z,6,Kolkata,124,7358.103
2025-11-10T16:00:00.000Z,7,Osaka,124,8303.592
2025-11-10T16:00:00.000Z,8,Stockholm,125,7836.546
2025-11-10T16:00:00.000Z,9,Lagos,126,7508.33
2025-11-10T16:00:00.000Z,10,Manila,126,8934.106
2025-11-10T16:00:00.000Z,11,Delhi,128,7702.937
2025-11-10T16:00:00.000Z,12,Los Angeles,129,8088.053
2025-11-10T16:00:00.000Z,13,Jakarta,130,7791.4220000000005
2025-11-10T16:00:00.000Z,14,Chennai,131,7680.702
2025-11-10T16:00:00.000Z,15,San Francisco,131,8150.671
2025-11-10T16:00:00.000Z,16,New York,131,8573.976
2025-11-10T16:00:00.000Z,17,Nairobi,131,8873.152
2025-11-10T16:00:00.000Z,18,Hong Kong,133,7407.405
2025-11-10T16:00:00.000Z,19,Riyadh,133,8422.348
2025-11-10T16:00:00.000Z,20,Moscow,135,7742.261
2025-11-10T16:00:00.000Z,21,Berlin,136,7006.356
2025-11-10T16:00:00.000Z,22,Cairo,137,7538.764999999999
2025-11-10T16:00:00.000Z,23,Ho Chi Minh City,138,7017.57
2025-11-10T16:00:00.000Z,24,Melbourne,138,8316.932
2025-11-10T16:00:00.000Z,25,Tokyo,140,7078.527
2025-11-10T16:00:00.000Z,26,Beijing,140,8233.666000000001
2025-11-10T16:00:00.000Z,27,Kuala Lumpur,140,8756.368
2025-11-10T16:00:00.000Z,28,Dubai,142,7962.317
2025-11-10T16:00:00.000Z,29,Singapore,145,9790.52
2025-11-10T16:00:00.000Z,30,Vancouver,146,6614.385
2025-11-10T16:00:00.000Z,31,Rome,146,6778.022
2025-11-10T16:00:00.000Z,32,Zurich,146,8845.148000000001
2025-11-10T16:00:00.000Z,33,Shanghai,147,6071.902
2025-11-10T16:00:00.000Z,34,Tehran,147,7843.314
2025-11-10T16:00:00.000Z,35,Auckland,147,8032.432
2025-11-10T16:00:00.000Z,36,Toronto,147,8685.4
2025-11-10T16:00:00.000Z,37,Chicago,148,7478.991
2025-11-10T16:00:00.000Z,38,São Paulo,148,8403.564
2025-11-10T16:00:00.000Z,39,Doha,150,7544.110000000001
2025-11-10T16:00:00.000Z,40,Bengaluru,150,7961.928
2025-11-10T16:00:00.000Z,41,Warsaw,151,7989.486999999999
2025-11-10T16:00:00.000Z,42,Seoul,151,8362.004
2025-11-10T16:00:00.000Z,43,London,153,7327.138
2025-11-10T16:00:00.000Z,44,Istanbul,154,9156.922999999999
2025-11-10T16:00:00.000Z,45,Mexico City,155,8802.891
2025-11-10T16:00:00.000Z,46,Bangkok,160,7225.041
2025-11-10T16:00:00.000Z,47,Sydney,169,8069.692
2025-11-10T16:00:00.000Z,48,Madrid,172,8411.536
2025-11-10T16:00:00.000Z,49,Karachi,176,8012.701
2025-11-10T16:00:00.000Z,50,Buenos Aires,178,7529.929
2025-11-10T17:00:00.000Z,1,Helsinki,111,8028.423
2025-11-10T17:00:00.000Z,2,Houston,114,8134.032999999999
2025-11-10T17:00:00.000Z,3,Osaka,115,7924.314
2025-11-10T17:00:00.000Z,4,Mumbai,119,7997.737999999999
2025-11-10T17:00:00.000Z,5,Paris,119,9518.037
2025-11-10T17:00:00.000Z,6,Kolkata,124,7391.775
2025-11-10T17:00:00.000Z,7,Delhi,124,7824.992
2025-11-10T17:00:00.000Z,8,Stockholm,125,8474.887999999999
2025-11-10T17:00:00.000Z,9,Lagos,126,7623.4439999999995
2025-11-10T17:00:00.000Z,10,Manila,126,9204.164
2025-11-10T17:00:00.000Z,11,Los Angeles,129,8214.465
2025-11-10T17:00:00.000Z,12,Jakarta,130,7469.71
2025-11-10T17:00:00.000Z,13,San Francisco,131,7951.997
2025-11-10T17:00:00.000Z,14,New York,131,8725.192
2025-11-10T17:00:00.000Z,15,Chennai,132,7982.873
2025-11-10T17:00:00.000Z,16,Hong Kong,133,6733.018
2025-11-10T17:00:00.000Z,17,Cape Town,133,6955.661
2025-11-10T17:00:00.000Z,18,Moscow,135,8136.898
2025-11-10T17:00:00.000Z,19,Cairo,137,7359.035
2025-11-10T17:00:00.000Z,20,Ho Chi Minh City,138,7183.977
2025-11-10T17:00:00.000Z,21,Melbourne,138,8238.848
2025-11-10T17:00:00.000Z,22,Nairobi,139,8144.442
2025-11-10T17:00:00.000Z,23,Tokyo,140,6930.504
2025-11-10T17:00:00.000Z,24,Beijing,140,7833.577
2025-11-10T17:00:00.000Z,25,Kuala Lumpur,140,8457.855
2025-11-10T17:00:00.000Z,26,Dubai,143,7471.378
2025-11-10T17:00:00.000Z,27,Vancouver,146,6393.7970000000005
2025-11-10T17:00:00.000Z,28,Rome,146,6845.106
2025-11-10T17:00:00.000Z,29,Zurich,146,9410.074
2025-11-10T17:00:00.000Z,30,Shanghai,147,6113.781
2025-11-10T17:00:00.000Z,31,Tehran,147,7824.5
2025-11-10T17:00:00.000Z,32,Auckland,147,8039.871999999999
2025-11-10T17:00:00.000Z,33,Toronto,147,8881.092
2025-11-10T17:00:00.000Z,34,Chicago,148,7333.296
2025-11-10T17:00:00.000Z,35,São Paulo,148,7987.103
2025-11-10T17:00:00.000Z,36,Riyadh,149,8523.553
2025-11-10T17:00:00.000Z,37,Bengaluru,150,7508.607
2025-11-10T17:00:00.000Z,38,Doha,150,8232.944
2025-11-10T17:00:00.000Z,39,Warsaw,151,7992.379
2025-11-10T17:00:00.000Z,40,Seoul,151,8607.632
2025-11-10T17:00:00.000Z,41,London,153,6848.017
2025-11-10T17:00:00.000Z,42,Istanbul,154,9121.222
2025-11-10T17:00:00.000Z,43,Mexico City,155,8446.675
2025-11-10T17:00:00.000Z,44,Berlin,160,6460.272
2025-11-10T17:00:00.000Z,45,Bangkok,160,6928.633
2025-11-10T17:00:00.000Z,46,Sydney,169,7944.996
2025-11-10T17:00:00.000Z,47,Madrid,172,7881.88
2025-11-10T17:00:00.000Z,48,Singapore,174,9690.407
2025-11-10T17:00:00.000Z,49,Karachi,176,8545.157
2025-11-10T17:00:00.000Z,50,Buenos Aires,178,7826.414000000001
2025-11-10T18:00:00.000Z,1,Helsinki,111,8058.1630000000005
2025-11-10T18:00:00.000Z,2,Kolkata,114,6891.004
2025-11-10T18:00:00.000Z,3,Houston,114,7770.737999999999
2025-11-10T18:00:00.000Z,4,Mumbai,119,7526.826
2025-11-10T18:00:00.000Z,5,Paris,119,9482.749
2025-11-10T18:00:00.000Z,6,Osaka,121,8020.66
2025-11-10T18:00:00.000Z,7,Delhi,122,8100.673
2025-11-10T18:00:00.000Z,8,Moscow,123,7940.134
2025-11-10T18:00:00.000Z,9,Stockholm,125,8042.641
2025-11-10T18:00:00.000Z,10,Lagos,126,7698.768
2025-11-10T18:00:00.000Z,11,Manila,126,8869.259
2025-11-10T18:00:00.000Z,12,Chicago,129,6979.227
2025-11-10T18:00:00.000Z,13,Los Angeles,129,8115.122
2025-11-10T18:00:00.000Z,14,Istanbul,129,9269.401
2025-11-10T18:00:00.000Z,15,Jakarta,130,7691.576
2025-11-10T18:00:00.000Z,16,New York,131,8734.509
2025-11-10T18:00:00.000Z,17,San Francisco,132,7656.979
2025-11-10T18:00:00.000Z,18,Chennai,132,8259.297999999999
2025-11-10T18:00:00.000Z,19,Hong Kong,133,6542.017
2025-11-10T18:00:00.000Z,20,Cape Town,133,7669.581
2025-11-10T18:00:00.000Z,21,Beijing,133,8047.8009999999995
2025-11-10T18:00:00.000Z,22,Cairo,137,7017.718
2025-11-10T18:00:00.000Z,23,Ho Chi Minh City,138,6786.572
2025-11-10T18:00:00.000Z,24,Melbourne,138,8110.101
2025-11-10T18:00:00.000Z,25,Nairobi,139,7730.438
2025-11-10T18:00:00.000Z,26,Tokyo,140,7757.356
2025-11-10T18:00:00.000Z,27,Kuala Lumpur,140,8668.273
2025-11-10T18:00:00.000Z,28,Dubai,143,8034.219
2025-11-10T18:00:00.000Z,29,Vancouver,146,6791.078
2025-11-10T18:00:00.000Z,30,Rome,146,6808.9400000000005
2025-11-10T18:00:00.000Z,31,Tehran,146,7852.321
2025-11-10T18:00:00.000Z,32,Seoul,146,8692.18
2025-11-10T18:00:00.000Z,33,Zurich,146,9700.069
2025-11-10T18:00:00.000Z,34,Shanghai,147,6075.477
2025-11-10T18:00:00.000Z,35,Auckland,147,8162.754
2025-11-10T18:00:00.000Z,36,Toronto,147,8606.404
2025-11-10T18:00:00.000Z,37,São Paulo,148,7937.2
2025-11-10T18:00:00.000Z,38,Riyadh,149,8422.181
2025-11-10T18:00:00.000Z,39,Bengaluru,150,7272.780000000001
2025-11-10T18:00:00.000Z,40,Doha,150,8119.602
2025-11-10T18:00:00.000Z,41,Warsaw,151,7886.771
2025-11-10T18:00:00.000Z,42,London,153,7027.548000000001
2025-11-10T18:00:00.000Z,43,Mexico City,155,8503.629
2025-11-10T18:00:00.000Z,44,Berlin,160,6277.954
2025-11-10T18:00:00.000Z,45,Bangkok,160,6935.182
2025-11-10T18:00:00.000Z,46,Sydney,169,8274.52
2025-11-10T18:00:00.000Z,47,Madrid,172,8355.497
2025-11-10T18:00:00.000Z,48,Singapore,174,9344.433
2025-11-10T18:00:00.000Z,49,Karachi,176,8243.887
2025-11-10T18:00:00.000Z,50,Buenos Aires,178,7843.066
2025-11-10T19:00:00.000Z,1,Kolkata,114,7015.2119999999995
2025-11-10T19:00:00.000Z,2,Houston,114,8413.071
2025-11-10T19:00:00.000Z,3,Mumbai,119,7512.012
2025-11-10T19:00:00.000Z,4,Los Angeles,119,8060.24
2025-11-10T19:00:00.000Z,5,Melbourne,120,7358.501
2025-11-10T19:00:00.000Z,6,Osaka,121,7525.231
2025-11-10T19:00:00.000Z,7,Delhi,122,8512.237
2025-11-10T19:00:00.000Z,8,Moscow,123,7609.936
2025-11-10T19:00:00.000Z,9,Helsinki,124,8173.359
2025-11-10T19:00:00.000Z,10,Paris,124,9691.553
2025-11-10T19:00:00.000Z,11,Stockholm,125,7979.648
2025-11-10T19:00:00.000Z,12,Lagos,126,7301.135
2025-11-10T19:00:00.000Z,13,Istanbul,128,8714.325
2025-11-10T19:00:00.000Z,14,Chicago,129,7250.608
2025-11-10T19:00:00.000Z,15,Jakarta,130,7447.687
2025-11-10T19:00:00.000Z,16,New York,131,8404.181
2025-11-10T19:00:00.000Z,17,Bangkok,132,6343.392
2025-11-10T19:00:00.000Z,18,San Francisco,132,7867.8369999999995
2025-11-10T19:00:00.000Z,19,Chennai,132,8471.429
2025-11-10T19:00:00.000Z,20,Hong Kong,133,7058.529
2025-11-10T19:00:00.000Z,21,Cape Town,133,7686.053
2025-11-10T19:00:00.000Z,22,Beijing,133,7726.368
2025-11-10T19:00:00.000Z,23,London,136,7097.447
2025-11-10T19:00:00.000Z,24,Cairo,137,6952.3150000000005
2025-11-10T19:00:00.000Z,25,Ho Chi Minh City,138,6655.857
2025-11-10T19:00:00.000Z,26,Nairobi,139,7129.255
2025-11-10T19:00:00.000Z,27,Tokyo,140,7330.454
2025-11-10T19:00:00.000Z,28,Kuala Lumpur,140,8089.518
2025-11-10T19:00:00.000Z,29,Dubai,143,7671.665
2025-11-10T19:00:00.000Z,30,Auckland,145,8188.725
2025-11-10T19:00:00.000Z,31,Vancouver,146,7810.439
2025-11-10T19:00:00.000Z,32,Tehran,146,7971.591
2025-11-10T19:00:00.000Z,33,Seoul,146,8068.737
2025-11-10T19:00:00.000Z,34,Zurich,146,9706.59
2025-11-10T19:00:00.000Z,35,Shanghai,147,6599.495
2025-11-10T19:00:00.000Z,36,Toronto,147,8467.829
2025-11-10T19:00:00.000Z,37,Riyadh,149,8442.289
2025-11-10T19:00:00.000Z,38,Bengaluru,150,6963.996
2025-11-10T19:00:00.000Z,39,Doha,150,8370.255000000001
2025-11-10T19:00:00.000Z,40,Warsaw,151,7962.667
2025-11-10T19:00:00.000Z,41,Rome,155,6590.169
2025-11-10T19:00:00.000Z,42,Mexico City,155,8041.683
2025-11-10T19:00:00.000Z,43,Manila,163,8765.849
2025-11-10T19:00:00.000Z,44,São Paulo,168,7386.991
2025-11-10T19:00:00.000Z,45,Sydney,169,8579.711
2025-11-10T19:00:00.000Z,46,Madrid,172,8776.736
2025-11-10T19:00:00.000Z,47,Singapore,174,10187.79
2025-11-10T19:00:00.000Z,48,Karachi,176,8541.644
2025-11-10T19:00:00.000Z,49,Buenos Aires,178,7658.534
2025-11-10T19:00:00.000Z,50,Berlin,182,7025.434
2025-11-10T20:00:00.000Z,1,Kolkata,114,7196.517
2025-11-10T20:00:00.000Z,2,Vancouver,116,8013.744
2025-11-10T20:00:00.000Z,3,Mumbai,119,7339.897000000001
2025-11-10T20:00:00.000Z,4,Melbourne,120,7769.745
2025-11-10T20:00:00.000Z,5,Osaka,121,7950.815
2025-11-10T20:00:00.000Z,6,Los Angeles,121,8341.77
2025-11-10T20:00:00.000Z,7,Delhi,122,8629.939
2025-11-10T20:00:00.000Z,8,Helsinki,124,7990.1759999999995
2025-11-10T20:00:00.000Z,9,Stockholm,125,7945.401
2025-11-10T20:00:00.000Z,10,Istanbul,128,8573.731
2025-11-10T20:00:00.000Z,11,Chicago,129,7622.448
2025-11-10T20:00:00.000Z,12,Jakarta,130,6951.387
2025-11-10T20:00:00.000Z,13,Seoul,130,7793.603999999999
2025-11-10T20:00:00.000Z,14,New York,131,7699.361
2025-11-10T20:00:00.000Z,15,Bangkok,132,6448.9529999999995
2025-11-10T20:00:00.000Z,16,San Francisco,132,7527.169
2025-11-10T20:00:00.000Z,17,Chennai,132,8864.131
2025-11-10T20:00:00.000Z,18,Hong Kong,133,7525.046
2025-11-10T20:00:00.000Z,19,Beijing,133,7664.636
2025-11-10T20:00:00.000Z,20,Auckland,133,7875.076
2025-11-10T20:00:00.000Z,21,Cape Town,133,8229.565999999999
2025-11-10T20:00:00.000Z,22,Sydney,134,8541.798
2025-11-10T20:00:00.000Z,23,London,136,7132.603
2025-11-10T20:00:00.000Z,24,Cairo,137,6612.199
2025-11-10T20:00:00.000Z,25,Ho Chi Minh City,138,6910.669
2025-11-10T20:00:00.000Z,26,Nairobi,139,7688.519
2025-11-10T20:00:00.000Z,27,Kuala Lumpur,140,7536.152
2025-11-10T20:00:00.000Z,28,Tokyo,140,7749.9619999999995
2025-11-10T20:00:00.000Z,29,Dubai,143,7407.523999999999
2025-11-10T20:00:00.000Z,30,Tehran,146,8058.445
2025-11-10T20:00:00.000Z,31,Zurich,146,10034.57
2025-11-10T20:00:00.000Z,32,Shanghai,147,7233.391
2025-11-10T20:00:00.000Z,33,Riyadh,149,8040.924
2025-11-10T20:00:00.000Z,34,Bengaluru,150,7188.280000000001
2025-11-10T20:00:00.000Z,35,Doha,150,8135.702
2025-11-10T20:00:00.000Z,36,Paris,150,9840.945
2025-11-10T20:00:00.000Z,37,Warsaw,151,7848.252
2025-11-10T20:00:00.000Z,38,Houston,152,8245.204
2025-11-10T20:00:00.000Z,39,Lagos,153,8313.911
2025-11-10T20:00:00.000Z,40,Toronto,153,8508.327
2025-11-10T20:00:00.000Z,41,Rome,155,5963.396000000001
2025-11-10T20:00:00.000Z,42,Moscow,156,7676.948
2025-11-10T20:00:00.000Z,43,Mexico City,156,8102.57
2025-11-10T20:00:00.000Z,44,Manila,163,8153.719999999999
2025-11-10T20:00:00.000Z,45,São Paulo,168,7193.099
2025-11-10T20:00:00.000Z,46,Madrid,172,8841.534
2025-11-10T20:00:00.000Z,47,Singapore,174,9610.61
2025-11-10T20:00:00.000Z,48,Karachi,176,8438.632
2025-11-10T20:00:00.000Z,49,Buenos Aires,178,7667.812
2025-11-10T20:00:00.000Z,50,Berlin,182,7296.326999999999
2025-11-10T21:00:00.000Z,1,Kolkata,114,7502.972
2025-11-10T21:00:00.000Z,2,Vancouver,116,7900.209
2025-11-10T21:00:00.000Z,3,Stockholm,118,8198.162
2025-11-10T21:00:00.000Z,4,Mumbai,119,7001.357
2025-11-10T21:00:00.000Z,5,Melbourne,120,7742.775
2025-11-10T21:00:00.000Z,6,Los Angeles,121,8045.111
2025-11-10T21:00:00.000Z,7,Auckland,122,7714.862
2025-11-10T21:00:00.000Z,8,Delhi,123,9263.112
2025-11-10T21:00:00.000Z,9,Helsinki,124,7925.898
2025-11-10T21:00:00.000Z,10,Osaka,128,7838.677
2025-11-10T21:00:00.000Z,11,Bangkok,129,6762.853
2025-11-10T21:00:00.000Z,12,Chicago,129,8082.031
2025-11-10T21:00:00.000Z,13,Jakarta,130,7143.816
2025-11-10T21:00:00.000Z,14,Seoul,130,7855.73
2025-11-10T21:00:00.000Z,15,New York,131,7928.081
2025-11-10T21:00:00.000Z,16,San Francisco,132,7585.9529999999995
2025-11-10T21:00:00.000Z,17,Chennai,132,8634.688
2025-11-10T21:00:00.000Z,18,Hong Kong,133,7624.799
2025-11-10T21:00:00.000Z,19,Cape Town,133,7871.796
2025-11-10T21:00:00.000Z,20,Sydney,134,8122.987
2025-11-10T21:00:00.000Z,21,London,136,6755.394
2025-11-10T21:00:00.000Z,22,Cairo,137,6169.991
2025-11-10T21:00:00.000Z,23,Ho Chi Minh City,138,7137.477
2025-11-10T21:00:00.000Z,24,Beijing,138,7707.539
2025-11-10T21:00:00.000Z,25,Nairobi,139,8103.0869999999995
2025-11-10T21:00:00.000Z,26,Istanbul,139,8595.398
2025-11-10T21:00:00.000Z,27,Tokyo,140,7536.111
2025-11-10T21:00:00.000Z,28,Kuala Lumpur,140,7675.04
2025-11-10T21:00:00.000Z,29,Warsaw,141,7424.974
2025-11-10T21:00:00.000Z,30,Dubai,143,7597.633
2025-11-10T21:00:00.000Z,31,Tehran,146,7988.436
2025-11-10T21:00:00.000Z,32,Zurich,146,10148.05
2025-11-10T21:00:00.000Z,33,Shanghai,147,7473.583
2025-11-10T21:00:00.000Z,34,Riyadh,149,7415.109
2025-11-10T21:00:00.000Z,35,Bengaluru,150,7141.752
2025-11-10T21:00:00.000Z,36,Doha,150,8215.874
2025-11-10T21:00:00.000Z,37,Paris,150,9178.693
2025-11-10T21:00:00.000Z,38,Houston,152,8310.479
2025-11-10T21:00:00.000Z,39,Lagos,153,8640.182
2025-11-10T21:00:00.000Z,40,Toronto,153,8945.794
2025-11-10T21:00:00.000Z,41,Rome,155,5797.652
2025-11-10T21:00:00.000Z,42,Moscow,156,7939.736
2025-11-10T21:00:00.000Z,43,Mexico City,156,8005.542
2025-11-10T21:00:00.000Z,44,Manila,163,8156.5509999999995
2025-11-10T21:00:00.000Z,45,São Paulo,168,7433.595
2025-11-10T21:00:00.000Z,46,Madrid,172,8662.957
2025-11-10T21:00:00.000Z,47,Singapore,174,9095.764
2025-11-10T21:00:00.000Z,48,Karachi,176,8276.88
2025-11-10T21:00:00.000Z,49,Buenos Aires,178,7676.468
2025-11-10T21:00:00.000Z,50,Berlin,182,7597.514999999999
2025-11-10T22:00:00.000Z,1,Mumbai,111,7564.956
2025-11-10T22:00:00.000Z,2,Vancouver,116,7571.818
2025-11-10T22:00:00.000Z,3,Seoul,116,8857.619
2025-11-10T22:00:00.000Z,4,Stockholm,118,8341.896
2025-11-10T22:00:00.000Z,5,Los Angeles,121,8102.717000000001
2025-11-10T22:00:00.000Z,6,Hong Kong,122,7626.645
2025-11-10T22:00:00.000Z,7,Auckland,122,7663.429
2025-11-10T22:00:00.000Z,8,Delhi,123,9674.34
2025-11-10T22:00:00.000Z,9,Helsinki,124,7674.918
2025-11-10T22:00:00.000Z,10,Ho Chi Minh City,126,6846.654
2025-11-10T22:00:00.000Z,11,Osaka,128,7568.4169999999995
2025-11-10T22:00:00.000Z,12,Bangkok,129,7075.8330000000005
2025-11-10T22:00:00.000Z,13,Chicago,129,7482.8679999999995
2025-11-10T22:00:00.000Z,14,Doha,129,8116.84
2025-11-10T22:00:00.000Z,15,Jakarta,130,7210.933999999999
2025-11-10T22:00:00.000Z,16,New York,131,8068.867
2025-11-10T22:00:00.000Z,17,San Francisco,132,7520.903
2025-11-10T22:00:00.000Z,18,Chennai,132,8295.937
2025-11-10T22:00:00.000Z,19,Cape Town,133,7456.385
2025-11-10T22:00:00.000Z,20,Melbourne,133,8186.0419999999995
2025-11-10T22:00:00.000Z,21,London,136,6462.658
2025-11-10T22:00:00.000Z,22,Cairo,137,6486.289
2025-11-10T22:00:00.000Z,23,Beijing,138,7498.585
2025-11-10T22:00:00.000Z,24,Nairobi,139,8065.248
2025-11-10T22:00:00.000Z,25,Istanbul,139,8638.734
2025-11-10T22:00:00.000Z,26,Tokyo,140,7869.079
2025-11-10T22:00:00.000Z,27,Kuala Lumpur,140,8431.869999999999
2025-11-10T22:00:00.000Z,28,Warsaw,141,6726.222
2025-11-10T22:00:00.000Z,29,Dubai,143,7668.5830000000005
2025-11-10T22:00:00.000Z,30,Sydney,143,8027.402
2025-11-10T22:00:00.000Z,31,Kolkata,145,8200.15
2025-11-10T22:00:00.000Z,32,Tehran,146,8233.192
2025-11-10T22:00:00.000Z,33,Zurich,146,9811.630000000001
2025-11-10T22:00:00.000Z,34,Shanghai,147,7843.0419999999995
2025-11-10T22:00:00.000Z,35,Riyadh,149,7526.158
2025-11-10T22:00:00.000Z,36,Bengaluru,150,7173.069
2025-11-10T22:00:00.000Z,37,Paris,150,9003.089
2025-11-10T22:00:00.000Z,38,Houston,152,8051.857
2025-11-10T22:00:00.000Z,39,Lagos,153,7688.625
2025-11-10T22:00:00.000Z,40,Toronto,153,8964.012
2025-11-10T22:00:00.000Z,41,Rome,155,6459.777
2025-11-10T22:00:00.000Z,42,Mexico City,156,7497.457
2025-11-10T22:00:00.000Z,43,Moscow,156,7709.992
2025-11-10T22:00:00.000Z,44,São Paulo,168,8002.533
2025-11-10T22:00:00.000Z,45,Madrid,172,9069.923999999999
2025-11-10T22:00:00.000Z,46,Singapore,174,8974.039
2025-11-10T22:00:00.000Z,47,Karachi,176,7984.977
2025-11-10T22:00:00.000Z,48,Buenos Aires,178,7997.123
2025-11-10T22:00:00.000Z,49,Berlin,182,7650.909
2025-11-10T22:00:00.000Z,50,Manila,206,8499.326
2025-11-10T23:00:00.000Z,1,Kuala Lumpur,110,8235.24
2025-11-10T23:00:00.000Z,2,Mumbai,111,6987.077
2025-11-10T23:00:00.000Z,3,Stockholm,111,8534.429
2025-11-10T23:00:00.000Z,4,Vancouver,116,7394.710999999999
2025-11-10T23:00:00.000Z,5,Seoul,116,8355.975
2025-11-10T23:00:00.000Z,6,Cairo,120,6129.495
2025-11-10T23:00:00.000Z,7,New York,121,7649.442
2025-11-10T23:00:00.000Z,8,Los Angeles,121,8069.837
2025-11-10T23:00:00.000Z,9,Auckland,122,7518.764
2025-11-10T23:00:00.000Z,10,Hong Kong,122,8032.276
2025-11-10T23:00:00.000Z,11,Helsinki,124,7348.476000000001
2025-11-10T23:00:00.000Z,12,Ho Chi Minh City,126,6728.629
2025-11-10T23:00:00.000Z,13,Delhi,127,9723.97
2025-11-10T23:00:00.000Z,14,Chicago,129,7406.173
2025-11-10T23:00:00.000Z,15,Doha,129,7834.1939999999995
2025-11-10T23:00:00.000Z,16,Jakarta,130,7517.536
2025-11-10T23:00:00.000Z,17,Osaka,130,7715.2880000000005
2025-11-10T23:00:00.000Z,18,San Francisco,132,7754.39
2025-11-10T23:00:00.000Z,19,Chennai,132,8222.041000000001
2025-11-10T23:00:00.000Z,20,Cape Town,133,7967.259
2025-11-10T23:00:00.000Z,21,London,136,6422.819
2025-11-10T23:00:00.000Z,22,Bangkok,137,7265.823
2025-11-10T23:00:00.000Z,23,Beijing,138,7554.524
2025-11-10T23:00:00.000Z,24,Istanbul,139,8261.08
2025-11-10T23:00:00.000Z,25,Nairobi,139,8333.893
2025-11-10T23:00:00.000Z,26,Melbourne,140,7997.35
2025-11-10T23:00:00.000Z,27,Tokyo,140,8175.159
2025-11-10T23:00:00.000Z,28,Warsaw,141,7348.724
2025-11-10T23:00:00.000Z,29,Sydney,143,8384.720000000001
2025-11-10T23:00:00.000Z,30,Dubai,145,7913.839
2025-11-10T23:00:00.000Z,31,Kolkata,145,7964.532999999999
2025-11-10T23:00:00.000Z,32,Tehran,146,7574.911
2025-11-10T23:00:00.000Z,33,Zurich,146,8927.315999999999
2025-11-10T23:00:00.000Z,34,Shanghai,147,8631.474
2025-11-10T23:00:00.000Z,35,Riyadh,149,7714.349
2025-11-10T23:00:00.000Z,36,Karachi,149,8097.385
2025-11-10T23:00:00.000Z,37,Bengaluru,150,7441.103
2025-11-10T23:00:00.000Z,38,Paris,150,8879.425
2025-11-10T23:00:00.000Z,39,Houston,152,7628.88
2025-11-10T23:00:00.000Z,40,Lagos,153,7920.629
2025-11-10T23:00:00.000Z,41,Toronto,153,8601.726
2025-11-10T23:00:00.000Z,42,Rome,155,7031.262000000001
2025-11-10T23:00:00.000Z,43,Mexico City,156,6790.072
2025-11-10T23:00:00.000Z,44,Moscow,156,7124.233
2025-11-10T23:00:00.000Z,45,São Paulo,168,8012.542
2025-11-10T23:00:00.000Z,46,Madrid,172,9437.548999999999
2025-11-10T23:00:00.000Z,47,Singapore,174,9302.515
2025-11-10T23:00:00.000Z,48,Buenos Aires,178,8135.781
2025-11-10T23:00:00.000Z,49,Berlin,182,7410.37
2025-11-10T23:00:00.000Z,50,Manila,206,8576.655999999999
2025-11-11T00:00:00.000Z,1,Kuala Lumpur,107,7650.611
2025-11-11T00:00:00.000Z,2,Mumbai,111,7558.754
2025-11-11T00:00:00.000Z,3,Stockholm,111,7685.6900000000005
2025-11-11T00:00:00.000Z,4,Seoul,116,7847.814
2025-11-11T00:00:00.000Z,5,New York,121,7502.494000000001
2025-11-11T00:00:00.000Z,6,Los Angeles,121,7983.735000000001
2025-11-11T00:00:00.000Z,7,Hong Kong,122,8089.633
2025-11-11T00:00:00.000Z,8,Jakarta,124,7756.1630000000005
2025-11-11T00:00:00.000Z,9,Helsinki,124,7760.386
2025-11-11T00:00:00.000Z,10,Ho Chi Minh City,126,7069.093
2025-11-11T00:00:00.000Z,11,Bengaluru,127,7704.577
2025-11-11T00:00:00.000Z,12,Delhi,127,9993.601999999999
2025-11-11T00:00:00.000Z,13,Doha,129,7822.621999999999
2025-11-11T00:00:00.000Z,14,Osaka,130,8371.54
2025-11-11T00:00:00.000Z,15,Auckland,131,7491.988
2025-11-11T00:00:00.000Z,16,San Francisco,132,7922.528
2025-11-11T00:00:00.000Z,17,Chennai,132,8462.233
2025-11-11T00:00:00.000Z,18,Cape Town,133,7350.253000000001
2025-11-11T00:00:00.000Z,19,Tokyo,133,8351.234
2025-11-11T00:00:00.000Z,20,Vancouver,134,7355.104
2025-11-11T00:00:00.000Z,21,Chicago,134,7689.286
2025-11-11T00:00:00.000Z,22,London,136,6602.536
2025-11-11T00:00:00.000Z,23,Bangkok,137,7195.814
2025-11-11T00:00:00.000Z,24,Shanghai,137,8981.35
2025-11-11T00:00:00.000Z,25,Nairobi,139,8023.948
2025-11-11T00:00:00.000Z,26,Istanbul,139,8487.802
2025-11-11T00:00:00.000Z,27,Melbourne,140,7709.3279999999995
2025-11-11T00:00:00.000Z,28,Warsaw,141,7373.546
2025-11-11T00:00:00.000Z,29,Sydney,143,8132.656
2025-11-11T00:00:00.000Z,30,Dubai,145,7678.117
2025-11-11T00:00:00.000Z,31,Kolkata,145,8075.5740000000005
2025-11-11T00:00:00.000Z,32,Tehran,146,7764.805
2025-11-11T00:00:00.000Z,33,Madrid,146,9547.522
2025-11-11T00:00:00.000Z,34,Riyadh,149,7830.939
2025-11-11T00:00:00.000Z,35,Karachi,149,8121.41
2025-11-11T00:00:00.000Z,36,Paris,150,8890.133
2025-11-11T00:00:00.000Z,37,Houston,152,7659.110000000001
2025-11-11T00:00:00.000Z,38,Toronto,153,8550.801
2025-11-11T00:00:00.000Z,39,Rome,155,6922.478
2025-11-11T00:00:00.000Z,40,Mexico City,156,6666.516
2025-11-11T00:00:00.000Z,41,Moscow,156,7684.688
2025-11-11T00:00:00.000Z,42,Beijing,158,7695.65
2025-11-11T00:00:00.000Z,43,Cairo,166,6591.478
2025-11-11T00:00:00.000Z,44,São Paulo,168,8204.125
2025-11-11T00:00:00.000Z,45,Zurich,170,8612.208
2025-11-11T00:00:00.000Z,46,Buenos Aires,171,8242.753999999999
2025-11-11T00:00:00.000Z,47,Lagos,172,7919.253
2025-11-11T00:00:00.000Z,48,Singapore,174,8874.716
2025-11-11T00:00:00.000Z,49,Berlin,182,6798.654
2025-11-11T00:00:00.000Z,50,Manila,206,8485.418
2025-11-11T01:00:00.000Z,1,Karachi,104,7504.745
2025-11-11T01:00:00.000Z,2,Kuala Lumpur,107,7480.722
2025-11-11T01:00:00.000Z,3,Mumbai,111,7445.643
2025-11-11T01:00:00.000Z,4,Chennai,114,8222.004
2025-11-11T01:00:00.000Z,5,Los Angeles,121,7494.8240000000005
2025-11-11T01:00:00.000Z,6,Hong Kong,122,7883.4529999999995
2025-11-11T01:00:00.000Z,7,Nairobi,122,8095.937
2025-11-11T01:00:00.000Z,8,New York,124,7384.637000000001
2025-11-11T01:00:00.000Z,9,Jakarta,124,7871.348
2025-11-11T01:00:00.000Z,10,Helsinki,124,7916.341
2025-11-11T01:00:00.000Z,11,Singapore,124,8721.39
2025-11-11T01:00:00.000Z,12,London,125,6694.455
2025-11-11T01:00:00.000Z,13,Ho Chi Minh City,126,7305.037
2025-11-11T01:00:00.000Z,14,Bengaluru,127,8330.955
2025-11-11T01:00:00.000Z,15,Delhi,127,9505.844000000001
2025-11-11T01:00:00.000Z,16,Doha,129,7452.052
2025-11-11T01:00:00.000Z,17,Osaka,130,8342.381
2025-11-11T01:00:00.000Z,18,Auckland,131,7416.71
2025-11-11T01:00:00.000Z,19,San Francisco,132,8234.079
2025-11-11T01:00:00.000Z,20,Tokyo,133,8168.341
2025-11-11T01:00:00.000Z,21,Vancouver,134,7503.030000000001
2025-11-11T01:00:00.000Z,22,Chicago,134,8122.596
2025-11-11T01:00:00.000Z,23,Bangkok,137,7137.27
2025-11-11T01:00:00.000Z,24,Cape Town,137,7349.989
2025-11-11T01:00:00.000Z,25,Shanghai,137,8998.973
2025-11-11T01:00:00.000Z,26,Istanbul,139,8691.134
2025-11-11T01:00:00.000Z,27,Melbourne,140,8370.368
2025-11-11T01:00:00.000Z,28,Warsaw,141,6971.857
2025-11-11T01:00:00.000Z,29,Tehran,141,7573.701
2025-11-11T01:00:00.000Z,30,Seoul,142,7820.909
2025-11-11T01:00:00.000Z,31,Sydney,143,7850.435
2025-11-11T01:00:00.000Z,32,Kolkata,145,7628.122
2025-11-11T01:00:00.000Z,33,Dubai,145,8174.6990000000005
2025-11-11T01:00:00.000Z,34,Madrid,145,9498.354
2025-11-11T01:00:00.000Z,35,Stockholm,148,7492.192
2025-11-11T01:00:00.000Z,36,Riyadh,148,7882.094
2025-11-11T01:00:00.000Z,37,Paris,150,8803.596
2025-11-11T01:00:00.000Z,38,Houston,152,8228.894
2025-11-11T01:00:00.000Z,39,Toronto,153,8253.711
2025-11-11T01:00:00.000Z,40,Rome,155,6989.564
2025-11-11T01:00:00.000Z,41,Mexico City,156,7044.098
2025-11-11T01:00:00.000Z,42,Moscow,156,7211.97
2025-11-11T01:00:00.000Z,43,Beijing,158,7709.255
2025-11-11T01:00:00.000Z,44,Cairo,166,6656.215
2025-11-11T01:00:00.000Z,45,São Paulo,168,8360.94
2025-11-11T01:00:00.000Z,46,Zurich,170,7947.338
2025-11-11T01:00:00.000Z,47,Buenos Aires,171,8393.921
2025-11-11T01:00:00.000Z,48,Lagos,172,7793.947
2025-11-11T01:00:00.000Z,49,Berlin,182,7667.808999999999
2025-11-11T01:00:00.000Z,50,Manila,206,8441.823
2025-11-11T02:00:00.000Z,1,Karachi,104,8216.403
2025-11-11T02:00:00.000Z,2,Kuala Lumpur,107,7539.989
2025-11-11T02:00:00.000Z,3,Chennai,108,8483.69
2025-11-11T02:00:00.000Z,4,Mumbai,111,7955.494000000001
2025-11-11T02:00:00.000Z,5,Jakarta,116,8126.635
2025-11-11T02:00:00.000Z,6,Los Angeles,121,7887.805
2025-11-11T02:00:00.000Z,7,London,122,6377.906
2025-11-11T02:00:00.000Z,8,Hong Kong,122,7697.329
2025-11-11T02:00:00.000Z,9,Nairobi,122,8506.014
2025-11-11T02:00:00.000Z,10,Helsinki,124,7242.735000000001
2025-11-11T02:00:00.000Z,11,Singapore,124,8913.276
2025-11-11T02:00:00.000Z,12,Ho Chi Minh City,126,7881.903
2025-11-11T02:00:00.000Z,13,Bengaluru,127,8815.208
2025-11-11T02:00:00.000Z,14,Delhi,127,9374.218
2025-11-11T02:00:00.000Z,15,Doha,129,7426.733
2025-11-11T02:00:00.000Z,16,San Francisco,130,8072.352
2025-11-11T02:00:00.000Z,17,Osaka,130,8351.210000000001
2025-11-11T02:00:00.000Z,18,Tokyo,133,7323.767
2025-11-11T02:00:00.000Z,19,Vancouver,134,7586.512000000001
2025-11-11T02:00:00.000Z,20,Chicago,134,8437.607
2025-11-11T02:00:00.000Z,21,Auckland,135,7398.511
2025-11-11T02:00:00.000Z,22,Bangkok,137,7209.976000000001
2025-11-11T02:00:00.000Z,23,Cape Town,137,7454.527
2025-11-11T02:00:00.000Z,24,Shanghai,137,8661.292
2025-11-11T02:00:00.000Z,25,Melbourne,140,8562.517
2025-11-11T02:00:00.000Z,26,Warsaw,141,6970.723
2025-11-11T02:00:00.000Z,27,Tehran,141,7658.0419999999995
2025-11-11T02:00:00.000Z,28,Seoul,142,8021.9529999999995
2025-11-11T02:00:00.000Z,29,Sydney,143,7405.695
2025-11-11T02:00:00.000Z,30,New York,145,7020.716
2025-11-11T02:00:00.000Z,31,Dubai,145,7798.998
2025-11-11T02:00:00.000Z,32,Istanbul,145,8107.904
2025-11-11T02:00:00.000Z,33,Kolkata,145,8226.321
2025-11-11T02:00:00.000Z,34,Madrid,145,8721.808
2025-11-11T02:00:00.000Z,35,Stockholm,148,7230.022
2025-11-11T02:00:00.000Z,36,Riyadh,148,8204.464
2025-11-11T02:00:00.000Z,37,Houston,152,8514.764
2025-11-11T02:00:00.000Z,38,Toronto,153,8238.537
2025-11-11T02:00:00.000Z,39,Rome,155,7350.186
2025-11-11T02:00:00.000Z,40,Mexico City,156,6772.124
2025-11-11T02:00:00.000Z,41,Moscow,156,7274.151
2025-11-11T02:00:00.000Z,42,Beijing,158,7510.678
2025-11-11T02:00:00.000Z,43,Cairo,166,6863.208
2025-11-11T02:00:00.000Z,44,São Paulo,168,8336.989
2025-11-11T02:00:00.000Z,45,Zurich,170,8177.656000000001
2025-11-11T02:00:00.000Z,46,Buenos Aires,171,8347.155
2025-11-11T02:00:00.000Z,47,Lagos,172,7895.0599999999995
2025-11-11T02:00:00.000Z,48,Paris,172,8346.146
2025-11-11T02:00:00.000Z,49,Berlin,182,7948.731
2025-11-11T02:00:00.000Z,50,Manila,206,7992.996
2025-11-11T03:00:00.000Z,1,Kuala Lumpur,107,7434.296
2025-11-11T03:00:00.000Z,2,Chennai,108,8476.956
2025-11-11T03:00:00.000Z,3,Bengaluru,113,9101.965
2025-11-11T03:00:00.000Z,4,Hong Kong,114,7215.443
2025-11-11T03:00:00.000Z,5,Rome,116,6855.827
2025-11-11T03:00:00.000Z,6,Doha,120,7466.875
2025-11-11T03:00:00.000Z,7,Los Angeles,121,7756.3279999999995
2025-11-11T03:00:00.000Z,8,London,122,6899.844999999999
2025-11-11T03:00:00.000Z,9,Nairobi,122,8946.496
2025-11-11T03:00:00.000Z,10,Singapore,124,8636.65
2025-11-11T03:00:00.000Z,11,Ho Chi Minh City,126,7743.238
2025-11-11T03:00:00.000Z,12,Jakarta,126,8767.989
2025-11-11T03:00:00.000Z,13,Berlin,128,7090.974
2025-11-11T03:00:00.000Z,14,San Francisco,130,7849.5740000000005
2025-11-11T03:00:00.000Z,15,Osaka,130,8254.827
2025-11-11T03:00:00.000Z,16,Tokyo,133,7396.496
2025-11-11T03:00:00.000Z,17,Karachi,133,8466.572
2025-11-11T03:00:00.000Z,18,Vancouver,134,7121.336
2025-11-11T03:00:00.000Z,19,Shanghai,134,8435.241
2025-11-11T03:00:00.000Z,20,Chicago,134,8697.762
2025-11-11T03:00:00.000Z,21,Delhi,134,9173.865
2025-11-11T03:00:00.000Z,22,Auckland,135,7246.17
2025-11-11T03:00:00.000Z,23,Bangkok,137,7530.775
2025-11-11T03:00:00.000Z,24,Cape Town,137,7599.711
2025-11-11T03:00:00.000Z,25,Mumbai,139,8007.037
2025-11-11T03:00:00.000Z,26,Melbourne,140,8699.582
2025-11-11T03:00:00.000Z,27,Warsaw,141,7288.58
2025-11-11T03:00:00.000Z,28,Tehran,141,8070.238
2025-11-11T03:00:00.000Z,29,Seoul,142,8912.386999999999
2025-11-11T03:00:00.000Z,30,Sydney,143,7191.642
2025-11-11T03:00:00.000Z,31,Helsinki,144,7703.869000000001
2025-11-11T03:00:00.000Z,32,New York,145,7268.9130000000005
2025-11-11T03:00:00.000Z,33,Dubai,145,7663.612
2025-11-11T03:00:00.000Z,34,Madrid,145,8269.743
2025-11-11T03:00:00.000Z,35,Kolkata,145,8551.895
2025-11-11T03:00:00.000Z,36,Stockholm,148,7406.813
2025-11-11T03:00:00.000Z,37,Riyadh,148,8298.466
2025-11-11T03:00:00.000Z,38,São Paulo,150,8539.82
2025-11-11T03:00:00.000Z,39,Houston,152,8078.654
2025-11-11T03:00:00.000Z,40,Toronto,153,8048.879
2025-11-11T03:00:00.000Z,41,Mexico City,156,6941.8240000000005
2025-11-11T03:00:00.000Z,42,Moscow,156,7286.8369999999995
2025-11-11T03:00:00.000Z,43,Cairo,166,7253.6810000000005
2025-11-11T03:00:00.000Z,44,Istanbul,168,8496.182
2025-11-11T03:00:00.000Z,45,Beijing,170,7765.975
2025-11-11T03:00:00.000Z,46,Zurich,170,7825.5470000000005
2025-11-11T03:00:00.000Z,47,Buenos Aires,171,8861.222
2025-11-11T03:00:00.000Z,48,Paris,172,7746.398999999999
2025-11-11T03:00:00.000Z,49,Lagos,172,8324.358
2025-11-11T03:00:00.000Z,50,Manila,206,7932.535
2025-11-11T04:00:00.000Z,1,Chennai,108,8469.315
2025-11-11T04:00:00.000Z,2,Los Angeles,109,7526.968
2025-11-11T04:00:00.000Z,3,Bengaluru,113,8782.176
2025-11-11T04:00:00.000Z,4,São Paulo,117,8540.682
2025-11-11T04:00:00.000Z,5,Hong Kong,119,7309.866
2025-11-11T04:00:00.000Z,6,Doha,120,7264.924
2025-11-11T04:00:00.000Z,7,Rome,121,7320.15
2025-11-11T04:00:00.000Z,8,Nairobi,122,8018.21
2025-11-11T04:00:00.000Z,9,Ho Chi Minh City,124,7855.996
2025-11-11T04:00:00.000Z,10,Singapore,124,8818.581
2025-11-11T04:00:00.000Z,11,Jakarta,126,9107.177
2025-11-11T04:00:00.000Z,12,Berlin,128,7300.0650000000005
2025-11-11T04:00:00.000Z,13,San Francisco,130,7706.5380000000005
2025-11-11T04:00:00.000Z,14,Houston,132,8179.474
2025-11-11T04:00:00.000Z,15,Tokyo,133,7562.831
2025-11-11T04:00:00.000Z,16,Karachi,133,7848.1900000000005
2025-11-11T04:00:00.000Z,17,Vancouver,134,6754.707
2025-11-11T04:00:00.000Z,18,Chicago,134,7796.199
2025-11-11T04:00:00.000Z,19,Shanghai,134,8318.436
2025-11-11T04:00:00.000Z,20,Delhi,134,9139.306
2025-11-11T04:00:00.000Z,21,Auckland,135,6885.094
2025-11-11T04:00:00.000Z,22,Cape Town,137,7735.175
2025-11-11T04:00:00.000Z,23,Bangkok,137,7949.406
2025-11-11T04:00:00.000Z,24,Moscow,139,7479.892
2025-11-11T04:00:00.000Z,25,Melbourne,140,8350.531
2025-11-11T04:00:00.000Z,26,Warsaw,141,6763.446
2025-11-11T04:00:00.000Z,27,Tehran,141,7468.645
2025-11-11T04:00:00.000Z,28,Sydney,143,7559.32
2025-11-11T04:00:00.000Z,29,Helsinki,144,7687.891
2025-11-11T04:00:00.000Z,30,New York,145,7546.857
2025-11-11T04:00:00.000Z,31,Madrid,145,8044.887
2025-11-11T04:00:00.000Z,32,Dubai,145,8203.157
2025-11-11T04:00:00.000Z,33,Kolkata,145,8387.423
2025-11-11T04:00:00.000Z,34,Stockholm,148,7211.554
2025-11-11T04:00:00.000Z,35,Toronto,148,7834.875
2025-11-11T04:00:00.000Z,36,Riyadh,148,8532.427
2025-11-11T04:00:00.000Z,37,Osaka,154,8215.504
2025-11-11T04:00:00.000Z,38,London,156,6865.575
2025-11-11T04:00:00.000Z,39,Mexico City,156,7198.366
2025-11-11T04:00:00.000Z,40,Cairo,166,7894.923
2025-11-11T04:00:00.000Z,41,Istanbul,168,8256.553
2025-11-11T04:00:00.000Z,42,Zurich,170,7765.772
2025-11-11T04:00:00.000Z,43,Beijing,170,7783.933
2025-11-11T04:00:00.000Z,44,Buenos Aires,171,9394.783
2025-11-11T04:00:00.000Z,45,Paris,172,7420.639999999999
2025-11-11T04:00:00.000Z,46,Lagos,172,8264.625
2025-11-11T04:00:00.000Z,47,Seoul,175,8942.757
2025-11-11T04:00:00.000Z,48,Mumbai,182,8418.548
2025-11-11T04:00:00.000Z,49,Kuala Lumpur,194,7725.671
2025-11-11T04:00:00.000Z,50,Manila,206,8209.251
2025-11-11T05:00:00.000Z,1,Los Angeles,109,6964.921
2025-11-11T05:00:00.000Z,2,Doha,110,7528.817999999999
2025-11-11T05:00:00.000Z,3,São Paulo,120,8615.974
2025-11-11T05:00:00.000Z,4,Rome,121,7606.079
2025-11-11T05:00:00.000Z,5,Nairobi,122,7863.991
2025-11-11T05:00:00.000Z,6,Shanghai,122,8542.488
2025-11-11T05:00:00.000Z,7,Ho Chi Minh City,124,7854.895
2025-11-11T05:00:00.000Z,8,Singapore,124,8427.775
2025-11-11T05:00:00.000Z,9,Chennai,126,8550.483
2025-11-11T05:00:00.000Z,10,Jakarta,126,9418.5
2025-11-11T05:00:00.000Z,11,Berlin,128,7359.902
2025-11-11T05:00:00.000Z,12,Bengaluru,128,8787.421
2025-11-11T05:00:00.000Z,13,Warsaw,129,6651.143
2025-11-11T05:00:00.000Z,14,San Francisco,130,6666.153
2025-11-11T05:00:00.000Z,15,Riyadh,131,8879.949
2025-11-11T05:00:00.000Z,16,Houston,132,7959.036
2025-11-11T05:00:00.000Z,17,Karachi,133,7636.114
2025-11-11T05:00:00.000Z,18,Vancouver,134,6897.718
2025-11-11T05:00:00.000Z,19,Chicago,134,7216.662
2025-11-11T05:00:00.000Z,20,Delhi,134,8824.316
2025-11-11T05:00:00.000Z,21,Auckland,135,7295.405
2025-11-11T05:00:00.000Z,22,Cape Town,137,7716.826999999999
2025-11-11T05:00:00.000Z,23,Bangkok,137,8292.218
2025-11-11T05:00:00.000Z,24,Moscow,139,7682.871
2025-11-11T05:00:00.000Z,25,Melbourne,140,8447.396
2025-11-11T05:00:00.000Z,26,Madrid,142,7354.633
2025-11-11T05:00:00.000Z,27,Sydney,143,7464.889999999999
2025-11-11T05:00:00.000Z,28,Tokyo,143,7614.853
2025-11-11T05:00:00.000Z,29,Helsinki,144,7699.534
2025-11-11T05:00:00.000Z,30,New York,145,7730.75
2025-11-11T05:00:00.000Z,31,Dubai,145,7996.634
2025-11-11T05:00:00.000Z,32,Kolkata,145,8668.947
2025-11-11T05:00:00.000Z,33,Toronto,148,7254.657
2025-11-11T05:00:00.000Z,34,Stockholm,148,7559.206
2025-11-11T05:00:00.000Z,35,Osaka,154,8290.223
2025-11-11T05:00:00.000Z,36,Hong Kong,155,7181.882
2025-11-11T05:00:00.000Z,37,London,156,6828.121
2025-11-11T05:00:00.000Z,38,Mexico City,156,7070.246
2025-11-11T05:00:00.000Z,39,Tehran,158,7685.625
2025-11-11T05:00:00.000Z,40,Cairo,166,8155.236
2025-11-11T05:00:00.000Z,41,Istanbul,168,7824.928
2025-11-11T05:00:00.000Z,42,Beijing,170,7515.424
2025-11-11T05:00:00.000Z,43,Zurich,170,7969.133
2025-11-11T05:00:00.000Z,44,Buenos Aires,171,9349.533
2025-11-11T05:00:00.000Z,45,Paris,172,7669.973
2025-11-11T05:00:00.000Z,46,Lagos,172,7834.322
2025-11-11T05:00:00.000Z,47,Seoul,175,8896.313
2025-11-11T05:00:00.000Z,48,Mumbai,182,9157.203
2025-11-11T05:00:00.000Z,49,Kuala Lumpur,194,7437.4580000000005
2025-11-11T05:00:00.000Z,50,Manila,206,8130.699
2025-11-11T06:00:00.000Z,1,Manila,110,7749.919
2025-11-11T06:00:00.000Z,2,Doha,110,7781.755999999999
2025-11-11T06:00:00.000Z,3,Shanghai,115,8424.419
2025-11-11T06:00:00.000Z,4,São Paulo,120,8257.879
2025-11-11T06:00:00.000Z,5,Rome,121,7225.7
2025-11-11T06:00:00.000Z,6,Houston,121,7949.847
2025-11-11T06:00:00.000Z,7,Sydney,122,7603.47
2025-11-11T06:00:00.000Z,8,Ho Chi Minh City,124,7966.7970000000005
2025-11-11T06:00:00.000Z,9,Berlin,126,7185.773
2025-11-11T06:00:00.000Z,10,Chennai,126,8504.437
2025-11-11T06:00:00.000Z,11,Jakarta,126,9473.172
2025-11-11T06:00:00.000Z,12,Bengaluru,128,8751.18
2025-11-11T06:00:00.000Z,13,Warsaw,129,6844.77
2025-11-11T06:00:00.000Z,14,San Francisco,130,6851.743
2025-11-11T06:00:00.000Z,15,Riyadh,131,8973.989
2025-11-11T06:00:00.000Z,16,Vancouver,134,6969.571
2025-11-11T06:00:00.000Z,17,Chicago,134,7486.746999999999
2025-11-11T06:00:00.000Z,18,Delhi,134,8991.611
2025-11-11T06:00:00.000Z,19,Auckland,135,7359.751
2025-11-11T06:00:00.000Z,20,Los Angeles,136,6671.437
2025-11-11T06:00:00.000Z,21,Cape Town,137,7587.842000000001
2025-11-11T06:00:00.000Z,22,Bangkok,137,8081.608
2025-11-11T06:00:00.000Z,23,Moscow,139,7389.693
2025-11-11T06:00:00.000Z,24,Melbourne,140,8639.123
2025-11-11T06:00:00.000Z,25,Madrid,142,7689.715
2025-11-11T06:00:00.000Z,26,Tokyo,143,7189.227
2025-11-11T06:00:00.000Z,27,Kolkata,143,8081.816
2025-11-11T06:00:00.000Z,28,Helsinki,144,7638.6939999999995
2025-11-11T06:00:00.000Z,29,Karachi,145,7865.348
2025-11-11T06:00:00.000Z,30,Dubai,145,8378.49
2025-11-11T06:00:00.000Z,31,Toronto,148,6907.476
2025-11-11T06:00:00.000Z,32,Stockholm,148,7816.25
2025-11-11T06:00:00.000Z,33,New York,151,7434.901
2025-11-11T06:00:00.000Z,34,Singapore,153,8267.995
2025-11-11T06:00:00.000Z,35,Osaka,154,7830.607
2025-11-11T06:00:00.000Z,36,Hong Kong,155,7359.044
2025-11-11T06:00:00.000Z,37,London,156,6603.947
2025-11-11T06:00:00.000Z,38,Mexico City,156,7699.683
2025-11-11T06:00:00.000Z,39,Tehran,158,7262.249
2025-11-11T06:00:00.000Z,40,Cairo,166,8325.938
2025-11-11T06:00:00.000Z,41,Istanbul,168,7382.728
2025-11-11T06:00:00.000Z,42,Beijing,170,7517.029
2025-11-11T06:00:00.000Z,43,Zurich,170,7771.281
2025-11-11T06:00:00.000Z,44,Buenos Aires,171,9274.551
2025-11-11T06:00:00.000Z,45,Paris,172,7478.196
2025-11-11T06:00:00.000Z,46,Lagos,172,8262.789
2025-11-11T06:00:00.000Z,47,Nairobi,172,8292.844
2025-11-11T06:00:00.000Z,48,Seoul,175,7852.662
2025-11-11T06:00:00.000Z,49,Mumbai,182,8814.351
2025-11-11T06:00:00.000Z,50,Kuala Lumpur,194,7626.3369999999995
2025-11-11T07:00:00.000Z,1,San Francisco,107,7240.882
2025-11-11T07:00:00.000Z,2,Manila,110,7516.549
2025-11-11T07:00:00.000Z,3,Doha,110,8963.632
2025-11-11T07:00:00.000Z,4,Shanghai,115,8296.558
2025-11-11T07:00:00.000Z,5,São Paulo,120,8546.109
2025-11-11T07:00:00.000Z,6,Houston,121,7998.156
2025-11-11T07:00:00.000Z,7,Sydney,122,6963.706
2025-11-11T07:00:00.000Z,8,Rome,123,7152.647
2025-11-11T07:00:00.000Z,9,Ho Chi Minh City,124,8399.308
2025-11-11T07:00:00.000Z,10,Berlin,126,8028.638
2025-11-11T07:00:00.000Z,11,Chennai,126,8648.078000000001
2025-11-11T07:00:00.000Z,12,Riyadh,131,8993.722
2025-11-11T07:00:00.000Z,13,Jakarta,132,9447.554
2025-11-11T07:00:00.000Z,14,Chicago,134,7539.558
2025-11-11T07:00:00.000Z,15,Delhi,134,8429.961
2025-11-11T07:00:00.000Z,16,Melbourne,134,9010.976999999999
2025-11-11T07:00:00.000Z,17,Madrid,135,7479.092000000001
2025-11-11T07:00:00.000Z,18,Auckland,135,7488.535
2025-11-11T07:00:00.000Z,19,Los Angeles,136,6246.697
2025-11-11T07:00:00.000Z,20,Vancouver,136,7464.442
2025-11-11T07:00:00.000Z,21,Warsaw,137,6122.873
2025-11-11T07:00:00.000Z,22,Cape Town,137,7576.094
2025-11-11T07:00:00.000Z,23,Bangkok,139,7750.654
2025-11-11T07:00:00.000Z,24,Moscow,139,8011.342000000001
2025-11-11T07:00:00.000Z,25,Dubai,139,8335.125
2025-11-11T07:00:00.000Z,26,Bengaluru,140,8517.907
2025-11-11T07:00:00.000Z,27,Tokyo,143,7014.613
2025-11-11T07:00:00.000Z,28,Kolkata,143,8183.619
2025-11-11T07:00:00.000Z,29,Helsinki,144,7691.605
2025-11-11T07:00:00.000Z,30,Karachi,145,7870.109
2025-11-11T07:00:00.000Z,31,Toronto,148,7218.981
2025-11-11T07:00:00.000Z,32,Stockholm,148,7877.737999999999
2025-11-11T07:00:00.000Z,33,New York,151,8441.337
2025-11-11T07:00:00.000Z,34,Singapore,153,7700.725
2025-11-11T07:00:00.000Z,35,Osaka,154,7951.36
2025-11-11T07:00:00.000Z,36,Hong Kong,155,7511.835999999999
2025-11-11T07:00:00.000Z,37,London,156,6851.897000000001
2025-11-11T07:00:00.000Z,38,Mexico City,156,7633.444
2025-11-11T07:00:00.000Z,39,Tehran,158,7653.315
2025-11-11T07:00:00.000Z,40,Cairo,166,8516.918
2025-11-11T07:00:00.000Z,41,Istanbul,168,7135.969
2025-11-11T07:00:00.000Z,42,Beijing,170,7929.239
2025-11-11T07:00:00.000Z,43,Zurich,170,7937.011
2025-11-11T07:00:00.000Z,44,Buenos Aires,171,9113.272
2025-11-11T07:00:00.000Z,45,Paris,172,7461.981
2025-11-11T07:00:00.000Z,46,Nairobi,172,8170.236
2025-11-11T07:00:00.000Z,47,Lagos,172,8420.938
2025-11-11T07:00:00.000Z,48,Seoul,175,7755.277
2025-11-11T07:00:00.000Z,49,Mumbai,182,9141.377
2025-11-11T07:00:00.000Z,50,Kuala Lumpur,194,7669.535
2025-11-11T08:00:00.000Z,1,Shanghai,115,8021.653
2025-11-11T08:00:00.000Z,2,Houston,121,8125.377
2025-11-11T08:00:00.000Z,3,Buenos Aires,121,9429.562
2025-11-11T08:00:00.000Z,4,Chicago,122,7026.808
2025-11-11T08:00:00.000Z,5,Sydney,122,7093.143
2025-11-11T08:00:00.000Z,6,Rome,123,7506.032999999999
2025-11-11T08:00:00.000Z,7,Chennai,126,8480.880000000001
2025-11-11T08:00:00.000Z,8,Berlin,126,8607.595000000001
2025-11-11T08:00:00.000Z,9,Zurich,127,7504.322
2025-11-11T08:00:00.000Z,10,Manila,129,6967.414
2025-11-11T08:00:00.000Z,11,San Francisco,129,7065.950000000001
2025-11-11T08:00:00.000Z,12,Doha,130,9356.654
2025-11-11T08:00:00.000Z,13,Riyadh,131,8538.296
2025-11-11T08:00:00.000Z,14,Jakarta,132,9004.247
2025-11-11T08:00:00.000Z,15,Delhi,134,8447.295
2025-11-11T08:00:00.000Z,16,Melbourne,134,8627.115
2025-11-11T08:00:00.000Z,17,Madrid,135,7117.455
2025-11-11T08:00:00.000Z,18,Auckland,135,7430.224
2025-11-11T08:00:00.000Z,19,Los Angeles,136,6330.736
2025-11-11T08:00:00.000Z,20,Vancouver,136,7381.103
2025-11-11T08:00:00.000Z,21,Warsaw,137,5915.1939999999995
2025-11-11T08:00:00.000Z,22,Cape Town,137,8454.858
2025-11-11T08:00:00.000Z,23,Moscow,139,7651.277
2025-11-11T08:00:00.000Z,24,Bangkok,139,8332.149
2025-11-11T08:00:00.000Z,25,Dubai,139,8863.465
2025-11-11T08:00:00.000Z,26,Bengaluru,140,8248.953
2025-11-11T08:00:00.000Z,27,Tokyo,143,7042.777
2025-11-11T08:00:00.000Z,28,Kolkata,143,8021.603999999999
2025-11-11T08:00:00.000Z,29,Helsinki,144,7460.91
2025-11-11T08:00:00.000Z,30,Karachi,145,8046.166
2025-11-11T08:00:00.000Z,31,Toronto,148,6950.463
2025-11-11T08:00:00.000Z,32,Lagos,148,7699.451
2025-11-11T08:00:00.000Z,33,Stockholm,148,8237.428
2025-11-11T08:00:00.000Z,34,New York,151,8445.073
2025-11-11T08:00:00.000Z,35,Singapore,153,7941.643
2025-11-11T08:00:00.000Z,36,Osaka,154,7366.43
2025-11-11T08:00:00.000Z,37,London,156,7042.755999999999
2025-11-11T08:00:00.000Z,38,Tehran,158,7447.999
2025-11-11T08:00:00.000Z,39,Hong Kong,160,7806.1810000000005
2025-11-11T08:00:00.000Z,40,São Paulo,162,8720.248
2025-11-11T08:00:00.000Z,41,Ho Chi Minh City,163,8297.122
2025-11-11T08:00:00.000Z,42,Istanbul,168,6649.99
2025-11-11T08:00:00.000Z,43,Beijing,170,7883.725
2025-11-11T08:00:00.000Z,44,Paris,172,6930.739
2025-11-11T08:00:00.000Z,45,Nairobi,172,8019.802
2025-11-11T08:00:00.000Z,46,Seoul,175,8077.2480000000005
2025-11-11T08:00:00.000Z,47,Mexico City,180,7968.99
2025-11-11T08:00:00.000Z,48,Cairo,182,8322.736
2025-11-11T08:00:00.000Z,49,Mumbai,182,9017.292
2025-11-11T08:00:00.000Z,50,Kuala Lumpur,194,8195.705
2025-11-11T09:00:00.000Z,1,Melbourne,112,8602.766
2025-11-11T09:00:00.000Z,2,Shanghai,115,8275.187
2025-11-11T09:00:00.000Z,3,Houston,121,8014.693
2025-11-11T09:00:00.000Z,4,Buenos Aires,121,8882.506
2025-11-11T09:00:00.000Z,5,Chicago,122,6550.279
2025-11-11T09:00:00.000Z,6,Sydney,122,7063.424999999999
2025-11-11T09:00:00.000Z,7,Berlin,126,8389.557
2025-11-11T09:00:00.000Z,8,Chennai,126,8680.279
2025-11-11T09:00:00.000Z,9,Manila,129,6662.245
2025-11-11T09:00:00.000Z,10,San Francisco,129,6717.517
2025-11-11T09:00:00.000Z,11,Zurich,129,7459.69
2025-11-11T09:00:00.000Z,12,Doha,130,8999.184
2025-11-11T09:00:00.000Z,13,Riyadh,131,8777.094000000001
2025-11-11T09:00:00.000Z,14,Cape Town,131,8885.721
2025-11-11T09:00:00.000Z,15,Jakarta,132,9552.083999999999
2025-11-11T09:00:00.000Z,16,Madrid,135,6826.55
2025-11-11T09:00:00.000Z,17,Auckland,135,7568.907999999999
2025-11-11T09:00:00.000Z,18,Los Angeles,136,6765.205
2025-11-11T09:00:00.000Z,19,Vancouver,136,7601.9580000000005
2025-11-11T09:00:00.000Z,20,Warsaw,137,5956.455
2025-11-11T09:00:00.000Z,21,Stockholm,138,7871.247
2025-11-11T09:00:00.000Z,22,Moscow,139,8145.35
2025-11-11T09:00:00.000Z,23,Bangkok,139,8344.029
2025-11-11T09:00:00.000Z,24,Dubai,139,8977.442
2025-11-11T09:00:00.000Z,25,Bengaluru,140,8040.548000000001
2025-11-11T09:00:00.000Z,26,Tokyo,143,7148.154
2025-11-11T09:00:00.000Z,27,Rome,143,7745.6900000000005
2025-11-11T09:00:00.000Z,28,Kolkata,143,8493.79
2025-11-11T09:00:00.000Z,29,Helsinki,144,7362.467000000001
2025-11-11T09:00:00.000Z,30,Karachi,145,8429.974
2025-11-11T09:00:00.000Z,31,Toronto,148,7093.993
2025-11-11T09:00:00.000Z,32,Lagos,148,8036.326
2025-11-11T09:00:00.000Z,33,New York,151,8624.821
2025-11-11T09:00:00.000Z,34,Singapore,153,8377.672
2025-11-11T09:00:00.000Z,35,Osaka,154,7363.552
2025-11-11T09:00:00.000Z,36,London,156,6768.9400000000005
2025-11-11T09:00:00.000Z,37,Tehran,158,8014.9349999999995
2025-11-11T09:00:00.000Z,38,Hong Kong,160,8341.755
2025-11-11T09:00:00.000Z,39,São Paulo,162,8827.929
2025-11-11T09:00:00.000Z,40,Ho Chi Minh City,163,8266.995
2025-11-11T09:00:00.000Z,41,Istanbul,168,6576.891
2025-11-11T09:00:00.000Z,42,Beijing,170,7760.545
2025-11-11T09:00:00.000Z,43,Paris,172,6577.4580000000005
2025-11-11T09:00:00.000Z,44,Nairobi,172,8206.797
2025-11-11T09:00:00.000Z,45,Delhi,173,8385.538
2025-11-11T09:00:00.000Z,46,Seoul,175,8417.294
2025-11-11T09:00:00.000Z,47,Mexico City,180,7981.45
2025-11-11T09:00:00.000Z,48,Cairo,182,8908.541000000001
2025-11-11T09:00:00.000Z,49,Mumbai,182,9012.52
2025-11-11T09:00:00.000Z,50,Kuala Lumpur,194,8039.099
2025-11-11T10:00:00.000Z,1,Houston,121,8052.316000000001
2025-11-11T10:00:00.000Z,2,Chicago,122,6307.316
2025-11-11T10:00:00.000Z,3,Paris,122,6725.207
2025-11-11T10:00:00.000Z,4,Buenos Aires,122,8904.02
2025-11-11T10:00:00.000Z,5,Melbourne,124,8413.75
2025-11-11T10:00:00.000Z,6,Berlin,126,7698.713
2025-11-11T10:00:00.000Z,7,Chennai,126,8704.439
2025-11-11T10:00:00.000Z,8,Riyadh,128,8638.669
2025-11-11T10:00:00.000Z,9,Manila,129,6819.764
2025-11-11T10:00:00.000Z,10,Zurich,129,7016.25
2025-11-11T10:00:00.000Z,11,Sydney,129,7541.687
2025-11-11T10:00:00.000Z,12,San Francisco,129,7768.4169999999995
2025-11-11T10:00:00.000Z,13,Doha,130,8980.364
2025-11-11T10:00:00.000Z,14,Madrid,135,6924.032999999999
2025-11-11T10:00:00.000Z,15,Los Angeles,136,6664.242
2025-11-11T10:00:00.000Z,16,Vancouver,136,7055.117
2025-11-11T10:00:00.000Z,17,Jakarta,136,9601.548999999999
2025-11-11T10:00:00.000Z,18,Warsaw,137,5836.974
2025-11-11T10:00:00.000Z,19,Stockholm,138,8762.823
2025-11-11T10:00:00.000Z,20,Bangkok,139,8108.097
2025-11-11T10:00:00.000Z,21,Moscow,139,8245.988
2025-11-11T10:00:00.000Z,22,Dubai,139,9094.389
2025-11-11T10:00:00.000Z,23,Bengaluru,140,8229.874
2025-11-11T10:00:00.000Z,24,Auckland,142,7741.317
2025-11-11T10:00:00.000Z,25,Tokyo,143,7542.021000000001
2025-11-11T10:00:00.000Z,26,Rome,143,8067.023
2025-11-11T10:00:00.000Z,27,Kolkata,143,8428.991
2025-11-11T10:00:00.000Z,28,Helsinki,145,7836.266
2025-11-11T10:00:00.000Z,29,Karachi,145,8520.835
2025-11-11T10:00:00.000Z,30,Shanghai,146,8642.377
2025-11-11T10:00:00.000Z,31,Cape Town,147,8796.413
2025-11-11T10:00:00.000Z,32,Toronto,148,7445.787
2025-11-11T10:00:00.000Z,33,Lagos,148,8168.443
2025-11-11T10:00:00.000Z,34,New York,151,8786.754
2025-11-11T10:00:00.000Z,35,Singapore,153,8206.787
2025-11-11T10:00:00.000Z,36,Osaka,154,7219.566
2025-11-11T10:00:00.000Z,37,London,156,7104.5109999999995
2025-11-11T10:00:00.000Z,38,Tehran,158,7815.2970000000005
2025-11-11T10:00:00.000Z,39,Hong Kong,160,8260.359
2025-11-11T10:00:00.000Z,40,São Paulo,162,8922.773
2025-11-11T10:00:00.000Z,41,Ho Chi Minh City,163,7990.921
2025-11-11T10:00:00.000Z,42,Istanbul,168,6723.834
2025-11-11T10:00:00.000Z,43,Beijing,170,7926.4490000000005
2025-11-11T10:00:00.000Z,44,Nairobi,172,7910.9
2025-11-11T10:00:00.000Z,45,Delhi,173,8038.504
2025-11-11T10:00:00.000Z,46,Seoul,175,8118.579
2025-11-11T10:00:00.000Z,47,Mexico City,180,8355.636
2025-11-11T10:00:00.000Z,48,Mumbai,182,8263.78
2025-11-11T10:00:00.000Z,49,Cairo,182,8766.115
2025-11-11T10:00:00.000Z,50,Kuala Lumpur,194,8331.839
2025-11-11T11:00:00.000Z,1,Paris,118,6913.114
2025-11-11T11:00:00.000Z,2,Chicago,122,5405.366
2025-11-11T11:00:00.000Z,3,Buenos Aires,122,7994.686
2025-11-11T11:00:00.000Z,4,Berlin,126,8151.9439999999995
2025-11-11T11:00:00.000Z,5,Riyadh,128,8426.858
2025-11-11T11:00:00.000Z,6,Manila,129,6448.385
2025-11-11T11:00:00.000Z,7,Sydney,129,7616.67
2025-11-11T11:00:00.000Z,8,San Francisco,129,8293.168
2025-11-11T11:00:00.000Z,9,Chennai,130,8767.713
2025-11-11T11:00:00.000Z,10,Doha,130,9288.348
2025-11-11T11:00:00.000Z,11,Houston,132,8334.0
2025-11-11T11:00:00.000Z,12,Los Angeles,136,6287.8330000000005
2025-11-11T11:00:00.000Z,13,Zurich,136,6633.8240000000005
2025-11-11T11:00:00.000Z,14,Vancouver,136,7127.456
2025-11-11T11:00:00.000Z,15,Jakarta,136,8964.219000000001
2025-11-11T11:00:00.000Z,16,Warsaw,137,6054.924999999999
2025-11-11T11:00:00.000Z,17,Madrid,138,7320.072
2025-11-11T11:00:00.000Z,18,Stockholm,138,8209.942
2025-11-11T11:00:00.000Z,19,Bangkok,139,8001.055
2025-11-11T11:00:00.000Z,20,Moscow,139,8639.776
2025-11-11T11:00:00.000Z,21,Dubai,139,8894.009
2025-11-11T11:00:00.000Z,22,Bengaluru,140,8338.849
2025-11-11T11:00:00.000Z,23,Tokyo,143,7425.592000000001
2025-11-11T11:00:00.000Z,24,Kolkata,143,7811.114
2025-11-11T11:00:00.000Z,25,Auckland,143,7937.019
2025-11-11T11:00:00.000Z,26,Helsinki,145,7325.047
2025-11-11T11:00:00.000Z,27,Karachi,145,8405.246
2025-11-11T11:00:00.000Z,28,Shanghai,146,8309.191
2025-11-11T11:00:00.000Z,29,Cape Town,147,8649.592
2025-11-11T11:00:00.000Z,30,Toronto,148,7365.967000000001
2025-11-11T11:00:00.000Z,31,Lagos,148,8275.926
2025-11-11T11:00:00.000Z,32,Istanbul,150,6494.692999999999
2025-11-11T11:00:00.000Z,33,New York,151,8119.071
2025-11-11T11:00:00.000Z,34,Singapore,153,7783.008
2025-11-11T11:00:00.000Z,35,Osaka,154,6873.128
2025-11-11T11:00:00.000Z,36,Melbourne,155,8743.927
2025-11-11T11:00:00.000Z,37,London,156,6750.965
2025-11-11T11:00:00.000Z,38,Tehran,158,7254.255999999999
2025-11-11T11:00:00.000Z,39,Hong Kong,160,8745.851
2025-11-11T11:00:00.000Z,40,São Paulo,162,9139.561
2025-11-11T11:00:00.000Z,41,Ho Chi Minh City,163,8771.777
2025-11-11T11:00:00.000Z,42,Beijing,167,8228.191
2025-11-11T11:00:00.000Z,43,Rome,171,8839.332
2025-11-11T11:00:00.000Z,44,Nairobi,172,7498.351000000001
2025-11-11T11:00:00.000Z,45,Delhi,173,7758.407999999999
2025-11-11T11:00:00.000Z,46,Seoul,175,7815.17
2025-11-11T11:00:00.000Z,47,Mexico City,180,8653.309000000001
2025-11-11T11:00:00.000Z,48,Mumbai,182,8465.777
2025-11-11T11:00:00.000Z,49,Cairo,182,8689.875
2025-11-11T11:00:00.000Z,50,Kuala Lumpur,194,8231.273000000001
2025-11-11T12:00:00.000Z,1,Chicago,122,6001.798
2025-11-11T12:00:00.000Z,2,Buenos Aires,122,7968.289
2025-11-11T12:00:00.000Z,3,Osaka,124,6870.684
2025-11-11T12:00:00.000Z,4,Riyadh,128,8605.29
2025-11-11T12:00:00.000Z,5,Manila,129,6627.924
2025-11-11T12:00:00.000Z,6,Sydney,129,7563.0
2025-11-11T12:00:00.000Z,7,Stockholm,129,7994.254
2025-11-11T12:00:00.000Z,8,San Francisco,129,8564.429
2025-11-11T12:00:00.000Z,9,Mumbai,130,8217.364
2025-11-11T12:00:00.000Z,10,Chennai,130,8541.884
2025-11-11T12:00:00.000Z,11,Doha,130,9674.336
2025-11-11T12:00:00.000Z,12,Houston,132,8425.698
2025-11-11T12:00:00.000Z,13,Berlin,133,7754.958
2025-11-11T12:00:00.000Z,14,Zurich,136,6444.88
2025-11-11T12:00:00.000Z,15,Los Angeles,136,6781.2
2025-11-11T12:00:00.000Z,16,Jakarta,136,8915.761
2025-11-11T12:00:00.000Z,17,Warsaw,137,6002.23
2025-11-11T12:00:00.000Z,18,Madrid,138,7649.086
2025-11-11T12:00:00.000Z,19,Vancouver,139,7341.81
2025-11-11T12:00:00.000Z,20,Bangkok,139,7643.851000000001
2025-11-11T12:00:00.000Z,21,Dubai,139,8522.522
2025-11-11T12:00:00.000Z,22,Bengaluru,140,8307.421
2025-11-11T12:00:00.000Z,23,Istanbul,143,6876.8060000000005
2025-11-11T12:00:00.000Z,24,Tokyo,143,7378.228
2025-11-11T12:00:00.000Z,25,Kolkata,143,7973.352
2025-11-11T12:00:00.000Z,26,Auckland,143,8663.601999999999
2025-11-11T12:00:00.000Z,27,London,145,6862.145
2025-11-11T12:00:00.000Z,28,Helsinki,145,7386.064
2025-11-11T12:00:00.000Z,29,Cape Town,147,8450.77
2025-11-11T12:00:00.000Z,30,Moscow,147,8974.516
2025-11-11T12:00:00.000Z,31,Toronto,148,7310.308
2025-11-11T12:00:00.000Z,32,Lagos,148,7819.092
2025-11-11T12:00:00.000Z,33,New York,151,8711.777
2025-11-11T12:00:00.000Z,34,Seoul,152,7334.308
2025-11-11T12:00:00.000Z,35,Karachi,152,8709.808
2025-11-11T12:00:00.000Z,36,Singapore,153,7442.8330000000005
2025-11-11T12:00:00.000Z,37,Kuala Lumpur,153,8027.404
2025-11-11T12:00:00.000Z,38,Melbourne,155,8979.286
2025-11-11T12:00:00.000Z,39,Shanghai,156,8091.846
2025-11-11T12:00:00.000Z,40,Tehran,158,7457.057999999999
2025-11-11T12:00:00.000Z,41,Paris,159,6725.132
2025-11-11T12:00:00.000Z,42,Hong Kong,160,8583.435
2025-11-11T12:00:00.000Z,43,São Paulo,162,9008.414
2025-11-11T12:00:00.000Z,44,Ho Chi Minh City,163,8751.663
2025-11-11T12:00:00.000Z,45,Beijing,167,8303.19
2025-11-11T12:00:00.000Z,46,Rome,171,8672.01
2025-11-11T12:00:00.000Z,47,Nairobi,172,7658.6939999999995
2025-11-11T12:00:00.000Z,48,Delhi,173,7671.121
2025-11-11T12:00:00.000Z,49,Mexico City,180,8570.21
2025-11-11T12:00:00.000Z,50,Cairo,182,8415.369
2025-11-11T13:00:00.000Z,1,Tehran,110,7614.031
2025-11-11T13:00:00.000Z,2,Riyadh,112,8827.109
2025-11-11T13:00:00.000Z,3,Chicago,122,6459.366
2025-11-11T13:00:00.000Z,4,Buenos Aires,122,7700.075
2025-11-11T13:00:00.000Z,5,Osaka,124,7021.162
2025-11-11T13:00:00.000Z,6,Manila,129,6702.32
2025-11-11T13:00:00.000Z,7,Sydney,129,7958.597
2025-11-11T13:00:00.000Z,8,Chennai,130,7809.536
2025-11-11T13:00:00.000Z,9,Mumbai,130,8005.764
2025-11-11T13:00:00.000Z,10,Doha,130,9630.355
2025-11-11T13:00:00.000Z,11,Istanbul,131,7408.575
2025-11-11T13:00:00.000Z,12,Houston,132,8751.657
2025-11-11T13:00:00.000Z,13,Berlin,133,7559.331
2025-11-11T13:00:00.000Z,14,Zurich,136,6138.713
2025-11-11T13:00:00.000Z,15,Los Angeles,136,7273.108
2025-11-11T13:00:00.000Z,16,Jakarta,136,8824.476
2025-11-11T13:00:00.000Z,17,Warsaw,137,6423.141
2025-11-11T13:00:00.000Z,18,Madrid,138,7803.026
2025-11-11T13:00:00.000Z,19,Bangkok,139,7161.982
2025-11-11T13:00:00.000Z,20,Vancouver,139,7735.127
2025-11-11T13:00:00.000Z,21,Dubai,139,8759.225
2025-11-11T13:00:00.000Z,22,Tokyo,140,7508.494
2025-11-11T13:00:00.000Z,23,Bengaluru,140,7786.5380000000005
2025-11-11T13:00:00.000Z,24,Auckland,143,8395.497
2025-11-11T13:00:00.000Z,25,London,145,7626.741
2025-11-11T13:00:00.000Z,26,Helsinki,145,7917.557
2025-11-11T13:00:00.000Z,27,Cape Town,147,8868.848
2025-11-11T13:00:00.000Z,28,Moscow,147,9023.136
2025-11-11T13:00:00.000Z,29,Toronto,148,7361.901
2025-11-11T13:00:00.000Z,30,Stockholm,148,7626.682
2025-11-11T13:00:00.000Z,31,Lagos,148,8248.026
2025-11-11T13:00:00.000Z,32,Kolkata,150,7207.164
2025-11-11T13:00:00.000Z,33,New York,151,8925.261
2025-11-11T13:00:00.000Z,34,Seoul,152,7026.535
2025-11-11T13:00:00.000Z,35,Karachi,152,8720.507
2025-11-11T13:00:00.000Z,36,Singapore,153,7739.85
2025-11-11T13:00:00.000Z,37,Kuala Lumpur,153,7771.307000000001
2025-11-11T13:00:00.000Z,38,Melbourne,155,9055.814
2025-11-11T13:00:00.000Z,39,San Francisco,155,9167.544
2025-11-11T13:00:00.000Z,40,Shanghai,156,7755.867
2025-11-11T13:00:00.000Z,41,Paris,159,6864.646
2025-11-11T13:00:00.000Z,42,Hong Kong,160,8794.402
2025-11-11T13:00:00.000Z,43,São Paulo,162,8949.399000000001
2025-11-11T13:00:00.000Z,44,Ho Chi Minh City,163,8957.217
2025-11-11T13:00:00.000Z,45,Beijing,167,8566.993
2025-11-11T13:00:00.000Z,46,Rome,171,8321.283
2025-11-11T13:00:00.000Z,47,Nairobi,172,7744.4349999999995
2025-11-11T13:00:00.000Z,48,Delhi,173,7577.334000000001
2025-11-11T13:00:00.000Z,49,Mexico City,180,8304.805
2025-11-11T13:00:00.000Z,50,Cairo,182,7763.384
2025-11-11T14:00:00.000Z,1,Tehran,110,7706.734
2025-11-11T14:00:00.000Z,2,Riyadh,117,8832.899
2025-11-11T14:00:00.000Z,3,Los Angeles,119,7493.746
2025-11-11T14:00:00.000Z,4,Nairobi,120,7703.656
2025-11-11T14:00:00.000Z,5,Chicago,122,6761.708
2025-11-11T14:00:00.000Z,6,Buenos Aires,122,7829.088
2025-11-11T14:00:00.000Z,7,Osaka,124,7514.227
2025-11-11T14:00:00.000Z,8,Sydney,129,7965.239
2025-11-11T14:00:00.000Z,9,New York,129,9225.628
2025-11-11T14:00:00.000Z,10,Chennai,130,7788.1900000000005
2025-11-11T14:00:00.000Z,11,Mumbai,130,8120.189
2025-11-11T14:00:00.000Z,12,Doha,130,9384.529999999999
2025-11-11T14:00:00.000Z,13,Houston,132,8694.651
2025-11-11T14:00:00.000Z,14,Berlin,133,7739.23
2025-11-11T14:00:00.000Z,15,Istanbul,133,7918.108
2025-11-11T14:00:00.000Z,16,Zurich,136,7319.916
2025-11-11T14:00:00.000Z,17,Tokyo,136,7990.365
2025-11-11T14:00:00.000Z,18,Jakarta,136,8740.878
2025-11-11T14:00:00.000Z,19,Warsaw,137,6890.139999999999
2025-11-11T14:00:00.000Z,20,Dubai,137,8514.599
2025-11-11T14:00:00.000Z,21,Madrid,138,7697.4349999999995
2025-11-11T14:00:00.000Z,22,Bangkok,139,7140.755
2025-11-11T14:00:00.000Z,23,Vancouver,139,7664.83
2025-11-11T14:00:00.000Z,24,Bengaluru,140,7820.984
2025-11-11T14:00:00.000Z,25,Auckland,143,8242.063
2025-11-11T14:00:00.000Z,26,Lagos,144,8153.481
2025-11-11T14:00:00.000Z,27,Helsinki,145,8105.2699999999995
2025-11-11T14:00:00.000Z,28,Cape Town,147,9343.922
2025-11-11T14:00:00.000Z,29,Stockholm,148,7049.551
2025-11-11T14:00:00.000Z,30,Toronto,148,7706.457
2025-11-11T14:00:00.000Z,31,Singapore,151,7618.938
2025-11-11T14:00:00.000Z,32,Seoul,152,7816.357
2025-11-11T14:00:00.000Z,33,Karachi,152,8761.262
2025-11-11T14:00:00.000Z,34,Kuala Lumpur,153,7314.65
2025-11-11T14:00:00.000Z,35,Kolkata,155,7489.728
2025-11-11T14:00:00.000Z,36,Melbourne,155,8780.325
2025-11-11T14:00:00.000Z,37,San Francisco,155,9473.308
2025-11-11T14:00:00.000Z,38,Shanghai,156,7970.9580000000005
2025-11-11T14:00:00.000Z,39,Moscow,157,9224.636
2025-11-11T14:00:00.000Z,40,Paris,159,7042.371
2025-11-11T14:00:00.000Z,41,Hong Kong,160,8461.69
2025-11-11T14:00:00.000Z,42,São Paulo,162,9415.031
2025-11-11T14:00:00.000Z,43,Ho Chi Minh City,163,8922.516
2025-11-11T14:00:00.000Z,44,London,166,8168.044
2025-11-11T14:00:00.000Z,45,Manila,167,7278.585
2025-11-11T14:00:00.000Z,46,Beijing,167,8594.684
2025-11-11T14:00:00.000Z,47,Rome,171,8125.243
2025-11-11T14:00:00.000Z,48,Delhi,173,7489.691
2025-11-11T14:00:00.000Z,49,Mexico City,180,8049.866
2025-11-11T14:00:00.000Z,50,Cairo,182,8328.648000000001
2025-11-11T15:00:00.000Z,1,Tehran,110,7975.064
2025-11-11T15:00:00.000Z,2,Riyadh,117,9027.551
2025-11-11T15:00:00.000Z,3,Chicago,122,6439.972
2025-11-11T15:00:00.000Z,4,Buenos Aires,122,7842.817999999999
2025-11-11T15:00:00.000Z,5,Osaka,124,7400.867
2025-11-11T15:00:00.000Z,6,Bengaluru,124,8315.914
2025-11-11T15:00:00.000Z,7,Sydney,129,8106.037
2025-11-11T15:00:00.000Z,8,New York,129,8722.248
2025-11-11T15:00:00.000Z,9,Chennai,130,8076.499
2025-11-11T15:00:00.000Z,10,Mumbai,130,8529.945
2025-11-11T15:00:00.000Z,11,Doha,130,8623.755
2025-11-11T15:00:00.000Z,12,Houston,132,8586.314
2025-11-11T15:00:00.000Z,13,Berlin,133,7667.202
2025-11-11T15:00:00.000Z,14,Nairobi,136,7687.7789999999995
2025-11-11T15:00:00.000Z,15,Zurich,136,8137.427
2025-11-11T15:00:00.000Z,16,Tokyo,136,8227.116
2025-11-11T15:00:00.000Z,17,Jakarta,136,8892.285
2025-11-11T15:00:00.000Z,18,Warsaw,137,7166.206
2025-11-11T15:00:00.000Z,19,Dubai,137,8874.396
2025-11-11T15:00:00.000Z,20,Madrid,138,7870.098
2025-11-11T15:00:00.000Z,21,Vancouver,139,7689.4
2025-11-11T15:00:00.000Z,22,Auckland,143,8343.215
2025-11-11T15:00:00.000Z,23,Lagos,144,7666.722
2025-11-11T15:00:00.000Z,24,Helsinki,145,8133.596
2025-11-11T15:00:00.000Z,25,Los Angeles,146,7300.134
2025-11-11T15:00:00.000Z,26,Istanbul,147,8601.491
2025-11-11T15:00:00.000Z,27,Cape Town,147,9145.798
2025-11-11T15:00:00.000Z,28,Stockholm,148,6510.396
2025-11-11T15:00:00.000Z,29,Toronto,148,8008.506
2025-11-11T15:00:00.000Z,30,Singapore,151,7699.778
2025-11-11T15:00:00.000Z,31,Seoul,152,7684.025
2025-11-11T15:00:00.000Z,32,Karachi,152,8391.758
2025-11-11T15:00:00.000Z,33,Kolkata,155,7863.148
2025-11-11T15:00:00.000Z,34,San Francisco,155,9440.827
2025-11-11T15:00:00.000Z,35,Shanghai,156,7667.774
2025-11-11T15:00:00.000Z,36,Moscow,157,9444.309000000001
2025-11-11T15:00:00.000Z,37,Paris,159,7111.793
2025-11-11T15:00:00.000Z,38,Hong Kong,160,8292.173999999999
2025-11-11T15:00:00.000Z,39,São Paulo,162,9307.719000000001
2025-11-11T15:00:00.000Z,40,Ho Chi Minh City,163,8371.575
2025-11-11T15:00:00.000Z,41,London,166,8174.189
2025-11-11T15:00:00.000Z,42,Manila,167,7424.4580000000005
2025-11-11T15:00:00.000Z,43,Beijing,167,7758.307
2025-11-11T15:00:00.000Z,44,Kuala Lumpur,171,7950.768
2025-11-11T15:00:00.000Z,45,Rome,171,7954.071
2025-11-11T15:00:00.000Z,46,Delhi,173,8151.008
2025-11-11T15:00:00.000Z,47,Mexico City,180,8407.842
2025-11-11T15:00:00.000Z,48,Cairo,182,8533.679
2025-11-11T15:00:00.000Z,49,Melbourne,183,7767.869
2025-11-11T15:00:00.000Z,50,Bangkok,193,7726.889
2025-11-11T16:00:00.000Z,1,Cairo,121,8353.253
2025-11-11T16:00:00.000Z,2,Buenos Aires,122,7807.495
2025-11-11T16:00:00.000Z,3,Bengaluru,122,8762.581
2025-11-11T16:00:00.000Z,4,Chicago,123,7225.544
2025-11-11T16:00:00.000Z,5,Doha,123,8789.469
2025-11-11T16:00:00.000Z,6,Osaka,124,7878.132
2025-11-11T16:00:00.000Z,7,Tehran,124,8119.034
2025-11-11T16:00:00.000Z,8,Ho Chi Minh City,127,8343.529
2025-11-11T16:00:00.000Z,9,Sydney,129,7886.211
2025-11-11T16:00:00.000Z,10,New York,129,8910.063
2025-11-11T16:00:00.000Z,11,Chennai,130,8252.169
2025-11-11T16:00:00.000Z,12,Riyadh,130,9156.033
2025-11-11T16:00:00.000Z,13,Houston,132,8218.93
2025-11-11T16:00:00.000Z,14,Berlin,133,7566.001
2025-11-11T16:00:00.000Z,15,Nairobi,136,7846.735
2025-11-11T16:00:00.000Z,16,Zurich,136,8577.644
2025-11-11T16:00:00.000Z,17,Tokyo,136,8578.433
2025-11-11T16:00:00.000Z,18,Warsaw,137,7565.511
2025-11-11T16:00:00.000Z,19,Madrid,138,7881.504
2025-11-11T16:00:00.000Z,20,Vancouver,139,7715.1810000000005
2025-11-11T16:00:00.000Z,21,Mumbai,139,8916.328
2025-11-11T16:00:00.000Z,22,Dubai,143,8660.484
2025-11-11T16:00:00.000Z,23,Auckland,143,8697.038
2025-11-11T16:00:00.000Z,24,Hong Kong,144,7671.397
2025-11-11T16:00:00.000Z,25,Los Angeles,146,7684.002
2025-11-11T16:00:00.000Z,26,Istanbul,147,8293.236
2025-11-11T16:00:00.000Z,27,Cape Town,147,8652.441
2025-11-11T16:00:00.000Z,28,Stockholm,148,6436.692999999999
2025-11-11T16:00:00.000Z,29,Toronto,148,7607.77
2025-11-11T16:00:00.000Z,30,Singapore,151,7703.234
2025-11-11T16:00:00.000Z,31,Jakarta,151,9140.083
2025-11-11T16:00:00.000Z,32,Seoul,152,7509.187
2025-11-11T16:00:00.000Z,33,Karachi,152,7630.214
2025-11-11T16:00:00.000Z,34,São Paulo,153,9042.621
2025-11-11T16:00:00.000Z,35,Mexico City,154,8272.664
2025-11-11T16:00:00.000Z,36,Kolkata,155,8264.686
2025-11-11T16:00:00.000Z,37,San Francisco,155,9474.61
2025-11-11T16:00:00.000Z,38,Shanghai,156,7025.446
2025-11-11T16:00:00.000Z,39,Moscow,157,9470.533
2025-11-11T16:00:00.000Z,40,Paris,159,7615.282999999999
2025-11-11T16:00:00.000Z,41,Helsinki,165,8409.282
2025-11-11T16:00:00.000Z,42,London,166,8191.946
2025-11-11T16:00:00.000Z,43,Beijing,167,7446.187
2025-11-11T16:00:00.000Z,44,Manila,167,7503.264999999999
2025-11-11T16:00:00.000Z,45,Rome,171,7685.312
2025-11-11T16:00:00.000Z,46,Kuala Lumpur,171,7714.49
2025-11-11T16:00:00.000Z,47,Delhi,173,7892.008
2025-11-11T16:00:00.000Z,48,Melbourne,183,8401.949
2025-11-11T16:00:00.000Z,49,Lagos,190,8236.310000000001
2025-11-11T16:00:00.000Z,50,Bangkok,193,7534.213
2025-11-11T17:00:00.000Z,1,Cairo,99,8110.416
2025-11-11T17:00:00.000Z,2,Buenos Aires,122,8362.452000000001
2025-11-11T17:00:00.000Z,3,Bengaluru,122,8401.938
2025-11-11T17:00:00.000Z,4,Chicago,123,7353.5599999999995
2025-11-11T17:00:00.000Z,5,Doha,123,9417.843
2025-11-11T17:00:00.000Z,6,Osaka,124,7940.349
2025-11-11T17:00:00.000Z,7,Tehran,124,8087.922
2025-11-11T17:00:00.000Z,8,Ho Chi Minh City,127,7887.759
2025-11-11T17:00:00.000Z,9,Sydney,129,8024.7
2025-11-11T17:00:00.000Z,10,Chennai,130,8023.684
2025-11-11T17:00:00.000Z,11,Tokyo,130,8198.355
2025-11-11T17:00:00.000Z,12,Riyadh,130,9042.965
2025-11-11T17:00:00.000Z,13,Singapore,132,7581.957
2025-11-11T17:00:00.000Z,14,Houston,132,8204.399
2025-11-11T17:00:00.000Z,15,Berlin,133,7650.357
2025-11-11T17:00:00.000Z,16,Nairobi,136,7816.941
2025-11-11T17:00:00.000Z,17,Zurich,136,8998.669
2025-11-11T17:00:00.000Z,18,Warsaw,137,7568.545
2025-11-11T17:00:00.000Z,19,Madrid,138,8394.909
2025-11-11T17:00:00.000Z,20,Vancouver,139,8461.72
2025-11-11T17:00:00.000Z,21,Mumbai,139,9134.018
2025-11-11T17:00:00.000Z,22,Seoul,140,7975.286
2025-11-11T17:00:00.000Z,23,Auckland,143,8462.834
2025-11-11T17:00:00.000Z,24,Hong Kong,144,7997.029
2025-11-11T17:00:00.000Z,25,New York,145,8594.017
2025-11-11T17:00:00.000Z,26,Cape Town,147,7797.3369999999995
2025-11-11T17:00:00.000Z,27,Istanbul,147,8331.774
2025-11-11T17:00:00.000Z,28,Stockholm,148,6864.548
2025-11-11T17:00:00.000Z,29,Toronto,148,7772.5
2025-11-11T17:00:00.000Z,30,Los Angeles,149,6806.011
2025-11-11T17:00:00.000Z,31,Dubai,149,7866.718
2025-11-11T17:00:00.000Z,32,Jakarta,151,8044.061
2025-11-11T17:00:00.000Z,33,Karachi,152,7199.316
2025-11-11T17:00:00.000Z,34,Delhi,153,7823.231
2025-11-11T17:00:00.000Z,35,São Paulo,153,8966.746
2025-11-11T17:00:00.000Z,36,Mexico City,154,8640.086
2025-11-11T17:00:00.000Z,37,Kolkata,155,8088.4130000000005
2025-11-11T17:00:00.000Z,38,San Francisco,155,9873.136
2025-11-11T17:00:00.000Z,39,Shanghai,156,6918.818
2025-11-11T17:00:00.000Z,40,Moscow,157,9232.96
2025-11-11T17:00:00.000Z,41,Paris,159,7704.096
2025-11-11T17:00:00.000Z,42,Helsinki,165,8482.792
2025-11-11T17:00:00.000Z,43,London,166,8703.826000000001
2025-11-11T17:00:00.000Z,44,Beijing,167,7739.192
2025-11-11T17:00:00.000Z,45,Manila,167,7938.311
2025-11-11T17:00:00.000Z,46,Rome,171,7634.715
2025-11-11T17:00:00.000Z,47,Kuala Lumpur,171,7980.695
2025-11-11T17:00:00.000Z,48,Melbourne,183,8137.966
2025-11-11T17:00:00.000Z,49,Lagos,190,7943.745
2025-11-11T17:00:00.000Z,50,Bangkok,193,7385.845
2025-11-11T18:00:00.000Z,1,Cairo,105,8191.043
2025-11-11T18:00:00.000Z,2,Bengaluru,122,8191.781
2025-11-11T18:00:00.000Z,3,Chicago,123,7564.9
2025-11-11T18:00:00.000Z,4,Doha,123,9676.952
2025-11-11T18:00:00.000Z,5,Osaka,124,7884.924
2025-11-11T18:00:00.000Z,6,Tehran,124,7930.477000000001
2025-11-11T18:00:00.000Z,7,Toronto,126,7327.737
2025-11-11T18:00:00.000Z,8,Ho Chi Minh City,127,8260.131
2025-11-11T18:00:00.000Z,9,Buenos Aires,127,8304.358
2025-11-11T18:00:00.000Z,10,Chennai,130,7263.292
2025-11-11T18:00:00.000Z,11,Tokyo,130,8093.191
2025-11-11T18:00:00.000Z,12,Riyadh,130,9235.078
2025-11-11T18:00:00.000Z,13,Singapore,132,7705.201
2025-11-11T18:00:00.000Z,14,Houston,132,8123.689
2025-11-11T18:00:00.000Z,15,Berlin,133,7648.959
2025-11-11T18:00:00.000Z,16,Cape Town,135,7387.254
2025-11-11T18:00:00.000Z,17,Nairobi,136,7686.713
2025-11-11T18:00:00.000Z,18,Warsaw,137,7592.725
2025-11-11T18:00:00.000Z,19,Madrid,138,8458.712
2025-11-11T18:00:00.000Z,20,Vancouver,139,9491.669
2025-11-11T18:00:00.000Z,21,Mumbai,139,9759.152
2025-11-11T18:00:00.000Z,22,Auckland,143,8203.328
2025-11-11T18:00:00.000Z,23,Hong Kong,144,8464.702
2025-11-11T18:00:00.000Z,24,New York,145,8635.541
2025-11-11T18:00:00.000Z,25,Istanbul,147,8641.762999999999
2025-11-11T18:00:00.000Z,26,Stockholm,148,6247.205
2025-11-11T18:00:00.000Z,27,Los Angeles,149,6376.618
2025-11-11T18:00:00.000Z,28,Sydney,149,7744.45
2025-11-11T18:00:00.000Z,29,Dubai,149,7887.09
2025-11-11T18:00:00.000Z,30,Jakarta,151,7305.655
2025-11-11T18:00:00.000Z,31,Karachi,152,6498.5650000000005
2025-11-11T18:00:00.000Z,32,Delhi,153,7643.32
2025-11-11T18:00:00.000Z,33,São Paulo,153,8980.822
2025-11-11T18:00:00.000Z,34,Mexico City,154,8370.164
2025-11-11T18:00:00.000Z,35,Kolkata,155,7743.094999999999
2025-11-11T18:00:00.000Z,36,San Francisco,155,9905.368
2025-11-11T18:00:00.000Z,37,Shanghai,156,7187.451
2025-11-11T18:00:00.000Z,38,Moscow,157,9589.102
2025-11-11T18:00:00.000Z,39,Paris,159,7831.592
2025-11-11T18:00:00.000Z,40,Seoul,164,7690.921
2025-11-11T18:00:00.000Z,41,Helsinki,165,8300.608
2025-11-11T18:00:00.000Z,42,London,166,8815.188
2025-11-11T18:00:00.000Z,43,Beijing,167,7452.27
2025-11-11T18:00:00.000Z,44,Manila,167,8485.147
2025-11-11T18:00:00.000Z,45,Rome,171,7200.688
2025-11-11T18:00:00.000Z,46,Kuala Lumpur,171,7916.187
2025-11-11T18:00:00.000Z,47,Melbourne,183,8344.566
2025-11-11T18:00:00.000Z,48,Lagos,190,7709.928
2025-11-11T18:00:00.000Z,49,Bangkok,193,7710.96
2025-11-11T18:00:00.000Z,50,Zurich,203,8718.956
2025-11-11T19:00:00.000Z,1,Chennai,120,7583.139
2025-11-11T19:00:00.000Z,2,Houston,120,7944.882
2025-11-11T19:00:00.000Z,3,Cairo,120,8276.745
2025-11-11T19:00:00.000Z,4,Beijing,122,7230.294
2025-11-11T19:00:00.000Z,5,Bengaluru,122,8639.629
2025-11-11T19:00:00.000Z,6,Chicago,123,8271.907
2025-11-11T19:00:00.000Z,7,Doha,123,9287.419
2025-11-11T19:00:00.000Z,8,Hong Kong,124,7537.607
2025-11-11T19:00:00.000Z,9,Osaka,124,8426.710000000001
2025-11-11T19:00:00.000Z,10,Toronto,126,7371.349
2025-11-11T19:00:00.000Z,11,Ho Chi Minh City,127,7520.888999999999
2025-11-11T19:00:00.000Z,12,Buenos Aires,127,8877.758
2025-11-11T19:00:00.000Z,13,Singapore,132,7648.758
2025-11-11T19:00:00.000Z,14,Berlin,133,8082.762
2025-11-11T19:00:00.000Z,15,Cape Town,135,7458.138
2025-11-11T19:00:00.000Z,16,Nairobi,136,7855.0509999999995
2025-11-11T19:00:00.000Z,17,Tokyo,136,8494.844000000001
2025-11-11T19:00:00.000Z,18,Warsaw,137,7389.778
2025-11-11T19:00:00.000Z,19,Madrid,137,7759.427
2025-11-11T19:00:00.000Z,20,Vancouver,139,9120.736
2025-11-11T19:00:00.000Z,21,Mumbai,139,9346.636
2025-11-11T19:00:00.000Z,22,New York,145,8603.833
2025-11-11T19:00:00.000Z,23,Riyadh,145,9290.942
2025-11-11T19:00:00.000Z,24,Tehran,146,8445.381
2025-11-11T19:00:00.000Z,25,Istanbul,147,8300.084
2025-11-11T19:00:00.000Z,26,Stockholm,148,6634.985000000001
2025-11-11T19:00:00.000Z,27,Los Angeles,149,6762.025
2025-11-11T19:00:00.000Z,28,Sydney,149,7654.8009999999995
2025-11-11T19:00:00.000Z,29,Dubai,149,7788.483
2025-11-11T19:00:00.000Z,30,Jakarta,151,7272.5869999999995
2025-11-11T19:00:00.000Z,31,Karachi,152,5927.46
2025-11-11T19:00:00.000Z,32,São Paulo,153,8643.001
2025-11-11T19:00:00.000Z,33,Mexico City,154,8503.411
2025-11-11T19:00:00.000Z,34,Kolkata,155,8016.737999999999
2025-11-11T19:00:00.000Z,35,San Francisco,155,9747.697
2025-11-11T19:00:00.000Z,36,Shanghai,156,7837.214
2025-11-11T19:00:00.000Z,37,Delhi,157,7721.365
2025-11-11T19:00:00.000Z,38,Moscow,157,8738.223
2025-11-11T19:00:00.000Z,39,Rome,159,7212.744000000001
2025-11-11T19:00:00.000Z,40,Paris,159,8008.877
2025-11-11T19:00:00.000Z,41,Seoul,164,7461.49
2025-11-11T19:00:00.000Z,42,Helsinki,165,8317.708999999999
2025-11-11T19:00:00.000Z,43,London,166,9180.208999999999
2025-11-11T19:00:00.000Z,44,Manila,167,8788.065999999999
2025-11-11T19:00:00.000Z,45,Kuala Lumpur,171,8745.791
2025-11-11T19:00:00.000Z,46,Melbourne,183,8318.451000000001
2025-11-11T19:00:00.000Z,47,Lagos,190,7415.822
2025-11-11T19:00:00.000Z,48,Bangkok,193,7919.4220000000005
2025-11-11T19:00:00.000Z,49,Auckland,196,8712.409
2025-11-11T19:00:00.000Z,50,Zurich,203,9566.344000000001
2025-11-11T20:00:00.000Z,1,Toronto,117,7222.352
2025-11-11T20:00:00.000Z,2,Chennai,118,7592.83
2025-11-11T20:00:00.000Z,3,Bengaluru,121,8691.765
2025-11-11T20:00:00.000Z,4,Houston,123,8043.5
2025-11-11T20:00:00.000Z,5,Chicago,123,8164.221
2025-11-11T20:00:00.000Z,6,Doha,123,9418.395
2025-11-11T20:00:00.000Z,7,Hong Kong,124,7541.9400000000005
2025-11-11T20:00:00.000Z,8,Warsaw,124,7711.691
2025-11-11T20:00:00.000Z,9,Osaka,124,8548.117
2025-11-11T20:00:00.000Z,10,Beijing,126,7092.91
2025-11-11T20:00:00.000Z,11,Ho Chi Minh City,127,7443.567
2025-11-11T20:00:00.000Z,12,Buenos Aires,127,8334.713
2025-11-11T20:00:00.000Z,13,Karachi,130,6377.568
2025-11-11T20:00:00.000Z,14,Berlin,131,8029.752
2025-11-11T20:00:00.000Z,15,Singapore,132,7144.822
2025-11-11T20:00:00.000Z,16,Cape Town,135,7134.88
2025-11-11T20:00:00.000Z,17,Paris,136,7875.061
2025-11-11T20:00:00.000Z,18,Nairobi,136,7930.378000000001
2025-11-11T20:00:00.000Z,19,Tokyo,136,8518.294
2025-11-11T20:00:00.000Z,20,Madrid,137,7965.394
2025-11-11T20:00:00.000Z,21,Cairo,139,8385.417
2025-11-11T20:00:00.000Z,22,Vancouver,139,9305.613
2025-11-11T20:00:00.000Z,23,Mumbai,139,9621.742
2025-11-11T20:00:00.000Z,24,New York,145,8086.795
2025-11-11T20:00:00.000Z,25,Riyadh,145,8886.417
2025-11-11T20:00:00.000Z,26,Tehran,146,8284.496
2025-11-11T20:00:00.000Z,27,Istanbul,147,8118.6849999999995
2025-11-11T20:00:00.000Z,28,Stockholm,148,6820.6
2025-11-11T20:00:00.000Z,29,Los Angeles,149,6947.729
2025-11-11T20:00:00.000Z,30,Dubai,149,7673.763
2025-11-11T20:00:00.000Z,31,Jakarta,151,7170.215
2025-11-11T20:00:00.000Z,32,Sydney,152,7065.523
2025-11-11T20:00:00.000Z,33,São Paulo,153,8030.306
2025-11-11T20:00:00.000Z,34,Mexico City,154,8136.055
2025-11-11T20:00:00.000Z,35,Kolkata,155,7649.2119999999995
2025-11-11T20:00:00.000Z,36,San Francisco,155,9872.246
2025-11-11T20:00:00.000Z,37,Delhi,157,8173.82
2025-11-11T20:00:00.000Z,38,Shanghai,158,8503.516
2025-11-11T20:00:00.000Z,39,Rome,159,7502.3189999999995
2025-11-11T20:00:00.000Z,40,Seoul,164,7634.429
2025-11-11T20:00:00.000Z,41,Helsinki,165,8192.946
2025-11-11T20:00:00.000Z,42,Moscow,166,8254.401
2025-11-11T20:00:00.000Z,43,London,166,9203.322
2025-11-11T20:00:00.000Z,44,Manila,167,8817.76
2025-11-11T20:00:00.000Z,45,Kuala Lumpur,171,8839.037
2025-11-11T20:00:00.000Z,46,Melbourne,183,8462.374
2025-11-11T20:00:00.000Z,47,Lagos,190,7523.364
2025-11-11T20:00:00.000Z,48,Bangkok,193,7778.941
2025-11-11T20:00:00.000Z,49,Auckland,196,8776.017
2025-11-11T20:00:00.000Z,50,Zurich,203,9510.434
2025-11-11T21:00:00.000Z,1,Toronto,117,7144.848
2025-11-11T21:00:00.000Z,2,Chennai,118,8293.518
2025-11-11T21:00:00.000Z,3,Bengaluru,121,8601.993
2025-11-11T21:00:00.000Z,4,Mexico City,122,8623.601999999999
2025-11-11T21:00:00.000Z,5,Chicago,123,7936.885
2025-11-11T21:00:00.000Z,6,Houston,123,8168.030000000001
2025-11-11T21:00:00.000Z,7,Doha,123,9196.784
2025-11-11T21:00:00.000Z,8,Hong Kong,124,7455.834
2025-11-11T21:00:00.000Z,9,Osaka,124,8104.09
2025-11-11T21:00:00.000Z,10,Stockholm,125,6836.531
2025-11-11T21:00:00.000Z,11,Ho Chi Minh City,127,6795.628
2025-11-11T21:00:00.000Z,12,Buenos Aires,127,8198.437
2025-11-11T21:00:00.000Z,13,Karachi,130,6695.378
2025-11-11T21:00:00.000Z,14,Singapore,132,7932.022
2025-11-11T21:00:00.000Z,15,Cape Town,135,6879.454
2025-11-11T21:00:00.000Z,16,Beijing,135,7194.629
2025-11-11T21:00:00.000Z,17,Paris,136,7707.1720000000005
2025-11-11T21:00:00.000Z,18,Nairobi,136,7773.131
2025-11-11T21:00:00.000Z,19,Madrid,137,7963.971
2025-11-11T21:00:00.000Z,20,Tokyo,137,8683.356
2025-11-11T21:00:00.000Z,21,Berlin,139,7763.104
2025-11-11T21:00:00.000Z,22,Vancouver,139,8734.2
2025-11-11T21:00:00.000Z,23,Cairo,139,8758.417
2025-11-11T21:00:00.000Z,24,Mumbai,139,9178.618
2025-11-11T21:00:00.000Z,25,New York,145,7875.193
2025-11-11T21:00:00.000Z,26,Riyadh,145,8863.508
2025-11-11T21:00:00.000Z,27,Tehran,146,7904.355
2025-11-11T21:00:00.000Z,28,Istanbul,147,7874.782
2025-11-11T21:00:00.000Z,29,Los Angeles,149,7308.342000000001
2025-11-11T21:00:00.000Z,30,Dubai,149,7403.374
2025-11-11T21:00:00.000Z,31,Jakarta,151,6683.852
2025-11-11T21:00:00.000Z,32,San Francisco,151,9744.223
2025-11-11T21:00:00.000Z,33,Sydney,152,6488.395
2025-11-11T21:00:00.000Z,34,São Paulo,153,7415.541
2025-11-11T21:00:00.000Z,35,Warsaw,154,7801.66
2025-11-11T21:00:00.000Z,36,Kolkata,155,7894.941
2025-11-11T21:00:00.000Z,37,Delhi,157,7746.568
2025-11-11T21:00:00.000Z,38,Shanghai,158,8064.305
2025-11-11T21:00:00.000Z,39,Rome,159,7669.393
2025-11-11T21:00:00.000Z,40,Seoul,164,8186.168
2025-11-11T21:00:00.000Z,41,Moscow,166,8087.027
2025-11-11T21:00:00.000Z,42,London,166,9270.514
2025-11-11T21:00:00.000Z,43,Manila,167,8625.133
2025-11-11T21:00:00.000Z,44,Kuala Lumpur,171,9009.725
2025-11-11T21:00:00.000Z,45,Melbourne,183,8141.9439999999995
2025-11-11T21:00:00.000Z,46,Lagos,190,7586.534
2025-11-11T21:00:00.000Z,47,Bangkok,193,8366.476
2025-11-11T21:00:00.000Z,48,Auckland,196,8757.349
2025-11-11T21:00:00.000Z,49,Helsinki,202,8309.233
2025-11-11T21:00:00.000Z,50,Zurich,203,9869.127
2025-11-11T22:00:00.000Z,1,São Paulo,116,6685.502
2025-11-11T22:00:00.000Z,2,Toronto,117,7671.881
2025-11-11T22:00:00.000Z,3,Mexico City,122,8763.946
2025-11-11T22:00:00.000Z,4,Kolkata,123,7437.882
2025-11-11T22:00:00.000Z,5,Houston,123,7640.532
2025-11-11T22:00:00.000Z,6,Chicago,123,8147.326
2025-11-11T22:00:00.000Z,7,Doha,123,9225.821
2025-11-11T22:00:00.000Z,8,Hong Kong,124,7382.925
2025-11-11T22:00:00.000Z,9,Stockholm,125,6928.451
2025-11-11T22:00:00.000Z,10,Madrid,125,7919.981
2025-11-11T22:00:00.000Z,11,Ho Chi Minh City,127,6775.987
2025-11-11T22:00:00.000Z,12,Buenos Aires,127,7931.286
2025-11-11T22:00:00.000Z,13,Chennai,128,8549.545
2025-11-11T22:00:00.000Z,14,Bengaluru,128,8702.047
2025-11-11T22:00:00.000Z,15,Karachi,130,6498.867
2025-11-11T22:00:00.000Z,16,Singapore,132,8199.701000000001
2025-11-11T22:00:00.000Z,17,Cape Town,135,6645.481
2025-11-11T22:00:00.000Z,18,Beijing,135,6804.025
2025-11-11T22:00:00.000Z,19,Nairobi,136,7534.978999999999
2025-11-11T22:00:00.000Z,20,Paris,136,7967.361
2025-11-11T22:00:00.000Z,21,Tokyo,137,8262.618
2025-11-11T22:00:00.000Z,22,Berlin,139,8176.727
2025-11-11T22:00:00.000Z,23,Cairo,139,8406.347
2025-11-11T22:00:00.000Z,24,Mumbai,139,8745.149
2025-11-11T22:00:00.000Z,25,Vancouver,139,9440.273000000001
2025-11-11T22:00:00.000Z,26,New York,145,7305.965
2025-11-11T22:00:00.000Z,27,Riyadh,145,8231.553
2025-11-11T22:00:00.000Z,28,Tehran,146,7648.523
2025-11-11T22:00:00.000Z,29,Istanbul,147,8003.3279999999995
2025-11-11T22:00:00.000Z,30,Manila,148,8622.737000000001
2025-11-11T22:00:00.000Z,31,Los Angeles,149,7523.263
2025-11-11T22:00:00.000Z,32,Dubai,149,7891.966
2025-11-11T22:00:00.000Z,33,Jakarta,151,6597.626
2025-11-11T22:00:00.000Z,34,San Francisco,151,9449.198
2025-11-11T22:00:00.000Z,35,Sydney,152,6529.136
2025-11-11T22:00:00.000Z,36,Warsaw,154,7169.747
2025-11-11T22:00:00.000Z,37,Osaka,154,8228.788
2025-11-11T22:00:00.000Z,38,Delhi,157,7450.689
2025-11-11T22:00:00.000Z,39,Shanghai,158,8329.056
2025-11-11T22:00:00.000Z,40,Rome,159,7973.691
2025-11-11T22:00:00.000Z,41,Seoul,164,7400.002
2025-11-11T22:00:00.000Z,42,London,164,8693.834
2025-11-11T22:00:00.000Z,43,Moscow,166,8178.346
2025-11-11T22:00:00.000Z,44,Kuala Lumpur,171,8728.541000000001
2025-11-11T22:00:00.000Z,45,Melbourne,183,8013.763
2025-11-11T22:00:00.000Z,46,Lagos,190,7694.259
2025-11-11T22:00:00.000Z,47,Bangkok,193,8632.999
2025-11-11T22:00:00.000Z,48,Auckland,196,9250.328
2025-11-11T22:00:00.000Z,49,Helsinki,202,8103.345
2025-11-11T22:00:00.000Z,50,Zurich,203,9438.594000000001
2025-11-11T23:00:00.000Z,1,São Paulo,116,6514.266
2025-11-11T23:00:00.000Z,2,Toronto,117,7510.258
2025-11-11T23:00:00.000Z,3,Ho Chi Minh City,118,7255.217
2025-11-11T23:00:00.000Z,4,Mexico City,122,8927.104
2025-11-11T23:00:00.000Z,5,Kolkata,123,7451.677
2025-11-11T23:00:00.000Z,6,Houston,123,7938.058
2025-11-11T23:00:00.000Z,7,Doha,123,9358.16
2025-11-11T23:00:00.000Z,8,Hong Kong,124,7459.594999999999
2025-11-11T23:00:00.000Z,9,Stockholm,125,7505.308999999999
2025-11-11T23:00:00.000Z,10,Madrid,125,8152.603
2025-11-11T23:00:00.000Z,11,Bangkok,125,8240.624
2025-11-11T23:00:00.000Z,12,Buenos Aires,127,7501.512000000001
2025-11-11T23:00:00.000Z,13,Chennai,128,7751.425
2025-11-11T23:00:00.000Z,14,Nairobi,132,7444.784
2025-11-11T23:00:00.000Z,15,Singapore,132,8156.021000000001
2025-11-11T23:00:00.000Z,16,Bengaluru,133,8352.446
2025-11-11T23:00:00.000Z,17,Cape Town,135,6651.151
2025-11-11T23:00:00.000Z,18,Beijing,135,6935.793
2025-11-11T23:00:00.000Z,19,Paris,136,7725.9400000000005
2025-11-11T23:00:00.000Z,20,Istanbul,136,8135.68
2025-11-11T23:00:00.000Z,21,Tokyo,137,7582.055
2025-11-11T23:00:00.000Z,22,Berlin,139,8057.043
2025-11-11T23:00:00.000Z,23,Mumbai,139,8498.816
2025-11-11T23:00:00.000Z,24,Cairo,139,8532.501
2025-11-11T23:00:00.000Z,25,Chicago,144,8371.975
2025-11-11T23:00:00.000Z,26,New York,145,7460.6669999999995
2025-11-11T23:00:00.000Z,27,Riyadh,145,8637.557
2025-11-11T23:00:00.000Z,28,Tehran,146,7797.6320000000005
2025-11-11T23:00:00.000Z,29,Manila,148,8752.395
2025-11-11T23:00:00.000Z,30,Dubai,149,7659.075
2025-11-11T23:00:00.000Z,31,Los Angeles,149,8381.741
2025-11-11T23:00:00.000Z,32,Jakarta,151,6639.373
2025-11-11T23:00:00.000Z,33,San Francisco,151,9379.719000000001
2025-11-11T23:00:00.000Z,34,Sydney,152,6941.9400000000005
2025-11-11T23:00:00.000Z,35,Kuala Lumpur,154,8023.5560000000005
2025-11-11T23:00:00.000Z,36,Osaka,155,8501.039
2025-11-11T23:00:00.000Z,37,Delhi,157,7338.804
2025-11-11T23:00:00.000Z,38,Shanghai,158,8636.065
2025-11-11T23:00:00.000Z,39,Rome,159,7962.352
2025-11-11T23:00:00.000Z,40,Vancouver,161,9135.4
2025-11-11T23:00:00.000Z,41,Seoul,164,7777.695
2025-11-11T23:00:00.000Z,42,London,164,8763.175
2025-11-11T23:00:00.000Z,43,Moscow,166,7302.4349999999995
2025-11-11T23:00:00.000Z,44,Melbourne,175,8325.284
2025-11-11T23:00:00.000Z,45,Warsaw,178,7297.209
2025-11-11T23:00:00.000Z,46,Karachi,182,6697.454
2025-11-11T23:00:00.000Z,47,Lagos,190,8159.433
2025-11-11T23:00:00.000Z,48,Auckland,196,8753.44
2025-11-11T23:00:00.000Z,49,Helsinki,202,8620.078
2025-11-11T23:00:00.000Z,50,Zurich,203,9167.696
2025-11-12T00:00:00.000Z,1,Bangkok,110,8318.788
2025-11-12T00:00:00.000Z,2,Doha,112,9359.325
2025-11-12T00:00:00.000Z,3,Ho Chi Minh City,116,7355.241
2025-11-12T00:00:00.000Z,4,Jakarta,118,6726.948
2025-11-12T00:00:00.000Z,5,Madrid,118,8638.003
2025-11-12T00:00:00.000Z,6,Mexico City,122,8327.259
2025-11-12T00:00:00.000Z,7,Kolkata,123,7121.77
2025-11-12T00:00:00.000Z,8,Houston,123,8463.267
2025-11-12T00:00:00.000Z,9,Hong Kong,124,7563.207
2025-11-12T00:00:00.000Z,10,Stockholm,125,7606.758
2025-11-12T00:00:00.000Z,11,Mumbai,126,7663.323
2025-11-12T00:00:00.000Z,12,Buenos Aires,127,7116.416
2025-11-12T00:00:00.000Z,13,Chennai,128,7836.8099999999995
2025-11-12T00:00:00.000Z,14,Nairobi,132,7693.118
2025-11-12T00:00:00.000Z,15,Lagos,132,8036.603
2025-11-12T00:00:00.000Z,16,Singapore,132,8193.836
2025-11-12T00:00:00.000Z,17,Bengaluru,133,8115.38
2025-11-12T00:00:00.000Z,18,Cape Town,135,6500.415999999999
2025-11-12T00:00:00.000Z,19,Beijing,135,7031.088
2025-11-12T00:00:00.000Z,20,Istanbul,136,8011.805
2025-11-12T00:00:00.000Z,21,Tokyo,137,7513.407
2025-11-12T00:00:00.000Z,22,Paris,138,8084.042
2025-11-12T00:00:00.000Z,23,Berlin,139,7942.042
2025-11-12T00:00:00.000Z,24,Chicago,144,7895.536
2025-11-12T00:00:00.000Z,25,San Francisco,144,8758.164
2025-11-12T00:00:00.000Z,26,New York,145,7281.043
2025-11-12T00:00:00.000Z,27,Riyadh,145,9008.985
2025-11-12T00:00:00.000Z,28,Tehran,146,7700.6900000000005
2025-11-12T00:00:00.000Z,29,Manila,148,9060.969
2025-11-12T00:00:00.000Z,30,Dubai,149,7056.035
2025-11-12T00:00:00.000Z,31,Toronto,149,7882.465
2025-11-12T00:00:00.000Z,32,Los Angeles,149,8510.879
2025-11-12T00:00:00.000Z,33,Cairo,149,8765.365
2025-11-12T00:00:00.000Z,34,Sydney,152,6798.608
2025-11-12T00:00:00.000Z,35,Rome,153,8229.164
2025-11-12T00:00:00.000Z,36,Kuala Lumpur,154,8166.277
2025-11-12T00:00:00.000Z,37,São Paulo,157,6459.589
2025-11-12T00:00:00.000Z,38,Delhi,157,7608.933
2025-11-12T00:00:00.000Z,39,Osaka,158,8133.0419999999995
2025-11-12T00:00:00.000Z,40,Shanghai,158,9123.936
2025-11-12T00:00:00.000Z,41,Vancouver,161,9239.052
2025-11-12T00:00:00.000Z,42,Seoul,164,8010.017
2025-11-12T00:00:00.000Z,43,London,164,8895.436
2025-11-12T00:00:00.000Z,44,Moscow,166,7274.236
2025-11-12T00:00:00.000Z,45,Melbourne,175,7921.173
2025-11-12T00:00:00.000Z,46,Warsaw,178,7115.428
2025-11-12T00:00:00.000Z,47,Karachi,182,7078.787
2025-11-12T00:00:00.000Z,48,Auckland,196,8673.091
2025-11-12T00:00:00.000Z,49,Helsinki,202,8792.556
2025-11-12T00:00:00.000Z,50,Zurich,203,8918.027
2025-11-12T01:00:00.000Z,1,Bangkok,110,8196.907
2025-11-12T01:00:00.000Z,2,Doha,113,8982.338
2025-11-12T01:00:00.000Z,3,Ho Chi Minh City,116,7887.392
2025-11-12T01:00:00.000Z,4,Hong Kong,117,7863.323
2025-11-12T01:00:00.000Z,5,Jakarta,118,7424.281
2025-11-12T01:00:00.000Z,6,Mexico City,122,8385.220000000001
2025-11-12T01:00:00.000Z,7,Los Angeles,122,9204.244
2025-11-12T01:00:00.000Z,8,Kolkata,123,7492.489
2025-11-12T01:00:00.000Z,9,Houston,123,8375.82
2025-11-12T01:00:00.000Z,10,Madrid,124,8312.448
2025-11-12T01:00:00.000Z,11,Stockholm,125,7646.652
2025-11-12T01:00:00.000Z,12,Mumbai,126,7338.454
2025-11-12T01:00:00.000Z,13,Chennai,128,8134.627
2025-11-12T01:00:00.000Z,14,Singapore,132,7854.661
2025-11-12T01:00:00.000Z,15,Nairobi,132,8028.605
2025-11-12T01:00:00.000Z,16,Lagos,132,8061.831
2025-11-12T01:00:00.000Z,17,New York,133,7172.072
2025-11-12T01:00:00.000Z,18,Bengaluru,133,8263.301
2025-11-12T01:00:00.000Z,19,Beijing,135,6870.296
2025-11-12T01:00:00.000Z,20,Istanbul,136,8289.161
2025-11-12T01:00:00.000Z,21,Tokyo,137,7984.407
2025-11-12T01:00:00.000Z,22,Cape Town,138,6891.975
2025-11-12T01:00:00.000Z,23,Paris,138,8656.283
2025-11-12T01:00:00.000Z,24,Berlin,139,7864.183
2025-11-12T01:00:00.000Z,25,Chicago,144,8166.5509999999995
2025-11-12T01:00:00.000Z,26,Riyadh,145,8996.784
2025-11-12T01:00:00.000Z,27,Tehran,146,7738.822
2025-11-12T01:00:00.000Z,28,Buenos Aires,148,7387.475
2025-11-12T01:00:00.000Z,29,Manila,148,8592.853
2025-11-12T01:00:00.000Z,30,Toronto,149,7266.699
2025-11-12T01:00:00.000Z,31,Cairo,149,8598.126
2025-11-12T01:00:00.000Z,32,San Francisco,150,8748.601999999999
2025-11-12T01:00:00.000Z,33,Sydney,152,6980.0509999999995
2025-11-12T01:00:00.000Z,34,Rome,153,7528.616
2025-11-12T01:00:00.000Z,35,Kuala Lumpur,154,8554.596
2025-11-12T01:00:00.000Z,36,São Paulo,157,6320.014999999999
2025-11-12T01:00:00.000Z,37,Delhi,157,7993.567
2025-11-12T01:00:00.000Z,38,Osaka,158,7839.464
2025-11-12T01:00:00.000Z,39,Shanghai,158,9250.521
2025-11-12T01:00:00.000Z,40,Dubai,161,7510.336
2025-11-12T01:00:00.000Z,41,Vancouver,161,8667.715
2025-11-12T01:00:00.000Z,42,Seoul,164,7665.767
2025-11-12T01:00:00.000Z,43,London,164,9095.02
2025-11-12T01:00:00.000Z,44,Moscow,166,7263.067999999999
2025-11-12T01:00:00.000Z,45,Melbourne,175,7834.992
2025-11-12T01:00:00.000Z,46,Warsaw,178,7320.5199999999995
2025-11-12T01:00:00.000Z,47,Karachi,182,7133.872
2025-11-12T01:00:00.000Z,48,Auckland,196,9012.581
2025-11-12T01:00:00.000Z,49,Helsinki,202,8639.435
2025-11-12T01:00:00.000Z,50,Zurich,203,8676.929
2025-11-12T02:00:00.000Z,1,Bangkok,110,8048.97
2025-11-12T02:00:00.000Z,2,Doha,113,8764.433
2025-11-12T02:00:00.000Z,3,Ho Chi Minh City,116,7542.9310000000005
2025-11-12T02:00:00.000Z,4,Hong Kong,117,7397.656
2025-11-12T02:00:00.000Z,5,Jakarta,118,7791.374
2025-11-12T02:00:00.000Z,6,Mexico City,122,8446.173
2025-11-12T02:00:00.000Z,7,Los Angeles,122,9630.782
2025-11-12T02:00:00.000Z,8,Kolkata,123,7065.568
2025-11-12T02:00:00.000Z,9,Houston,123,8024.982
2025-11-12T02:00:00.000Z,10,Stockholm,125,7919.376
2025-11-12T02:00:00.000Z,11,Mumbai,126,7389.0470000000005
2025-11-12T02:00:00.000Z,12,Chennai,128,8343.032
2025-11-12T02:00:00.000Z,13,Manila,129,8359.672
2025-11-12T02:00:00.000Z,14,Singapore,132,8084.851
2025-11-12T02:00:00.000Z,15,Lagos,132,8145.492
2025-11-12T02:00:00.000Z,16,New York,133,7593.33
2025-11-12T02:00:00.000Z,17,Bengaluru,133,8528.312
2025-11-12T02:00:00.000Z,18,Beijing,135,7154.321
2025-11-12T02:00:00.000Z,19,Istanbul,136,8149.869
2025-11-12T02:00:00.000Z,20,Tokyo,137,8149.434
2025-11-12T02:00:00.000Z,21,Cape Town,138,6865.981
2025-11-12T02:00:00.000Z,22,Paris,138,8634.801
2025-11-12T02:00:00.000Z,23,Berlin,139,7865.802
2025-11-12T02:00:00.000Z,24,Seoul,142,7452.76
2025-11-12T02:00:00.000Z,25,Chicago,144,7769.610000000001
2025-11-12T02:00:00.000Z,26,Riyadh,145,8366.176
2025-11-12T02:00:00.000Z,27,Tehran,146,7618.898
2025-11-12T02:00:00.000Z,28,Buenos Aires,148,7435.868
2025-11-12T02:00:00.000Z,29,Toronto,149,7643.584
2025-11-12T02:00:00.000Z,30,Cairo,149,8641.503
2025-11-12T02:00:00.000Z,31,San Francisco,150,8593.262
2025-11-12T02:00:00.000Z,32,Rome,153,8267.263
2025-11-12T02:00:00.000Z,33,Kuala Lumpur,154,8240.274
2025-11-12T02:00:00.000Z,34,Sydney,155,6591.723
2025-11-12T02:00:00.000Z,35,Nairobi,155,7964.002
2025-11-12T02:00:00.000Z,36,São Paulo,157,6704.362999999999
2025-11-12T02:00:00.000Z,37,Delhi,157,7962.192
2025-11-12T02:00:00.000Z,38,Madrid,157,8391.485
2025-11-12T02:00:00.000Z,39,Osaka,158,8427.998
2025-11-12T02:00:00.000Z,40,Shanghai,158,8724.253
2025-11-12T02:00:00.000Z,41,Dubai,161,7393.959
2025-11-12T02:00:00.000Z,42,Vancouver,161,8208.119999999999
2025-11-12T02:00:00.000Z,43,London,164,8909.145
2025-11-12T02:00:00.000Z,44,Moscow,166,6672.924
2025-11-12T02:00:00.000Z,45,Zurich,167,8377.754
2025-11-12T02:00:00.000Z,46,Melbourne,175,7895.9710000000005
2025-11-12T02:00:00.000Z,47,Warsaw,178,7510.9580000000005
2025-11-12T02:00:00.000Z,48,Karachi,182,7268.763
2025-11-12T02:00:00.000Z,49,Auckland,196,8923.514
2025-11-12T02:00:00.000Z,50,Helsinki,202,8443.231
2025-11-12T03:00:00.000Z,1,Bangkok,110,8077.827
2025-11-12T03:00:00.000Z,2,Doha,113,8641.842
2025-11-12T03:00:00.000Z,3,Ho Chi Minh City,116,7649.653
2025-11-12T03:00:00.000Z,4,Hong Kong,117,7614.4310000000005
2025-11-12T03:00:00.000Z,5,Mexico City,122,7868.977
2025-11-12T03:00:00.000Z,6,Los Angeles,122,9507.952
2025-11-12T03:00:00.000Z,7,Kolkata,123,6756.356
2025-11-12T03:00:00.000Z,8,Houston,123,7851.355
2025-11-12T03:00:00.000Z,9,Stockholm,125,7833.036
2025-11-12T03:00:00.000Z,10,Mumbai,126,7508.205
2025-11-12T03:00:00.000Z,11,Chennai,128,7372.9580000000005
2025-11-12T03:00:00.000Z,12,Lagos,132,7700.911
2025-11-12T03:00:00.000Z,13,Auckland,132,8354.193
2025-11-12T03:00:00.000Z,14,Singapore,132,8677.642
2025-11-12T03:00:00.000Z,15,New York,133,8059.571
2025-11-12T03:00:00.000Z,16,Bengaluru,133,8358.71
2025-11-12T03:00:00.000Z,17,Beijing,135,7120.563
2025-11-12T03:00:00.000Z,18,Istanbul,136,8696.079
2025-11-12T03:00:00.000Z,19,Tehran,137,7368.639
2025-11-12T03:00:00.000Z,20,Tokyo,137,8130.399
2025-11-12T03:00:00.000Z,21,Riyadh,137,8439.646
2025-11-12T03:00:00.000Z,22,Cape Town,138,7220.82
2025-11-12T03:00:00.000Z,23,Paris,138,7998.814
2025-11-12T03:00:00.000Z,24,Berlin,139,7472.564
2025-11-12T03:00:00.000Z,25,Seoul,142,7441.332
2025-11-12T03:00:00.000Z,26,Chicago,144,7507.648999999999
2025-11-12T03:00:00.000Z,27,Buenos Aires,148,7600.107
2025-11-12T03:00:00.000Z,28,Manila,148,7983.849
2025-11-12T03:00:00.000Z,29,Toronto,149,7777.494
2025-11-12T03:00:00.000Z,30,Cairo,149,8513.866
2025-11-12T03:00:00.000Z,31,San Francisco,150,8184.901
2025-11-12T03:00:00.000Z,32,Jakarta,152,8271.542
2025-11-12T03:00:00.000Z,33,Rome,153,7843.373
2025-11-12T03:00:00.000Z,34,Sydney,155,7057.4439999999995
2025-11-12T03:00:00.000Z,35,Nairobi,155,8460.321
2025-11-12T03:00:00.000Z,36,São Paulo,157,6633.916
2025-11-12T03:00:00.000Z,37,Madrid,157,8863.721
2025-11-12T03:00:00.000Z,38,Shanghai,158,7993.646000000001
2025-11-12T03:00:00.000Z,39,Osaka,158,8094.635
2025-11-12T03:00:00.000Z,40,Dubai,161,7334.049
2025-11-12T03:00:00.000Z,41,Vancouver,161,8172.701
2025-11-12T03:00:00.000Z,42,London,164,8846.208
2025-11-12T03:00:00.000Z,43,Moscow,166,7250.119000000001
2025-11-12T03:00:00.000Z,44,Zurich,167,7748.025
2025-11-12T03:00:00.000Z,45,Kuala Lumpur,168,7879.459
2025-11-12T03:00:00.000Z,46,Melbourne,175,7901.656
2025-11-12T03:00:00.000Z,47,Warsaw,178,7808.997
2025-11-12T03:00:00.000Z,48,Karachi,182,7327.8640000000005
2025-11-12T03:00:00.000Z,49,Delhi,195,8016.035
2025-11-12T03:00:00.000Z,50,Helsinki,202,8286.157
2025-11-12T04:00:00.000Z,1,Bangkok,110,7908.341
2025-11-12T04:00:00.000Z,2,Doha,113,8261.713
2025-11-12T04:00:00.000Z,3,Ho Chi Minh City,116,7909.935
2025-11-12T04:00:00.000Z,4,Hong Kong,117,7660.962
2025-11-12T04:00:00.000Z,5,Kolkata,121,6839.713
2025-11-12T04:00:00.000Z,6,Mexico City,122,8031.201
2025-11-12T04:00:00.000Z,7,Los Angeles,122,8865.826000000001
2025-11-12T04:00:00.000Z,8,Stockholm,125,7983.540999999999
2025-11-12T04:00:00.000Z,9,Mumbai,126,7263.383
2025-11-12T04:00:00.000Z,10,Rome,126,7837.955
2025-11-12T04:00:00.000Z,11,Chennai,128,7193.626
2025-11-12T04:00:00.000Z,12,Lagos,132,7674.9619999999995
2025-11-12T04:00:00.000Z,13,Auckland,132,8450.682
2025-11-12T04:00:00.000Z,14,Singapore,132,9122.24
2025-11-12T04:00:00.000Z,15,New York,133,8088.234
2025-11-12T04:00:00.000Z,16,Beijing,135,6942.85
2025-11-12T04:00:00.000Z,17,Shanghai,137,7195.039000000001
2025-11-12T04:00:00.000Z,18,Tokyo,137,7827.793
2025-11-12T04:00:00.000Z,19,Tehran,137,7925.142
2025-11-12T04:00:00.000Z,20,Riyadh,137,8689.619
2025-11-12T04:00:00.000Z,21,Moscow,138,7151.135
2025-11-12T04:00:00.000Z,22,Cape Town,138,7436.535
2025-11-12T04:00:00.000Z,23,Paris,138,8643.461
2025-11-12T04:00:00.000Z,24,Berlin,139,7955.592000000001
2025-11-12T04:00:00.000Z,25,Seoul,142,7222.314
2025-11-12T04:00:00.000Z,26,Istanbul,142,8816.513
2025-11-12T04:00:00.000Z,27,Chicago,144,7599.212
2025-11-12T04:00:00.000Z,28,Bengaluru,145,8623.786
2025-11-12T04:00:00.000Z,29,Buenos Aires,148,7178.843
2025-11-12T04:00:00.000Z,30,Manila,148,8223.672
2025-11-12T04:00:00.000Z,31,Toronto,149,8206.65
2025-11-12T04:00:00.000Z,32,Cairo,149,8220.78
2025-11-12T04:00:00.000Z,33,San Francisco,150,7762.811
2025-11-12T04:00:00.000Z,34,Jakarta,152,8182.111
2025-11-12T04:00:00.000Z,35,Melbourne,153,7517.1630000000005
2025-11-12T04:00:00.000Z,36,Sydney,155,7478.362
2025-11-12T04:00:00.000Z,37,Nairobi,155,8907.301
2025-11-12T04:00:00.000Z,38,São Paulo,157,7441.019
2025-11-12T04:00:00.000Z,39,Madrid,157,8071.753000000001
2025-11-12T04:00:00.000Z,40,Osaka,158,7623.704
2025-11-12T04:00:00.000Z,41,Dubai,161,7248.207
2025-11-12T04:00:00.000Z,42,Vancouver,161,8106.886
2025-11-12T04:00:00.000Z,43,London,164,8562.014
2025-11-12T04:00:00.000Z,44,Zurich,167,7575.485000000001
2025-11-12T04:00:00.000Z,45,Kuala Lumpur,168,7564.29
2025-11-12T04:00:00.000Z,46,Houston,171,7993.406
2025-11-12T04:00:00.000Z,47,Warsaw,178,7554.983
2025-11-12T04:00:00.000Z,48,Karachi,182,7110.175
2025-11-12T04:00:00.000Z,49,Delhi,195,7579.278
2025-11-12T04:00:00.000Z,50,Helsinki,202,8055.159
2025-11-12T05:00:00.000Z,1,Ho Chi Minh City,112,8449.905999999999
2025-11-12T05:00:00.000Z,2,Doha,113,8475.701000000001
2025-11-12T05:00:00.000Z,3,Mumbai,117,7518.8550000000005
2025-11-12T05:00:00.000Z,4,Hong Kong,117,7655.027
2025-11-12T05:00:00.000Z,5,Beijing,118,7157.164
2025-11-12T05:00:00.000Z,6,Kolkata,121,7375.057
2025-11-12T05:00:00.000Z,7,Tokyo,125,7967.5
2025-11-12T05:00:00.000Z,8,Stockholm,125,8279.707
2025-11-12T05:00:00.000Z,9,Rome,126,8032.147
2025-11-12T05:00:00.000Z,10,Chennai,128,6794.014999999999
2025-11-12T05:00:00.000Z,11,Bangkok,129,7972.898
2025-11-12T05:00:00.000Z,12,Lagos,132,7176.096
2025-11-12T05:00:00.000Z,13,Auckland,132,7999.749
2025-11-12T05:00:00.000Z,14,Singapore,132,8465.157
2025-11-12T05:00:00.000Z,15,New York,133,7854.679
2025-11-12T05:00:00.000Z,16,Berlin,136,8525.376
2025-11-12T05:00:00.000Z,17,Shanghai,137,7714.661
2025-11-12T05:00:00.000Z,18,Tehran,137,8084.299
2025-11-12T05:00:00.000Z,19,Riyadh,137,8699.91
2025-11-12T05:00:00.000Z,20,Cape Town,138,7414.222
2025-11-12T05:00:00.000Z,21,Moscow,138,7526.316
2025-11-12T05:00:00.000Z,22,Paris,138,8345.19
2025-11-12T05:00:00.000Z,23,Mexico City,143,7793.677
2025-11-12T05:00:00.000Z,24,Chicago,144,7726.191
2025-11-12T05:00:00.000Z,25,Seoul,145,6771.191
2025-11-12T05:00:00.000Z,26,Bengaluru,145,9441.493999999999
2025-11-12T05:00:00.000Z,27,Istanbul,147,9123.655
2025-11-12T05:00:00.000Z,28,Manila,148,8162.073
2025-11-12T05:00:00.000Z,29,Toronto,149,8264.986
2025-11-12T05:00:00.000Z,30,Cairo,149,8846.027
2025-11-12T05:00:00.000Z,31,San Francisco,150,7531.289000000001
2025-11-12T05:00:00.000Z,32,Los Angeles,152,8552.88
2025-11-12T05:00:00.000Z,33,Jakarta,152,9027.737000000001
2025-11-12T05:00:00.000Z,34,Melbourne,153,7748.228
2025-11-12T05:00:00.000Z,35,Helsinki,155,7389.927
2025-11-12T05:00:00.000Z,36,Sydney,155,8214.426
2025-11-12T05:00:00.000Z,37,Nairobi,155,8898.648
2025-11-12T05:00:00.000Z,38,São Paulo,157,7673.493
2025-11-12T05:00:00.000Z,39,Madrid,157,8119.501
2025-11-12T05:00:00.000Z,40,Osaka,158,7157.981
2025-11-12T05:00:00.000Z,41,Dubai,161,7451.855
2025-11-12T05:00:00.000Z,42,Vancouver,161,8577.304
2025-11-12T05:00:00.000Z,43,London,164,8110.407999999999
2025-11-12T05:00:00.000Z,44,Zurich,167,7199.141
2025-11-12T05:00:00.000Z,45,Kuala Lumpur,168,7933.182
2025-11-12T05:00:00.000Z,46,Houston,171,7758.829
2025-11-12T05:00:00.000Z,47,Warsaw,178,7234.245
2025-11-12T05:00:00.000Z,48,Karachi,182,7203.861
2025-11-12T05:00:00.000Z,49,Delhi,195,8714.684
2025-11-12T05:00:00.000Z,50,Buenos Aires,197,7268.552
2025-11-12T06:00:00.000Z,1,Ho Chi Minh City,112,8642.22
2025-11-12T06:00:00.000Z,2,Doha,113,8551.896
2025-11-12T06:00:00.000Z,3,Hong Kong,117,7901.434
2025-11-12T06:00:00.000Z,4,Mumbai,117,8079.295
2025-11-12T06:00:00.000Z,5,Chennai,119,6726.8009999999995
2025-11-12T06:00:00.000Z,6,Tokyo,125,8488.33
2025-11-12T06:00:00.000Z,7,Stockholm,127,8223.881
2025-11-12T06:00:00.000Z,8,Bangkok,129,7983.075
2025-11-12T06:00:00.000Z,9,Lagos,132,7299.5779999999995
2025-11-12T06:00:00.000Z,10,Auckland,132,7592.327
2025-11-12T06:00:00.000Z,11,Singapore,132,8066.623
2025-11-12T06:00:00.000Z,12,New York,133,8224.35
2025-11-12T06:00:00.000Z,13,Berlin,136,8006.605
2025-11-12T06:00:00.000Z,14,Shanghai,137,7414.136
2025-11-12T06:00:00.000Z,15,Beijing,137,7930.152
2025-11-12T06:00:00.000Z,16,Tehran,137,8242.294
2025-11-12T06:00:00.000Z,17,Riyadh,137,8996.992
2025-11-12T06:00:00.000Z,18,Cape Town,138,7421.5830000000005
2025-11-12T06:00:00.000Z,19,Paris,138,8426.976
2025-11-12T06:00:00.000Z,20,Mexico City,143,7533.848
2025-11-12T06:00:00.000Z,21,Chicago,144,6932.04
2025-11-12T06:00:00.000Z,22,Seoul,145,7124.963
2025-11-12T06:00:00.000Z,23,Moscow,145,7330.165999999999
2025-11-12T06:00:00.000Z,24,Bengaluru,145,8721.368
2025-11-12T06:00:00.000Z,25,Rome,146,7749.110000000001
2025-11-12T06:00:00.000Z,26,Kolkata,147,7938.744000000001
2025-11-12T06:00:00.000Z,27,Istanbul,147,9028.64
2025-11-12T06:00:00.000Z,28,Manila,148,7568.7029999999995
2025-11-12T06:00:00.000Z,29,Toronto,149,8082.332
2025-11-12T06:00:00.000Z,30,San Francisco,150,7097.025
2025-11-12T06:00:00.000Z,31,Los Angeles,152,8111.43
2025-11-12T06:00:00.000Z,32,Jakarta,152,9633.421
2025-11-12T06:00:00.000Z,33,Melbourne,153,7829.76
2025-11-12T06:00:00.000Z,34,Helsinki,155,7448.777
2025-11-12T06:00:00.000Z,35,Sydney,155,7845.296
2025-11-12T06:00:00.000Z,36,Nairobi,155,8838.723
2025-11-12T06:00:00.000Z,37,Madrid,157,7765.219999999999
2025-11-12T06:00:00.000Z,38,São Paulo,157,7950.719
2025-11-12T06:00:00.000Z,39,Osaka,158,7269.619000000001
2025-11-12T06:00:00.000Z,40,Dubai,161,6792.144
2025-11-12T06:00:00.000Z,41,Vancouver,161,8389.479
2025-11-12T06:00:00.000Z,42,London,164,8370.564
2025-11-12T06:00:00.000Z,43,Zurich,167,7068.78
2025-11-12T06:00:00.000Z,44,Kuala Lumpur,168,8170.055
2025-11-12T06:00:00.000Z,45,Cairo,170,8606.893
2025-11-12T06:00:00.000Z,46,Houston,171,8283.993
2025-11-12T06:00:00.000Z,47,Warsaw,178,7493.65
2025-11-12T06:00:00.000Z,48,Karachi,182,7314.234
2025-11-12T06:00:00.000Z,49,Delhi,195,9217.307
2025-11-12T06:00:00.000Z,50,Buenos Aires,197,7218.215
2025-11-12T07:00:00.000Z,1,Ho Chi Minh City,112,8314.821
2025-11-12T07:00:00.000Z,2,Mumbai,112,8817.275
2025-11-12T07:00:00.000Z,3,Doha,113,8238.819
2025-11-12T07:00:00.000Z,4,Chennai,119,6679.808
2025-11-12T07:00:00.000Z,5,Tokyo,125,9323.224
2025-11-12T07:00:00.000Z,6,Vancouver,126,8721.293
2025-11-12T07:00:00.000Z,7,Hong Kong,127,7929.052
2025-11-12T07:00:00.000Z,8,Stockholm,127,8098.985
2025-11-12T07:00:00.000Z,9,Berlin,129,7896.883
2025-11-12T07:00:00.000Z,10,Bangkok,129,8079.382
2025-11-12T07:00:00.000Z,11,Lagos,132,6961.503
2025-11-12T07:00:00.000Z,12,Auckland,132,7823.072
2025-11-12T07:00:00.000Z,13,Singapore,132,8097.682
2025-11-12T07:00:00.000Z,14,New York,133,8009.197
2025-11-12T07:00:00.000Z,15,Chicago,136,6660.174999999999
2025-11-12T07:00:00.000Z,16,Shanghai,137,7449.616
2025-11-12T07:00:00.000Z,17,Tehran,137,7722.505
2025-11-12T07:00:00.000Z,18,Beijing,137,8168.529
2025-11-12T07:00:00.000Z,19,Riyadh,137,8538.993
2025-11-12T07:00:00.000Z,20,Cape Town,138,7462.196
2025-11-12T07:00:00.000Z,21,Paris,138,9121.947
2025-11-12T07:00:00.000Z,22,Mexico City,143,7680.3189999999995
2025-11-12T07:00:00.000Z,23,Seoul,145,6710.077
2025-11-12T07:00:00.000Z,24,Moscow,145,7726.818
2025-11-12T07:00:00.000Z,25,Bengaluru,145,8498.014
2025-11-12T07:00:00.000Z,26,Rome,146,7706.925
2025-11-12T07:00:00.000Z,27,Kolkata,147,7893.945
2025-11-12T07:00:00.000Z,28,Istanbul,147,8840.518
2025-11-12T07:00:00.000Z,29,Manila,148,7470.343
2025-11-12T07:00:00.000Z,30,Toronto,149,8068.3279999999995
2025-11-12T07:00:00.000Z,31,San Francisco,150,6687.834000000001
2025-11-12T07:00:00.000Z,32,Warsaw,150,7357.655000000001
2025-11-12T07:00:00.000Z,33,Los Angeles,152,7964.701
2025-11-12T07:00:00.000Z,34,Jakarta,152,9354.735
2025-11-12T07:00:00.000Z,35,Melbourne,153,8182.945
2025-11-12T07:00:00.000Z,36,Helsinki,155,7326.454
2025-11-12T07:00:00.000Z,37,Sydney,155,8042.4800000000005
2025-11-12T07:00:00.000Z,38,Nairobi,155,8599.794
2025-11-12T07:00:00.000Z,39,Madrid,157,7617.689
2025-11-12T07:00:00.000Z,40,São Paulo,157,8238.039
2025-11-12T07:00:00.000Z,41,Osaka,158,7127.909
2025-11-12T07:00:00.000Z,42,Dubai,161,6864.269
2025-11-12T07:00:00.000Z,43,London,164,8009.409
2025-11-12T07:00:00.000Z,44,Zurich,167,7055.351000000001
2025-11-12T07:00:00.000Z,45,Kuala Lumpur,168,8158.528
2025-11-12T07:00:00.000Z,46,Karachi,169,7117.5380000000005
2025-11-12T07:00:00.000Z,47,Cairo,170,8507.677
2025-11-12T07:00:00.000Z,48,Houston,171,8252.931
2025-11-12T07:00:00.000Z,49,Delhi,195,8550.465
2025-11-12T07:00:00.000Z,50,Buenos Aires,197,7600.088
2025-11-12T08:00:00.000Z,1,Ho Chi Minh City,112,8034.992
2025-11-12T08:00:00.000Z,2,Doha,113,8135.303
2025-11-12T08:00:00.000Z,3,Chennai,119,6517.880999999999
2025-11-12T08:00:00.000Z,4,Lagos,124,6739.655
2025-11-12T08:00:00.000Z,5,Tokyo,125,9439.96
2025-11-12T08:00:00.000Z,6,Vancouver,126,8630.946
2025-11-12T08:00:00.000Z,7,Hong Kong,127,7727.481
2025-11-12T08:00:00.000Z,8,Stockholm,127,8342.463
2025-11-12T08:00:00.000Z,9,Paris,129,8659.868999999999
2025-11-12T08:00:00.000Z,10,Singapore,130,7830.475
2025-11-12T08:00:00.000Z,11,Bangkok,130,8065.191
2025-11-12T08:00:00.000Z,12,Auckland,132,7943.275
2025-11-12T08:00:00.000Z,13,Chicago,136,6693.989
2025-11-12T08:00:00.000Z,14,Shanghai,137,7564.748
2025-11-12T08:00:00.000Z,15,Tehran,137,7574.625
2025-11-12T08:00:00.000Z,16,Riyadh,137,7883.414000000001
2025-11-12T08:00:00.000Z,17,Beijing,137,8183.722
2025-11-12T08:00:00.000Z,18,Cape Town,138,7942.46
2025-11-12T08:00:00.000Z,19,São Paulo,142,7959.447
2025-11-12T08:00:00.000Z,20,Mexico City,143,8203.16
2025-11-12T08:00:00.000Z,21,Mumbai,144,9172.298
2025-11-12T08:00:00.000Z,22,Seoul,145,6916.9169999999995
2025-11-12T08:00:00.000Z,23,Moscow,145,7919.065
2025-11-12T08:00:00.000Z,24,Bengaluru,145,8897.751
2025-11-12T08:00:00.000Z,25,Rome,146,7427.354
2025-11-12T08:00:00.000Z,26,Kolkata,147,8107.082
2025-11-12T08:00:00.000Z,27,Istanbul,147,9079.044
2025-11-12T08:00:00.000Z,28,Manila,148,7565.999
2025-11-12T08:00:00.000Z,29,Toronto,148,8164.803
2025-11-12T08:00:00.000Z,30,Warsaw,150,6998.162
2025-11-12T08:00:00.000Z,31,San Francisco,150,7529.763
2025-11-12T08:00:00.000Z,32,Los Angeles,152,7109.254
2025-11-12T08:00:00.000Z,33,Jakarta,152,8746.635999999999
2025-11-12T08:00:00.000Z,34,Melbourne,153,8041.272
2025-11-12T08:00:00.000Z,35,Helsinki,155,7072.984
2025-11-12T08:00:00.000Z,36,Nairobi,155,8054.452
2025-11-12T08:00:00.000Z,37,Madrid,157,7096.65
2025-11-12T08:00:00.000Z,38,Osaka,158,7328.3
2025-11-12T08:00:00.000Z,39,Dubai,161,7471.597
2025-11-12T08:00:00.000Z,40,Sydney,161,8449.783
2025-11-12T08:00:00.000Z,41,London,164,8141.8009999999995
2025-11-12T08:00:00.000Z,42,Zurich,167,6920.513
2025-11-12T08:00:00.000Z,43,New York,168,7938.964
2025-11-12T08:00:00.000Z,44,Kuala Lumpur,168,8201.104
2025-11-12T08:00:00.000Z,45,Karachi,169,7263.724
2025-11-12T08:00:00.000Z,46,Cairo,170,8592.714
2025-11-12T08:00:00.000Z,47,Houston,171,8236.953
2025-11-12T08:00:00.000Z,48,Berlin,176,8287.917
2025-11-12T08:00:00.000Z,49,Delhi,195,8744.034
2025-11-12T08:00:00.000Z,50,Buenos Aires,197,7243.775
2025-11-12T09:00:00.000Z,1,Zurich,105,7327.755999999999
2025-11-12T09:00:00.000Z,2,Ho Chi Minh City,107,7443.734
2025-11-12T09:00:00.000Z,3,Doha,111,8576.715
2025-11-12T09:00:00.000Z,4,Lagos,116,6669.771000000001
2025-11-12T09:00:00.000Z,5,Auckland,116,7383.002
2025-11-12T09:00:00.000Z,6,Chennai,119,6273.275
2025-11-12T09:00:00.000Z,7,Tokyo,125,9764.631
2025-11-12T09:00:00.000Z,8,Vancouver,126,8485.361
2025-11-12T09:00:00.000Z,9,Shanghai,127,7112.959
2025-11-12T09:00:00.000Z,10,Hong Kong,127,7121.104
2025-11-12T09:00:00.000Z,11,Stockholm,127,8076.33
2025-11-12T09:00:00.000Z,12,San Francisco,128,6931.1810000000005
2025-11-12T09:00:00.000Z,13,Paris,129,8347.954
2025-11-12T09:00:00.000Z,14,Cape Town,130,7517.796
2025-11-12T09:00:00.000Z,15,Singapore,130,7872.018
2025-11-12T09:00:00.000Z,16,Bangkok,130,8326.669
2025-11-12T09:00:00.000Z,17,Toronto,132,8709.017
2025-11-12T09:00:00.000Z,18,Melbourne,134,8379.953
2025-11-12T09:00:00.000Z,19,Chicago,135,6707.3240000000005
2025-11-12T09:00:00.000Z,20,Tehran,137,7449.392
2025-11-12T09:00:00.000Z,21,Beijing,137,8540.454
2025-11-12T09:00:00.000Z,22,São Paulo,142,8013.6810000000005
2025-11-12T09:00:00.000Z,23,Mexico City,143,7791.707
2025-11-12T09:00:00.000Z,24,Mumbai,144,9090.86
2025-11-12T09:00:00.000Z,25,Moscow,145,7574.717
2025-11-12T09:00:00.000Z,26,Bengaluru,145,9301.455
2025-11-12T09:00:00.000Z,27,Rome,146,7905.818
2025-11-12T09:00:00.000Z,28,Kolkata,147,7960.255
2025-11-12T09:00:00.000Z,29,Istanbul,147,8559.595
2025-11-12T09:00:00.000Z,30,Manila,148,7960.566000000001
2025-11-12T09:00:00.000Z,31,Warsaw,150,6741.625
2025-11-12T09:00:00.000Z,32,Riyadh,150,7901.888
2025-11-12T09:00:00.000Z,33,Los Angeles,152,6993.555
2025-11-12T09:00:00.000Z,34,Jakarta,152,8391.241
2025-11-12T09:00:00.000Z,35,Seoul,154,6815.022
2025-11-12T09:00:00.000Z,36,Helsinki,155,7254.68
2025-11-12T09:00:00.000Z,37,Nairobi,155,7619.234
2025-11-12T09:00:00.000Z,38,Madrid,157,7102.309
2025-11-12T09:00:00.000Z,39,Osaka,158,7416.174
2025-11-12T09:00:00.000Z,40,Dubai,161,7644.183999999999
2025-11-12T09:00:00.000Z,41,Sydney,161,8566.749
2025-11-12T09:00:00.000Z,42,London,164,7868.613
2025-11-12T09:00:00.000Z,43,Kuala Lumpur,168,8280.262999999999
2025-11-12T09:00:00.000Z,44,New York,168,8492.231
2025-11-12T09:00:00.000Z,45,Karachi,169,7938.528
2025-11-12T09:00:00.000Z,46,Cairo,170,8342.581
2025-11-12T09:00:00.000Z,47,Houston,171,8800.325
2025-11-12T09:00:00.000Z,48,Berlin,176,8060.992
2025-11-12T09:00:00.000Z,49,Delhi,195,8512.074
2025-11-12T09:00:00.000Z,50,Buenos Aires,197,6683.347
2025-11-12T10:00:00.000Z,1,Zurich,106,7601.9259999999995
2025-11-12T10:00:00.000Z,2,Ho Chi Minh City,107,7791.144
2025-11-12T10:00:00.000Z,3,Auckland,116,7395.263
2025-11-12T10:00:00.000Z,4,Chennai,119,5951.9220000000005
2025-11-12T10:00:00.000Z,5,Lagos,119,6939.549999999999
2025-11-12T10:00:00.000Z,6,Tehran,121,7138.093
2025-11-12T10:00:00.000Z,7,Vancouver,122,8398.915
2025-11-12T10:00:00.000Z,8,Doha,124,8491.249
2025-11-12T10:00:00.000Z,9,Tokyo,125,9455.0
2025-11-12T10:00:00.000Z,10,Shanghai,127,6937.755
2025-11-12T10:00:00.000Z,11,Hong Kong,127,7419.115000000001
2025-11-12T10:00:00.000Z,12,San Francisco,128,6939.716
2025-11-12T10:00:00.000Z,13,Stockholm,128,8380.144
2025-11-12T10:00:00.000Z,14,Madrid,129,7505.605
2025-11-12T10:00:00.000Z,15,Paris,129,8064.748
2025-11-12T10:00:00.000Z,16,Cape Town,130,7269.893
2025-11-12T10:00:00.000Z,17,Nairobi,130,7525.91
2025-11-12T10:00:00.000Z,18,Bangkok,130,8347.527
2025-11-12T10:00:00.000Z,19,Toronto,132,8217.964
2025-11-12T10:00:00.000Z,20,Melbourne,134,8328.033
2025-11-12T10:00:00.000Z,21,Chicago,135,6481.358
2025-11-12T10:00:00.000Z,22,Beijing,137,8505.355
2025-11-12T10:00:00.000Z,23,São Paulo,142,7600.666
2025-11-12T10:00:00.000Z,24,Mexico City,143,7471.63
2025-11-12T10:00:00.000Z,25,Mumbai,144,9026.567
2025-11-12T10:00:00.000Z,26,Moscow,145,7533.205
2025-11-12T10:00:00.000Z,27,Bengaluru,145,8866.277
2025-11-12T10:00:00.000Z,28,Kolkata,147,8322.122
2025-11-12T10:00:00.000Z,29,Istanbul,147,8530.132
2025-11-12T10:00:00.000Z,30,Manila,148,7604.715
2025-11-12T10:00:00.000Z,31,Warsaw,150,6816.927
2025-11-12T10:00:00.000Z,32,Riyadh,150,8268.783
2025-11-12T10:00:00.000Z,33,Rome,151,7344.945
2025-11-12T10:00:00.000Z,34,Los Angeles,152,6964.376
2025-11-12T10:00:00.000Z,35,Jakarta,152,8373.511
2025-11-12T10:00:00.000Z,36,Seoul,154,7710.022
2025-11-12T10:00:00.000Z,37,Helsinki,155,8061.447
2025-11-12T10:00:00.000Z,38,Osaka,158,7003.091
2025-11-12T10:00:00.000Z,39,Dubai,161,7900.365
2025-11-12T10:00:00.000Z,40,Sydney,161,8794.285
2025-11-12T10:00:00.000Z,41,London,164,7670.063
2025-11-12T10:00:00.000Z,42,Kuala Lumpur,168,8115.967000000001
2025-11-12T10:00:00.000Z,43,New York,168,8703.058
2025-11-12T10:00:00.000Z,44,Karachi,169,8364.505
2025-11-12T10:00:00.000Z,45,Cairo,170,7950.21
2025-11-12T10:00:00.000Z,46,Houston,171,9128.714
2025-11-12T10:00:00.000Z,47,Berlin,176,8542.324
2025-11-12T10:00:00.000Z,48,Singapore,183,7812.8730000000005
2025-11-12T10:00:00.000Z,49,Delhi,195,8925.345000000001
2025-11-12T10:00:00.000Z,50,Buenos Aires,197,6304.664
2025-11-12T11:00:00.000Z,1,Zurich,106,7658.021
2025-11-12T11:00:00.000Z,2,Chicago,115,7280.8099999999995
2025-11-12T11:00:00.000Z,3,Auckland,116,7329.4169999999995
2025-11-12T11:00:00.000Z,4,Manila,116,7959.981
2025-11-12T11:00:00.000Z,5,Vancouver,116,8617.437
2025-11-12T11:00:00.000Z,6,Lagos,119,7198.79
2025-11-12T11:00:00.000Z,7,Chennai,121,6504.094
2025-11-12T11:00:00.000Z,8,Tehran,121,7273.714
2025-11-12T11:00:00.000Z,9,Tokyo,125,9759.612000000001
2025-11-12T11:00:00.000Z,10,Shanghai,127,7380.872
2025-11-12T11:00:00.000Z,11,Hong Kong,127,7530.171
2025-11-12T11:00:00.000Z,12,San Francisco,128,7308.75
2025-11-12T11:00:00.000Z,13,Madrid,129,6927.18
2025-11-12T11:00:00.000Z,14,Cape Town,130,6867.3
2025-11-12T11:00:00.000Z,15,Nairobi,130,6977.967000000001
2025-11-12T11:00:00.000Z,16,Bangkok,130,8498.31
2025-11-12T11:00:00.000Z,17,Toronto,132,8251.043
2025-11-12T11:00:00.000Z,18,Delhi,135,8759.699
2025-11-12T11:00:00.000Z,19,Ho Chi Minh City,136,8240.427
2025-11-12T11:00:00.000Z,20,Beijing,137,8314.615
2025-11-12T11:00:00.000Z,21,Paris,138,8542.007
2025-11-12T11:00:00.000Z,22,Helsinki,139,9170.616
2025-11-12T11:00:00.000Z,23,São Paulo,142,7826.895
2025-11-12T11:00:00.000Z,24,Stockholm,142,8412.413
2025-11-12T11:00:00.000Z,25,Mexico City,143,7449.589
2025-11-12T11:00:00.000Z,26,Jakarta,143,8380.881
2025-11-12T11:00:00.000Z,27,Kuala Lumpur,144,8040.389
2025-11-12T11:00:00.000Z,28,Mumbai,144,8972.268
2025-11-12T11:00:00.000Z,29,Moscow,145,7262.414000000001
2025-11-12T11:00:00.000Z,30,Bengaluru,145,8809.584
2025-11-12T11:00:00.000Z,31,Istanbul,147,8201.107
2025-11-12T11:00:00.000Z,32,Kolkata,147,8454.276
2025-11-12T11:00:00.000Z,33,Warsaw,150,6105.607
2025-11-12T11:00:00.000Z,34,Riyadh,150,8069.842
2025-11-12T11:00:00.000Z,35,Rome,151,7429.442999999999
2025-11-12T11:00:00.000Z,36,Los Angeles,152,7157.46
2025-11-12T11:00:00.000Z,37,Seoul,154,7984.959
2025-11-12T11:00:00.000Z,38,Osaka,158,7126.257
2025-11-12T11:00:00.000Z,39,Sydney,161,8096.67
2025-11-12T11:00:00.000Z,40,Dubai,161,8122.236999999999
2025-11-12T11:00:00.000Z,41,London,164,7818.004
2025-11-12T11:00:00.000Z,42,New York,168,8230.127
2025-11-12T11:00:00.000Z,43,Melbourne,169,7973.037
2025-11-12T11:00:00.000Z,44,Karachi,169,8827.812
2025-11-12T11:00:00.000Z,45,Cairo,170,7826.907999999999
2025-11-12T11:00:00.000Z,46,Houston,171,9214.943
2025-11-12T11:00:00.000Z,47,Doha,173,8999.593
2025-11-12T11:00:00.000Z,48,Berlin,176,8870.841
2025-11-12T11:00:00.000Z,49,Singapore,183,7612.178
2025-11-12T11:00:00.000Z,50,Buenos Aires,197,6078.9310000000005
2025-11-12T12:00:00.000Z,1,Zurich,106,7721.512
2025-11-12T12:00:00.000Z,2,Chicago,115,7401.18
2025-11-12T12:00:00.000Z,3,Auckland,116,7002.647
2025-11-12T12:00:00.000Z,4,Manila,116,7970.1
2025-11-12T12:00:00.000Z,5,Vancouver,116,8618.253
2025-11-12T12:00:00.000Z,6,Bengaluru,118,8822.66
2025-11-12T12:00:00.000Z,7,Lagos,119,7233.903
2025-11-12T12:00:00.000Z,8,Chennai,121,6508.912
2025-11-12T12:00:00.000Z,9,Tehran,121,7000.99
2025-11-12T12:00:00.000Z,10,Shanghai,125,7429.43
2025-11-12T12:00:00.000Z,11,Tokyo,125,9561.82
2025-11-12T12:00:00.000Z,12,Hong Kong,127,7977.052
2025-11-12T12:00:00.000Z,13,San Francisco,128,7565.062
2025-11-12T12:00:00.000Z,14,Madrid,129,7515.128
2025-11-12T12:00:00.000Z,15,Nairobi,130,6951.747
2025-11-12T12:00:00.000Z,16,Cape Town,130,7237.499
2025-11-12T12:00:00.000Z,17,Bangkok,130,8780.15
2025-11-12T12:00:00.000Z,18,Toronto,132,7315.744
2025-11-12T12:00:00.000Z,19,Delhi,135,8965.629
2025-11-12T12:00:00.000Z,20,Ho Chi Minh City,136,8108.571
2025-11-12T12:00:00.000Z,21,Beijing,137,8390.007
2025-11-12T12:00:00.000Z,22,Paris,138,8204.318
2025-11-12T12:00:00.000Z,23,Helsinki,139,9517.8
2025-11-12T12:00:00.000Z,24,São Paulo,142,8283.145
2025-11-12T12:00:00.000Z,25,Stockholm,142,8379.802
2025-11-12T12:00:00.000Z,26,Mexico City,143,7997.269
2025-11-12T12:00:00.000Z,27,Jakarta,143,9100.548
2025-11-12T12:00:00.000Z,28,Kuala Lumpur,144,8415.958999999999
2025-11-12T12:00:00.000Z,29,Mumbai,144,9054.771
2025-11-12T12:00:00.000Z,30,Moscow,145,7164.985000000001
2025-11-12T12:00:00.000Z,31,Houston,146,8844.59
2025-11-12T12:00:00.000Z,32,Kolkata,147,8543.56
2025-11-12T12:00:00.000Z,33,Istanbul,147,8573.315
2025-11-12T12:00:00.000Z,34,Warsaw,150,6372.639
2025-11-12T12:00:00.000Z,35,Riyadh,150,8117.168
2025-11-12T12:00:00.000Z,36,Rome,151,7363.1900000000005
2025-11-12T12:00:00.000Z,37,Los Angeles,152,7691.791
2025-11-12T12:00:00.000Z,38,Seoul,154,8671.044
2025-11-12T12:00:00.000Z,39,Osaka,158,7568.521
2025-11-12T12:00:00.000Z,40,Dubai,161,8073.648999999999
2025-11-12T12:00:00.000Z,41,Sydney,161,8400.887
2025-11-12T12:00:00.000Z,42,London,164,8338.821
2025-11-12T12:00:00.000Z,43,New York,168,8128.249
2025-11-12T12:00:00.000Z,44,Melbourne,169,8138.614
2025-11-12T12:00:00.000Z,45,Karachi,169,8563.758
2025-11-12T12:00:00.000Z,46,Cairo,170,8140.081
2025-11-12T12:00:00.000Z,47,Doha,173,8498.024
2025-11-12T12:00:00.000Z,48,Berlin,176,8770.654999999999
2025-11-12T12:00:00.000Z,49,Singapore,183,7814.5779999999995
2025-11-12T12:00:00.000Z,50,Buenos Aires,197,6862.252
2025-11-12T13:00:00.000Z,1,Zurich,112,8122.954
2025-11-12T13:00:00.000Z,2,Auckland,116,7744.335
2025-11-12T13:00:00.000Z,3,Vancouver,116,9012.757
2025-11-12T13:00:00.000Z,4,Bengaluru,118,8183.659
2025-11-12T13:00:00.000Z,5,Lagos,119,7328.447
2025-11-12T13:00:00.000Z,6,Mexico City,120,7794.857
2025-11-12T13:00:00.000Z,7,Chennai,121,6547.996
2025-11-12T13:00:00.000Z,8,Tehran,121,7097.691
2025-11-12T13:00:00.000Z,9,Istanbul,121,7982.2029999999995
2025-11-12T13:00:00.000Z,10,Shanghai,125,7481.599
2025-11-12T13:00:00.000Z,11,Tokyo,125,9302.217
2025-11-12T13:00:00.000Z,12,Hong Kong,127,7933.268
2025-11-12T13:00:00.000Z,13,San Francisco,128,7410.289
2025-11-12T13:00:00.000Z,14,Madrid,129,7610.344
2025-11-12T13:00:00.000Z,15,Nairobi,130,6518.688
2025-11-12T13:00:00.000Z,16,Cape Town,130,7087.642
2025-11-12T13:00:00.000Z,17,Bangkok,130,7949.832
2025-11-12T13:00:00.000Z,18,Los Angeles,132,7701.829
2025-11-12T13:00:00.000Z,19,Delhi,132,8779.692
2025-11-12T13:00:00.000Z,20,Manila,135,8142.253000000001
2025-11-12T13:00:00.000Z,21,Ho Chi Minh City,136,7921.749
2025-11-12T13:00:00.000Z,22,Beijing,137,8168.209
2025-11-12T13:00:00.000Z,23,Paris,138,8598.882
2025-11-12T13:00:00.000Z,24,Helsinki,139,9503.235
2025-11-12T13:00:00.000Z,25,Stockholm,142,7893.941000000001
2025-11-12T13:00:00.000Z,26,São Paulo,142,8216.407
2025-11-12T13:00:00.000Z,27,Toronto,143,7520.39
2025-11-12T13:00:00.000Z,28,Jakarta,143,8506.384
2025-11-12T13:00:00.000Z,29,Kuala Lumpur,144,8268.431
2025-11-12T13:00:00.000Z,30,Mumbai,144,8970.721
2025-11-12T13:00:00.000Z,31,Moscow,145,7023.1849999999995
2025-11-12T13:00:00.000Z,32,Houston,146,8920.58
2025-11-12T13:00:00.000Z,33,Kolkata,147,8419.343
2025-11-12T13:00:00.000Z,34,Chicago,148,7427.211
2025-11-12T13:00:00.000Z,35,Warsaw,150,6533.5830000000005
2025-11-12T13:00:00.000Z,36,Buenos Aires,150,7253.894
2025-11-12T13:00:00.000Z,37,Riyadh,150,8033.919
2025-11-12T13:00:00.000Z,38,Rome,151,7318.417
2025-11-12T13:00:00.000Z,39,Seoul,154,9206.88
2025-11-12T13:00:00.000Z,40,Osaka,158,8475.018
2025-11-12T13:00:00.000Z,41,Sydney,161,7618.457
2025-11-12T13:00:00.000Z,42,Dubai,161,8352.293
2025-11-12T13:00:00.000Z,43,London,164,8575.832
2025-11-12T13:00:00.000Z,44,Melbourne,169,8386.44
2025-11-12T13:00:00.000Z,45,Karachi,169,8598.382
2025-11-12T13:00:00.000Z,46,Cairo,170,7494.37
2025-11-12T13:00:00.000Z,47,Doha,173,8330.902
2025-11-12T13:00:00.000Z,48,Berlin,176,8499.384
2025-11-12T13:00:00.000Z,49,New York,179,7671.729
2025-11-12T13:00:00.000Z,50,Singapore,183,7705.046
2025-11-12T14:00:00.000Z,1,Warsaw,95,7047.279
2025-11-12T14:00:00.000Z,2,Jakarta,110,8073.5869999999995
2025-11-12T14:00:00.000Z,3,Shanghai,116,6800.252
2025-11-12T14:00:00.000Z,4,Auckland,116,7917.769
2025-11-12T14:00:00.000Z,5,Los Angeles,117,8067.718
2025-11-12T14:00:00.000Z,6,Bengaluru,118,8752.729
2025-11-12T14:00:00.000Z,7,Beijing,119,7976.74
2025-11-12T14:00:00.000Z,8,Tehran,120,7300.866
2025-11-12T14:00:00.000Z,9,Chennai,121,6393.097
2025-11-12T14:00:00.000Z,10,Istanbul,121,7284.568
2025-11-12T14:00:00.000Z,11,Delhi,122,8441.132
2025-11-12T14:00:00.000Z,12,Vancouver,123,8547.184
2025-11-12T14:00:00.000Z,13,Tokyo,124,9387.264
2025-11-12T14:00:00.000Z,14,Zurich,125,7951.941000000001
2025-11-12T14:00:00.000Z,15,San Francisco,127,7850.186
2025-11-12T14:00:00.000Z,16,Nairobi,130,6763.128
2025-11-12T14:00:00.000Z,17,Cape Town,130,7236.937
2025-11-12T14:00:00.000Z,18,Bangkok,132,8149.924000000001
2025-11-12T14:00:00.000Z,19,Manila,135,8481.343
2025-11-12T14:00:00.000Z,20,Ho Chi Minh City,136,7435.438
2025-11-12T14:00:00.000Z,21,Madrid,136,7907.938999999999
2025-11-12T14:00:00.000Z,22,Kolkata,136,8201.985
2025-11-12T14:00:00.000Z,23,Paris,138,7871.862
2025-11-12T14:00:00.000Z,24,Moscow,140,6553.493
2025-11-12T14:00:00.000Z,25,Stockholm,142,7881.733
2025-11-12T14:00:00.000Z,26,São Paulo,142,8291.833
2025-11-12T14:00:00.000Z,27,Toronto,143,7687.4529999999995
2025-11-12T14:00:00.000Z,28,Lagos,144,7118.299
2025-11-12T14:00:00.000Z,29,Hong Kong,144,7608.763
2025-11-12T14:00:00.000Z,30,Kuala Lumpur,144,8509.556
2025-11-12T14:00:00.000Z,31,Mumbai,144,8994.665
2025-11-12T14:00:00.000Z,32,Helsinki,144,10003.899
2025-11-12T14:00:00.000Z,33,Houston,146,8556.022
2025-11-12T14:00:00.000Z,34,Chicago,148,8127.4
2025-11-12T14:00:00.000Z,35,Buenos Aires,150,7199.335
2025-11-12T14:00:00.000Z,36,Riyadh,150,8339.499
2025-11-12T14:00:00.000Z,37,Rome,151,7479.887
2025-11-12T14:00:00.000Z,38,Seoul,154,9066.768
2025-11-12T14:00:00.000Z,39,Osaka,158,7990.653
2025-11-12T14:00:00.000Z,40,Sydney,161,7697.459
2025-11-12T14:00:00.000Z,41,Cairo,161,7910.022
2025-11-12T14:00:00.000Z,42,Dubai,161,8238.029
2025-11-12T14:00:00.000Z,43,London,164,8398.789
2025-11-12T14:00:00.000Z,44,Melbourne,169,8609.69
2025-11-12T14:00:00.000Z,45,Karachi,169,8787.401
2025-11-12T14:00:00.000Z,46,Doha,173,8455.521
2025-11-12T14:00:00.000Z,47,Berlin,176,8431.247
2025-11-12T14:00:00.000Z,48,New York,179,8159.823
2025-11-12T14:00:00.000Z,49,Mexico City,181,7988.454
2025-11-12T14:00:00.000Z,50,Singapore,183,8043.207
2025-11-12T15:00:00.000Z,1,Jakarta,110,7675.77
2025-11-12T15:00:00.000Z,2,Shanghai,116,6626.816000000001
2025-11-12T15:00:00.000Z,3,Auckland,116,7841.635
2025-11-12T15:00:00.000Z,4,Bengaluru,118,8781.771
2025-11-12T15:00:00.000Z,5,Tokyo,118,9254.85
2025-11-12T15:00:00.000Z,6,Beijing,119,7788.272
2025-11-12T15:00:00.000Z,7,Tehran,120,8042.613
2025-11-12T15:00:00.000Z,8,Chennai,121,6895.96
2025-11-12T15:00:00.000Z,9,Istanbul,121,7472.744
2025-11-12T15:00:00.000Z,10,Los Angeles,121,8142.25
2025-11-12T15:00:00.000Z,11,Delhi,122,9175.011
2025-11-12T15:00:00.000Z,12,Vancouver,123,8350.963
2025-11-12T15:00:00.000Z,13,Zurich,125,7769.27
2025-11-12T15:00:00.000Z,14,San Francisco,127,8233.469000000001
2025-11-12T15:00:00.000Z,15,Osaka,129,7961.03
2025-11-12T15:00:00.000Z,16,Cape Town,130,7004.599
2025-11-12T15:00:00.000Z,17,Nairobi,130,7483.635
2025-11-12T15:00:00.000Z,18,Bangkok,132,8337.151
2025-11-12T15:00:00.000Z,19,Madrid,136,7879.548
2025-11-12T15:00:00.000Z,20,Ho Chi Minh City,136,7999.58
2025-11-12T15:00:00.000Z,21,Kolkata,136,8119.845
2025-11-12T15:00:00.000Z,22,Warsaw,137,7255.221
2025-11-12T15:00:00.000Z,23,Paris,138,7712.338
2025-11-12T15:00:00.000Z,24,Moscow,140,6404.646
2025-11-12T15:00:00.000Z,25,Karachi,141,8879.804
2025-11-12T15:00:00.000Z,26,Stockholm,142,7456.099
2025-11-12T15:00:00.000Z,27,São Paulo,142,8325.621
2025-11-12T15:00:00.000Z,28,Lagos,144,6584.54
2025-11-12T15:00:00.000Z,29,Hong Kong,144,7163.019
2025-11-12T15:00:00.000Z,30,Mumbai,144,7940.763
2025-11-12T15:00:00.000Z,31,Kuala Lumpur,144,8634.348
2025-11-12T15:00:00.000Z,32,Houston,146,8711.203
2025-11-12T15:00:00.000Z,33,Chicago,148,8217.495
2025-11-12T15:00:00.000Z,34,Helsinki,148,9653.712
2025-11-12T15:00:00.000Z,35,Buenos Aires,150,7682.339
2025-11-12T15:00:00.000Z,36,Riyadh,150,7752.518
2025-11-12T15:00:00.000Z,37,Rome,151,7706.795
2025-11-12T15:00:00.000Z,38,Seoul,154,9025.587
2025-11-12T15:00:00.000Z,39,Toronto,158,7401.347
2025-11-12T15:00:00.000Z,40,Sydney,161,7418.719999999999
2025-11-12T15:00:00.000Z,41,Cairo,161,8309.983
2025-11-12T15:00:00.000Z,42,Dubai,161,8714.698
2025-11-12T15:00:00.000Z,43,London,164,8680.042
2025-11-12T15:00:00.000Z,44,Melbourne,169,8540.486
2025-11-12T15:00:00.000Z,45,Doha,173,8736.795
2025-11-12T15:00:00.000Z,46,Berlin,176,8156.657
2025-11-12T15:00:00.000Z,47,Manila,177,8556.585
2025-11-12T15:00:00.000Z,48,New York,179,7971.566
2025-11-12T15:00:00.000Z,49,Mexico City,181,7647.48
2025-11-12T15:00:00.000Z,50,Singapore,183,7701.65
2025-11-12T16:00:00.000Z,1,Auckland,110,7202.629
2025-11-12T16:00:00.000Z,2,Jakarta,110,8159.373
2025-11-12T16:00:00.000Z,3,Mumbai,117,8144.73
2025-11-12T16:00:00.000Z,4,Bengaluru,118,8145.512
2025-11-12T16:00:00.000Z,5,Tokyo,118,9410.396
2025-11-12T16:00:00.000Z,6,Cape Town,119,6999.468
2025-11-12T16:00:00.000Z,7,Beijing,119,7457.4400000000005
2025-11-12T16:00:00.000Z,8,Tehran,120,8238.880000000001
2025-11-12T16:00:00.000Z,9,Chennai,121,7390.566
2025-11-12T16:00:00.000Z,10,Istanbul,121,7697.557
2025-11-12T16:00:00.000Z,11,Los Angeles,121,8846.202
2025-11-12T16:00:00.000Z,12,Delhi,122,8460.112
2025-11-12T16:00:00.000Z,13,Vancouver,123,8358.606
2025-11-12T16:00:00.000Z,14,London,124,8207.681
2025-11-12T16:00:00.000Z,15,Zurich,125,7732.879
2025-11-12T16:00:00.000Z,16,Osaka,129,7858.486
2025-11-12T16:00:00.000Z,17,Nairobi,130,7645.4529999999995
2025-11-12T16:00:00.000Z,18,Bangkok,132,7821.254
2025-11-12T16:00:00.000Z,19,Madrid,136,7904.146000000001
2025-11-12T16:00:00.000Z,20,Kolkata,136,8129.893
2025-11-12T16:00:00.000Z,21,Ho Chi Minh City,136,8311.325
2025-11-12T16:00:00.000Z,22,Shanghai,137,6764.33
2025-11-12T16:00:00.000Z,23,Warsaw,137,7932.459
2025-11-12T16:00:00.000Z,24,Paris,138,7523.737
2025-11-12T16:00:00.000Z,25,Karachi,141,8548.819
2025-11-12T16:00:00.000Z,26,Stockholm,142,6781.161
2025-11-12T16:00:00.000Z,27,São Paulo,142,8283.161
2025-11-12T16:00:00.000Z,28,Lagos,144,6717.009
2025-11-12T16:00:00.000Z,29,Hong Kong,144,7020.3240000000005
2025-11-12T16:00:00.000Z,30,Kuala Lumpur,144,7904.964
2025-11-12T16:00:00.000Z,31,Moscow,145,6339.303
2025-11-12T16:00:00.000Z,32,Houston,146,8220.2
2025-11-12T16:00:00.000Z,33,Dubai,148,8023.304
2025-11-12T16:00:00.000Z,34,Chicago,148,8426.33
2025-11-12T16:00:00.000Z,35,Helsinki,148,9643.822
2025-11-12T16:00:00.000Z,36,Berlin,149,7237.941
2025-11-12T16:00:00.000Z,37,Buenos Aires,150,8044.408
2025-11-12T16:00:00.000Z,38,Riyadh,150,8310.67
2025-11-12T16:00:00.000Z,39,Rome,151,7670.985000000001
2025-11-12T16:00:00.000Z,40,Seoul,154,9009.861
2025-11-12T16:00:00.000Z,41,Toronto,158,7234.835
2025-11-12T16:00:00.000Z,42,Sydney,161,7323.947
2025-11-12T16:00:00.000Z,43,Cairo,161,8226.780999999999
2025-11-12T16:00:00.000Z,44,Melbourne,169,8967.133
2025-11-12T16:00:00.000Z,45,Doha,173,8503.018
2025-11-12T16:00:00.000Z,46,San Francisco,176,7644.874
2025-11-12T16:00:00.000Z,47,Manila,177,7711.3369999999995
2025-11-12T16:00:00.000Z,48,New York,179,8437.766
2025-11-12T16:00:00.000Z,49,Mexico City,181,7882.514999999999
2025-11-12T16:00:00.000Z,50,Singapore,183,7727.1939999999995
2025-11-12T17:00:00.000Z,1,Tehran,101,8497.479
2025-11-12T17:00:00.000Z,2,Jakarta,110,8624.582
2025-11-12T17:00:00.000Z,3,Beijing,116,7152.484
2025-11-12T17:00:00.000Z,4,Mumbai,117,8257.235
2025-11-12T17:00:00.000Z,5,Auckland,118,7323.404
2025-11-12T17:00:00.000Z,6,Bengaluru,118,7966.564
2025-11-12T17:00:00.000Z,7,Tokyo,118,8876.842
2025-11-12T17:00:00.000Z,8,Cape Town,120,7709.9259999999995
2025-11-12T17:00:00.000Z,9,Chennai,121,7559.43
2025-11-12T17:00:00.000Z,10,Istanbul,121,7891.885
2025-11-12T17:00:00.000Z,11,Los Angeles,121,9037.846
2025-11-12T17:00:00.000Z,12,Delhi,122,8703.18
2025-11-12T17:00:00.000Z,13,Nairobi,123,7266.49
2025-11-12T17:00:00.000Z,14,London,124,7974.899
2025-11-12T17:00:00.000Z,15,Zurich,125,7447.567999999999
2025-11-12T17:00:00.000Z,16,Riyadh,128,8241.854
2025-11-12T17:00:00.000Z,17,Osaka,129,8018.715
2025-11-12T17:00:00.000Z,18,Bangkok,132,7550.076
2025-11-12T17:00:00.000Z,19,Houston,136,7569.286
2025-11-12T17:00:00.000Z,20,Kolkata,136,8143.323
2025-11-12T17:00:00.000Z,21,Madrid,136,8479.261
2025-11-12T17:00:00.000Z,22,Ho Chi Minh City,136,8639.521
2025-11-12T17:00:00.000Z,23,Shanghai,137,7395.772
2025-11-12T17:00:00.000Z,24,Warsaw,137,7877.249
2025-11-12T17:00:00.000Z,25,Paris,138,7429.074
2025-11-12T17:00:00.000Z,26,Karachi,141,8611.639
2025-11-12T17:00:00.000Z,27,Stockholm,142,6726.908
2025-11-12T17:00:00.000Z,28,São Paulo,142,8534.459
2025-11-12T17:00:00.000Z,29,Lagos,144,7245.342
2025-11-12T17:00:00.000Z,30,Moscow,145,6645.2029999999995
2025-11-12T17:00:00.000Z,31,Seoul,145,8699.621
2025-11-12T17:00:00.000Z,32,Dubai,148,8235.662
2025-11-12T17:00:00.000Z,33,Chicago,148,8431.153
2025-11-12T17:00:00.000Z,34,Helsinki,148,9705.166
2025-11-12T17:00:00.000Z,35,Berlin,149,7779.594
2025-11-12T17:00:00.000Z,36,Buenos Aires,150,8162.269
2025-11-12T17:00:00.000Z,37,Rome,151,6976.372
2025-11-12T17:00:00.000Z,38,Toronto,160,6950.782999999999
2025-11-12T17:00:00.000Z,39,Sydney,161,7458.941
2025-11-12T17:00:00.000Z,40,Cairo,161,8047.958
2025-11-12T17:00:00.000Z,41,Vancouver,161,8406.886
2025-11-12T17:00:00.000Z,42,Melbourne,169,8392.416
2025-11-12T17:00:00.000Z,43,Doha,173,8056.85
2025-11-12T17:00:00.000Z,44,San Francisco,176,7859.87
2025-11-12T17:00:00.000Z,45,Manila,177,7672.0650000000005
2025-11-12T17:00:00.000Z,46,New York,179,7691.572
2025-11-12T17:00:00.000Z,47,Kuala Lumpur,180,7344.145
2025-11-12T17:00:00.000Z,48,Mexico City,181,8105.96
2025-11-12T17:00:00.000Z,49,Singapore,183,7663.522
2025-11-12T17:00:00.000Z,50,Hong Kong,185,7096.191000000001
2025-11-12T18:00:00.000Z,1,Sydney,103,7135.595
2025-11-12T18:00:00.000Z,2,Tehran,108,8847.696
2025-11-12T18:00:00.000Z,3,Kolkata,115,8454.997
2025-11-12T18:00:00.000Z,4,Jakarta,115,8871.077
2025-11-12T18:00:00.000Z,5,Rome,116,7210.835
2025-11-12T18:00:00.000Z,6,Beijing,116,7368.213
2025-11-12T18:00:00.000Z,7,Istanbul,116,8149.619000000001
2025-11-12T18:00:00.000Z,8,Mumbai,117,7775.103
2025-11-12T18:00:00.000Z,9,Bengaluru,118,7947.092000000001
2025-11-12T18:00:00.000Z,10,Tokyo,118,9571.55
2025-11-12T18:00:00.000Z,11,Los Angeles,121,8768.063
2025-11-12T18:00:00.000Z,12,Nairobi,123,7414.111
2025-11-12T18:00:00.000Z,13,Osaka,124,8030.461
2025-11-12T18:00:00.000Z,14,London,124,8308.712
2025-11-12T18:00:00.000Z,15,Zurich,127,7219.603
2025-11-12T18:00:00.000Z,16,Riyadh,128,7794.395
2025-11-12T18:00:00.000Z,17,Ho Chi Minh City,136,8322.423
2025-11-12T18:00:00.000Z,18,Madrid,136,8373.957
2025-11-12T18:00:00.000Z,19,Warsaw,137,8286.994
2025-11-12T18:00:00.000Z,20,Paris,138,7666.4529999999995
2025-11-12T18:00:00.000Z,21,Cape Town,139,8233.356
2025-11-12T18:00:00.000Z,22,Stockholm,142,6712.0869999999995
2025-11-12T18:00:00.000Z,23,São Paulo,142,8418.198
2025-11-12T18:00:00.000Z,24,Moscow,145,6762.589
2025-11-12T18:00:00.000Z,25,Singapore,145,7576.879
2025-11-12T18:00:00.000Z,26,Seoul,145,8534.667
2025-11-12T18:00:00.000Z,27,Dubai,148,7724.401
2025-11-12T18:00:00.000Z,28,Shanghai,148,7844.701
2025-11-12T18:00:00.000Z,29,Chicago,148,8707.741
2025-11-12T18:00:00.000Z,30,Helsinki,148,9024.066
2025-11-12T18:00:00.000Z,31,Berlin,149,7874.21
2025-11-12T18:00:00.000Z,32,Houston,151,7329.61
2025-11-12T18:00:00.000Z,33,Karachi,152,8268.029
2025-11-12T18:00:00.000Z,34,Delhi,154,7785.5470000000005
2025-11-12T18:00:00.000Z,35,Toronto,160,7178.725
2025-11-12T18:00:00.000Z,36,Vancouver,161,8140.912
2025-11-12T18:00:00.000Z,37,Chennai,161,8164.376
2025-11-12T18:00:00.000Z,38,Cairo,161,8235.248
2025-11-12T18:00:00.000Z,39,Auckland,167,7731.336
2025-11-12T18:00:00.000Z,40,Melbourne,169,8170.053
2025-11-12T18:00:00.000Z,41,Bangkok,170,7491.248
2025-11-12T18:00:00.000Z,42,Lagos,173,6802.742
2025-11-12T18:00:00.000Z,43,Doha,173,8306.07
2025-11-12T18:00:00.000Z,44,Buenos Aires,173,8806.305
2025-11-12T18:00:00.000Z,45,San Francisco,176,7716.734
2025-11-12T18:00:00.000Z,46,Manila,177,8336.448
2025-11-12T18:00:00.000Z,47,New York,179,7253.9130000000005
2025-11-12T18:00:00.000Z,48,Kuala Lumpur,180,7922.179
2025-11-12T18:00:00.000Z,49,Mexico City,181,8555.716
2025-11-12T18:00:00.000Z,50,Hong Kong,185,6749.676
2025-11-12T19:00:00.000Z,1,Mumbai,112,8163.709000000001
2025-11-12T19:00:00.000Z,2,Tokyo,115,9100.05
2025-11-12T19:00:00.000Z,3,Rome,116,7077.43
2025-11-12T19:00:00.000Z,4,Istanbul,116,8274.491
2025-11-12T19:00:00.000Z,5,Tehran,116,8843.908
2025-11-12T19:00:00.000Z,6,London,118,8390.308
2025-11-12T19:00:00.000Z,7,Beijing,120,7706.853
2025-11-12T19:00:00.000Z,8,Los Angeles,121,8946.971
2025-11-12T19:00:00.000Z,9,Osaka,124,7634.505999999999
2025-11-12T19:00:00.000Z,10,Doha,124,8072.01
2025-11-12T19:00:00.000Z,11,Stockholm,125,6750.151
2025-11-12T19:00:00.000Z,12,Zurich,127,7350.853
2025-11-12T19:00:00.000Z,13,Paris,128,7275.3150000000005
2025-11-12T19:00:00.000Z,14,Riyadh,128,8051.457
2025-11-12T19:00:00.000Z,15,Melbourne,129,8256.868
2025-11-12T19:00:00.000Z,16,Nairobi,130,7341.414
2025-11-12T19:00:00.000Z,17,Madrid,136,8722.976
2025-11-12T19:00:00.000Z,18,Ho Chi Minh City,137,7334.082
2025-11-12T19:00:00.000Z,19,Sydney,137,7480.558999999999
2025-11-12T19:00:00.000Z,20,Warsaw,137,9062.968
2025-11-12T19:00:00.000Z,21,Cape Town,139,8365.756
2025-11-12T19:00:00.000Z,22,Kolkata,139,8864.054
2025-11-12T19:00:00.000Z,23,São Paulo,142,8518.476
2025-11-12T19:00:00.000Z,24,Singapore,145,6975.135
2025-11-12T19:00:00.000Z,25,Moscow,145,7349.478
2025-11-12T19:00:00.000Z,26,Seoul,145,8729.262
2025-11-12T19:00:00.000Z,27,Jakarta,145,8932.791000000001
2025-11-12T19:00:00.000Z,28,Shanghai,148,7537.341
2025-11-12T19:00:00.000Z,29,Dubai,148,7573.531
2025-11-12T19:00:00.000Z,30,Chicago,148,7956.886
2025-11-12T19:00:00.000Z,31,Helsinki,148,8189.0470000000005
2025-11-12T19:00:00.000Z,32,Berlin,149,7242.031
2025-11-12T19:00:00.000Z,33,Houston,151,7949.697
2025-11-12T19:00:00.000Z,34,Bengaluru,152,7831.113
2025-11-12T19:00:00.000Z,35,Karachi,152,7898.915
2025-11-12T19:00:00.000Z,36,Delhi,154,7546.531
2025-11-12T19:00:00.000Z,37,Toronto,160,7106.977
2025-11-12T19:00:00.000Z,38,Vancouver,161,7954.6669999999995
2025-11-12T19:00:00.000Z,39,Cairo,161,8216.057
2025-11-12T19:00:00.000Z,40,Chennai,161,8601.148000000001
2025-11-12T19:00:00.000Z,41,Auckland,167,7650.5869999999995
2025-11-12T19:00:00.000Z,42,Bangkok,170,7155.999
2025-11-12T19:00:00.000Z,43,Lagos,173,6532.382
2025-11-12T19:00:00.000Z,44,Buenos Aires,173,8882.815999999999
2025-11-12T19:00:00.000Z,45,San Francisco,176,7479.4349999999995
2025-11-12T19:00:00.000Z,46,Manila,177,8401.361
2025-11-12T19:00:00.000Z,47,New York,179,7708.141
2025-11-12T19:00:00.000Z,48,Kuala Lumpur,180,7784.761
2025-11-12T19:00:00.000Z,49,Mexico City,181,8839.199
2025-11-12T19:00:00.000Z,50,Hong Kong,185,6706.61
2025-11-12T20:00:00.000Z,1,Mumbai,112,8297.833
2025-11-12T20:00:00.000Z,2,Istanbul,116,7931.359
2025-11-12T20:00:00.000Z,3,Tehran,117,8904.548
2025-11-12T20:00:00.000Z,4,London,118,8007.052
2025-11-12T20:00:00.000Z,5,Beijing,120,8253.989
2025-11-12T20:00:00.000Z,6,Los Angeles,121,8467.471
2025-11-12T20:00:00.000Z,7,Doha,124,8980.007
2025-11-12T20:00:00.000Z,8,Stockholm,125,6890.7789999999995
2025-11-12T20:00:00.000Z,9,Zurich,127,7486.086
2025-11-12T20:00:00.000Z,10,Paris,128,7500.267
2025-11-12T20:00:00.000Z,11,Riyadh,128,8061.743
2025-11-12T20:00:00.000Z,12,Melbourne,129,7896.967000000001
2025-11-12T20:00:00.000Z,13,Nairobi,130,6736.463
2025-11-12T20:00:00.000Z,14,Dubai,132,7611.099
2025-11-12T20:00:00.000Z,15,Madrid,136,8858.954
2025-11-12T20:00:00.000Z,16,Sydney,137,7045.65
2025-11-12T20:00:00.000Z,17,Warsaw,137,8339.841
2025-11-12T20:00:00.000Z,18,Cape Town,139,8174.823
2025-11-12T20:00:00.000Z,19,Kolkata,139,8814.646
2025-11-12T20:00:00.000Z,20,Singapore,145,6488.552
2025-11-12T20:00:00.000Z,21,Moscow,145,7402.237999999999
2025-11-12T20:00:00.000Z,22,Jakarta,145,7816.339
2025-11-12T20:00:00.000Z,23,Seoul,145,8303.548
2025-11-12T20:00:00.000Z,24,Shanghai,148,7499.734
2025-11-12T20:00:00.000Z,25,Helsinki,148,7884.159
2025-11-12T20:00:00.000Z,26,Chicago,148,8119.1539999999995
2025-11-12T20:00:00.000Z,27,Berlin,149,6961.058
2025-11-12T20:00:00.000Z,28,Ho Chi Minh City,150,7893.944
2025-11-12T20:00:00.000Z,29,Houston,151,7841.3330000000005
2025-11-12T20:00:00.000Z,30,Bengaluru,152,7841.427
2025-11-12T20:00:00.000Z,31,Karachi,152,7947.753
2025-11-12T20:00:00.000Z,32,Delhi,154,7562.027
2025-11-12T20:00:00.000Z,33,Toronto,160,7765.518
2025-11-12T20:00:00.000Z,34,Rome,161,7279.436
2025-11-12T20:00:00.000Z,35,Vancouver,161,7512.313
2025-11-12T20:00:00.000Z,36,Cairo,161,7779.871
2025-11-12T20:00:00.000Z,37,Chennai,161,8933.882
2025-11-12T20:00:00.000Z,38,Tokyo,163,9758.575
2025-11-12T20:00:00.000Z,39,Auckland,167,7552.722
2025-11-12T20:00:00.000Z,40,São Paulo,168,8171.349
2025-11-12T20:00:00.000Z,41,Bangkok,170,7140.166
2025-11-12T20:00:00.000Z,42,Lagos,173,6734.295
2025-11-12T20:00:00.000Z,43,Buenos Aires,173,8747.173
2025-11-12T20:00:00.000Z,44,San Francisco,176,7696.855
2025-11-12T20:00:00.000Z,45,Manila,177,7936.707
2025-11-12T20:00:00.000Z,46,New York,179,7818.232
2025-11-12T20:00:00.000Z,47,Kuala Lumpur,180,7564.079
2025-11-12T20:00:00.000Z,48,Mexico City,181,8363.542
2025-11-12T20:00:00.000Z,49,Hong Kong,185,6235.08
2025-11-12T20:00:00.000Z,50,Osaka,191,7952.242
2025-11-12T21:00:00.000Z,1,Istanbul,116,7979.883
2025-11-12T21:00:00.000Z,2,Tehran,117,8851.473
2025-11-12T21:00:00.000Z,3,Beijing,120,7946.264
2025-11-12T21:00:00.000Z,4,Los Angeles,121,8168.762
2025-11-12T21:00:00.000Z,5,Doha,124,9114.388
2025-11-12T21:00:00.000Z,6,Stockholm,125,7066.879
2025-11-12T21:00:00.000Z,7,Mumbai,126,8215.057
2025-11-12T21:00:00.000Z,8,Singapore,127,6550.545
2025-11-12T21:00:00.000Z,9,Zurich,127,7263.705
2025-11-12T21:00:00.000Z,10,Paris,128,6971.866
2025-11-12T21:00:00.000Z,11,Melbourne,129,7400.21
2025-11-12T21:00:00.000Z,12,Nairobi,130,7059.5380000000005
2025-11-12T21:00:00.000Z,13,Dubai,132,7693.311
2025-11-12T21:00:00.000Z,14,Madrid,136,8172.392
2025-11-12T21:00:00.000Z,15,Sydney,137,7289.901
2025-11-12T21:00:00.000Z,16,Warsaw,137,8432.899
2025-11-12T21:00:00.000Z,17,Cape Town,139,8431.621
2025-11-12T21:00:00.000Z,18,Kolkata,139,8623.495
2025-11-12T21:00:00.000Z,19,Chicago,142,8054.983
2025-11-12T21:00:00.000Z,20,Seoul,145,7992.045
2025-11-12T21:00:00.000Z,21,Jakarta,145,8220.01
2025-11-12T21:00:00.000Z,22,Shanghai,148,7334.047
2025-11-12T21:00:00.000Z,23,Berlin,149,6880.469
2025-11-12T21:00:00.000Z,24,Ho Chi Minh City,150,7789.698
2025-11-12T21:00:00.000Z,25,Moscow,151,6910.313
2025-11-12T21:00:00.000Z,26,Houston,151,7769.343
2025-11-12T21:00:00.000Z,27,Helsinki,151,7975.141
2025-11-12T21:00:00.000Z,28,Karachi,152,7275.679
2025-11-12T21:00:00.000Z,29,Bengaluru,152,8110.604
2025-11-12T21:00:00.000Z,30,Delhi,154,7081.937
2025-11-12T21:00:00.000Z,31,Toronto,160,7277.4
2025-11-12T21:00:00.000Z,32,Vancouver,161,6626.282999999999
2025-11-12T21:00:00.000Z,33,Rome,161,7253.697
2025-11-12T21:00:00.000Z,34,London,161,7459.731
2025-11-12T21:00:00.000Z,35,Cairo,161,7827.505
2025-11-12T21:00:00.000Z,36,Chennai,161,8812.969000000001
2025-11-12T21:00:00.000Z,37,Tokyo,163,9540.389
2025-11-12T21:00:00.000Z,38,New York,164,8368.811
2025-11-12T21:00:00.000Z,39,Riyadh,167,7618.803
2025-11-12T21:00:00.000Z,40,Auckland,167,7865.088
2025-11-12T21:00:00.000Z,41,São Paulo,168,8193.319
2025-11-12T21:00:00.000Z,42,Bangkok,170,7505.6759999999995
2025-11-12T21:00:00.000Z,43,Lagos,173,6814.82
2025-11-12T21:00:00.000Z,44,Buenos Aires,173,8386.468
2025-11-12T21:00:00.000Z,45,San Francisco,176,7523.133
2025-11-12T21:00:00.000Z,46,Manila,177,7867.5599999999995
2025-11-12T21:00:00.000Z,47,Kuala Lumpur,180,7478.5599999999995
2025-11-12T21:00:00.000Z,48,Mexico City,181,8130.409
2025-11-12T21:00:00.000Z,49,Hong Kong,185,6073.724
2025-11-12T21:00:00.000Z,50,Osaka,191,8134.088
2025-11-12T22:00:00.000Z,1,Cairo,113,7528.637000000001
2025-11-12T22:00:00.000Z,2,Madrid,115,8138.9169999999995
2025-11-12T22:00:00.000Z,3,Istanbul,116,8463.619999999999
2025-11-12T22:00:00.000Z,4,Tehran,117,8973.613
2025-11-12T22:00:00.000Z,5,Beijing,120,7825.4259999999995
2025-11-12T22:00:00.000Z,6,Los Angeles,121,8140.99
2025-11-12T22:00:00.000Z,7,Stockholm,125,7247.005
2025-11-12T22:00:00.000Z,8,Melbourne,125,7565.526
2025-11-12T22:00:00.000Z,9,Mumbai,126,7777.489
2025-11-12T22:00:00.000Z,10,Singapore,127,6336.798
2025-11-12T22:00:00.000Z,11,Zurich,127,7307.876
2025-11-12T22:00:00.000Z,12,Mexico City,127,8056.737
2025-11-12T22:00:00.000Z,13,Nairobi,130,7106.844
2025-11-12T22:00:00.000Z,14,Dubai,132,7841.855
2025-11-12T22:00:00.000Z,15,Warsaw,137,8046.424
2025-11-12T22:00:00.000Z,16,Sydney,137,8052.878
2025-11-12T22:00:00.000Z,17,Paris,138,7500.334
2025-11-12T22:00:00.000Z,18,Cape Town,139,8597.544
2025-11-12T22:00:00.000Z,19,Kolkata,139,8648.002
2025-11-12T22:00:00.000Z,20,Chicago,142,7947.312
2025-11-12T22:00:00.000Z,21,Doha,142,9309.835
2025-11-12T22:00:00.000Z,22,Seoul,145,7728.068
2025-11-12T22:00:00.000Z,23,Jakarta,145,8122.478
2025-11-12T22:00:00.000Z,24,Shanghai,148,8017.564
2025-11-12T22:00:00.000Z,25,Berlin,149,7266.0650000000005
2025-11-12T22:00:00.000Z,26,Ho Chi Minh City,150,8440.281
2025-11-12T22:00:00.000Z,27,Moscow,151,7183.586
2025-11-12T22:00:00.000Z,28,Helsinki,151,7518.155000000001
2025-11-12T22:00:00.000Z,29,Houston,151,7818.262
2025-11-12T22:00:00.000Z,30,Karachi,152,7430.08
2025-11-12T22:00:00.000Z,31,Bengaluru,152,7925.096
2025-11-12T22:00:00.000Z,32,Delhi,154,6640.137
2025-11-12T22:00:00.000Z,33,Toronto,160,7133.174
2025-11-12T22:00:00.000Z,34,Vancouver,161,6928.15
2025-11-12T22:00:00.000Z,35,Rome,161,7168.955
2025-11-12T22:00:00.000Z,36,London,161,8228.886
2025-11-12T22:00:00.000Z,37,Chennai,161,8482.695
2025-11-12T22:00:00.000Z,38,Tokyo,163,9494.119
2025-11-12T22:00:00.000Z,39,New York,164,8270.952
2025-11-12T22:00:00.000Z,40,Riyadh,167,7485.9220000000005
2025-11-12T22:00:00.000Z,41,Auckland,167,7690.833
2025-11-12T22:00:00.000Z,42,São Paulo,168,8284.696
2025-11-12T22:00:00.000Z,43,Bangkok,170,7258.343
2025-11-12T22:00:00.000Z,44,Lagos,173,7009.782999999999
2025-11-12T22:00:00.000Z,45,Buenos Aires,173,8698.97
2025-11-12T22:00:00.000Z,46,San Francisco,176,6974.346
2025-11-12T22:00:00.000Z,47,Manila,177,8098.085
2025-11-12T22:00:00.000Z,48,Kuala Lumpur,180,7140.437
2025-11-12T22:00:00.000Z,49,Hong Kong,185,6515.959
2025-11-12T22:00:00.000Z,50,Osaka,191,8453.239
2025-11-12T23:00:00.000Z,1,Los Angeles,101,8159.401
2025-11-12T23:00:00.000Z,2,Cairo,113,7152.368
2025-11-12T23:00:00.000Z,3,Madrid,115,7886.193
2025-11-12T23:00:00.000Z,4,Istanbul,116,8739.298
2025-11-12T23:00:00.000Z,5,Dubai,117,7188.157
2025-11-12T23:00:00.000Z,6,Tehran,117,8704.601999999999
2025-11-12T23:00:00.000Z,7,Beijing,120,8329.414
2025-11-12T23:00:00.000Z,8,Melbourne,125,7196.77
2025-11-12T23:00:00.000Z,9,Singapore,127,6345.327
2025-11-12T23:00:00.000Z,10,Zurich,127,7402.21
2025-11-12T23:00:00.000Z,11,Mumbai,127,8187.411
2025-11-12T23:00:00.000Z,12,Mexico City,127,8324.141
2025-11-12T23:00:00.000Z,13,Stockholm,130,7844.813
2025-11-12T23:00:00.000Z,14,Sydney,137,8403.443
2025-11-12T23:00:00.000Z,15,Paris,138,7412.796
2025-11-12T23:00:00.000Z,16,Warsaw,139,8043.052
2025-11-12T23:00:00.000Z,17,Kolkata,139,8345.996
2025-11-12T23:00:00.000Z,18,Cape Town,139,9036.626
2025-11-12T23:00:00.000Z,19,Chicago,142,8231.941
2025-11-12T23:00:00.000Z,20,Doha,142,8974.596
2025-11-12T23:00:00.000Z,21,Seoul,145,8025.382
2025-11-12T23:00:00.000Z,22,Jakarta,145,8817.501
2025-11-12T23:00:00.000Z,23,Shanghai,148,7883.142
2025-11-12T23:00:00.000Z,24,Berlin,149,7407.282
2025-11-12T23:00:00.000Z,25,Ho Chi Minh City,150,7965.66
2025-11-12T23:00:00.000Z,26,Moscow,151,7682.155
2025-11-12T23:00:00.000Z,27,Houston,151,7758.451999999999
2025-11-12T23:00:00.000Z,28,Helsinki,151,7891.914
2025-11-12T23:00:00.000Z,29,Karachi,152,7552.088
2025-11-12T23:00:00.000Z,30,Manila,152,7619.094
2025-11-12T23:00:00.000Z,31,Bengaluru,152,8193.83
2025-11-12T23:00:00.000Z,32,Delhi,154,5812.385
2025-11-12T23:00:00.000Z,33,Toronto,160,6886.752
2025-11-12T23:00:00.000Z,34,Nairobi,161,6734.91
2025-11-12T23:00:00.000Z,35,Vancouver,161,6957.144
2025-11-12T23:00:00.000Z,36,Rome,161,7076.374
2025-11-12T23:00:00.000Z,37,London,161,7927.955
2025-11-12T23:00:00.000Z,38,Chennai,161,8748.755
2025-11-12T23:00:00.000Z,39,Tokyo,163,9665.806
2025-11-12T23:00:00.000Z,40,New York,164,8245.081
2025-11-12T23:00:00.000Z,41,Riyadh,167,8025.477999999999
2025-11-12T23:00:00.000Z,42,Auckland,167,8082.795
2025-11-12T23:00:00.000Z,43,São Paulo,168,8086.407
2025-11-12T23:00:00.000Z,44,Bangkok,170,6893.464
2025-11-12T23:00:00.000Z,45,Lagos,173,7507.85
2025-11-12T23:00:00.000Z,46,Buenos Aires,173,8267.349
2025-11-12T23:00:00.000Z,47,San Francisco,176,7091.335
2025-11-12T23:00:00.000Z,48,Kuala Lumpur,180,7133.842000000001
2025-11-12T23:00:00.000Z,49,Hong Kong,185,7297.046
2025-11-12T23:00:00.000Z,50,Osaka,191,8470.272
2025-11-13T00:00:00.000Z,1,Los Angeles,101,8295.018
2025-11-13T00:00:00.000Z,2,Cairo,113,7168.441000000001
2025-11-13T00:00:00.000Z,3,Dubai,114,7198.341
2025-11-13T00:00:00.000Z,4,Tehran,117,8702.376
2025-11-13T00:00:00.000Z,5,Istanbul,123,8927.627
2025-11-13T00:00:00.000Z,6,New York,124,8044.837
2025-11-13T00:00:00.000Z,7,Madrid,124,8381.375
2025-11-13T00:00:00.000Z,8,Melbourne,125,6586.598
2025-11-13T00:00:00.000Z,9,Singapore,127,6742.837
2025-11-13T00:00:00.000Z,10,Zurich,127,7820.264999999999
2025-11-13T00:00:00.000Z,11,Mumbai,127,8014.76
2025-11-13T00:00:00.000Z,12,Stockholm,130,8284.207
2025-11-13T00:00:00.000Z,13,Sydney,137,8671.384
2025-11-13T00:00:00.000Z,14,Paris,138,7920.017
2025-11-13T00:00:00.000Z,15,Mexico City,138,8077.780000000001
2025-11-13T00:00:00.000Z,16,Beijing,138,8640.784
2025-11-13T00:00:00.000Z,17,Warsaw,139,8004.112
2025-11-13T00:00:00.000Z,18,Kolkata,139,8368.364
2025-11-13T00:00:00.000Z,19,Cape Town,139,8886.817
2025-11-13T00:00:00.000Z,20,Seoul,141,7514.939
2025-11-13T00:00:00.000Z,21,Chicago,142,8254.029
2025-11-13T00:00:00.000Z,22,Jakarta,145,8991.185
2025-11-13T00:00:00.000Z,23,Shanghai,148,8062.585
2025-11-13T00:00:00.000Z,24,Berlin,149,8330.116
2025-11-13T00:00:00.000Z,25,Ho Chi Minh City,150,7996.951
2025-11-13T00:00:00.000Z,26,Houston,151,7815.571
2025-11-13T00:00:00.000Z,27,Helsinki,151,7826.3369999999995
2025-11-13T00:00:00.000Z,28,Moscow,151,7935.136
2025-11-13T00:00:00.000Z,29,San Francisco,152,7426.76
2025-11-13T00:00:00.000Z,30,Manila,152,8075.521
2025-11-13T00:00:00.000Z,31,Bengaluru,152,8079.742
2025-11-13T00:00:00.000Z,32,Karachi,152,8552.601999999999
2025-11-13T00:00:00.000Z,33,Toronto,160,7079.483
2025-11-13T00:00:00.000Z,34,Nairobi,161,6605.6759999999995
2025-11-13T00:00:00.000Z,35,Vancouver,161,6862.816
2025-11-13T00:00:00.000Z,36,Rome,161,7568.235
2025-11-13T00:00:00.000Z,37,London,161,7796.371999999999
2025-11-13T00:00:00.000Z,38,Chennai,161,8365.796
2025-11-13T00:00:00.000Z,39,Tokyo,163,9222.591
2025-11-13T00:00:00.000Z,40,Riyadh,167,7580.963
2025-11-13T00:00:00.000Z,41,Auckland,167,8694.064
2025-11-13T00:00:00.000Z,42,São Paulo,168,8534.648000000001
2025-11-13T00:00:00.000Z,43,Bangkok,170,6993.83
2025-11-13T00:00:00.000Z,44,Lagos,173,7422.671
2025-11-13T00:00:00.000Z,45,Buenos Aires,173,8366.142
2025-11-13T00:00:00.000Z,46,Delhi,177,6441.608
2025-11-13T00:00:00.000Z,47,Kuala Lumpur,180,7457.593
2025-11-13T00:00:00.000Z,48,Hong Kong,185,8034.734
2025-11-13T00:00:00.000Z,49,Doha,186,8818.768
2025-11-13T00:00:00.000Z,50,Osaka,191,8464.739
2025-11-13T01:00:00.000Z,1,Los Angeles,101,8185.092000000001
2025-11-13T01:00:00.000Z,2,Dubai,103,6748.777
2025-11-13T01:00:00.000Z,3,Tehran,117,8556.42
2025-11-13T01:00:00.000Z,4,Toronto,118,6897.317
2025-11-13T01:00:00.000Z,5,Istanbul,123,8792.103
2025-11-13T01:00:00.000Z,6,Madrid,124,7923.8730000000005
2025-11-13T01:00:00.000Z,7,New York,124,8382.318
2025-11-13T01:00:00.000Z,8,Melbourne,125,6996.106
2025-11-13T01:00:00.000Z,9,Singapore,127,7127.566000000001
2025-11-13T01:00:00.000Z,10,Zurich,127,8252.982
2025-11-13T01:00:00.000Z,11,Stockholm,130,8306.244
2025-11-13T01:00:00.000Z,12,Hong Kong,131,8044.371
2025-11-13T01:00:00.000Z,13,Kuala Lumpur,135,7488.374
2025-11-13T01:00:00.000Z,14,Sydney,137,8562.335
2025-11-13T01:00:00.000Z,15,Paris,138,7963.817
2025-11-13T01:00:00.000Z,16,Mexico City,138,8152.141
2025-11-13T01:00:00.000Z,17,Beijing,138,8682.194
2025-11-13T01:00:00.000Z,18,Warsaw,139,8207.813
2025-11-13T01:00:00.000Z,19,Kolkata,139,8538.511
2025-11-13T01:00:00.000Z,20,Cape Town,139,8807.05
2025-11-13T01:00:00.000Z,21,Berlin,142,7569.867
2025-11-13T01:00:00.000Z,22,Chicago,142,8330.605
2025-11-13T01:00:00.000Z,23,Vancouver,143,6817.412
2025-11-13T01:00:00.000Z,24,Jakarta,145,8696.765
2025-11-13T01:00:00.000Z,25,Seoul,146,7649.1759999999995
2025-11-13T01:00:00.000Z,26,Cairo,147,7375.653
2025-11-13T01:00:00.000Z,27,Shanghai,148,7682.396
2025-11-13T01:00:00.000Z,28,Moscow,151,7553.804
2025-11-13T01:00:00.000Z,29,Helsinki,151,7764.023
2025-11-13T01:00:00.000Z,30,Houston,151,7830.017
2025-11-13T01:00:00.000Z,31,Ho Chi Minh City,152,7919.886
2025-11-13T01:00:00.000Z,32,San Francisco,152,7997.814
2025-11-13T01:00:00.000Z,33,Manila,152,8054.493
2025-11-13T01:00:00.000Z,34,Karachi,152,8096.133
2025-11-13T01:00:00.000Z,35,Bengaluru,152,8354.636
2025-11-13T01:00:00.000Z,36,Nairobi,161,7530.77
2025-11-13T01:00:00.000Z,37,Rome,161,7791.891
2025-11-13T01:00:00.000Z,38,London,161,8227.161
2025-11-13T01:00:00.000Z,39,Chennai,161,8231.675
2025-11-13T01:00:00.000Z,40,Tokyo,163,9086.107
2025-11-13T01:00:00.000Z,41,Riyadh,167,8048.9
2025-11-13T01:00:00.000Z,42,Auckland,167,8976.366
2025-11-13T01:00:00.000Z,43,São Paulo,168,8074.318
2025-11-13T01:00:00.000Z,44,Bangkok,170,6759.337
2025-11-13T01:00:00.000Z,45,Lagos,173,7307.539
2025-11-13T01:00:00.000Z,46,Mumbai,173,7769.379
2025-11-13T01:00:00.000Z,47,Buenos Aires,173,7814.92
2025-11-13T01:00:00.000Z,48,Delhi,177,5954.977
2025-11-13T01:00:00.000Z,49,Doha,186,8474.919
2025-11-13T01:00:00.000Z,50,Osaka,191,8321.694
2025-11-13T02:00:00.000Z,1,Los Angeles,101,7842.852
2025-11-13T02:00:00.000Z,2,Dubai,103,6931.397
2025-11-13T02:00:00.000Z,3,Melbourne,110,7428.014
2025-11-13T02:00:00.000Z,4,Tehran,117,8293.172
2025-11-13T02:00:00.000Z,5,Toronto,118,6704.55
2025-11-13T02:00:00.000Z,6,Istanbul,123,8653.458
2025-11-13T02:00:00.000Z,7,Madrid,124,7558.419
2025-11-13T02:00:00.000Z,8,Lagos,124,7806.986
2025-11-13T02:00:00.000Z,9,Bangkok,125,6979.972
2025-11-13T02:00:00.000Z,10,Singapore,127,7390.959
2025-11-13T02:00:00.000Z,11,Zurich,127,8299.445
2025-11-13T02:00:00.000Z,12,Cape Town,128,8938.395
2025-11-13T02:00:00.000Z,13,Stockholm,130,8191.987999999999
2025-11-13T02:00:00.000Z,14,Hong Kong,131,8211.048999999999
2025-11-13T02:00:00.000Z,15,Kuala Lumpur,135,7468.187
2025-11-13T02:00:00.000Z,16,Karachi,136,8340.438
2025-11-13T02:00:00.000Z,17,Paris,138,7853.771000000001
2025-11-13T02:00:00.000Z,18,Mexico City,138,8215.571
2025-11-13T02:00:00.000Z,19,Beijing,138,8325.409
2025-11-13T02:00:00.000Z,20,Kolkata,139,8666.045
2025-11-13T02:00:00.000Z,21,Shanghai,140,7949.969
2025-11-13T02:00:00.000Z,22,Berlin,142,7260.097
2025-11-13T02:00:00.000Z,23,Chicago,142,8800.032
2025-11-13T02:00:00.000Z,24,Vancouver,143,7181.384
2025-11-13T02:00:00.000Z,25,Jakarta,145,8567.185
2025-11-13T02:00:00.000Z,26,Seoul,146,7521.09
2025-11-13T02:00:00.000Z,27,Chennai,146,8182.997
2025-11-13T02:00:00.000Z,28,Cairo,147,6980.555
2025-11-13T02:00:00.000Z,29,Buenos Aires,148,7684.231
2025-11-13T02:00:00.000Z,30,Houston,150,7878.987
2025-11-13T02:00:00.000Z,31,Moscow,151,7351.91
2025-11-13T02:00:00.000Z,32,Helsinki,151,8044.108
2025-11-13T02:00:00.000Z,33,Ho Chi Minh City,152,8015.158
2025-11-13T02:00:00.000Z,34,San Francisco,152,8043.731
2025-11-13T02:00:00.000Z,35,Manila,152,8136.716
2025-11-13T02:00:00.000Z,36,Bengaluru,152,8919.429
2025-11-13T02:00:00.000Z,37,Sydney,153,8410.864
2025-11-13T02:00:00.000Z,38,Rome,161,7834.697
2025-11-13T02:00:00.000Z,39,Nairobi,161,7846.4349999999995
2025-11-13T02:00:00.000Z,40,London,161,8544.622
2025-11-13T02:00:00.000Z,41,Tokyo,163,8870.055
2025-11-13T02:00:00.000Z,42,Riyadh,167,8439.157
2025-11-13T02:00:00.000Z,43,São Paulo,168,8474.843
2025-11-13T02:00:00.000Z,44,Mumbai,173,8005.0689999999995
2025-11-13T02:00:00.000Z,45,New York,173,8527.768
2025-11-13T02:00:00.000Z,46,Auckland,176,8697.449
2025-11-13T02:00:00.000Z,47,Delhi,177,7185.031
2025-11-13T02:00:00.000Z,48,Doha,186,8263.009
2025-11-13T02:00:00.000Z,49,Osaka,191,8607.872
2025-11-13T02:00:00.000Z,50,Warsaw,197,7834.295
2025-11-13T03:00:00.000Z,1,Dubai,99,6911.155
2025-11-13T03:00:00.000Z,2,Melbourne,105,7444.577
2025-11-13T03:00:00.000Z,3,Los Angeles,114,7564.4439999999995
2025-11-13T03:00:00.000Z,4,Tehran,117,8016.745
2025-11-13T03:00:00.000Z,5,Toronto,118,6266.872
2025-11-13T03:00:00.000Z,6,Istanbul,123,8804.376
2025-11-13T03:00:00.000Z,7,Madrid,124,7622.843
2025-11-13T03:00:00.000Z,8,Lagos,124,7927.273999999999
2025-11-13T03:00:00.000Z,9,Singapore,127,7442.942
2025-11-13T03:00:00.000Z,10,Zurich,127,8098.158
2025-11-13T03:00:00.000Z,11,Cape Town,128,9064.762
2025-11-13T03:00:00.000Z,12,Stockholm,130,8348.322
2025-11-13T03:00:00.000Z,13,Jakarta,131,7935.543
2025-11-13T03:00:00.000Z,14,Hong Kong,131,8442.934000000001
2025-11-13T03:00:00.000Z,15,Kuala Lumpur,135,7094.332
2025-11-13T03:00:00.000Z,16,Karachi,136,8274.654999999999
2025-11-13T03:00:00.000Z,17,Paris,138,8258.521
2025-11-13T03:00:00.000Z,18,Beijing,138,8387.323
2025-11-13T03:00:00.000Z,19,Mexico City,138,8405.597
2025-11-13T03:00:00.000Z,20,Bengaluru,139,9101.465
2025-11-13T03:00:00.000Z,21,Shanghai,140,8205.202
2025-11-13T03:00:00.000Z,22,Berlin,142,7472.349
2025-11-13T03:00:00.000Z,23,Chicago,142,8873.623
2025-11-13T03:00:00.000Z,24,Vancouver,143,7224.79
2025-11-13T03:00:00.000Z,25,Seoul,146,6807.914
2025-11-13T03:00:00.000Z,26,Chennai,146,7944.52
2025-11-13T03:00:00.000Z,27,Cairo,147,6899.687
2025-11-13T03:00:00.000Z,28,Kolkata,147,8114.626
2025-11-13T03:00:00.000Z,29,Buenos Aires,148,7749.102
2025-11-13T03:00:00.000Z,30,Bangkok,150,6811.34
2025-11-13T03:00:00.000Z,31,Houston,150,7050.231
2025-11-13T03:00:00.000Z,32,Moscow,151,6580.288
2025-11-13T03:00:00.000Z,33,Helsinki,151,8494.842
2025-11-13T03:00:00.000Z,34,Manila,152,8320.785
2025-11-13T03:00:00.000Z,35,San Francisco,152,8392.884
2025-11-13T03:00:00.000Z,36,Ho Chi Minh City,152,9005.065999999999
2025-11-13T03:00:00.000Z,37,Sydney,153,8691.284
2025-11-13T03:00:00.000Z,38,Rome,161,8049.326999999999
2025-11-13T03:00:00.000Z,39,Nairobi,161,8196.275
2025-11-13T03:00:00.000Z,40,London,161,8205.706
2025-11-13T03:00:00.000Z,41,Tokyo,164,8651.842
2025-11-13T03:00:00.000Z,42,Riyadh,167,8470.989
2025-11-13T03:00:00.000Z,43,São Paulo,168,8338.059000000001
2025-11-13T03:00:00.000Z,44,Mumbai,173,7271.119000000001
2025-11-13T03:00:00.000Z,45,New York,173,8512.507
2025-11-13T03:00:00.000Z,46,Auckland,176,8801.742
2025-11-13T03:00:00.000Z,47,Delhi,177,7751.985000000001
2025-11-13T03:00:00.000Z,48,Doha,186,7795.134
2025-11-13T03:00:00.000Z,49,Osaka,191,8531.614
2025-11-13T03:00:00.000Z,50,Warsaw,197,7671.630999999999
2025-11-13T04:00:00.000Z,1,Dubai,99,7234.007
2025-11-13T04:00:00.000Z,2,Melbourne,105,7565.778
2025-11-13T04:00:00.000Z,3,Chennai,110,7487.27
2025-11-13T04:00:00.000Z,4,Lagos,113,7784.08
2025-11-13T04:00:00.000Z,5,Tehran,117,7861.2029999999995
2025-11-13T04:00:00.000Z,6,Toronto,118,6101.16
2025-11-13T04:00:00.000Z,7,Los Angeles,122,7587.577
2025-11-13T04:00:00.000Z,8,Madrid,124,7132.77
2025-11-13T04:00:00.000Z,9,Singapore,127,7538.112999999999
2025-11-13T04:00:00.000Z,10,Zurich,127,8487.048
2025-11-13T04:00:00.000Z,11,Cape Town,128,8774.331
2025-11-13T04:00:00.000Z,12,Rome,130,7744.557
2025-11-13T04:00:00.000Z,13,Stockholm,130,8323.294
2025-11-13T04:00:00.000Z,14,Hong Kong,131,7806.568
2025-11-13T04:00:00.000Z,15,Jakarta,131,8647.858
2025-11-13T04:00:00.000Z,16,Kuala Lumpur,135,7717.705
2025-11-13T04:00:00.000Z,17,Beijing,138,7947.066
2025-11-13T04:00:00.000Z,18,Paris,138,8014.746999999999
2025-11-13T04:00:00.000Z,19,Mexico City,138,8273.001
2025-11-13T04:00:00.000Z,20,Bengaluru,139,8335.567
2025-11-13T04:00:00.000Z,21,Chicago,139,9192.782
2025-11-13T04:00:00.000Z,22,Shanghai,140,8028.388
2025-11-13T04:00:00.000Z,23,Osaka,141,8153.8330000000005
2025-11-13T04:00:00.000Z,24,Berlin,142,7267.455
2025-11-13T04:00:00.000Z,25,Vancouver,143,7387.764999999999
2025-11-13T04:00:00.000Z,26,São Paulo,144,8278.125
2025-11-13T04:00:00.000Z,27,Seoul,146,7462.0419999999995
2025-11-13T04:00:00.000Z,28,Manila,146,8331.14
2025-11-13T04:00:00.000Z,29,Cairo,147,6917.49
2025-11-13T04:00:00.000Z,30,Kolkata,147,8271.087
2025-11-13T04:00:00.000Z,31,Bangkok,150,6332.701999999999
2025-11-13T04:00:00.000Z,32,Houston,150,6892.558
2025-11-13T04:00:00.000Z,33,Karachi,150,8806.249
2025-11-13T04:00:00.000Z,34,Moscow,151,6655.017
2025-11-13T04:00:00.000Z,35,Buenos Aires,151,8116.124
2025-11-13T04:00:00.000Z,36,Helsinki,151,8742.016
2025-11-13T04:00:00.000Z,37,Ho Chi Minh City,152,8209.56
2025-11-13T04:00:00.000Z,38,San Francisco,152,8565.416
2025-11-13T04:00:00.000Z,39,Sydney,153,8609.948
2025-11-13T04:00:00.000Z,40,London,161,8192.023
2025-11-13T04:00:00.000Z,41,Nairobi,161,8476.561
2025-11-13T04:00:00.000Z,42,Tokyo,164,8230.574
2025-11-13T04:00:00.000Z,43,Riyadh,167,8592.735
2025-11-13T04:00:00.000Z,44,Mumbai,173,7359.016
2025-11-13T04:00:00.000Z,45,New York,173,8187.111
2025-11-13T04:00:00.000Z,46,Auckland,176,8869.195
2025-11-13T04:00:00.000Z,47,Delhi,177,7669.85
2025-11-13T04:00:00.000Z,48,Istanbul,179,8838.033
2025-11-13T04:00:00.000Z,49,Doha,186,7438.057000000001
2025-11-13T04:00:00.000Z,50,Warsaw,197,8375.551
2025-11-13T05:00:00.000Z,1,Melbourne,105,7609.507
2025-11-13T05:00:00.000Z,2,Chennai,110,7432.07
2025-11-13T05:00:00.000Z,3,Tehran,113,7680.391
2025-11-13T05:00:00.000Z,4,Lagos,117,7558.664
2025-11-13T05:00:00.000Z,5,Toronto,118,5962.349
2025-11-13T05:00:00.000Z,6,Helsinki,118,8931.812
2025-11-13T05:00:00.000Z,7,Hong Kong,119,8295.903
2025-11-13T05:00:00.000Z,8,Los Angeles,122,7603.006
2025-11-13T05:00:00.000Z,9,Madrid,124,7744.832
2025-11-13T05:00:00.000Z,10,Moscow,126,6616.652
2025-11-13T05:00:00.000Z,11,Singapore,127,7553.385
2025-11-13T05:00:00.000Z,12,Zurich,127,8629.525
2025-11-13T05:00:00.000Z,13,London,127,8902.622
2025-11-13T05:00:00.000Z,14,Cape Town,128,9051.786
2025-11-13T05:00:00.000Z,15,Stockholm,130,7895.514999999999
2025-11-13T05:00:00.000Z,16,Rome,130,7899.552
2025-11-13T05:00:00.000Z,17,Chicago,131,8897.645
2025-11-13T05:00:00.000Z,18,Riyadh,131,8979.119
2025-11-13T05:00:00.000Z,19,Kuala Lumpur,134,7914.0779999999995
2025-11-13T05:00:00.000Z,20,São Paulo,135,8045.513
2025-11-13T05:00:00.000Z,21,Dubai,136,7456.184
2025-11-13T05:00:00.000Z,22,Beijing,138,8106.88
2025-11-13T05:00:00.000Z,23,Paris,138,8428.166000000001
2025-11-13T05:00:00.000Z,24,Mexico City,138,8735.758
2025-11-13T05:00:00.000Z,25,Bengaluru,139,8473.15
2025-11-13T05:00:00.000Z,26,Shanghai,140,7650.286
2025-11-13T05:00:00.000Z,27,Osaka,141,7897.396
2025-11-13T05:00:00.000Z,28,Berlin,142,7192.269
2025-11-13T05:00:00.000Z,29,Vancouver,143,8031.3369999999995
2025-11-13T05:00:00.000Z,30,Seoul,146,7818.996
2025-11-13T05:00:00.000Z,31,Manila,146,8330.011
2025-11-13T05:00:00.000Z,32,Cairo,147,7243.661
2025-11-13T05:00:00.000Z,33,Kolkata,147,7933.809
2025-11-13T05:00:00.000Z,34,Bangkok,150,6348.609
2025-11-13T05:00:00.000Z,35,Houston,150,6408.645
2025-11-13T05:00:00.000Z,36,Buenos Aires,151,8571.916
2025-11-13T05:00:00.000Z,37,Ho Chi Minh City,152,8082.923000000001
2025-11-13T05:00:00.000Z,38,San Francisco,152,8615.728
2025-11-13T05:00:00.000Z,39,Sydney,153,8560.051
2025-11-13T05:00:00.000Z,40,Jakarta,159,8477.73
2025-11-13T05:00:00.000Z,41,Nairobi,161,8472.741
2025-11-13T05:00:00.000Z,42,Tokyo,164,8703.492
2025-11-13T05:00:00.000Z,43,Karachi,167,9585.807
2025-11-13T05:00:00.000Z,44,Mumbai,173,7285.3
2025-11-13T05:00:00.000Z,45,New York,173,7607.692
2025-11-13T05:00:00.000Z,46,Auckland,176,8184.5470000000005
2025-11-13T05:00:00.000Z,47,Delhi,177,7361.987
2025-11-13T05:00:00.000Z,48,Istanbul,179,9365.324
2025-11-13T05:00:00.000Z,49,Doha,186,7094.095
2025-11-13T05:00:00.000Z,50,Warsaw,197,8233.642
2025-11-13T06:00:00.000Z,1,Chennai,110,7357.53
2025-11-13T06:00:00.000Z,2,Tehran,113,7822.429
2025-11-13T06:00:00.000Z,3,Lagos,117,7487.438
2025-11-13T06:00:00.000Z,4,Toronto,118,5662.1759999999995
2025-11-13T06:00:00.000Z,5,Helsinki,118,9305.335
2025-11-13T06:00:00.000Z,6,Hong Kong,119,8106.2570000000005
2025-11-13T06:00:00.000Z,7,Paris,124,8122.909
2025-11-13T06:00:00.000Z,8,Madrid,124,8185.868
2025-11-13T06:00:00.000Z,9,London,127,8099.697999999999
2025-11-13T06:00:00.000Z,10,Singapore,127,8160.703
2025-11-13T06:00:00.000Z,11,Zurich,127,8595.633
2025-11-13T06:00:00.000Z,12,Cape Town,128,8959.614
2025-11-13T06:00:00.000Z,13,Kuala Lumpur,130,8053.792
2025-11-13T06:00:00.000Z,14,Rome,130,8091.52
2025-11-13T06:00:00.000Z,15,Chicago,131,9005.407
2025-11-13T06:00:00.000Z,16,Riyadh,131,9158.824
2025-11-13T06:00:00.000Z,17,São Paulo,135,7797.473
2025-11-13T06:00:00.000Z,18,Shanghai,136,7290.487
2025-11-13T06:00:00.000Z,19,Dubai,136,7454.415999999999
2025-11-13T06:00:00.000Z,20,Los Angeles,137,7644.046
2025-11-13T06:00:00.000Z,21,Mexico City,138,8470.219
2025-11-13T06:00:00.000Z,22,Moscow,139,6681.662
2025-11-13T06:00:00.000Z,23,Stockholm,139,8108.591
2025-11-13T06:00:00.000Z,24,Bengaluru,139,8502.724
2025-11-13T06:00:00.000Z,25,Osaka,141,7685.834
2025-11-13T06:00:00.000Z,26,Berlin,142,6992.317999999999
2025-11-13T06:00:00.000Z,27,Vancouver,143,8032.662
2025-11-13T06:00:00.000Z,28,Seoul,146,8077.739
2025-11-13T06:00:00.000Z,29,Manila,146,8092.789
2025-11-13T06:00:00.000Z,30,Cairo,147,7155.653
2025-11-13T06:00:00.000Z,31,Kolkata,147,8058.6630000000005
2025-11-13T06:00:00.000Z,32,Houston,150,6756.579
2025-11-13T06:00:00.000Z,33,Bangkok,150,6763.326999999999
2025-11-13T06:00:00.000Z,34,Melbourne,151,7351.608
2025-11-13T06:00:00.000Z,35,Buenos Aires,151,8657.897
2025-11-13T06:00:00.000Z,36,Ho Chi Minh City,152,7700.454
2025-11-13T06:00:00.000Z,37,San Francisco,152,9580.605
2025-11-13T06:00:00.000Z,38,Sydney,153,7814.961
2025-11-13T06:00:00.000Z,39,Jakarta,159,8603.901
2025-11-13T06:00:00.000Z,40,Nairobi,161,8563.068
2025-11-13T06:00:00.000Z,41,Tokyo,164,8315.74
2025-11-13T06:00:00.000Z,42,Karachi,167,8936.471
2025-11-13T06:00:00.000Z,43,Beijing,171,7782.191000000001
2025-11-13T06:00:00.000Z,44,Mumbai,173,7380.111000000001
2025-11-13T06:00:00.000Z,45,New York,173,7495.535
2025-11-13T06:00:00.000Z,46,Auckland,176,8316.825
2025-11-13T06:00:00.000Z,47,Delhi,177,7855.739
2025-11-13T06:00:00.000Z,48,Istanbul,179,9363.379
2025-11-13T06:00:00.000Z,49,Doha,186,6366.134
2025-11-13T06:00:00.000Z,50,Warsaw,197,8364.217
2025-11-13T07:00:00.000Z,1,Tehran,113,7579.126
2025-11-13T07:00:00.000Z,2,Cape Town,113,8313.587
2025-11-13T07:00:00.000Z,3,London,116,8757.813
2025-11-13T07:00:00.000Z,4,Toronto,118,6215.646
2025-11-13T07:00:00.000Z,5,Vancouver,118,8280.622
2025-11-13T07:00:00.000Z,6,Helsinki,118,8793.193
2025-11-13T07:00:00.000Z,7,Hong Kong,119,7584.509
2025-11-13T07:00:00.000Z,8,Riyadh,119,9412.03
2025-11-13T07:00:00.000Z,9,Paris,124,7776.589
2025-11-13T07:00:00.000Z,10,Madrid,124,8007.934
2025-11-13T07:00:00.000Z,11,Lagos,127,7473.216
2025-11-13T07:00:00.000Z,12,Zurich,127,8270.192
2025-11-13T07:00:00.000Z,13,Singapore,127,8531.651
2025-11-13T07:00:00.000Z,14,Rome,130,8075.466
2025-11-13T07:00:00.000Z,15,Chicago,131,8920.239
2025-11-13T07:00:00.000Z,16,Chennai,132,7206.782
2025-11-13T07:00:00.000Z,17,São Paulo,135,7723.806
2025-11-13T07:00:00.000Z,18,Shanghai,136,7414.725
2025-11-13T07:00:00.000Z,19,Dubai,136,7639.296
2025-11-13T07:00:00.000Z,20,Los Angeles,137,7369.978
2025-11-13T07:00:00.000Z,21,Bengaluru,138,7902.924
2025-11-13T07:00:00.000Z,22,Mexico City,138,8023.258
2025-11-13T07:00:00.000Z,23,Moscow,139,6791.8150000000005
2025-11-13T07:00:00.000Z,24,Stockholm,139,8143.606
2025-11-13T07:00:00.000Z,25,Osaka,141,7053.608
2025-11-13T07:00:00.000Z,26,Berlin,142,6917.005999999999
2025-11-13T07:00:00.000Z,27,Seoul,146,8003.8189999999995
2025-11-13T07:00:00.000Z,28,Manila,146,8465.07
2025-11-13T07:00:00.000Z,29,Cairo,147,6896.195
2025-11-13T07:00:00.000Z,30,Kolkata,147,7972.563
2025-11-13T07:00:00.000Z,31,Bangkok,150,6441.1140000000005
2025-11-13T07:00:00.000Z,32,Houston,150,6802.648999999999
2025-11-13T07:00:00.000Z,33,Melbourne,151,7337.855
2025-11-13T07:00:00.000Z,34,Buenos Aires,151,8800.503
2025-11-13T07:00:00.000Z,35,Ho Chi Minh City,152,7331.617
2025-11-13T07:00:00.000Z,36,San Francisco,152,8910.557
2025-11-13T07:00:00.000Z,37,Kuala Lumpur,153,7804.759
2025-11-13T07:00:00.000Z,38,Sydney,153,7833.743
2025-11-13T07:00:00.000Z,39,Nairobi,156,9078.309
2025-11-13T07:00:00.000Z,40,Jakarta,159,8291.459
2025-11-13T07:00:00.000Z,41,Karachi,167,8849.175
2025-11-13T07:00:00.000Z,42,Beijing,171,7689.879
2025-11-13T07:00:00.000Z,43,Mumbai,173,7135.275
2025-11-13T07:00:00.000Z,44,New York,173,7627.72
2025-11-13T07:00:00.000Z,45,Tokyo,174,7854.272
2025-11-13T07:00:00.000Z,46,Auckland,176,8790.664
2025-11-13T07:00:00.000Z,47,Delhi,177,7995.809
2025-11-13T07:00:00.000Z,48,Istanbul,179,8897.519
2025-11-13T07:00:00.000Z,49,Doha,186,6809.482
2025-11-13T07:00:00.000Z,50,Warsaw,197,8472.997
2025-11-13T08:00:00.000Z,1,Toronto,112,6412.4220000000005
2025-11-13T08:00:00.000Z,2,Tehran,113,7775.304
2025-11-13T08:00:00.000Z,3,Cape Town,113,8382.722
2025-11-13T08:00:00.000Z,4,London,116,8741.262999999999
2025-11-13T08:00:00.000Z,5,Vancouver,118,8277.348
2025-11-13T08:00:00.000Z,6,Hong Kong,119,7352.557
2025-11-13T08:00:00.000Z,7,Helsinki,119,8651.129
2025-11-13T08:00:00.000Z,8,Riyadh,119,9462.652
2025-11-13T08:00:00.000Z,9,Berlin,124,6084.201
2025-11-13T08:00:00.000Z,10,Madrid,124,7210.609
2025-11-13T08:00:00.000Z,11,Mexico City,125,7922.101000000001
2025-11-13T08:00:00.000Z,12,San Francisco,125,8655.913
2025-11-13T08:00:00.000Z,13,Lagos,127,7330.303
2025-11-13T08:00:00.000Z,14,Zurich,127,8337.366
2025-11-13T08:00:00.000Z,15,Singapore,127,8935.162
2025-11-13T08:00:00.000Z,16,Chicago,131,8451.874
2025-11-13T08:00:00.000Z,17,Chennai,132,7347.33
2025-11-13T08:00:00.000Z,18,Doha,133,7241.768
2025-11-13T08:00:00.000Z,19,São Paulo,135,7523.809
2025-11-13T08:00:00.000Z,20,Shanghai,136,7146.034
2025-11-13T08:00:00.000Z,21,Dubai,136,7894.458
2025-11-13T08:00:00.000Z,22,Los Angeles,137,7523.606
2025-11-13T08:00:00.000Z,23,Bengaluru,138,7695.789
2025-11-13T08:00:00.000Z,24,Rome,138,7714.469
2025-11-13T08:00:00.000Z,25,Moscow,139,6448.888
2025-11-13T08:00:00.000Z,26,Stockholm,139,8216.344000000001
2025-11-13T08:00:00.000Z,27,Paris,140,7228.01
2025-11-13T08:00:00.000Z,28,Osaka,141,6719.505
2025-11-13T08:00:00.000Z,29,Manila,144,8449.345
2025-11-13T08:00:00.000Z,30,Seoul,146,7818.956
2025-11-13T08:00:00.000Z,31,Cairo,147,7244.652
2025-11-13T08:00:00.000Z,32,Kolkata,147,7352.353999999999
2025-11-13T08:00:00.000Z,33,Bangkok,150,6949.443
2025-11-13T08:00:00.000Z,34,Houston,150,7160.997
2025-11-13T08:00:00.000Z,35,Melbourne,151,7586.975
2025-11-13T08:00:00.000Z,36,Buenos Aires,151,8053.718
2025-11-13T08:00:00.000Z,37,Ho Chi Minh City,152,7419.023
2025-11-13T08:00:00.000Z,38,Sydney,153,7667.369
2025-11-13T08:00:00.000Z,39,Kuala Lumpur,153,7879.749
2025-11-13T08:00:00.000Z,40,Nairobi,156,9411.711
2025-11-13T08:00:00.000Z,41,Delhi,158,7420.654
2025-11-13T08:00:00.000Z,42,Jakarta,159,7909.406
2025-11-13T08:00:00.000Z,43,Karachi,167,8676.54
2025-11-13T08:00:00.000Z,44,Beijing,171,7829.616
2025-11-13T08:00:00.000Z,45,Mumbai,173,7239.786
2025-11-13T08:00:00.000Z,46,New York,173,7349.289
2025-11-13T08:00:00.000Z,47,Tokyo,174,8088.161
2025-11-13T08:00:00.000Z,48,Auckland,176,8492.429
2025-11-13T08:00:00.000Z,49,Istanbul,179,8735.534
2025-11-13T08:00:00.000Z,50,Warsaw,197,7957.941000000001
2025-11-13T09:00:00.000Z,1,Toronto,112,6931.219
2025-11-13T09:00:00.000Z,2,Tehran,113,7572.737
2025-11-13T09:00:00.000Z,3,Cape Town,113,8270.444
2025-11-13T09:00:00.000Z,4,London,116,8199.066
2025-11-13T09:00:00.000Z,5,Vancouver,118,8796.694
2025-11-13T09:00:00.000Z,6,Hong Kong,119,7686.7
2025-11-13T09:00:00.000Z,7,Helsinki,119,9095.525
2025-11-13T09:00:00.000Z,8,Doha,121,7841.522
2025-11-13T09:00:00.000Z,9,Berlin,124,6111.6849999999995
2025-11-13T09:00:00.000Z,10,Madrid,124,6828.396
2025-11-13T09:00:00.000Z,11,Mexico City,125,7416.99
2025-11-13T09:00:00.000Z,12,San Francisco,125,8513.764
2025-11-13T09:00:00.000Z,13,Ho Chi Minh City,127,7367.16
2025-11-13T09:00:00.000Z,14,Zurich,127,8245.887999999999
2025-11-13T09:00:00.000Z,15,Singapore,127,8559.244
2025-11-13T09:00:00.000Z,16,Seoul,131,7856.735
2025-11-13T09:00:00.000Z,17,Chicago,131,8003.6669999999995
2025-11-13T09:00:00.000Z,18,Riyadh,131,9027.514
2025-11-13T09:00:00.000Z,19,Bengaluru,132,7444.829
2025-11-13T09:00:00.000Z,20,Chennai,132,7965.273999999999
2025-11-13T09:00:00.000Z,21,São Paulo,135,7783.339
2025-11-13T09:00:00.000Z,22,Shanghai,136,7245.927
2025-11-13T09:00:00.000Z,23,Cairo,136,7752.279
2025-11-13T09:00:00.000Z,24,Los Angeles,137,7667.471
2025-11-13T09:00:00.000Z,25,Rome,138,8222.681
2025-11-13T09:00:00.000Z,26,Moscow,139,6626.219
2025-11-13T09:00:00.000Z,27,Houston,139,7352.26
2025-11-13T09:00:00.000Z,28,Stockholm,139,8342.235
2025-11-13T09:00:00.000Z,29,Paris,140,7456.15
2025-11-13T09:00:00.000Z,30,Dubai,142,7916.643
2025-11-13T09:00:00.000Z,31,Manila,144,8315.391
2025-11-13T09:00:00.000Z,32,Kolkata,147,6815.159
2025-11-13T09:00:00.000Z,33,Osaka,150,6949.034
2025-11-13T09:00:00.000Z,34,Bangkok,150,7518.004
2025-11-13T09:00:00.000Z,35,Melbourne,151,7242.759
2025-11-13T09:00:00.000Z,36,Buenos Aires,151,9055.333999999999
2025-11-13T09:00:00.000Z,37,Kuala Lumpur,153,7786.54
2025-11-13T09:00:00.000Z,38,Sydney,153,7806.748
2025-11-13T09:00:00.000Z,39,Nairobi,156,9197.77
2025-11-13T09:00:00.000Z,40,Delhi,158,7947.1669999999995
2025-11-13T09:00:00.000Z,41,Jakarta,159,7700.101000000001
2025-11-13T09:00:00.000Z,42,Mumbai,160,7180.959
2025-11-13T09:00:00.000Z,43,Lagos,162,7183.488
2025-11-13T09:00:00.000Z,44,Karachi,167,8377.865
2025-11-13T09:00:00.000Z,45,Beijing,171,7579.062
2025-11-13T09:00:00.000Z,46,New York,173,6878.853
2025-11-13T09:00:00.000Z,47,Tokyo,174,8610.957
2025-11-13T09:00:00.000Z,48,Auckland,176,8583.772
2025-11-13T09:00:00.000Z,49,Istanbul,179,9118.642
2025-11-13T09:00:00.000Z,50,Warsaw,197,7915.761
2025-11-13T10:00:00.000Z,1,Berlin,110,6419.498
2025-11-13T10:00:00.000Z,2,Toronto,110,7051.383
2025-11-13T10:00:00.000Z,3,Tehran,113,7497.84
2025-11-13T10:00:00.000Z,4,Cape Town,114,7959.918
2025-11-13T10:00:00.000Z,5,London,116,7803.914
2025-11-13T10:00:00.000Z,6,Vancouver,118,8913.012999999999
2025-11-13T10:00:00.000Z,7,Hong Kong,119,7882.3369999999995
2025-11-13T10:00:00.000Z,8,Helsinki,119,8683.532
2025-11-13T10:00:00.000Z,9,Warsaw,120,7896.585999999999
2025-11-13T10:00:00.000Z,10,Ho Chi Minh City,123,7606.222
2025-11-13T10:00:00.000Z,11,Madrid,124,6828.836
2025-11-13T10:00:00.000Z,12,Mexico City,125,7153.416
2025-11-13T10:00:00.000Z,13,Singapore,127,8345.773000000001
2025-11-13T10:00:00.000Z,14,Chicago,131,7841.954
2025-11-13T10:00:00.000Z,15,Riyadh,131,8816.308
2025-11-13T10:00:00.000Z,16,Bengaluru,132,6546.661
2025-11-13T10:00:00.000Z,17,Doha,132,7815.223
2025-11-13T10:00:00.000Z,18,Chennai,132,7987.548000000001
2025-11-13T10:00:00.000Z,19,Sydney,132,8058.028
2025-11-13T10:00:00.000Z,20,São Paulo,135,7457.537
2025-11-13T10:00:00.000Z,21,Cairo,135,8375.994
2025-11-13T10:00:00.000Z,22,San Francisco,135,8800.868
2025-11-13T10:00:00.000Z,23,Shanghai,136,6952.377
2025-11-13T10:00:00.000Z,24,Los Angeles,137,8240.759
2025-11-13T10:00:00.000Z,25,Seoul,138,8153.367
2025-11-13T10:00:00.000Z,26,Rome,138,8433.974
2025-11-13T10:00:00.000Z,27,Moscow,139,7094.951
2025-11-13T10:00:00.000Z,28,Stockholm,139,8522.154
2025-11-13T10:00:00.000Z,29,Paris,140,7819.995000000001
2025-11-13T10:00:00.000Z,30,Dubai,142,8442.517
2025-11-13T10:00:00.000Z,31,Manila,144,7960.9310000000005
2025-11-13T10:00:00.000Z,32,Kolkata,147,6270.532999999999
2025-11-13T10:00:00.000Z,33,Zurich,149,8383.794
2025-11-13T10:00:00.000Z,34,Osaka,150,6466.371
2025-11-13T10:00:00.000Z,35,Melbourne,151,6681.0869999999995
2025-11-13T10:00:00.000Z,36,Bangkok,151,7444.473
2025-11-13T10:00:00.000Z,37,Buenos Aires,151,9079.778
2025-11-13T10:00:00.000Z,38,Auckland,152,8231.386
2025-11-13T10:00:00.000Z,39,Kuala Lumpur,153,7605.46
2025-11-13T10:00:00.000Z,40,Nairobi,156,9129.104
2025-11-13T10:00:00.000Z,41,Delhi,158,7377.022
2025-11-13T10:00:00.000Z,42,Jakarta,159,7148.282
2025-11-13T10:00:00.000Z,43,Mumbai,160,7435.395
2025-11-13T10:00:00.000Z,44,Lagos,162,6772.218
2025-11-13T10:00:00.000Z,45,New York,167,6812.992
2025-11-13T10:00:00.000Z,46,Karachi,167,8196.244999999999
2025-11-13T10:00:00.000Z,47,Beijing,171,7744.432
2025-11-13T10:00:00.000Z,48,Tokyo,174,8242.694
2025-11-13T10:00:00.000Z,49,Istanbul,179,9070.189
2025-11-13T10:00:00.000Z,50,Houston,187,7833.043
2025-11-13T11:00:00.000Z,1,Berlin,110,6797.156
2025-11-13T11:00:00.000Z,2,Toronto,110,7550.339
2025-11-13T11:00:00.000Z,3,Tehran,113,7787.072
2025-11-13T11:00:00.000Z,4,Vancouver,113,9227.128
2025-11-13T11:00:00.000Z,5,Cape Town,114,8165.977
2025-11-13T11:00:00.000Z,6,Kolkata,115,6343.513
2025-11-13T11:00:00.000Z,7,Helsinki,119,7792.191
2025-11-13T11:00:00.000Z,8,São Paulo,122,7230.992
2025-11-13T11:00:00.000Z,9,Ho Chi Minh City,123,6754.346
2025-11-13T11:00:00.000Z,10,Warsaw,124,7887.334
2025-11-13T11:00:00.000Z,11,Mexico City,125,6420.035
2025-11-13T11:00:00.000Z,12,Singapore,128,8668.766
2025-11-13T11:00:00.000Z,13,Riyadh,131,8766.237000000001
2025-11-13T11:00:00.000Z,14,Bengaluru,132,6440.654
2025-11-13T11:00:00.000Z,15,Chennai,132,8043.777
2025-11-13T11:00:00.000Z,16,Sydney,132,8459.493
2025-11-13T11:00:00.000Z,17,Hong Kong,134,8412.014
2025-11-13T11:00:00.000Z,18,Cairo,135,8526.598
2025-11-13T11:00:00.000Z,19,San Francisco,135,8796.891
2025-11-13T11:00:00.000Z,20,Shanghai,136,6957.008
2025-11-13T11:00:00.000Z,21,Los Angeles,137,8395.491
2025-11-13T11:00:00.000Z,22,Rome,138,8365.003
2025-11-13T11:00:00.000Z,23,Seoul,138,8454.125
2025-11-13T11:00:00.000Z,24,Moscow,139,7360.688
2025-11-13T11:00:00.000Z,25,Stockholm,139,8302.345
2025-11-13T11:00:00.000Z,26,Paris,140,7408.7880000000005
2025-11-13T11:00:00.000Z,27,London,140,7901.909
2025-11-13T11:00:00.000Z,28,Madrid,141,7088.449
2025-11-13T11:00:00.000Z,29,Dubai,142,8821.176
2025-11-13T11:00:00.000Z,30,Manila,144,7792.126
2025-11-13T11:00:00.000Z,31,Zurich,149,8569.625
2025-11-13T11:00:00.000Z,32,Osaka,150,7263.141
2025-11-13T11:00:00.000Z,33,Doha,150,8145.702
2025-11-13T11:00:00.000Z,34,Melbourne,151,6839.751
2025-11-13T11:00:00.000Z,35,Bangkok,151,7610.764
2025-11-13T11:00:00.000Z,36,Buenos Aires,151,8560.749
2025-11-13T11:00:00.000Z,37,Auckland,152,8229.528
2025-11-13T11:00:00.000Z,38,Kuala Lumpur,153,7770.81
2025-11-13T11:00:00.000Z,39,Chicago,156,7878.200000000001
2025-11-13T11:00:00.000Z,40,Nairobi,156,8674.069
2025-11-13T11:00:00.000Z,41,Delhi,158,7138.617
2025-11-13T11:00:00.000Z,42,Jakarta,159,7233.152
2025-11-13T11:00:00.000Z,43,Mumbai,160,7508.646
2025-11-13T11:00:00.000Z,44,Lagos,162,7358.58
2025-11-13T11:00:00.000Z,45,New York,167,7145.992
2025-11-13T11:00:00.000Z,46,Karachi,167,7978.664000000001
2025-11-13T11:00:00.000Z,47,Beijing,171,7536.741
2025-11-13T11:00:00.000Z,48,Tokyo,174,8473.485
2025-11-13T11:00:00.000Z,49,Istanbul,179,8738.619
2025-11-13T11:00:00.000Z,50,Houston,187,8429.47
2025-11-13T12:00:00.000Z,1,Toronto,110,7930.464
2025-11-13T12:00:00.000Z,2,Tehran,112,8031.07
2025-11-13T12:00:00.000Z,3,São Paulo,122,7267.025
2025-11-13T12:00:00.000Z,4,Helsinki,122,8221.658
2025-11-13T12:00:00.000Z,5,Ho Chi Minh City,123,6960.48
2025-11-13T12:00:00.000Z,6,Shanghai,124,7426.612
2025-11-13T12:00:00.000Z,7,Warsaw,124,7744.664
2025-11-13T12:00:00.000Z,8,Buenos Aires,128,8230.272
2025-11-13T12:00:00.000Z,9,Berlin,129,7466.012
2025-11-13T12:00:00.000Z,10,New York,129,7603.527
2025-11-13T12:00:00.000Z,11,Riyadh,131,8506.385
2025-11-13T12:00:00.000Z,12,Mexico City,132,6116.447
2025-11-13T12:00:00.000Z,13,Bengaluru,132,6965.32
2025-11-13T12:00:00.000Z,14,Sydney,132,8807.593
2025-11-13T12:00:00.000Z,15,Vancouver,132,9101.196
2025-11-13T12:00:00.000Z,16,Hong Kong,134,9056.51
2025-11-13T12:00:00.000Z,17,San Francisco,135,8429.85
2025-11-13T12:00:00.000Z,18,Cairo,135,8543.092
2025-11-13T12:00:00.000Z,19,Los Angeles,137,8361.733
2025-11-13T12:00:00.000Z,20,Seoul,138,7751.073
2025-11-13T12:00:00.000Z,21,Rome,138,8573.266
2025-11-13T12:00:00.000Z,22,Moscow,139,7476.0779999999995
2025-11-13T12:00:00.000Z,23,Stockholm,139,8572.927
2025-11-13T12:00:00.000Z,24,Paris,140,7345.47
2025-11-13T12:00:00.000Z,25,London,140,8322.824
2025-11-13T12:00:00.000Z,26,Dubai,142,8203.813
2025-11-13T12:00:00.000Z,27,Madrid,143,7651.789000000001
2025-11-13T12:00:00.000Z,28,Chennai,143,8379.484
2025-11-13T12:00:00.000Z,29,Manila,144,7722.39
2025-11-13T12:00:00.000Z,30,Nairobi,147,8528.748
2025-11-13T12:00:00.000Z,31,Zurich,149,7712.368
2025-11-13T12:00:00.000Z,32,Osaka,150,7537.955
2025-11-13T12:00:00.000Z,33,Doha,150,7839.145
2025-11-13T12:00:00.000Z,34,Melbourne,151,6873.487
2025-11-13T12:00:00.000Z,35,Bangkok,151,8373.466
2025-11-13T12:00:00.000Z,36,Cape Town,151,8646.858
2025-11-13T12:00:00.000Z,37,Auckland,152,8008.293
2025-11-13T12:00:00.000Z,38,Kuala Lumpur,153,7710.903
2025-11-13T12:00:00.000Z,39,Singapore,154,8904.097
2025-11-13T12:00:00.000Z,40,Istanbul,155,9045.215
2025-11-13T12:00:00.000Z,41,Chicago,156,7563.227
2025-11-13T12:00:00.000Z,42,Delhi,158,7295.967000000001
2025-11-13T12:00:00.000Z,43,Jakarta,159,6701.1849999999995
2025-11-13T12:00:00.000Z,44,Mumbai,160,7716.916
2025-11-13T12:00:00.000Z,45,Lagos,162,7676.3189999999995
2025-11-13T12:00:00.000Z,46,Karachi,167,7547.429
2025-11-13T12:00:00.000Z,47,Kolkata,168,6588.775
2025-11-13T12:00:00.000Z,48,Beijing,171,7445.589
2025-11-13T12:00:00.000Z,49,Tokyo,174,8173.519
2025-11-13T12:00:00.000Z,50,Houston,187,9105.697
2025-11-13T13:00:00.000Z,1,Tehran,112,8659.997
2025-11-13T13:00:00.000Z,2,Toronto,119,8177.121
2025-11-13T13:00:00.000Z,3,São Paulo,122,7567.25
2025-11-13T13:00:00.000Z,4,Ho Chi Minh City,123,6829.3060000000005
2025-11-13T13:00:00.000Z,5,Shanghai,124,7350.305
2025-11-13T13:00:00.000Z,6,Jakarta,126,6509.2029999999995
2025-11-13T13:00:00.000Z,7,Buenos Aires,128,7467.408
2025-11-13T13:00:00.000Z,8,Cairo,128,8387.895
2025-11-13T13:00:00.000Z,9,Berlin,129,7503.628000000001
2025-11-13T13:00:00.000Z,10,New York,129,7684.515
2025-11-13T13:00:00.000Z,11,Riyadh,131,8373.002
2025-11-13T13:00:00.000Z,12,Mexico City,132,5820.096
2025-11-13T13:00:00.000Z,13,Vancouver,132,8761.32
2025-11-13T13:00:00.000Z,14,Sydney,132,9315.501
2025-11-13T13:00:00.000Z,15,Bengaluru,134,7153.043
2025-11-13T13:00:00.000Z,16,Warsaw,134,8158.795
2025-11-13T13:00:00.000Z,17,Hong Kong,134,9152.242
2025-11-13T13:00:00.000Z,18,San Francisco,135,8545.792
2025-11-13T13:00:00.000Z,19,Los Angeles,137,8049.405
2025-11-13T13:00:00.000Z,20,Seoul,138,7643.639
2025-11-13T13:00:00.000Z,21,Rome,138,8861.437
2025-11-13T13:00:00.000Z,22,Moscow,139,7683.809
2025-11-13T13:00:00.000Z,23,Stockholm,139,9001.846
2025-11-13T13:00:00.000Z,24,Paris,140,7188.713
2025-11-13T13:00:00.000Z,25,Karachi,140,7499.975
2025-11-13T13:00:00.000Z,26,London,140,8108.023
2025-11-13T13:00:00.000Z,27,Dubai,142,8083.039
2025-11-13T13:00:00.000Z,28,Madrid,143,7408.676
2025-11-13T13:00:00.000Z,29,Manila,144,7878.237
2025-11-13T13:00:00.000Z,30,Helsinki,144,8237.729
2025-11-13T13:00:00.000Z,31,Istanbul,146,8784.334
2025-11-13T13:00:00.000Z,32,Nairobi,147,8597.944
2025-11-13T13:00:00.000Z,33,Zurich,149,7539.533
2025-11-13T13:00:00.000Z,34,Osaka,150,7558.773999999999
2025-11-13T13:00:00.000Z,35,Doha,150,7818.351
2025-11-13T13:00:00.000Z,36,Chennai,150,8284.279
2025-11-13T13:00:00.000Z,37,Melbourne,151,7205.419
2025-11-13T13:00:00.000Z,38,Cape Town,151,8209.682
2025-11-13T13:00:00.000Z,39,Bangkok,151,8389.063
2025-11-13T13:00:00.000Z,40,Auckland,152,8380.022
2025-11-13T13:00:00.000Z,41,Kuala Lumpur,153,7142.061
2025-11-13T13:00:00.000Z,42,Singapore,154,9473.078
2025-11-13T13:00:00.000Z,43,Chicago,156,8120.009
2025-11-13T13:00:00.000Z,44,Mumbai,160,8027.764
2025-11-13T13:00:00.000Z,45,Delhi,161,7842.3550000000005
2025-11-13T13:00:00.000Z,46,Lagos,162,8035.959
2025-11-13T13:00:00.000Z,47,Kolkata,168,6799.263
2025-11-13T13:00:00.000Z,48,Beijing,171,7629.388
2025-11-13T13:00:00.000Z,49,Tokyo,174,7478.646
2025-11-13T13:00:00.000Z,50,Houston,187,9289.132
2025-11-13T14:00:00.000Z,1,São Paulo,122,7807.561
2025-11-13T14:00:00.000Z,2,Moscow,122,7834.862
2025-11-13T14:00:00.000Z,3,Shanghai,124,7456.849
2025-11-13T14:00:00.000Z,4,Jakarta,126,6238.2029999999995
2025-11-13T14:00:00.000Z,5,Los Angeles,126,7704.454
2025-11-13T14:00:00.000Z,6,Stockholm,126,9074.617
2025-11-13T14:00:00.000Z,7,Manila,127,7915.571
2025-11-13T14:00:00.000Z,8,Cairo,128,8375.819
2025-11-13T14:00:00.000Z,9,Buenos Aires,129,7101.637000000001
2025-11-13T14:00:00.000Z,10,Berlin,129,7673.955
2025-11-13T14:00:00.000Z,11,Ho Chi Minh City,130,7197.272
2025-11-13T14:00:00.000Z,12,Riyadh,131,8286.804
2025-11-13T14:00:00.000Z,13,Mexico City,132,5770.762000000001
2025-11-13T14:00:00.000Z,14,Vancouver,132,8802.886
2025-11-13T14:00:00.000Z,15,Bengaluru,134,7186.603
2025-11-13T14:00:00.000Z,16,Warsaw,134,7925.701
2025-11-13T14:00:00.000Z,17,Hong Kong,134,9260.865
2025-11-13T14:00:00.000Z,18,San Francisco,135,8088.298
2025-11-13T14:00:00.000Z,19,Melbourne,138,7320.744000000001
2025-11-13T14:00:00.000Z,20,Seoul,138,7937.406
2025-11-13T14:00:00.000Z,21,Rome,138,8919.644
2025-11-13T14:00:00.000Z,22,Istanbul,139,8761.168
2025-11-13T14:00:00.000Z,23,Paris,140,7262.893
2025-11-13T14:00:00.000Z,24,Karachi,140,7684.722
2025-11-13T14:00:00.000Z,25,London,140,8384.568
2025-11-13T14:00:00.000Z,26,Dubai,142,8323.688
2025-11-13T14:00:00.000Z,27,Sydney,142,9513.88
2025-11-13T14:00:00.000Z,28,Madrid,143,7280.116
2025-11-13T14:00:00.000Z,29,Beijing,143,8101.49
2025-11-13T14:00:00.000Z,30,Helsinki,144,7801.102
2025-11-13T14:00:00.000Z,31,Nairobi,147,8840.165
2025-11-13T14:00:00.000Z,32,Zurich,149,7558.553
2025-11-13T14:00:00.000Z,33,Osaka,150,7909.791
2025-11-13T14:00:00.000Z,34,Doha,150,8204.064
2025-11-13T14:00:00.000Z,35,Auckland,150,8595.6
2025-11-13T14:00:00.000Z,36,Tehran,150,8781.087
2025-11-13T14:00:00.000Z,37,Chennai,150,8802.289
2025-11-13T14:00:00.000Z,38,Bangkok,151,7707.7300000000005
2025-11-13T14:00:00.000Z,39,Cape Town,151,8068.9490000000005
2025-11-13T14:00:00.000Z,40,Mumbai,151,8493.953
2025-11-13T14:00:00.000Z,41,Kuala Lumpur,153,7600.472
2025-11-13T14:00:00.000Z,42,Singapore,154,8787.958
2025-11-13T14:00:00.000Z,43,Chicago,156,7654.567999999999
2025-11-13T14:00:00.000Z,44,Toronto,156,8413.632
2025-11-13T14:00:00.000Z,45,Delhi,161,8167.831
2025-11-13T14:00:00.000Z,46,Lagos,162,7919.811
2025-11-13T14:00:00.000Z,47,New York,167,7885.969999999999
2025-11-13T14:00:00.000Z,48,Kolkata,168,6329.296
2025-11-13T14:00:00.000Z,49,Tokyo,174,7168.084
2025-11-13T14:00:00.000Z,50,Houston,187,9092.809
2025-11-13T15:00:00.000Z,1,Melbourne,108,7274.692
2025-11-13T15:00:00.000Z,2,Moscow,122,7603.338
2025-11-13T15:00:00.000Z,3,São Paulo,122,7983.019
2025-11-13T15:00:00.000Z,4,Shanghai,124,7967.821
2025-11-13T15:00:00.000Z,5,Jakarta,126,6322.138
2025-11-13T15:00:00.000Z,6,Los Angeles,126,7837.241
2025-11-13T15:00:00.000Z,7,Stockholm,126,8535.806
2025-11-13T15:00:00.000Z,8,Manila,127,7961.739
2025-11-13T15:00:00.000Z,9,Cairo,128,8713.925
2025-11-13T15:00:00.000Z,10,Berlin,130,7953.732
2025-11-13T15:00:00.000Z,11,Riyadh,131,7790.844
2025-11-13T15:00:00.000Z,12,Mexico City,132,6325.456
2025-11-13T15:00:00.000Z,13,Vancouver,132,8001.336
2025-11-13T15:00:00.000Z,14,Bengaluru,134,7394.343000000001
2025-11-13T15:00:00.000Z,15,Warsaw,134,7747.904
2025-11-13T15:00:00.000Z,16,Hong Kong,134,9418.341
2025-11-13T15:00:00.000Z,17,San Francisco,135,8528.192
2025-11-13T15:00:00.000Z,18,Seoul,138,7886.93
2025-11-13T15:00:00.000Z,19,Rome,138,9274.317
2025-11-13T15:00:00.000Z,20,Auckland,139,7663.752
2025-11-13T15:00:00.000Z,21,Istanbul,139,8442.596
2025-11-13T15:00:00.000Z,22,Karachi,140,7548.912
2025-11-13T15:00:00.000Z,23,Paris,140,7699.792
2025-11-13T15:00:00.000Z,24,London,140,8187.468
2025-11-13T15:00:00.000Z,25,Kuala Lumpur,141,7568.536
2025-11-13T15:00:00.000Z,26,Dubai,142,8267.271
2025-11-13T15:00:00.000Z,27,Sydney,142,8967.878
2025-11-13T15:00:00.000Z,28,Madrid,143,7782.234
2025-11-13T15:00:00.000Z,29,Beijing,143,7971.692
2025-11-13T15:00:00.000Z,30,Tokyo,144,7224.055
2025-11-13T15:00:00.000Z,31,Helsinki,144,8296.99
2025-11-13T15:00:00.000Z,32,Nairobi,147,8390.91
2025-11-13T15:00:00.000Z,33,Zurich,149,8189.4400000000005
2025-11-13T15:00:00.000Z,34,Buenos Aires,150,7398.6810000000005
2025-11-13T15:00:00.000Z,35,Doha,150,7736.253
2025-11-13T15:00:00.000Z,36,Osaka,150,7922.704
2025-11-13T15:00:00.000Z,37,Chennai,150,8350.219000000001
2025-11-13T15:00:00.000Z,38,Tehran,150,9031.093
2025-11-13T15:00:00.000Z,39,Ho Chi Minh City,151,7848.005999999999
2025-11-13T15:00:00.000Z,40,Bangkok,151,8573.148
2025-11-13T15:00:00.000Z,41,Mumbai,151,8725.694
2025-11-13T15:00:00.000Z,42,Cape Town,151,8731.85
2025-11-13T15:00:00.000Z,43,Singapore,154,7999.005
2025-11-13T15:00:00.000Z,44,Chicago,156,7322.05
2025-11-13T15:00:00.000Z,45,Toronto,156,8840.74
2025-11-13T15:00:00.000Z,46,Delhi,161,8516.391
2025-11-13T15:00:00.000Z,47,Lagos,162,8049.191000000001
2025-11-13T15:00:00.000Z,48,New York,167,7841.17
2025-11-13T15:00:00.000Z,49,Kolkata,168,6653.654
2025-11-13T15:00:00.000Z,50,Houston,187,8647.18
2025-11-13T16:00:00.000Z,1,Tokyo,101,6807.971
2025-11-13T16:00:00.000Z,2,Melbourne,108,8030.967000000001
2025-11-13T16:00:00.000Z,3,Cairo,115,8572.205
2025-11-13T16:00:00.000Z,4,Moscow,122,7598.193
2025-11-13T16:00:00.000Z,5,São Paulo,122,8195.637999999999
2025-11-13T16:00:00.000Z,6,Shanghai,126,7667.404
2025-11-13T16:00:00.000Z,7,Stockholm,126,8058.347
2025-11-13T16:00:00.000Z,8,Manila,127,7645.29
2025-11-13T16:00:00.000Z,9,Los Angeles,129,7701.071
2025-11-13T16:00:00.000Z,10,Berlin,130,8448.708
2025-11-13T16:00:00.000Z,11,Riyadh,131,7795.637000000001
2025-11-13T16:00:00.000Z,12,Mexico City,132,6314.671
2025-11-13T16:00:00.000Z,13,Warsaw,134,7735.255
2025-11-13T16:00:00.000Z,14,Hong Kong,134,9123.598
2025-11-13T16:00:00.000Z,15,San Francisco,135,8702.173999999999
2025-11-13T16:00:00.000Z,16,Rome,137,8943.082
2025-11-13T16:00:00.000Z,17,Seoul,138,8501.795
2025-11-13T16:00:00.000Z,18,Auckland,139,7873.21
2025-11-13T16:00:00.000Z,19,Paris,139,7967.524
2025-11-13T16:00:00.000Z,20,Vancouver,139,7982.529
2025-11-13T16:00:00.000Z,21,Istanbul,139,8138.795
2025-11-13T16:00:00.000Z,22,Karachi,140,7002.188
2025-11-13T16:00:00.000Z,23,London,140,7693.706
2025-11-13T16:00:00.000Z,24,Kuala Lumpur,141,7682.046
2025-11-13T16:00:00.000Z,25,Sydney,142,8424.399
2025-11-13T16:00:00.000Z,26,Dubai,142,8521.003
2025-11-13T16:00:00.000Z,27,Madrid,143,8055.345
2025-11-13T16:00:00.000Z,28,Beijing,143,8147.707
2025-11-13T16:00:00.000Z,29,Helsinki,144,8005.147
2025-11-13T16:00:00.000Z,30,Nairobi,147,8083.627
2025-11-13T16:00:00.000Z,31,Bengaluru,148,8538.267
2025-11-13T16:00:00.000Z,32,Zurich,149,8081.665
2025-11-13T16:00:00.000Z,33,Buenos Aires,150,8161.715
2025-11-13T16:00:00.000Z,34,Osaka,150,8339.98
2025-11-13T16:00:00.000Z,35,Chennai,150,8665.009
2025-11-13T16:00:00.000Z,36,Tehran,150,9084.49
2025-11-13T16:00:00.000Z,37,Ho Chi Minh City,151,7626.536
2025-11-13T16:00:00.000Z,38,Bangkok,151,8098.906
2025-11-13T16:00:00.000Z,39,Cape Town,151,8534.405999999999
2025-11-13T16:00:00.000Z,40,Mumbai,151,8571.143
2025-11-13T16:00:00.000Z,41,Singapore,154,7218.7029999999995
2025-11-13T16:00:00.000Z,42,Chicago,156,7851.093
2025-11-13T16:00:00.000Z,43,Toronto,156,8965.37
2025-11-13T16:00:00.000Z,44,Jakarta,158,6435.853
2025-11-13T16:00:00.000Z,45,Delhi,161,9132.509
2025-11-13T16:00:00.000Z,46,Lagos,162,8841.738
2025-11-13T16:00:00.000Z,47,New York,167,8138.521000000001
2025-11-13T16:00:00.000Z,48,Kolkata,168,7539.224
2025-11-13T16:00:00.000Z,49,Doha,173,7461.011
2025-11-13T16:00:00.000Z,50,Houston,187,8677.776
2025-11-13T17:00:00.000Z,1,Tokyo,101,6345.617
2025-11-13T17:00:00.000Z,2,Melbourne,107,8240.953
2025-11-13T17:00:00.000Z,3,Manila,111,7580.243
2025-11-13T17:00:00.000Z,4,São Paulo,114,7529.178
2025-11-13T17:00:00.000Z,5,Cairo,115,8414.347
2025-11-13T17:00:00.000Z,6,Moscow,118,7824.322
2025-11-13T17:00:00.000Z,7,Shanghai,126,8103.021
2025-11-13T17:00:00.000Z,8,Dubai,129,8628.444
2025-11-13T17:00:00.000Z,9,Riyadh,130,8233.98
2025-11-13T17:00:00.000Z,10,Berlin,130,8630.44
2025-11-13T17:00:00.000Z,11,Stockholm,133,8472.064
2025-11-13T17:00:00.000Z,12,Warsaw,134,8188.044
2025-11-13T17:00:00.000Z,13,San Francisco,135,8524.431
2025-11-13T17:00:00.000Z,14,Rome,136,9364.622
2025-11-13T17:00:00.000Z,15,Karachi,137,7448.3330000000005
2025-11-13T17:00:00.000Z,16,Seoul,138,8588.188
2025-11-13T17:00:00.000Z,17,Paris,139,7713.043
2025-11-13T17:00:00.000Z,18,Auckland,139,7719.022
2025-11-13T17:00:00.000Z,19,Vancouver,139,7743.285
2025-11-13T17:00:00.000Z,20,Istanbul,139,8245.361
2025-11-13T17:00:00.000Z,21,Kuala Lumpur,140,8128.063
2025-11-13T17:00:00.000Z,22,London,140,8280.014
2025-11-13T17:00:00.000Z,23,Sydney,142,8332.532
2025-11-13T17:00:00.000Z,24,Beijing,143,8229.582
2025-11-13T17:00:00.000Z,25,Madrid,143,8353.377
2025-11-13T17:00:00.000Z,26,Helsinki,144,7399.734
2025-11-13T17:00:00.000Z,27,Osaka,144,8636.516
2025-11-13T17:00:00.000Z,28,Hong Kong,145,8884.641
2025-11-13T17:00:00.000Z,29,Nairobi,147,8019.263
2025-11-13T17:00:00.000Z,30,Bengaluru,148,8672.9
2025-11-13T17:00:00.000Z,31,Zurich,149,7629.176
2025-11-13T17:00:00.000Z,32,Buenos Aires,150,7710.436
2025-11-13T17:00:00.000Z,33,Chennai,150,8646.092
2025-11-13T17:00:00.000Z,34,Tehran,150,9066.883
2025-11-13T17:00:00.000Z,35,Bangkok,151,7688.463
2025-11-13T17:00:00.000Z,36,Ho Chi Minh City,151,7705.229
2025-11-13T17:00:00.000Z,37,Cape Town,151,8662.208
2025-11-13T17:00:00.000Z,38,Singapore,154,7433.162
2025-11-13T17:00:00.000Z,39,Chicago,156,8507.111
2025-11-13T17:00:00.000Z,40,Lagos,156,8786.659
2025-11-13T17:00:00.000Z,41,Toronto,156,8810.889
2025-11-13T17:00:00.000Z,42,Jakarta,158,6409.727
2025-11-13T17:00:00.000Z,43,Delhi,161,8770.623
2025-11-13T17:00:00.000Z,44,Los Angeles,165,7408.986000000001
2025-11-13T17:00:00.000Z,45,New York,167,8748.585
2025-11-13T17:00:00.000Z,46,Kolkata,168,7578.1759999999995
2025-11-13T17:00:00.000Z,47,Mumbai,171,8744.858
2025-11-13T17:00:00.000Z,48,Doha,173,6836.289
2025-11-13T17:00:00.000Z,49,Mexico City,174,6317.674999999999
2025-11-13T17:00:00.000Z,50,Houston,187,8219.688
2025-11-13T18:00:00.000Z,1,Melbourne,107,8036.117
2025-11-13T18:00:00.000Z,2,São Paulo,113,7998.106
2025-11-13T18:00:00.000Z,3,Cairo,115,8318.276
2025-11-13T18:00:00.000Z,4,Moscow,118,7164.174
2025-11-13T18:00:00.000Z,5,San Francisco,123,8161.768
2025-11-13T18:00:00.000Z,6,Seoul,125,8000.69
2025-11-13T18:00:00.000Z,7,Shanghai,126,7978.251
2025-11-13T18:00:00.000Z,8,Berlin,130,8494.408
2025-11-13T18:00:00.000Z,9,Riyadh,130,8784.048
2025-11-13T18:00:00.000Z,10,Warsaw,134,8224.158
2025-11-13T18:00:00.000Z,11,Dubai,134,8351.181
2025-11-13T18:00:00.000Z,12,Houston,134,8356.97
2025-11-13T18:00:00.000Z,13,Rome,136,8714.861
2025-11-13T18:00:00.000Z,14,Karachi,137,7417.332
2025-11-13T18:00:00.000Z,15,Vancouver,139,7269.0
2025-11-13T18:00:00.000Z,16,Auckland,139,7656.971
2025-11-13T18:00:00.000Z,17,Paris,139,7874.79
2025-11-13T18:00:00.000Z,18,Istanbul,139,8461.299
2025-11-13T18:00:00.000Z,19,Kuala Lumpur,140,8123.395
2025-11-13T18:00:00.000Z,20,Stockholm,140,8316.931
2025-11-13T18:00:00.000Z,21,London,140,8448.128
2025-11-13T18:00:00.000Z,22,Bangkok,141,8052.995
2025-11-13T18:00:00.000Z,23,Manila,142,7203.237
2025-11-13T18:00:00.000Z,24,Sydney,142,8212.814
2025-11-13T18:00:00.000Z,25,Beijing,143,7825.398999999999
2025-11-13T18:00:00.000Z,26,Zurich,143,8105.4400000000005
2025-11-13T18:00:00.000Z,27,Madrid,143,8761.055
2025-11-13T18:00:00.000Z,28,Helsinki,144,7313.909
2025-11-13T18:00:00.000Z,29,Osaka,144,9429.626
2025-11-13T18:00:00.000Z,30,Tokyo,145,6208.589
2025-11-13T18:00:00.000Z,31,Hong Kong,145,8578.657
2025-11-13T18:00:00.000Z,32,Nairobi,147,8091.374
2025-11-13T18:00:00.000Z,33,Bengaluru,148,9280.679
2025-11-13T18:00:00.000Z,34,Buenos Aires,150,7452.436
2025-11-13T18:00:00.000Z,35,Tehran,150,9301.226
2025-11-13T18:00:00.000Z,36,Cape Town,151,8524.89
2025-11-13T18:00:00.000Z,37,Chennai,152,8445.237
2025-11-13T18:00:00.000Z,38,Singapore,154,7502.307
2025-11-13T18:00:00.000Z,39,Chicago,156,8115.133
2025-11-13T18:00:00.000Z,40,Toronto,156,8822.702
2025-11-13T18:00:00.000Z,41,Lagos,156,8841.913
2025-11-13T18:00:00.000Z,42,Jakarta,158,6356.069
2025-11-13T18:00:00.000Z,43,Delhi,161,8744.628
2025-11-13T18:00:00.000Z,44,Los Angeles,165,7299.093
2025-11-13T18:00:00.000Z,45,New York,167,8532.826000000001
2025-11-13T18:00:00.000Z,46,Kolkata,168,7321.659
2025-11-13T18:00:00.000Z,47,Mumbai,171,8385.289999999999
2025-11-13T18:00:00.000Z,48,Doha,173,7441.338
2025-11-13T18:00:00.000Z,49,Mexico City,174,6423.147
2025-11-13T18:00:00.000Z,50,Ho Chi Minh City,179,7632.043
2025-11-13T19:00:00.000Z,1,São Paulo,113,8007.753000000001
2025-11-13T19:00:00.000Z,2,Moscow,118,7491.636
2025-11-13T19:00:00.000Z,3,Melbourne,118,8239.976
2025-11-13T19:00:00.000Z,4,San Francisco,121,8160.622
2025-11-13T19:00:00.000Z,5,Seoul,125,8333.129
2025-11-13T19:00:00.000Z,6,Shanghai,126,8072.1
2025-11-13T19:00:00.000Z,7,Berlin,130,8014.575
2025-11-13T19:00:00.000Z,8,Cairo,130,8019.911
2025-11-13T19:00:00.000Z,9,London,130,8027.335
2025-11-13T19:00:00.000Z,10,Riyadh,130,9009.162
2025-11-13T19:00:00.000Z,11,Houston,134,7934.55
2025-11-13T19:00:00.000Z,12,Warsaw,134,8185.6849999999995
2025-11-13T19:00:00.000Z,13,Dubai,134,8379.425
2025-11-13T19:00:00.000Z,14,Rome,136,8566.319
2025-11-13T19:00:00.000Z,15,Chicago,137,8050.648
2025-11-13T19:00:00.000Z,16,Karachi,137,8138.585
2025-11-13T19:00:00.000Z,17,Vancouver,139,6917.558
2025-11-13T19:00:00.000Z,18,Auckland,139,7280.5380000000005
2025-11-13T19:00:00.000Z,19,Istanbul,139,8662.003
2025-11-13T19:00:00.000Z,20,Stockholm,140,8264.8
2025-11-13T19:00:00.000Z,21,Bangkok,141,8849.923
2025-11-13T19:00:00.000Z,22,Manila,142,7266.62
2025-11-13T19:00:00.000Z,23,Sydney,142,7376.493
2025-11-13T19:00:00.000Z,24,Kuala Lumpur,142,8259.699
2025-11-13T19:00:00.000Z,25,Zurich,143,7680.646
2025-11-13T19:00:00.000Z,26,Beijing,143,8080.623
2025-11-13T19:00:00.000Z,27,Madrid,143,8443.047999999999
2025-11-13T19:00:00.000Z,28,Helsinki,144,7769.064
2025-11-13T19:00:00.000Z,29,Osaka,144,9065.882
2025-11-13T19:00:00.000Z,30,Tokyo,145,5896.888
2025-11-13T19:00:00.000Z,31,Hong Kong,145,7879.992
2025-11-13T19:00:00.000Z,32,Nairobi,145,8355.751
2025-11-13T19:00:00.000Z,33,Bengaluru,148,9395.113000000001
2025-11-13T19:00:00.000Z,34,Tehran,150,9000.001
2025-11-13T19:00:00.000Z,35,Cape Town,151,7835.939
2025-11-13T19:00:00.000Z,36,Chennai,152,8459.516
2025-11-13T19:00:00.000Z,37,Buenos Aires,154,7419.728
2025-11-13T19:00:00.000Z,38,Singapore,154,7493.716
2025-11-13T19:00:00.000Z,39,Toronto,156,8462.199
2025-11-13T19:00:00.000Z,40,Lagos,156,8613.414
2025-11-13T19:00:00.000Z,41,Jakarta,158,6163.618
2025-11-13T19:00:00.000Z,42,Paris,160,8313.323
2025-11-13T19:00:00.000Z,43,Delhi,161,8973.612
2025-11-13T19:00:00.000Z,44,Los Angeles,165,7007.776
2025-11-13T19:00:00.000Z,45,New York,167,7979.184
2025-11-13T19:00:00.000Z,46,Kolkata,168,7561.904
2025-11-13T19:00:00.000Z,47,Mumbai,171,8746.396
2025-11-13T19:00:00.000Z,48,Doha,173,7433.433
2025-11-13T19:00:00.000Z,49,Mexico City,174,6979.855
2025-11-13T19:00:00.000Z,50,Ho Chi Minh City,179,8134.282999999999
2025-11-13T20:00:00.000Z,1,São Paulo,113,7797.364
2025-11-13T20:00:00.000Z,2,Singapore,117,7211.277
2025-11-13T20:00:00.000Z,3,Moscow,118,7099.352
2025-11-13T20:00:00.000Z,4,Cape Town,119,7294.366
2025-11-13T20:00:00.000Z,5,Melbourne,119,8421.307999999999
2025-11-13T20:00:00.000Z,6,San Francisco,121,8156.394
2025-11-13T20:00:00.000Z,7,Istanbul,122,8155.526
2025-11-13T20:00:00.000Z,8,Osaka,124,8668.015
2025-11-13T20:00:00.000Z,9,Shanghai,126,7542.338
2025-11-13T20:00:00.000Z,10,London,130,7591.258
2025-11-13T20:00:00.000Z,11,Berlin,130,7764.668
2025-11-13T20:00:00.000Z,12,Cairo,130,8426.931
2025-11-13T20:00:00.000Z,13,Riyadh,130,9120.536
2025-11-13T20:00:00.000Z,14,Madrid,133,8255.94
2025-11-13T20:00:00.000Z,15,Houston,134,7822.994000000001
2025-11-13T20:00:00.000Z,16,Warsaw,134,8462.171
2025-11-13T20:00:00.000Z,17,Dubai,134,8813.268
2025-11-13T20:00:00.000Z,18,Seoul,136,8275.285
2025-11-13T20:00:00.000Z,19,Rome,136,8712.915
2025-11-13T20:00:00.000Z,20,Chicago,137,7983.199
2025-11-13T20:00:00.000Z,21,Karachi,137,8399.499
2025-11-13T20:00:00.000Z,22,Kolkata,139,6971.077
2025-11-13T20:00:00.000Z,23,Vancouver,139,7127.341
2025-11-13T20:00:00.000Z,24,Auckland,139,7358.906
2025-11-13T20:00:00.000Z,25,Stockholm,140,7632.668
2025-11-13T20:00:00.000Z,26,Bangkok,141,8315.5
2025-11-13T20:00:00.000Z,27,Manila,142,7259.759
2025-11-13T20:00:00.000Z,28,Sydney,142,7552.137
2025-11-13T20:00:00.000Z,29,Kuala Lumpur,142,7791.246
2025-11-13T20:00:00.000Z,30,Beijing,143,7552.8330000000005
2025-11-13T20:00:00.000Z,31,Zurich,143,7990.269
2025-11-13T20:00:00.000Z,32,Helsinki,144,7183.918
2025-11-13T20:00:00.000Z,33,Tokyo,145,6395.891
2025-11-13T20:00:00.000Z,34,Hong Kong,145,8111.084
2025-11-13T20:00:00.000Z,35,Nairobi,145,8467.409
2025-11-13T20:00:00.000Z,36,Tehran,150,8822.52
2025-11-13T20:00:00.000Z,37,Chennai,152,7983.051
2025-11-13T20:00:00.000Z,38,Buenos Aires,154,7440.936
2025-11-13T20:00:00.000Z,39,Bengaluru,155,9295.401
2025-11-13T20:00:00.000Z,40,Toronto,156,8630.673
2025-11-13T20:00:00.000Z,41,Lagos,156,8811.569
2025-11-13T20:00:00.000Z,42,Jakarta,158,7246.704
2025-11-13T20:00:00.000Z,43,Paris,160,8365.456
2025-11-13T20:00:00.000Z,44,Delhi,161,9124.617
2025-11-13T20:00:00.000Z,45,Los Angeles,165,7563.233
2025-11-13T20:00:00.000Z,46,New York,167,7905.559
2025-11-13T20:00:00.000Z,47,Mumbai,171,8366.937
2025-11-13T20:00:00.000Z,48,Doha,173,7891.069
2025-11-13T20:00:00.000Z,49,Mexico City,174,7209.635
2025-11-13T20:00:00.000Z,50,Ho Chi Minh City,179,7998.9130000000005
2025-11-13T21:00:00.000Z,1,São Paulo,113,7571.531
2025-11-13T21:00:00.000Z,2,Moscow,118,7066.423
2025-11-13T21:00:00.000Z,3,Melbourne,119,8365.923999999999
2025-11-13T21:00:00.000Z,4,Singapore,120,6835.0509999999995
2025-11-13T21:00:00.000Z,5,San Francisco,121,8112.411
2025-11-13T21:00:00.000Z,6,Karachi,122,8266.351
2025-11-13T21:00:00.000Z,7,Osaka,124,8783.349
2025-11-13T21:00:00.000Z,8,Shanghai,126,7776.002
2025-11-13T21:00:00.000Z,9,Warsaw,127,8452.975
2025-11-13T21:00:00.000Z,10,Auckland,130,7231.365
2025-11-13T21:00:00.000Z,11,London,130,7666.664
2025-11-13T21:00:00.000Z,12,Berlin,130,7855.998
2025-11-13T21:00:00.000Z,13,Cairo,130,8460.67
2025-11-13T21:00:00.000Z,14,Istanbul,132,7835.344
2025-11-13T21:00:00.000Z,15,Riyadh,133,9410.593
2025-11-13T21:00:00.000Z,16,Houston,134,8131.658
2025-11-13T21:00:00.000Z,17,Dubai,134,8523.545
2025-11-13T21:00:00.000Z,18,Rome,136,7884.710999999999
2025-11-13T21:00:00.000Z,19,Seoul,136,8410.861
2025-11-13T21:00:00.000Z,20,Chicago,137,7827.861
2025-11-13T21:00:00.000Z,21,Cape Town,137,7877.41
2025-11-13T21:00:00.000Z,22,Madrid,137,8673.019
2025-11-13T21:00:00.000Z,23,Vancouver,139,7150.371
2025-11-13T21:00:00.000Z,24,Bangkok,141,8918.045
2025-11-13T21:00:00.000Z,25,Delhi,141,9543.843
2025-11-13T21:00:00.000Z,26,Sydney,142,7251.314
2025-11-13T21:00:00.000Z,27,Manila,142,7276.509
2025-11-13T21:00:00.000Z,28,Kuala Lumpur,142,8082.294
2025-11-13T21:00:00.000Z,29,Beijing,143,7280.493
2025-11-13T21:00:00.000Z,30,Zurich,143,7681.506
2025-11-13T21:00:00.000Z,31,Tokyo,145,6999.536
2025-11-13T21:00:00.000Z,32,Hong Kong,145,7127.2970000000005
2025-11-13T21:00:00.000Z,33,Nairobi,145,8595.64
2025-11-13T21:00:00.000Z,34,Kolkata,146,7266.52
2025-11-13T21:00:00.000Z,35,Helsinki,149,7292.687
2025-11-13T21:00:00.000Z,36,Tehran,150,8571.190999999999
2025-11-13T21:00:00.000Z,37,Chennai,152,8817.376
2025-11-13T21:00:00.000Z,38,Buenos Aires,154,7816.494
2025-11-13T21:00:00.000Z,39,Bengaluru,155,8936.946
2025-11-13T21:00:00.000Z,40,Lagos,156,8659.473
2025-11-13T21:00:00.000Z,41,Toronto,156,8955.535
2025-11-13T21:00:00.000Z,42,Jakarta,158,7236.217
2025-11-13T21:00:00.000Z,43,Paris,160,8778.838
2025-11-13T21:00:00.000Z,44,Los Angeles,165,8273.637
2025-11-13T21:00:00.000Z,45,New York,167,7565.952
2025-11-13T21:00:00.000Z,46,Mumbai,171,8456.581
2025-11-13T21:00:00.000Z,47,Doha,173,8144.721
2025-11-13T21:00:00.000Z,48,Mexico City,174,7530.098
2025-11-13T21:00:00.000Z,49,Stockholm,176,7471.654
2025-11-13T21:00:00.000Z,50,Ho Chi Minh City,179,8551.561
2025-11-13T22:00:00.000Z,1,Toronto,100,9003.292
2025-11-13T22:00:00.000Z,2,Osaka,102,8694.918
2025-11-13T22:00:00.000Z,3,São Paulo,113,7376.724
2025-11-13T22:00:00.000Z,4,Tehran,118,8135.191
2025-11-13T22:00:00.000Z,5,Melbourne,119,8442.413
2025-11-13T22:00:00.000Z,6,Singapore,120,6975.445
2025-11-13T22:00:00.000Z,7,Sydney,120,7259.423
2025-11-13T22:00:00.000Z,8,Moscow,121,6354.013
2025-11-13T22:00:00.000Z,9,San Francisco,121,8161.746
2025-11-13T22:00:00.000Z,10,Shanghai,126,7980.686
2025-11-13T22:00:00.000Z,11,Warsaw,127,8790.137
2025-11-13T22:00:00.000Z,12,Auckland,130,6620.137
2025-11-13T22:00:00.000Z,13,London,130,7611.784
2025-11-13T22:00:00.000Z,14,Cairo,130,8378.184
2025-11-13T22:00:00.000Z,15,Istanbul,132,7709.9400000000005
2025-11-13T22:00:00.000Z,16,Riyadh,133,9166.259
2025-11-13T22:00:00.000Z,17,Dubai,134,8022.455
2025-11-13T22:00:00.000Z,18,Berlin,134,8280.957
2025-11-13T22:00:00.000Z,19,Rome,136,7534.624
2025-11-13T22:00:00.000Z,20,Seoul,136,8926.909
2025-11-13T22:00:00.000Z,21,Madrid,137,8184.759
2025-11-13T22:00:00.000Z,22,Cape Town,137,8228.548999999999
2025-11-13T22:00:00.000Z,23,Chicago,138,7624.792
2025-11-13T22:00:00.000Z,24,Nairobi,138,8161.1810000000005
2025-11-13T22:00:00.000Z,25,Vancouver,139,7437.621
2025-11-13T22:00:00.000Z,26,Karachi,141,8150.632
2025-11-13T22:00:00.000Z,27,Bangkok,141,9160.591
2025-11-13T22:00:00.000Z,28,Delhi,141,9477.501
2025-11-13T22:00:00.000Z,29,Manila,142,7096.28
2025-11-13T22:00:00.000Z,30,Beijing,142,7332.4169999999995
2025-11-13T22:00:00.000Z,31,Kuala Lumpur,142,8209.025
2025-11-13T22:00:00.000Z,32,Zurich,143,7812.497
2025-11-13T22:00:00.000Z,33,Hong Kong,145,7082.745
2025-11-13T22:00:00.000Z,34,Tokyo,145,7477.276
2025-11-13T22:00:00.000Z,35,Houston,145,8179.179
2025-11-13T22:00:00.000Z,36,Kolkata,146,7370.897
2025-11-13T22:00:00.000Z,37,Helsinki,149,7672.027
2025-11-13T22:00:00.000Z,38,Chennai,152,8719.691
2025-11-13T22:00:00.000Z,39,Buenos Aires,154,8083.9529999999995
2025-11-13T22:00:00.000Z,40,Lagos,155,8961.556
2025-11-13T22:00:00.000Z,41,Bengaluru,155,9383.882
2025-11-13T22:00:00.000Z,42,Jakarta,158,7235.884
2025-11-13T22:00:00.000Z,43,Paris,160,8745.578
2025-11-13T22:00:00.000Z,44,Los Angeles,165,8381.344000000001
2025-11-13T22:00:00.000Z,45,Mumbai,171,8763.555
2025-11-13T22:00:00.000Z,46,Doha,173,8510.061
2025-11-13T22:00:00.000Z,47,Mexico City,174,7772.841
2025-11-13T22:00:00.000Z,48,New York,175,7253.659
2025-11-13T22:00:00.000Z,49,Stockholm,176,7580.388
2025-11-13T22:00:00.000Z,50,Ho Chi Minh City,179,8381.24
2025-11-13T23:00:00.000Z,1,Toronto,100,8272.663
2025-11-13T23:00:00.000Z,2,Tehran,115,7881.541
2025-11-13T23:00:00.000Z,3,Melbourne,119,8955.247
2025-11-13T23:00:00.000Z,4,Sydney,120,7548.341
2025-11-13T23:00:00.000Z,5,Singapore,120,7754.33
2025-11-13T23:00:00.000Z,6,San Francisco,121,8343.332
2025-11-13T23:00:00.000Z,7,São Paulo,126,7041.483
2025-11-13T23:00:00.000Z,8,Shanghai,126,7588.099
2025-11-13T23:00:00.000Z,9,Bangkok,128,9241.421
2025-11-13T23:00:00.000Z,10,Rome,129,7343.1669999999995
2025-11-13T23:00:00.000Z,11,London,130,7178.577
2025-11-13T23:00:00.000Z,12,Cairo,130,8124.698
2025-11-13T23:00:00.000Z,13,Osaka,131,8613.066
2025-11-13T23:00:00.000Z,14,Nairobi,132,8152.334
2025-11-13T23:00:00.000Z,15,Riyadh,133,9155.405999999999
2025-11-13T23:00:00.000Z,16,Dubai,134,7618.43
2025-11-13T23:00:00.000Z,17,Berlin,134,8225.749
2025-11-13T23:00:00.000Z,18,Seoul,136,8875.512
2025-11-13T23:00:00.000Z,19,Madrid,137,7492.198
2025-11-13T23:00:00.000Z,20,Cape Town,137,8316.492
2025-11-13T23:00:00.000Z,21,Chicago,138,7619.25
2025-11-13T23:00:00.000Z,22,Vancouver,139,7845.156
2025-11-13T23:00:00.000Z,23,Warsaw,140,8599.539
2025-11-13T23:00:00.000Z,24,Istanbul,141,7738.608
2025-11-13T23:00:00.000Z,25,Karachi,141,8502.55
2025-11-13T23:00:00.000Z,26,Delhi,141,9120.621
2025-11-13T23:00:00.000Z,27,Beijing,142,7673.674999999999
2025-11-13T23:00:00.000Z,28,Kuala Lumpur,142,8220.757
2025-11-13T23:00:00.000Z,29,Zurich,143,7589.374
2025-11-13T23:00:00.000Z,30,Hong Kong,145,7136.179
2025-11-13T23:00:00.000Z,31,Tokyo,145,7487.6720000000005
2025-11-13T23:00:00.000Z,32,Houston,145,8439.295
2025-11-13T23:00:00.000Z,33,Auckland,148,6764.793
2025-11-13T23:00:00.000Z,34,Manila,148,6961.639999999999
2025-11-13T23:00:00.000Z,35,Helsinki,149,7227.096
2025-11-13T23:00:00.000Z,36,Moscow,152,6163.561
2025-11-13T23:00:00.000Z,37,Chennai,152,8824.292
2025-11-13T23:00:00.000Z,38,Buenos Aires,154,8194.469000000001
2025-11-13T23:00:00.000Z,39,Lagos,155,9230.684
2025-11-13T23:00:00.000Z,40,Bengaluru,155,9516.853
2025-11-13T23:00:00.000Z,41,Jakarta,158,7627.62
2025-11-13T23:00:00.000Z,42,Paris,160,8608.558
2025-11-13T23:00:00.000Z,43,Los Angeles,165,8204.326000000001
2025-11-13T23:00:00.000Z,44,Mumbai,171,8732.849
2025-11-13T23:00:00.000Z,45,Doha,173,8252.599
2025-11-13T23:00:00.000Z,46,Mexico City,174,7452.093
2025-11-13T23:00:00.000Z,47,Kolkata,174,7584.115
2025-11-13T23:00:00.000Z,48,New York,175,7364.909
2025-11-13T23:00:00.000Z,49,Stockholm,176,8175.437
2025-11-13T23:00:00.000Z,50,Ho Chi Minh City,179,8554.069
2025-11-14T00:00:00.000Z,1,Shanghai,114,7849.155
2025-11-14T00:00:00.000Z,2,Melbourne,119,8650.116
2025-11-14T00:00:00.000Z,3,Nairobi,122,8145.454
2025-11-14T00:00:00.000Z,4,Sydney,123,7663.28
2025-11-14T00:00:00.000Z,5,São Paulo,126,6413.893
2025-11-14T00:00:00.000Z,6,Singapore,127,8017.514999999999
2025-11-14T00:00:00.000Z,7,San Francisco,127,8374.323
2025-11-14T00:00:00.000Z,8,Lagos,128,8696.53
2025-11-14T00:00:00.000Z,9,Rome,129,8264.247
2025-11-14T00:00:00.000Z,10,Cairo,130,7494.657999999999
2025-11-14T00:00:00.000Z,11,Osaka,131,8318.773
2025-11-14T00:00:00.000Z,12,Toronto,132,7974.305
2025-11-14T00:00:00.000Z,13,Jakarta,133,7229.191000000001
2025-11-14T00:00:00.000Z,14,Riyadh,133,9437.401
2025-11-14T00:00:00.000Z,15,Vancouver,134,7496.718000000001
2025-11-14T00:00:00.000Z,16,Dubai,134,7614.728
2025-11-14T00:00:00.000Z,17,Berlin,134,8153.601000000001
2025-11-14T00:00:00.000Z,18,Seoul,136,8679.131
2025-11-14T00:00:00.000Z,19,Cape Town,137,7819.289
2025-11-14T00:00:00.000Z,20,Chicago,138,7632.055
2025-11-14T00:00:00.000Z,21,Warsaw,140,8818.785
2025-11-14T00:00:00.000Z,22,Istanbul,141,8392.289
2025-11-14T00:00:00.000Z,23,Delhi,141,8839.914
2025-11-14T00:00:00.000Z,24,Beijing,142,7318.785
2025-11-14T00:00:00.000Z,25,Kuala Lumpur,142,8526.371
2025-11-14T00:00:00.000Z,26,Zurich,143,7428.45
2025-11-14T00:00:00.000Z,27,Tokyo,145,7191.653
2025-11-14T00:00:00.000Z,28,Houston,145,7487.597
2025-11-14T00:00:00.000Z,29,Hong Kong,145,7567.988
2025-11-14T00:00:00.000Z,30,Bangkok,145,9676.88
2025-11-14T00:00:00.000Z,31,London,147,8077.524
2025-11-14T00:00:00.000Z,32,Auckland,148,6954.884
2025-11-14T00:00:00.000Z,33,Manila,148,7122.92
2025-11-14T00:00:00.000Z,34,Helsinki,149,7780.719
2025-11-14T00:00:00.000Z,35,Moscow,152,6451.321
2025-11-14T00:00:00.000Z,36,Chennai,152,8313.652
2025-11-14T00:00:00.000Z,37,Doha,153,8292.515
2025-11-14T00:00:00.000Z,38,Buenos Aires,154,8349.068
2025-11-14T00:00:00.000Z,39,Bengaluru,155,8975.875
2025-11-14T00:00:00.000Z,40,Paris,160,8755.051
2025-11-14T00:00:00.000Z,41,Madrid,161,7736.961
2025-11-14T00:00:00.000Z,42,Mumbai,171,8387.456
2025-11-14T00:00:00.000Z,43,Karachi,171,9024.141
2025-11-14T00:00:00.000Z,44,Tehran,172,7873.864
2025-11-14T00:00:00.000Z,45,Kolkata,174,7303.983
2025-11-14T00:00:00.000Z,46,Mexico City,174,7749.894
2025-11-14T00:00:00.000Z,47,New York,175,7192.259
2025-11-14T00:00:00.000Z,48,Stockholm,176,8378.542
2025-11-14T00:00:00.000Z,49,Ho Chi Minh City,179,8740.815999999999
2025-11-14T00:00:00.000Z,50,Los Angeles,189,7706.049
2025-11-14T01:00:00.000Z,1,Hong Kong,115,7374.5650000000005
2025-11-14T01:00:00.000Z,2,Melbourne,119,8328.565999999999
2025-11-14T01:00:00.000Z,3,Rome,122,7341.828
2025-11-14T01:00:00.000Z,4,Nairobi,122,7854.327
2025-11-14T01:00:00.000Z,5,Sydney,123,6868.567
2025-11-14T01:00:00.000Z,6,São Paulo,126,7372.668
2025-11-14T01:00:00.000Z,7,Singapore,127,8294.336
2025-11-14T01:00:00.000Z,8,Lagos,128,8387.905999999999
2025-11-14T01:00:00.000Z,9,San Francisco,129,8409.639
2025-11-14T01:00:00.000Z,10,Cairo,130,7470.173
2025-11-14T01:00:00.000Z,11,Osaka,131,7926.789
2025-11-14T01:00:00.000Z,12,Toronto,132,8107.489
2025-11-14T01:00:00.000Z,13,Jakarta,133,7435.232
2025-11-14T01:00:00.000Z,14,Riyadh,133,8998.831
2025-11-14T01:00:00.000Z,15,Vancouver,134,7242.418
2025-11-14T01:00:00.000Z,16,Dubai,134,7829.16
2025-11-14T01:00:00.000Z,17,Berlin,134,7866.891
2025-11-14T01:00:00.000Z,18,Mumbai,136,8753.926
2025-11-14T01:00:00.000Z,19,Seoul,136,8818.883
2025-11-14T01:00:00.000Z,20,Cape Town,137,7945.563
2025-11-14T01:00:00.000Z,21,Chicago,138,7381.383
2025-11-14T01:00:00.000Z,22,Warsaw,140,8615.646999999999
2025-11-14T01:00:00.000Z,23,Istanbul,141,8008.627
2025-11-14T01:00:00.000Z,24,Delhi,141,8736.385
2025-11-14T01:00:00.000Z,25,Beijing,142,7367.769
2025-11-14T01:00:00.000Z,26,Kuala Lumpur,142,8540.125
2025-11-14T01:00:00.000Z,27,Zurich,143,7681.347
2025-11-14T01:00:00.000Z,28,Tokyo,145,7147.267
2025-11-14T01:00:00.000Z,29,Houston,145,7702.33
2025-11-14T01:00:00.000Z,30,Bangkok,145,9468.243
2025-11-14T01:00:00.000Z,31,London,147,7765.094999999999
2025-11-14T01:00:00.000Z,32,Auckland,148,6879.486
2025-11-14T01:00:00.000Z,33,Manila,148,7551.743
2025-11-14T01:00:00.000Z,34,Helsinki,149,7850.573
2025-11-14T01:00:00.000Z,35,Moscow,152,6285.692
2025-11-14T01:00:00.000Z,36,Chennai,152,7310.733
2025-11-14T01:00:00.000Z,37,Doha,153,8700.546
2025-11-14T01:00:00.000Z,38,Buenos Aires,154,8026.423
2025-11-14T01:00:00.000Z,39,Mexico City,155,7733.277
2025-11-14T01:00:00.000Z,40,Bengaluru,155,8751.325
2025-11-14T01:00:00.000Z,41,Paris,160,9405.596
2025-11-14T01:00:00.000Z,42,Madrid,161,8223.099
2025-11-14T01:00:00.000Z,43,Shanghai,167,7431.384
2025-11-14T01:00:00.000Z,44,Karachi,171,8955.579
2025-11-14T01:00:00.000Z,45,Tehran,172,7795.795
2025-11-14T01:00:00.000Z,46,Kolkata,174,7325.277
2025-11-14T01:00:00.000Z,47,New York,175,7065.23
2025-11-14T01:00:00.000Z,48,Stockholm,176,7613.989
2025-11-14T01:00:00.000Z,49,Ho Chi Minh City,179,8628.625
2025-11-14T01:00:00.000Z,50,Los Angeles,189,7791.88
2025-11-14T02:00:00.000Z,1,Chennai,109,7218.373
2025-11-14T02:00:00.000Z,2,Hong Kong,115,6885.48
2025-11-14T02:00:00.000Z,3,Nairobi,117,7558.362999999999
2025-11-14T02:00:00.000Z,4,Melbourne,119,8505.686
2025-11-14T02:00:00.000Z,5,Rome,122,7573.257
2025-11-14T02:00:00.000Z,6,São Paulo,126,7628.323
2025-11-14T02:00:00.000Z,7,Singapore,127,7763.344
2025-11-14T02:00:00.000Z,8,Lagos,128,8248.017
2025-11-14T02:00:00.000Z,9,Cairo,130,7257.077
2025-11-14T02:00:00.000Z,10,Dubai,130,8438.213
2025-11-14T02:00:00.000Z,11,Tokyo,133,6903.4529999999995
2025-11-14T02:00:00.000Z,12,Riyadh,133,8461.989
2025-11-14T02:00:00.000Z,13,Berlin,134,7974.297
2025-11-14T02:00:00.000Z,14,Vancouver,135,7146.554
2025-11-14T02:00:00.000Z,15,Mumbai,136,8882.798999999999
2025-11-14T02:00:00.000Z,16,Seoul,136,9192.121
2025-11-14T02:00:00.000Z,17,Chicago,138,8283.214
2025-11-14T02:00:00.000Z,18,Zurich,140,7642.722
2025-11-14T02:00:00.000Z,19,Warsaw,140,8618.162
2025-11-14T02:00:00.000Z,20,Osaka,141,7394.455
2025-11-14T02:00:00.000Z,21,Istanbul,141,7965.093
2025-11-14T02:00:00.000Z,22,Delhi,141,8914.142
2025-11-14T02:00:00.000Z,23,Kuala Lumpur,142,8750.349
2025-11-14T02:00:00.000Z,24,Beijing,143,7473.226
2025-11-14T02:00:00.000Z,25,Toronto,144,8474.987000000001
2025-11-14T02:00:00.000Z,26,Houston,145,7462.224
2025-11-14T02:00:00.000Z,27,Bangkok,145,9621.765
2025-11-14T02:00:00.000Z,28,Cape Town,146,8000.987
2025-11-14T02:00:00.000Z,29,London,147,7805.251
2025-11-14T02:00:00.000Z,30,Auckland,148,7548.791
2025-11-14T02:00:00.000Z,31,Manila,148,7973.322
2025-11-14T02:00:00.000Z,32,Helsinki,149,8377.905
2025-11-14T02:00:00.000Z,33,Moscow,152,6733.927
2025-11-14T02:00:00.000Z,34,Ho Chi Minh City,152,8442.3
2025-11-14T02:00:00.000Z,35,Doha,153,8039.714
2025-11-14T02:00:00.000Z,36,Buenos Aires,154,8611.530999999999
2025-11-14T02:00:00.000Z,37,Mexico City,155,7624.682
2025-11-14T02:00:00.000Z,38,Bengaluru,155,8576.715
2025-11-14T02:00:00.000Z,39,Paris,160,9221.837
2025-11-14T02:00:00.000Z,40,Madrid,161,7541.674
2025-11-14T02:00:00.000Z,41,Sydney,163,6961.874
2025-11-14T02:00:00.000Z,42,Jakarta,166,7945.393
2025-11-14T02:00:00.000Z,43,Shanghai,167,7384.739
2025-11-14T02:00:00.000Z,44,San Francisco,167,8379.835
2025-11-14T02:00:00.000Z,45,Karachi,171,9196.484
2025-11-14T02:00:00.000Z,46,Tehran,172,8105.311
2025-11-14T02:00:00.000Z,47,Kolkata,174,7481.707
2025-11-14T02:00:00.000Z,48,New York,175,7334.318
2025-11-14T02:00:00.000Z,49,Stockholm,176,7582.936
2025-11-14T02:00:00.000Z,50,Los Angeles,189,7737.367
2025-11-14T03:00:00.000Z,1,Chennai,109,6895.0160000000005
2025-11-14T03:00:00.000Z,2,Hong Kong,115,7093.55
2025-11-14T03:00:00.000Z,3,Nairobi,117,7385.668
2025-11-14T03:00:00.000Z,4,Melbourne,119,8028.985
2025-11-14T03:00:00.000Z,5,Rome,122,7965.3330000000005
2025-11-14T03:00:00.000Z,6,Mumbai,123,9375.774
2025-11-14T03:00:00.000Z,7,Dubai,125,8260.808
2025-11-14T03:00:00.000Z,8,São Paulo,126,7989.281
2025-11-14T03:00:00.000Z,9,Singapore,127,7612.8859999999995
2025-11-14T03:00:00.000Z,10,Cairo,128,7437.789000000001
2025-11-14T03:00:00.000Z,11,Delhi,128,8424.27
2025-11-14T03:00:00.000Z,12,Lagos,128,8460.439
2025-11-14T03:00:00.000Z,13,Tokyo,133,7214.163
2025-11-14T03:00:00.000Z,14,Riyadh,133,8410.127
2025-11-14T03:00:00.000Z,15,Berlin,134,7858.981
2025-11-14T03:00:00.000Z,16,Vancouver,135,7376.7029999999995
2025-11-14T03:00:00.000Z,17,Seoul,136,8977.246
2025-11-14T03:00:00.000Z,18,Chicago,138,8264.147
2025-11-14T03:00:00.000Z,19,Zurich,140,7704.731
2025-11-14T03:00:00.000Z,20,Osaka,141,7598.053
2025-11-14T03:00:00.000Z,21,Istanbul,141,7878.532
2025-11-14T03:00:00.000Z,22,Kuala Lumpur,141,8865.708
2025-11-14T03:00:00.000Z,23,Beijing,143,6849.193
2025-11-14T03:00:00.000Z,24,Doha,143,7733.964
2025-11-14T03:00:00.000Z,25,Toronto,144,8851.69
2025-11-14T03:00:00.000Z,26,Houston,145,7466.325000000001
2025-11-14T03:00:00.000Z,27,Buenos Aires,145,9292.856
2025-11-14T03:00:00.000Z,28,Bangkok,145,9352.811
2025-11-14T03:00:00.000Z,29,Cape Town,146,8121.514
2025-11-14T03:00:00.000Z,30,London,147,8178.697
2025-11-14T03:00:00.000Z,31,Manila,148,7577.418
2025-11-14T03:00:00.000Z,32,Auckland,148,7704.901
2025-11-14T03:00:00.000Z,33,Helsinki,149,8805.337
2025-11-14T03:00:00.000Z,34,Moscow,152,6579.8189999999995
2025-11-14T03:00:00.000Z,35,Ho Chi Minh City,152,8143.383
2025-11-14T03:00:00.000Z,36,Mexico City,155,7642.691
2025-11-14T03:00:00.000Z,37,Bengaluru,155,8542.256
2025-11-14T03:00:00.000Z,38,Paris,156,9151.712
2025-11-14T03:00:00.000Z,39,Madrid,161,7644.45
2025-11-14T03:00:00.000Z,40,Sydney,163,7597.192
2025-11-14T03:00:00.000Z,41,Jakarta,166,8085.492
2025-11-14T03:00:00.000Z,42,Shanghai,167,7285.851000000001
2025-11-14T03:00:00.000Z,43,San Francisco,167,8163.77
2025-11-14T03:00:00.000Z,44,Karachi,171,9010.751
2025-11-14T03:00:00.000Z,45,Tehran,172,8077.7
2025-11-14T03:00:00.000Z,46,Kolkata,174,7623.334
2025-11-14T03:00:00.000Z,47,New York,175,7441.963
2025-11-14T03:00:00.000Z,48,Stockholm,176,7526.58
2025-11-14T03:00:00.000Z,49,Warsaw,178,8858.005000000001
2025-11-14T03:00:00.000Z,50,Los Angeles,189,7613.558
2025-11-14T04:00:00.000Z,1,Chennai,109,7607.707
2025-11-14T04:00:00.000Z,2,Hong Kong,115,6707.425
2025-11-14T04:00:00.000Z,3,Melbourne,116,8099.752
2025-11-14T04:00:00.000Z,4,Seoul,116,9143.99
2025-11-14T04:00:00.000Z,5,Nairobi,117,7010.112999999999
2025-11-14T04:00:00.000Z,6,Rome,120,7701.3060000000005
2025-11-14T04:00:00.000Z,7,Mumbai,123,9584.806
2025-11-14T04:00:00.000Z,8,Dubai,125,8190.814
2025-11-14T04:00:00.000Z,9,São Paulo,126,8144.238
2025-11-14T04:00:00.000Z,10,Singapore,127,8273.757
2025-11-14T04:00:00.000Z,11,Cairo,128,7186.1990000000005
2025-11-14T04:00:00.000Z,12,Delhi,128,7762.45
2025-11-14T04:00:00.000Z,13,Lagos,128,8211.01
2025-11-14T04:00:00.000Z,14,Bengaluru,129,8772.354
2025-11-14T04:00:00.000Z,15,Tokyo,133,7101.789
2025-11-14T04:00:00.000Z,16,Riyadh,133,8728.045
2025-11-14T04:00:00.000Z,17,Berlin,134,7745.745
2025-11-14T04:00:00.000Z,18,Vancouver,135,7316.938
2025-11-14T04:00:00.000Z,19,Chicago,138,8220.939
2025-11-14T04:00:00.000Z,20,Zurich,140,7809.912
2025-11-14T04:00:00.000Z,21,Osaka,141,7321.946
2025-11-14T04:00:00.000Z,22,Istanbul,141,7885.447
2025-11-14T04:00:00.000Z,23,Kuala Lumpur,141,8745.356
2025-11-14T04:00:00.000Z,24,Beijing,143,7602.546
2025-11-14T04:00:00.000Z,25,Doha,143,7677.282999999999
2025-11-14T04:00:00.000Z,26,Toronto,144,8714.77
2025-11-14T04:00:00.000Z,27,Houston,145,6961.898
2025-11-14T04:00:00.000Z,28,Buenos Aires,145,9096.089
2025-11-14T04:00:00.000Z,29,Bangkok,145,9227.863
2025-11-14T04:00:00.000Z,30,Cape Town,146,7997.594
2025-11-14T04:00:00.000Z,31,London,147,8391.002
2025-11-14T04:00:00.000Z,32,Auckland,148,7493.657
2025-11-14T04:00:00.000Z,33,Manila,148,8037.975
2025-11-14T04:00:00.000Z,34,Helsinki,149,9122.439
2025-11-14T04:00:00.000Z,35,Moscow,152,6616.9580000000005
2025-11-14T04:00:00.000Z,36,Ho Chi Minh City,152,8184.041
2025-11-14T04:00:00.000Z,37,Mexico City,155,8229.605
2025-11-14T04:00:00.000Z,38,Paris,156,9334.672
2025-11-14T04:00:00.000Z,39,Madrid,161,7889.335
2025-11-14T04:00:00.000Z,40,Sydney,163,7031.398
2025-11-14T04:00:00.000Z,41,Jakarta,166,7048.799999999999
2025-11-14T04:00:00.000Z,42,Shanghai,167,7900.862999999999
2025-11-14T04:00:00.000Z,43,San Francisco,167,8440.806
2025-11-14T04:00:00.000Z,44,Karachi,171,9072.18
2025-11-14T04:00:00.000Z,45,Tehran,172,8021.599
2025-11-14T04:00:00.000Z,46,Kolkata,174,7644.767
2025-11-14T04:00:00.000Z,47,New York,175,7464.182
2025-11-14T04:00:00.000Z,48,Warsaw,178,8775.64
2025-11-14T04:00:00.000Z,49,Los Angeles,189,7699.012000000001
2025-11-14T04:00:00.000Z,50,Stockholm,196,8074.344
2025-11-14T05:00:00.000Z,1,Hong Kong,115,7072.853
2025-11-14T05:00:00.000Z,2,Seoul,116,8841.64
2025-11-14T05:00:00.000Z,3,Buenos Aires,116,9116.667
2025-11-14T05:00:00.000Z,4,Chennai,118,6778.005
2025-11-14T05:00:00.000Z,5,Bengaluru,119,8884.136
2025-11-14T05:00:00.000Z,6,Rome,120,8231.867
2025-11-14T05:00:00.000Z,7,Tokyo,123,6797.415
2025-11-14T05:00:00.000Z,8,Mumbai,123,9337.34
2025-11-14T05:00:00.000Z,9,Nairobi,124,6802.857
2025-11-14T05:00:00.000Z,10,Mexico City,124,7680.117
2025-11-14T05:00:00.000Z,11,Delhi,128,7455.731
2025-11-14T05:00:00.000Z,12,Cairo,128,7581.626
2025-11-14T05:00:00.000Z,13,Lagos,128,9002.78
2025-11-14T05:00:00.000Z,14,Dubai,131,8203.546
2025-11-14T05:00:00.000Z,15,Riyadh,132,8361.038
2025-11-14T05:00:00.000Z,16,Berlin,134,7921.895
2025-11-14T05:00:00.000Z,17,Melbourne,134,8277.203
2025-11-14T05:00:00.000Z,18,Vancouver,135,7681.394
2025-11-14T05:00:00.000Z,19,Chicago,138,8062.903
2025-11-14T05:00:00.000Z,20,Osaka,141,6784.3369999999995
2025-11-14T05:00:00.000Z,21,São Paulo,142,8583.519
2025-11-14T05:00:00.000Z,22,Kuala Lumpur,142,8724.083
2025-11-14T05:00:00.000Z,23,Doha,143,7334.0869999999995
2025-11-14T05:00:00.000Z,24,Beijing,143,7788.957
2025-11-14T05:00:00.000Z,25,Toronto,144,8568.4
2025-11-14T05:00:00.000Z,26,Houston,145,6701.995
2025-11-14T05:00:00.000Z,27,Singapore,145,7913.677
2025-11-14T05:00:00.000Z,28,Bangkok,145,8379.081
2025-11-14T05:00:00.000Z,29,Zurich,146,8049.767
2025-11-14T05:00:00.000Z,30,Helsinki,146,9223.02
2025-11-14T05:00:00.000Z,31,London,147,7998.793
2025-11-14T05:00:00.000Z,32,Auckland,148,7583.467000000001
2025-11-14T05:00:00.000Z,33,Istanbul,148,8131.773999999999
2025-11-14T05:00:00.000Z,34,Manila,148,8323.546
2025-11-14T05:00:00.000Z,35,Moscow,152,6465.6720000000005
2025-11-14T05:00:00.000Z,36,Ho Chi Minh City,152,7564.192
2025-11-14T05:00:00.000Z,37,Cape Town,155,7942.513999999999
2025-11-14T05:00:00.000Z,38,Paris,156,9113.943
2025-11-14T05:00:00.000Z,39,Madrid,161,7454.469
2025-11-14T05:00:00.000Z,40,Sydney,163,7412.33
2025-11-14T05:00:00.000Z,41,Jakarta,166,7041.889
2025-11-14T05:00:00.000Z,42,Shanghai,167,7774.0650000000005
2025-11-14T05:00:00.000Z,43,San Francisco,167,8556.695
2025-11-14T05:00:00.000Z,44,Karachi,171,9240.901
2025-11-14T05:00:00.000Z,45,Tehran,172,7890.314
2025-11-14T05:00:00.000Z,46,Kolkata,174,7430.269
2025-11-14T05:00:00.000Z,47,New York,175,7924.63
2025-11-14T05:00:00.000Z,48,Warsaw,178,8472.943
2025-11-14T05:00:00.000Z,49,Los Angeles,189,7420.927
2025-11-14T05:00:00.000Z,50,Stockholm,196,7785.974
2025-11-14T06:00:00.000Z,1,Berlin,113,7752.615
2025-11-14T06:00:00.000Z,2,Hong Kong,114,7190.084
2025-11-14T06:00:00.000Z,3,Seoul,116,8340.491
2025-11-14T06:00:00.000Z,4,Chennai,118,6533.65
2025-11-14T06:00:00.000Z,5,Bengaluru,119,8140.7919999999995
2025-11-14T06:00:00.000Z,6,Rome,120,8656.637
2025-11-14T06:00:00.000Z,7,Tokyo,123,6625.199
2025-11-14T06:00:00.000Z,8,Mumbai,123,8371.319
2025-11-14T06:00:00.000Z,9,Nairobi,124,6594.84
2025-11-14T06:00:00.000Z,10,Delhi,128,7362.154
2025-11-14T06:00:00.000Z,11,Cairo,128,7723.946
2025-11-14T06:00:00.000Z,12,Lagos,128,8358.48
2025-11-14T06:00:00.000Z,13,Ho Chi Minh City,129,7426.835
2025-11-14T06:00:00.000Z,14,Buenos Aires,130,9257.931
2025-11-14T06:00:00.000Z,15,Dubai,131,8360.841
2025-11-14T06:00:00.000Z,16,Riyadh,132,8608.892
2025-11-14T06:00:00.000Z,17,Melbourne,134,8123.198
2025-11-14T06:00:00.000Z,18,Vancouver,135,7683.276
2025-11-14T06:00:00.000Z,19,Chicago,137,8375.094000000001
2025-11-14T06:00:00.000Z,20,Houston,138,7062.124
2025-11-14T06:00:00.000Z,21,Osaka,141,6622.966
2025-11-14T06:00:00.000Z,22,Kuala Lumpur,142,7728.983
2025-11-14T06:00:00.000Z,23,São Paulo,142,8384.603
2025-11-14T06:00:00.000Z,24,Doha,143,7034.921
2025-11-14T06:00:00.000Z,25,New York,143,7688.713
2025-11-14T06:00:00.000Z,26,Beijing,143,8198.02
2025-11-14T06:00:00.000Z,27,Toronto,144,8470.527
2025-11-14T06:00:00.000Z,28,Singapore,145,7764.644
2025-11-14T06:00:00.000Z,29,Bangkok,145,8160.412
2025-11-14T06:00:00.000Z,30,Zurich,146,8157.364
2025-11-14T06:00:00.000Z,31,Helsinki,146,9347.49
2025-11-14T06:00:00.000Z,32,London,147,7972.321
2025-11-14T06:00:00.000Z,33,Auckland,148,7992.383
2025-11-14T06:00:00.000Z,34,Istanbul,148,8157.273
2025-11-14T06:00:00.000Z,35,Manila,148,8679.393
2025-11-14T06:00:00.000Z,36,Moscow,152,6871.149
2025-11-14T06:00:00.000Z,37,Cape Town,155,7078.986
2025-11-14T06:00:00.000Z,38,Paris,156,9276.506
2025-11-14T06:00:00.000Z,39,Madrid,161,7501.555
2025-11-14T06:00:00.000Z,40,Sydney,163,7929.323
2025-11-14T06:00:00.000Z,41,Jakarta,166,7111.051
2025-11-14T06:00:00.000Z,42,Shanghai,167,7254.95
2025-11-14T06:00:00.000Z,43,San Francisco,167,8594.611
2025-11-14T06:00:00.000Z,44,Karachi,171,9812.985
2025-11-14T06:00:00.000Z,45,Tehran,172,7847.116
2025-11-14T06:00:00.000Z,46,Kolkata,174,7234.885
2025-11-14T06:00:00.000Z,47,Warsaw,187,8178.335
2025-11-14T06:00:00.000Z,48,Los Angeles,189,7201.371
2025-11-14T06:00:00.000Z,49,Stockholm,196,7144.802
2025-11-14T06:00:00.000Z,50,Mexico City,196,7717.67
2025-11-14T07:00:00.000Z,1,Lagos,101,8290.763
2025-11-14T07:00:00.000Z,2,Berlin,105,7912.880999999999
2025-11-14T07:00:00.000Z,3,Moscow,113,7031.351000000001
2025-11-14T07:00:00.000Z,4,Hong Kong,114,7122.687
2025-11-14T07:00:00.000Z,5,Kolkata,117,7259.263
2025-11-14T07:00:00.000Z,6,Chennai,118,6202.941000000001
2025-11-14T07:00:00.000Z,7,Bengaluru,119,8075.48
2025-11-14T07:00:00.000Z,8,Seoul,119,8271.201000000001
2025-11-14T07:00:00.000Z,9,Rome,120,8576.109
2025-11-14T07:00:00.000Z,10,Mumbai,123,8598.86
2025-11-14T07:00:00.000Z,11,Manila,127,8322.485
2025-11-14T07:00:00.000Z,12,Delhi,128,8256.32
2025-11-14T07:00:00.000Z,13,Tokyo,129,6601.652
2025-11-14T07:00:00.000Z,14,Ho Chi Minh City,129,7006.678
2025-11-14T07:00:00.000Z,15,Buenos Aires,130,9132.818
2025-11-14T07:00:00.000Z,16,Dubai,131,8570.865
2025-11-14T07:00:00.000Z,17,Riyadh,132,9129.35
2025-11-14T07:00:00.000Z,18,Vancouver,135,7681.353
2025-11-14T07:00:00.000Z,19,Melbourne,135,8222.271
2025-11-14T07:00:00.000Z,20,Nairobi,137,6564.037
2025-11-14T07:00:00.000Z,21,Chicago,137,8595.272
2025-11-14T07:00:00.000Z,22,Houston,138,7171.818
2025-11-14T07:00:00.000Z,23,Osaka,141,7211.239
2025-11-14T07:00:00.000Z,24,Kuala Lumpur,142,8053.53
2025-11-14T07:00:00.000Z,25,Auckland,142,8277.923
2025-11-14T07:00:00.000Z,26,New York,143,7538.1359999999995
2025-11-14T07:00:00.000Z,27,Beijing,143,7542.193
2025-11-14T07:00:00.000Z,28,Doha,144,7046.561
2025-11-14T07:00:00.000Z,29,Toronto,144,8513.722
2025-11-14T07:00:00.000Z,30,Singapore,145,7927.853
2025-11-14T07:00:00.000Z,31,São Paulo,145,8710.325
2025-11-14T07:00:00.000Z,32,Zurich,146,8155.114
2025-11-14T07:00:00.000Z,33,Helsinki,146,9407.197
2025-11-14T07:00:00.000Z,34,London,147,7912.911
2025-11-14T07:00:00.000Z,35,Cairo,147,7957.88
2025-11-14T07:00:00.000Z,36,Paris,147,9010.439
2025-11-14T07:00:00.000Z,37,Istanbul,148,8560.881000000001
2025-11-14T07:00:00.000Z,38,Cape Town,155,6758.254
2025-11-14T07:00:00.000Z,39,Madrid,161,8082.594999999999
2025-11-14T07:00:00.000Z,40,Sydney,163,7190.555
2025-11-14T07:00:00.000Z,41,Bangkok,165,7929.698
2025-11-14T07:00:00.000Z,42,Jakarta,166,7026.084
2025-11-14T07:00:00.000Z,43,Shanghai,167,7550.4310000000005
2025-11-14T07:00:00.000Z,44,San Francisco,167,8611.746
2025-11-14T07:00:00.000Z,45,Karachi,171,9502.136
2025-11-14T07:00:00.000Z,46,Tehran,172,8102.0689999999995
2025-11-14T07:00:00.000Z,47,Warsaw,187,8438.947
2025-11-14T07:00:00.000Z,48,Los Angeles,189,7079.12
2025-11-14T07:00:00.000Z,49,Stockholm,196,6588.287
2025-11-14T07:00:00.000Z,50,Mexico City,196,7591.237999999999
2025-11-14T08:00:00.000Z,1,Lagos,103,8265.567
2025-11-14T08:00:00.000Z,2,Berlin,105,7808.782999999999
2025-11-14T08:00:00.000Z,3,Houston,112,7493.158
2025-11-14T08:00:00.000Z,4,Moscow,113,6634.812
2025-11-14T08:00:00.000Z,5,Hong Kong,114,7185.091
2025-11-14T08:00:00.000Z,6,Kolkata,117,7361.294
2025-11-14T08:00:00.000Z,7,Chennai,118,6902.346
2025-11-14T08:00:00.000Z,8,Seoul,119,8718.76
2025-11-14T08:00:00.000Z,9,Mumbai,120,8773.892
2025-11-14T08:00:00.000Z,10,Bengaluru,124,7915.611
2025-11-14T08:00:00.000Z,11,Manila,127,8656.409
2025-11-14T08:00:00.000Z,12,Delhi,128,8207.19
2025-11-14T08:00:00.000Z,13,Ho Chi Minh City,129,6724.852
2025-11-14T08:00:00.000Z,14,Tokyo,129,7478.25
2025-11-14T08:00:00.000Z,15,Buenos Aires,130,8373.492
2025-11-14T08:00:00.000Z,16,Dubai,131,8122.17
2025-11-14T08:00:00.000Z,17,Rome,132,7945.6
2025-11-14T08:00:00.000Z,18,Riyadh,132,8988.264
2025-11-14T08:00:00.000Z,19,Auckland,134,8213.8
2025-11-14T08:00:00.000Z,20,Melbourne,135,7831.204
2025-11-14T08:00:00.000Z,21,Vancouver,135,8893.762999999999
2025-11-14T08:00:00.000Z,22,Madrid,136,8074.121
2025-11-14T08:00:00.000Z,23,Nairobi,137,6886.012000000001
2025-11-14T08:00:00.000Z,24,Los Angeles,137,7382.529
2025-11-14T08:00:00.000Z,25,Chicago,137,8098.678
2025-11-14T08:00:00.000Z,26,Karachi,139,9566.676
2025-11-14T08:00:00.000Z,27,Osaka,141,7657.603
2025-11-14T08:00:00.000Z,28,Kuala Lumpur,142,7571.755
2025-11-14T08:00:00.000Z,29,Tehran,142,7615.5419999999995
2025-11-14T08:00:00.000Z,30,New York,142,7672.647
2025-11-14T08:00:00.000Z,31,Beijing,143,7340.27
2025-11-14T08:00:00.000Z,32,London,143,7776.929
2025-11-14T08:00:00.000Z,33,Doha,144,6990.3730000000005
2025-11-14T08:00:00.000Z,34,Toronto,144,8733.365
2025-11-14T08:00:00.000Z,35,Singapore,145,7907.496
2025-11-14T08:00:00.000Z,36,Zurich,146,8596.436
2025-11-14T08:00:00.000Z,37,Helsinki,146,8821.705
2025-11-14T08:00:00.000Z,38,Paris,147,8404.422
2025-11-14T08:00:00.000Z,39,Cairo,147,8478.67
2025-11-14T08:00:00.000Z,40,São Paulo,147,9437.64
2025-11-14T08:00:00.000Z,41,Istanbul,148,8395.338
2025-11-14T08:00:00.000Z,42,Cape Town,155,7307.907999999999
2025-11-14T08:00:00.000Z,43,Sydney,163,7697.255999999999
2025-11-14T08:00:00.000Z,44,Bangkok,165,7753.077
2025-11-14T08:00:00.000Z,45,Jakarta,166,7558.893
2025-11-14T08:00:00.000Z,46,Shanghai,167,7827.25
2025-11-14T08:00:00.000Z,47,San Francisco,167,8153.2
2025-11-14T08:00:00.000Z,48,Warsaw,187,8772.816
2025-11-14T08:00:00.000Z,49,Stockholm,196,6691.9
2025-11-14T08:00:00.000Z,50,Mexico City,196,7211.085
2025-11-14T09:00:00.000Z,1,Houston,112,7913.691
2025-11-14T09:00:00.000Z,2,Hong Kong,114,7338.523
2025-11-14T09:00:00.000Z,3,Berlin,114,8149.977
2025-11-14T09:00:00.000Z,4,Kolkata,117,7869.605
2025-11-14T09:00:00.000Z,5,Chennai,118,7420.678
2025-11-14T09:00:00.000Z,6,Lagos,118,8291.476999999999
2025-11-14T09:00:00.000Z,7,Mumbai,120,8433.186
2025-11-14T09:00:00.000Z,8,Bengaluru,124,7804.65
2025-11-14T09:00:00.000Z,9,Seoul,125,8154.54
2025-11-14T09:00:00.000Z,10,Tokyo,129,7363.207
2025-11-14T09:00:00.000Z,11,Paris,129,7629.942
2025-11-14T09:00:00.000Z,12,Buenos Aires,130,8350.2
2025-11-14T09:00:00.000Z,13,Moscow,131,6911.5419999999995
2025-11-14T09:00:00.000Z,14,Dubai,131,7799.491
2025-11-14T09:00:00.000Z,15,Rome,132,8032.549
2025-11-14T09:00:00.000Z,16,Riyadh,132,8936.032
2025-11-14T09:00:00.000Z,17,Melbourne,135,7698.8060000000005
2025-11-14T09:00:00.000Z,18,Vancouver,135,8744.573
2025-11-14T09:00:00.000Z,19,Madrid,136,7684.301
2025-11-14T09:00:00.000Z,20,Los Angeles,137,6955.639
2025-11-14T09:00:00.000Z,21,Chicago,137,7703.423
2025-11-14T09:00:00.000Z,22,Manila,138,8619.291
2025-11-14T09:00:00.000Z,23,Karachi,139,9521.23
2025-11-14T09:00:00.000Z,24,Nairobi,140,7429.37
2025-11-14T09:00:00.000Z,25,Auckland,140,8342.51
2025-11-14T09:00:00.000Z,26,Ho Chi Minh City,141,6900.285
2025-11-14T09:00:00.000Z,27,Kuala Lumpur,142,6961.563
2025-11-14T09:00:00.000Z,28,Tehran,142,7408.053
2025-11-14T09:00:00.000Z,29,New York,142,7546.366
2025-11-14T09:00:00.000Z,30,Beijing,143,7052.639
2025-11-14T09:00:00.000Z,31,London,143,7342.794
2025-11-14T09:00:00.000Z,32,Doha,144,6934.624
2025-11-14T09:00:00.000Z,33,Toronto,144,8374.632
2025-11-14T09:00:00.000Z,34,Singapore,145,7552.783
2025-11-14T09:00:00.000Z,35,Osaka,146,7320.941
2025-11-14T09:00:00.000Z,36,Zurich,146,8054.648999999999
2025-11-14T09:00:00.000Z,37,Delhi,146,8418.327
2025-11-14T09:00:00.000Z,38,Helsinki,146,8890.063
2025-11-14T09:00:00.000Z,39,Cairo,147,8636.751
2025-11-14T09:00:00.000Z,40,São Paulo,147,8698.878
2025-11-14T09:00:00.000Z,41,Istanbul,148,8523.225
2025-11-14T09:00:00.000Z,42,Cape Town,155,7563.054
2025-11-14T09:00:00.000Z,43,Sydney,163,8157.701
2025-11-14T09:00:00.000Z,44,Shanghai,165,7549.369000000001
2025-11-14T09:00:00.000Z,45,Bangkok,165,8298.675
2025-11-14T09:00:00.000Z,46,Jakarta,166,7390.803
2025-11-14T09:00:00.000Z,47,San Francisco,167,8113.457
2025-11-14T09:00:00.000Z,48,Warsaw,187,8384.233
2025-11-14T09:00:00.000Z,49,Stockholm,196,7092.605
2025-11-14T09:00:00.000Z,50,Mexico City,196,7123.779
2025-11-14T10:00:00.000Z,1,Houston,112,7500.8240000000005
2025-11-14T10:00:00.000Z,2,Hong Kong,114,8070.067999999999
2025-11-14T10:00:00.000Z,3,Berlin,114,8283.028
2025-11-14T10:00:00.000Z,4,Kolkata,117,7816.259
2025-11-14T10:00:00.000Z,5,Chennai,118,7379.2919999999995
2025-11-14T10:00:00.000Z,6,Beijing,120,7453.186
2025-11-14T10:00:00.000Z,7,Mumbai,120,8660.26
2025-11-14T10:00:00.000Z,8,Paris,123,7392.97
2025-11-14T10:00:00.000Z,9,Bengaluru,124,8062.926
2025-11-14T10:00:00.000Z,10,Vancouver,125,8890.757
2025-11-14T10:00:00.000Z,11,Karachi,128,10015.346
2025-11-14T10:00:00.000Z,12,Tokyo,129,7659.684
2025-11-14T10:00:00.000Z,13,Moscow,131,6774.856
2025-11-14T10:00:00.000Z,14,Dubai,131,6954.46
2025-11-14T10:00:00.000Z,15,Rome,132,8074.947
2025-11-14T10:00:00.000Z,16,Riyadh,132,8833.318
2025-11-14T10:00:00.000Z,17,Buenos Aires,134,8063.273
2025-11-14T10:00:00.000Z,18,Melbourne,135,7683.968
2025-11-14T10:00:00.000Z,19,Madrid,136,8597.409
2025-11-14T10:00:00.000Z,20,Chicago,137,6988.428
2025-11-14T10:00:00.000Z,21,Los Angeles,137,7113.139
2025-11-14T10:00:00.000Z,22,Jakarta,137,7949.719
2025-11-14T10:00:00.000Z,23,Seoul,138,7669.277
2025-11-14T10:00:00.000Z,24,Manila,138,8277.876
2025-11-14T10:00:00.000Z,25,Toronto,139,8279.338
2025-11-14T10:00:00.000Z,26,Auckland,140,7932.526
2025-11-14T10:00:00.000Z,27,Ho Chi Minh City,141,6838.388
2025-11-14T10:00:00.000Z,28,San Francisco,141,7832.186
2025-11-14T10:00:00.000Z,29,Tehran,142,7066.624
2025-11-14T10:00:00.000Z,30,New York,142,7259.674
2025-11-14T10:00:00.000Z,31,Kuala Lumpur,142,7282.705
2025-11-14T10:00:00.000Z,32,London,143,7262.816
2025-11-14T10:00:00.000Z,33,Sydney,143,8131.6990000000005
2025-11-14T10:00:00.000Z,34,Doha,144,7189.4619999999995
2025-11-14T10:00:00.000Z,35,Singapore,145,7584.322
2025-11-14T10:00:00.000Z,36,Osaka,146,6979.094999999999
2025-11-14T10:00:00.000Z,37,Zurich,146,8265.405999999999
2025-11-14T10:00:00.000Z,38,Delhi,146,8519.886
2025-11-14T10:00:00.000Z,39,Helsinki,146,8728.836
2025-11-14T10:00:00.000Z,40,São Paulo,147,8138.9130000000005
2025-11-14T10:00:00.000Z,41,Cairo,147,8674.986
2025-11-14T10:00:00.000Z,42,Istanbul,148,8021.5869999999995
2025-11-14T10:00:00.000Z,43,Lagos,149,8554.779
2025-11-14T10:00:00.000Z,44,Cape Town,155,7659.456
2025-11-14T10:00:00.000Z,45,Nairobi,156,7461.49
2025-11-14T10:00:00.000Z,46,Shanghai,159,7876.215
2025-11-14T10:00:00.000Z,47,Bangkok,165,7764.481
2025-11-14T10:00:00.000Z,48,Warsaw,187,8007.639
2025-11-14T10:00:00.000Z,49,Stockholm,196,7064.063
2025-11-14T10:00:00.000Z,50,Mexico City,196,7103.046
2025-11-14T11:00:00.000Z,1,Hong Kong,114,7867.313
2025-11-14T11:00:00.000Z,2,Kolkata,117,7849.859
2025-11-14T11:00:00.000Z,3,Riyadh,119,9088.321
2025-11-14T11:00:00.000Z,4,Beijing,120,7696.596
2025-11-14T11:00:00.000Z,5,Mumbai,120,7933.463
2025-11-14T11:00:00.000Z,6,Paris,123,7236.7029999999995
2025-11-14T11:00:00.000Z,7,Bengaluru,124,8269.52
2025-11-14T11:00:00.000Z,8,Berlin,124,8288.892
2025-11-14T11:00:00.000Z,9,Vancouver,125,9280.355
2025-11-14T11:00:00.000Z,10,Karachi,126,9925.738
2025-11-14T11:00:00.000Z,11,Tokyo,129,7590.879
2025-11-14T11:00:00.000Z,12,Moscow,131,6329.4
2025-11-14T11:00:00.000Z,13,Dubai,131,6918.637000000001
2025-11-14T11:00:00.000Z,14,Rome,132,7785.847
2025-11-14T11:00:00.000Z,15,Buenos Aires,134,8302.737000000001
2025-11-14T11:00:00.000Z,16,Melbourne,135,7527.832
2025-11-14T11:00:00.000Z,17,Madrid,136,8680.43
2025-11-14T11:00:00.000Z,18,Los Angeles,137,7439.396
2025-11-14T11:00:00.000Z,19,Jakarta,137,8485.262999999999
2025-11-14T11:00:00.000Z,20,Seoul,138,8187.582
2025-11-14T11:00:00.000Z,21,Manila,138,8489.677
2025-11-14T11:00:00.000Z,22,Auckland,140,8408.161
2025-11-14T11:00:00.000Z,23,Ho Chi Minh City,141,6720.958
2025-11-14T11:00:00.000Z,24,San Francisco,141,7613.775
2025-11-14T11:00:00.000Z,25,Tehran,142,7321.595
2025-11-14T11:00:00.000Z,26,New York,142,7513.836
2025-11-14T11:00:00.000Z,27,Kuala Lumpur,142,7546.2080000000005
2025-11-14T11:00:00.000Z,28,London,143,6847.8009999999995
2025-11-14T11:00:00.000Z,29,Sydney,143,7350.986
2025-11-14T11:00:00.000Z,30,Doha,144,7736.781
2025-11-14T11:00:00.000Z,31,Toronto,145,8056.873
2025-11-14T11:00:00.000Z,32,Osaka,146,7078.706
2025-11-14T11:00:00.000Z,33,Helsinki,146,8238.437
2025-11-14T11:00:00.000Z,34,Zurich,146,8278.253
2025-11-14T11:00:00.000Z,35,Delhi,146,8626.488
2025-11-14T11:00:00.000Z,36,São Paulo,147,7675.034
2025-11-14T11:00:00.000Z,37,Cairo,147,8606.289999999999
2025-11-14T11:00:00.000Z,38,Istanbul,148,7897.115
2025-11-14T11:00:00.000Z,39,Lagos,149,8030.3240000000005
2025-11-14T11:00:00.000Z,40,Cape Town,155,7531.909
2025-11-14T11:00:00.000Z,41,Nairobi,156,7569.991
2025-11-14T11:00:00.000Z,42,Houston,156,7750.5830000000005
2025-11-14T11:00:00.000Z,43,Chennai,157,7226.954
2025-11-14T11:00:00.000Z,44,Singapore,157,7707.246
2025-11-14T11:00:00.000Z,45,Shanghai,159,7596.517
2025-11-14T11:00:00.000Z,46,Bangkok,165,7729.6939999999995
2025-11-14T11:00:00.000Z,47,Chicago,174,6834.526
2025-11-14T11:00:00.000Z,48,Warsaw,187,7607.2699999999995
2025-11-14T11:00:00.000Z,49,Mexico City,196,6914.159
2025-11-14T11:00:00.000Z,50,Stockholm,196,7282.275
2025-11-14T12:00:00.000Z,1,Paris,106,7056.567
2025-11-14T12:00:00.000Z,2,Hong Kong,114,7916.237
2025-11-14T12:00:00.000Z,3,Kolkata,119,7479.62
2025-11-14T12:00:00.000Z,4,Riyadh,119,8503.042
2025-11-14T12:00:00.000Z,5,Mumbai,120,7367.610000000001
2025-11-14T12:00:00.000Z,6,Beijing,120,8045.783
2025-11-14T12:00:00.000Z,7,Helsinki,121,8210.8
2025-11-14T12:00:00.000Z,8,Berlin,124,8161.281
2025-11-14T12:00:00.000Z,9,Bengaluru,124,8305.642
2025-11-14T12:00:00.000Z,10,Vancouver,125,9342.166
2025-11-14T12:00:00.000Z,11,Tokyo,129,7012.311
2025-11-14T12:00:00.000Z,12,Moscow,131,5946.1900000000005
2025-11-14T12:00:00.000Z,13,Dubai,131,7257.121
2025-11-14T12:00:00.000Z,14,Madrid,131,8349.684
2025-11-14T12:00:00.000Z,15,Rome,132,7582.84
2025-11-14T12:00:00.000Z,16,Buenos Aires,134,8281.01
2025-11-14T12:00:00.000Z,17,Melbourne,135,7688.384
2025-11-14T12:00:00.000Z,18,Karachi,135,9436.775
2025-11-14T12:00:00.000Z,19,Los Angeles,137,7036.78
2025-11-14T12:00:00.000Z,20,Jakarta,137,9258.099
2025-11-14T12:00:00.000Z,21,Seoul,138,7952.907
2025-11-14T12:00:00.000Z,22,Manila,138,8093.2970000000005
2025-11-14T12:00:00.000Z,23,Auckland,140,8501.369999999999
2025-11-14T12:00:00.000Z,24,Ho Chi Minh City,141,6661.781
2025-11-14T12:00:00.000Z,25,San Francisco,141,7559.969
2025-11-14T12:00:00.000Z,26,New York,142,7174.6630000000005
2025-11-14T12:00:00.000Z,27,Tehran,142,7442.511
2025-11-14T12:00:00.000Z,28,Kuala Lumpur,142,8013.9169999999995
2025-11-14T12:00:00.000Z,29,London,143,6963.223
2025-11-14T12:00:00.000Z,30,Sydney,143,7660.6720000000005
2025-11-14T12:00:00.000Z,31,Doha,144,7514.746999999999
2025-11-14T12:00:00.000Z,32,Osaka,146,7307.403
2025-11-14T12:00:00.000Z,33,Zurich,146,7871.18
2025-11-14T12:00:00.000Z,34,Delhi,146,9119.708
2025-11-14T12:00:00.000Z,35,São Paulo,147,7397.176
2025-11-14T12:00:00.000Z,36,Cairo,147,8769.158
2025-11-14T12:00:00.000Z,37,Istanbul,148,7758.004
2025-11-14T12:00:00.000Z,38,Lagos,149,8277.957
2025-11-14T12:00:00.000Z,39,Toronto,150,7598.75
2025-11-14T12:00:00.000Z,40,Stockholm,154,6971.29
2025-11-14T12:00:00.000Z,41,Cape Town,155,7840.724
2025-11-14T12:00:00.000Z,42,Houston,156,8134.906
2025-11-14T12:00:00.000Z,43,Nairobi,156,8360.036
2025-11-14T12:00:00.000Z,44,Chennai,157,6428.477
2025-11-14T12:00:00.000Z,45,Singapore,157,7121.5650000000005
2025-11-14T12:00:00.000Z,46,Shanghai,159,7382.965
2025-11-14T12:00:00.000Z,47,Bangkok,165,7857.941
2025-11-14T12:00:00.000Z,48,Chicago,174,6382.131
2025-11-14T12:00:00.000Z,49,Warsaw,187,7464.652
2025-11-14T12:00:00.000Z,50,Mexico City,196,6850.385
2025-11-14T13:00:00.000Z,1,Hong Kong,114,8048.041
2025-11-14T13:00:00.000Z,2,Cape Town,115,7485.77
2025-11-14T13:00:00.000Z,3,Mumbai,116,7496.131
2025-11-14T13:00:00.000Z,4,Zurich,116,8051.49
2025-11-14T13:00:00.000Z,5,Sydney,119,7323.664
2025-11-14T13:00:00.000Z,6,Beijing,119,8581.243
2025-11-14T13:00:00.000Z,7,Riyadh,119,8888.053
2025-11-14T13:00:00.000Z,8,Helsinki,121,7799.374
2025-11-14T13:00:00.000Z,9,Kolkata,123,6997.937
2025-11-14T13:00:00.000Z,10,Berlin,124,7689.552
2025-11-14T13:00:00.000Z,11,Bengaluru,124,7870.062
2025-11-14T13:00:00.000Z,12,Vancouver,125,8979.144
2025-11-14T13:00:00.000Z,13,Paris,128,7295.075
2025-11-14T13:00:00.000Z,14,Moscow,131,6456.545
2025-11-14T13:00:00.000Z,15,Dubai,131,7024.254
2025-11-14T13:00:00.000Z,16,Istanbul,131,7914.427
2025-11-14T13:00:00.000Z,17,Madrid,131,8866.074
2025-11-14T13:00:00.000Z,18,Rome,132,7432.558999999999
2025-11-14T13:00:00.000Z,19,Melbourne,135,7182.89
2025-11-14T13:00:00.000Z,20,Karachi,135,9056.855
2025-11-14T13:00:00.000Z,21,Los Angeles,137,6960.594
2025-11-14T13:00:00.000Z,22,Jakarta,137,9628.186
2025-11-14T13:00:00.000Z,23,Tokyo,138,7115.089
2025-11-14T13:00:00.000Z,24,Seoul,138,7852.438
2025-11-14T13:00:00.000Z,25,Manila,138,7879.4
2025-11-14T13:00:00.000Z,26,Auckland,140,8617.019
2025-11-14T13:00:00.000Z,27,Ho Chi Minh City,141,7022.101000000001
2025-11-14T13:00:00.000Z,28,Kuala Lumpur,141,8088.816
2025-11-14T13:00:00.000Z,29,Tehran,142,7033.647
2025-11-14T13:00:00.000Z,30,New York,142,7238.23
2025-11-14T13:00:00.000Z,31,London,143,7491.610000000001
2025-11-14T13:00:00.000Z,32,Doha,144,7859.37
2025-11-14T13:00:00.000Z,33,Buenos Aires,144,8617.192000000001
2025-11-14T13:00:00.000Z,34,Osaka,146,7518.739
2025-11-14T13:00:00.000Z,35,Delhi,146,9289.358
2025-11-14T13:00:00.000Z,36,São Paulo,147,7447.1939999999995
2025-11-14T13:00:00.000Z,37,Cairo,147,8617.209
2025-11-14T13:00:00.000Z,38,Lagos,149,7982.704
2025-11-14T13:00:00.000Z,39,Toronto,150,7787.566000000001
2025-11-14T13:00:00.000Z,40,Stockholm,154,7396.421
2025-11-14T13:00:00.000Z,41,San Francisco,154,7444.87
2025-11-14T13:00:00.000Z,42,Nairobi,156,8387.274
2025-11-14T13:00:00.000Z,43,Houston,156,8633.988
2025-11-14T13:00:00.000Z,44,Chennai,157,6442.424
2025-11-14T13:00:00.000Z,45,Singapore,157,7528.954
2025-11-14T13:00:00.000Z,46,Shanghai,159,7970.88
2025-11-14T13:00:00.000Z,47,Bangkok,165,8195.492
2025-11-14T13:00:00.000Z,48,Chicago,174,6002.489
2025-11-14T13:00:00.000Z,49,Warsaw,187,7006.789000000001
2025-11-14T13:00:00.000Z,50,Mexico City,196,6976.15
2025-11-14T14:00:00.000Z,1,Mumbai,116,7904.929
2025-11-14T14:00:00.000Z,2,Warsaw,117,6808.032999999999
2025-11-14T14:00:00.000Z,3,Beijing,119,8476.677
2025-11-14T14:00:00.000Z,4,Riyadh,119,8633.9
2025-11-14T14:00:00.000Z,5,Vancouver,120,8725.9
2025-11-14T14:00:00.000Z,6,Helsinki,121,7394.416
2025-11-14T14:00:00.000Z,7,Hong Kong,121,7486.563
2025-11-14T14:00:00.000Z,8,Mexico City,122,7351.1810000000005
2025-11-14T14:00:00.000Z,9,Kolkata,123,7192.417
2025-11-14T14:00:00.000Z,10,Berlin,124,7161.973
2025-11-14T14:00:00.000Z,11,Istanbul,124,8292.253
2025-11-14T14:00:00.000Z,12,Bengaluru,126,8645.305
2025-11-14T14:00:00.000Z,13,New York,128,7419.804
2025-11-14T14:00:00.000Z,14,Paris,128,7579.919
2025-11-14T14:00:00.000Z,15,Zurich,129,8112.402
2025-11-14T14:00:00.000Z,16,Cape Town,129,8420.978
2025-11-14T14:00:00.000Z,17,Moscow,131,6445.946
2025-11-14T14:00:00.000Z,18,Dubai,131,7635.1720000000005
2025-11-14T14:00:00.000Z,19,Melbourne,135,7228.984
2025-11-14T14:00:00.000Z,20,Karachi,135,8335.896
2025-11-14T14:00:00.000Z,21,Madrid,135,8678.914
2025-11-14T14:00:00.000Z,22,Jakarta,137,9668.946
2025-11-14T14:00:00.000Z,23,Tokyo,138,7215.294
2025-11-14T14:00:00.000Z,24,Manila,138,7444.274
2025-11-14T14:00:00.000Z,25,Seoul,138,8354.282
2025-11-14T14:00:00.000Z,26,Tehran,139,7074.942
2025-11-14T14:00:00.000Z,27,Auckland,140,8368.046
2025-11-14T14:00:00.000Z,28,Ho Chi Minh City,141,7444.999
2025-11-14T14:00:00.000Z,29,Kuala Lumpur,141,8502.734
2025-11-14T14:00:00.000Z,30,London,143,7400.927
2025-11-14T14:00:00.000Z,31,Doha,144,7874.13
2025-11-14T14:00:00.000Z,32,Buenos Aires,144,7914.093
2025-11-14T14:00:00.000Z,33,Osaka,146,7488.957
2025-11-14T14:00:00.000Z,34,Delhi,146,9208.594
2025-11-14T14:00:00.000Z,35,São Paulo,147,7950.341
2025-11-14T14:00:00.000Z,36,Cairo,147,8948.086
2025-11-14T14:00:00.000Z,37,Lagos,149,8272.825
2025-11-14T14:00:00.000Z,38,Toronto,150,7339.084
2025-11-14T14:00:00.000Z,39,Sydney,151,7046.017
2025-11-14T14:00:00.000Z,40,Los Angeles,151,7262.0419999999995
2025-11-14T14:00:00.000Z,41,Rome,152,7195.66
2025-11-14T14:00:00.000Z,42,San Francisco,154,7292.043
2025-11-14T14:00:00.000Z,43,Stockholm,154,8202.383
2025-11-14T14:00:00.000Z,44,Houston,156,8439.116
2025-11-14T14:00:00.000Z,45,Nairobi,156,8483.047
2025-11-14T14:00:00.000Z,46,Chennai,157,6828.8369999999995
2025-11-14T14:00:00.000Z,47,Singapore,157,8043.977
2025-11-14T14:00:00.000Z,48,Shanghai,159,8355.985
2025-11-14T14:00:00.000Z,49,Bangkok,165,8421.854
2025-11-14T14:00:00.000Z,50,Chicago,174,6388.367
2025-11-14T15:00:00.000Z,1,Mumbai,116,7750.9169999999995
2025-11-14T15:00:00.000Z,2,Warsaw,117,6539.769
2025-11-14T15:00:00.000Z,3,Riyadh,119,8499.965
2025-11-14T15:00:00.000Z,4,Beijing,119,8507.806
2025-11-14T15:00:00.000Z,5,Vancouver,120,8522.478
2025-11-14T15:00:00.000Z,6,Hong Kong,121,7251.592000000001
2025-11-14T15:00:00.000Z,7,Helsinki,121,7417.655
2025-11-14T15:00:00.000Z,8,Mexico City,122,7604.357
2025-11-14T15:00:00.000Z,9,Kolkata,123,7120.041
2025-11-14T15:00:00.000Z,10,Berlin,124,6946.728
2025-11-14T15:00:00.000Z,11,Istanbul,124,8080.671
2025-11-14T15:00:00.000Z,12,Melbourne,125,6618.624
2025-11-14T15:00:00.000Z,13,Bengaluru,126,8732.622
2025-11-14T15:00:00.000Z,14,Tehran,127,6864.849
2025-11-14T15:00:00.000Z,15,Kuala Lumpur,127,8758.705
2025-11-14T15:00:00.000Z,16,New York,128,7788.892
2025-11-14T15:00:00.000Z,17,Paris,128,7832.342000000001
2025-11-14T15:00:00.000Z,18,Cairo,128,8367.522
2025-11-14T15:00:00.000Z,19,Zurich,129,7716.478
2025-11-14T15:00:00.000Z,20,Cape Town,129,8339.305
2025-11-14T15:00:00.000Z,21,Moscow,131,6824.558
2025-11-14T15:00:00.000Z,22,Dubai,131,8189.945
2025-11-14T15:00:00.000Z,23,Doha,134,7923.9130000000005
2025-11-14T15:00:00.000Z,24,Karachi,135,8600.368
2025-11-14T15:00:00.000Z,25,Madrid,135,8627.486
2025-11-14T15:00:00.000Z,26,Jakarta,137,9223.711
2025-11-14T15:00:00.000Z,27,Manila,138,7477.629
2025-11-14T15:00:00.000Z,28,Tokyo,138,7929.664
2025-11-14T15:00:00.000Z,29,Seoul,138,8447.355
2025-11-14T15:00:00.000Z,30,Auckland,140,8308.685
2025-11-14T15:00:00.000Z,31,London,143,7618.739
2025-11-14T15:00:00.000Z,32,Buenos Aires,144,7424.0779999999995
2025-11-14T15:00:00.000Z,33,Ho Chi Minh City,146,7043.735000000001
2025-11-14T15:00:00.000Z,34,Delhi,146,8102.754
2025-11-14T15:00:00.000Z,35,São Paulo,147,7976.302
2025-11-14T15:00:00.000Z,36,Bangkok,148,8646.177
2025-11-14T15:00:00.000Z,37,Lagos,149,8219.087
2025-11-14T15:00:00.000Z,38,Toronto,150,7670.1900000000005
2025-11-14T15:00:00.000Z,39,Los Angeles,151,7628.318
2025-11-14T15:00:00.000Z,40,Sydney,151,8069.034
2025-11-14T15:00:00.000Z,41,Rome,152,7317.521
2025-11-14T15:00:00.000Z,42,San Francisco,154,7323.9400000000005
2025-11-14T15:00:00.000Z,43,Stockholm,154,8765.546
2025-11-14T15:00:00.000Z,44,Osaka,155,6917.593
2025-11-14T15:00:00.000Z,45,Nairobi,156,7910.911
2025-11-14T15:00:00.000Z,46,Houston,156,8659.296
2025-11-14T15:00:00.000Z,47,Chennai,157,7213.897
2025-11-14T15:00:00.000Z,48,Singapore,157,7682.226
2025-11-14T15:00:00.000Z,49,Shanghai,159,7536.959
2025-11-14T15:00:00.000Z,50,Chicago,174,6327.619000000001
2025-11-14T16:00:00.000Z,1,Vancouver,106,8024.646000000001
2025-11-14T16:00:00.000Z,2,Warsaw,114,6219.895
2025-11-14T16:00:00.000Z,3,Riyadh,119,8572.673
2025-11-14T16:00:00.000Z,4,Beijing,119,8613.413
2025-11-14T16:00:00.000Z,5,Hong Kong,121,7139.822
2025-11-14T16:00:00.000Z,6,Helsinki,121,8309.988
2025-11-14T16:00:00.000Z,7,Mexico City,122,8252.014
2025-11-14T16:00:00.000Z,8,Kolkata,123,7415.882
2025-11-14T16:00:00.000Z,9,London,123,7542.4130000000005
2025-11-14T16:00:00.000Z,10,Berlin,124,7516.455
2025-11-14T16:00:00.000Z,11,Istanbul,124,7650.094999999999
2025-11-14T16:00:00.000Z,12,Melbourne,125,6616.612
2025-11-14T16:00:00.000Z,13,Tehran,127,7737.968
2025-11-14T16:00:00.000Z,14,Kuala Lumpur,127,8809.43
2025-11-14T16:00:00.000Z,15,New York,128,7371.368
2025-11-14T16:00:00.000Z,16,Cairo,128,8081.977
2025-11-14T16:00:00.000Z,17,Paris,128,8668.709
2025-11-14T16:00:00.000Z,18,Mumbai,129,7829.187
2025-11-14T16:00:00.000Z,19,Cape Town,129,7994.753
2025-11-14T16:00:00.000Z,20,Moscow,131,7144.9619999999995
2025-11-14T16:00:00.000Z,21,Dubai,131,8814.879
2025-11-14T16:00:00.000Z,22,Doha,134,7973.098
2025-11-14T16:00:00.000Z,23,Karachi,135,7902.424
2025-11-14T16:00:00.000Z,24,Madrid,135,8456.531
2025-11-14T16:00:00.000Z,25,Bengaluru,137,8769.772
2025-11-14T16:00:00.000Z,26,Jakarta,137,9264.921
2025-11-14T16:00:00.000Z,27,Manila,138,7378.7029999999995
2025-11-14T16:00:00.000Z,28,Seoul,138,8202.198
2025-11-14T16:00:00.000Z,29,Auckland,140,7723.343
2025-11-14T16:00:00.000Z,30,São Paulo,141,8125.7880000000005
2025-11-14T16:00:00.000Z,31,Buenos Aires,144,7821.941
2025-11-14T16:00:00.000Z,32,Ho Chi Minh City,146,7378.442
2025-11-14T16:00:00.000Z,33,Delhi,146,8477.483
2025-11-14T16:00:00.000Z,34,Bangkok,148,8637.877
2025-11-14T16:00:00.000Z,35,Lagos,149,8689.81
2025-11-14T16:00:00.000Z,36,Toronto,150,7424.683
2025-11-14T16:00:00.000Z,37,Tokyo,150,7777.858
2025-11-14T16:00:00.000Z,38,Sydney,151,7718.692
2025-11-14T16:00:00.000Z,39,Los Angeles,151,7776.406
2025-11-14T16:00:00.000Z,40,Rome,152,7884.394
2025-11-14T16:00:00.000Z,41,San Francisco,154,7487.094
2025-11-14T16:00:00.000Z,42,Stockholm,154,9014.557
2025-11-14T16:00:00.000Z,43,Osaka,155,6895.880999999999
2025-11-14T16:00:00.000Z,44,Nairobi,156,7552.873
2025-11-14T16:00:00.000Z,45,Houston,156,9360.436
2025-11-14T16:00:00.000Z,46,Chennai,157,6533.479
2025-11-14T16:00:00.000Z,47,Shanghai,159,7406.231
2025-11-14T16:00:00.000Z,48,Singapore,165,7467.643
2025-11-14T16:00:00.000Z,49,Chicago,174,6773.263
2025-11-14T16:00:00.000Z,50,Zurich,190,7165.014
2025-11-14T17:00:00.000Z,1,Helsinki,105,8875.519
2025-11-14T17:00:00.000Z,2,Warsaw,114,6536.749
2025-11-14T17:00:00.000Z,3,Manila,116,7451.723
2025-11-14T17:00:00.000Z,4,Vancouver,116,8431.555
2025-11-14T17:00:00.000Z,5,Riyadh,117,8454.059000000001
2025-11-14T17:00:00.000Z,6,Hong Kong,121,7200.673000000001
2025-11-14T17:00:00.000Z,7,Beijing,121,8518.029
2025-11-14T17:00:00.000Z,8,Mexico City,122,8321.831
2025-11-14T17:00:00.000Z,9,Kolkata,123,6698.807
2025-11-14T17:00:00.000Z,10,London,123,7548.886
2025-11-14T17:00:00.000Z,11,Istanbul,124,7317.402
2025-11-14T17:00:00.000Z,12,Berlin,124,7527.4259999999995
2025-11-14T17:00:00.000Z,13,Melbourne,125,7238.752
2025-11-14T17:00:00.000Z,14,Auckland,125,7780.186
2025-11-14T17:00:00.000Z,15,Kuala Lumpur,127,9156.011
2025-11-14T17:00:00.000Z,16,New York,128,7701.001
2025-11-14T17:00:00.000Z,17,Paris,128,8911.061
2025-11-14T17:00:00.000Z,18,Cape Town,129,7374.511
2025-11-14T17:00:00.000Z,19,Mumbai,129,8019.934
2025-11-14T17:00:00.000Z,20,Delhi,129,8709.957
2025-11-14T17:00:00.000Z,21,Jakarta,132,9382.073
2025-11-14T17:00:00.000Z,22,Doha,134,7826.003000000001
2025-11-14T17:00:00.000Z,23,Karachi,135,7411.457
2025-11-14T17:00:00.000Z,24,Shanghai,135,7698.561
2025-11-14T17:00:00.000Z,25,Madrid,135,7991.403
2025-11-14T17:00:00.000Z,26,Bengaluru,137,8656.248
2025-11-14T17:00:00.000Z,27,Seoul,138,8532.742
2025-11-14T17:00:00.000Z,28,Dubai,139,9554.741
2025-11-14T17:00:00.000Z,29,Moscow,141,7097.967000000001
2025-11-14T17:00:00.000Z,30,São Paulo,141,9178.953
2025-11-14T17:00:00.000Z,31,Buenos Aires,144,7882.647
2025-11-14T17:00:00.000Z,32,Ho Chi Minh City,146,7457.223
2025-11-14T17:00:00.000Z,33,Bangkok,148,8215.148000000001
2025-11-14T17:00:00.000Z,34,Lagos,149,9309.696
2025-11-14T17:00:00.000Z,35,Toronto,150,7276.62
2025-11-14T17:00:00.000Z,36,Tokyo,150,8102.804
2025-11-14T17:00:00.000Z,37,Los Angeles,151,7864.4130000000005
2025-11-14T17:00:00.000Z,38,Sydney,151,8065.1849999999995
2025-11-14T17:00:00.000Z,39,Rome,152,8697.116
2025-11-14T17:00:00.000Z,40,San Francisco,154,7937.432
2025-11-14T17:00:00.000Z,41,Cairo,154,8194.209
2025-11-14T17:00:00.000Z,42,Stockholm,154,8503.002
2025-11-14T17:00:00.000Z,43,Osaka,155,7308.847
2025-11-14T17:00:00.000Z,44,Tehran,155,7955.897
2025-11-14T17:00:00.000Z,45,Nairobi,156,7302.981
2025-11-14T17:00:00.000Z,46,Houston,156,8741.552
2025-11-14T17:00:00.000Z,47,Chennai,157,6696.362999999999
2025-11-14T17:00:00.000Z,48,Singapore,165,7222.241
2025-11-14T17:00:00.000Z,49,Chicago,174,6608.805
2025-11-14T17:00:00.000Z,50,Zurich,190,7526.6630000000005
2025-11-14T18:00:00.000Z,1,Helsinki,105,8689.254
2025-11-14T18:00:00.000Z,2,Seoul,111,8487.054
2025-11-14T18:00:00.000Z,3,Warsaw,114,7138.91
2025-11-14T18:00:00.000Z,4,Vancouver,116,8507.421
2025-11-14T18:00:00.000Z,5,Riyadh,117,8853.755000000001
2025-11-14T18:00:00.000Z,6,Delhi,120,8472.155
2025-11-14T18:00:00.000Z,7,Beijing,121,8470.032
2025-11-14T18:00:00.000Z,8,Mexico City,122,8474.805
2025-11-14T18:00:00.000Z,9,Auckland,123,7739.3060000000005
2025-11-14T18:00:00.000Z,10,London,123,8062.445
2025-11-14T18:00:00.000Z,11,Berlin,124,6793.445
2025-11-14T18:00:00.000Z,12,Istanbul,124,7771.173
2025-11-14T18:00:00.000Z,13,Melbourne,125,7561.3009999999995
2025-11-14T18:00:00.000Z,14,Doha,125,8088.059
2025-11-14T18:00:00.000Z,15,Kolkata,127,6576.876
2025-11-14T18:00:00.000Z,16,Kuala Lumpur,127,8932.359
2025-11-14T18:00:00.000Z,17,New York,128,7998.541
2025-11-14T18:00:00.000Z,18,Paris,128,9230.982
2025-11-14T18:00:00.000Z,19,Cape Town,129,6958.383
2025-11-14T18:00:00.000Z,20,Nairobi,129,7608.088
2025-11-14T18:00:00.000Z,21,Mumbai,129,8110.657999999999
2025-11-14T18:00:00.000Z,22,Jakarta,129,8898.783
2025-11-14T18:00:00.000Z,23,Lagos,130,8773.836
2025-11-14T18:00:00.000Z,24,Manila,131,7676.564
2025-11-14T18:00:00.000Z,25,Karachi,135,7128.789999999999
2025-11-14T18:00:00.000Z,26,Shanghai,135,7145.761
2025-11-14T18:00:00.000Z,27,Madrid,135,7518.975
2025-11-14T18:00:00.000Z,28,Dubai,139,9803.623
2025-11-14T18:00:00.000Z,29,Moscow,141,7492.395
2025-11-14T18:00:00.000Z,30,São Paulo,141,9306.899
2025-11-14T18:00:00.000Z,31,Bengaluru,142,8630.3
2025-11-14T18:00:00.000Z,32,Buenos Aires,144,7853.241
2025-11-14T18:00:00.000Z,33,Ho Chi Minh City,146,7245.548
2025-11-14T18:00:00.000Z,34,Hong Kong,146,7640.703
2025-11-14T18:00:00.000Z,35,Bangkok,148,8010.293
2025-11-14T18:00:00.000Z,36,Toronto,150,7370.09
2025-11-14T18:00:00.000Z,37,Tokyo,150,8106.021
2025-11-14T18:00:00.000Z,38,Los Angeles,151,7787.842000000001
2025-11-14T18:00:00.000Z,39,Sydney,151,8544.065
2025-11-14T18:00:00.000Z,40,Rome,152,8831.589
2025-11-14T18:00:00.000Z,41,San Francisco,154,8267.336
2025-11-14T18:00:00.000Z,42,Cairo,154,8352.711
2025-11-14T18:00:00.000Z,43,Stockholm,154,8792.94
2025-11-14T18:00:00.000Z,44,Osaka,155,7326.28
2025-11-14T18:00:00.000Z,45,Tehran,155,8002.911
2025-11-14T18:00:00.000Z,46,Houston,156,9071.117
2025-11-14T18:00:00.000Z,47,Chennai,157,6798.251
2025-11-14T18:00:00.000Z,48,Singapore,165,7701.9619999999995
2025-11-14T18:00:00.000Z,49,Chicago,174,6396.303
2025-11-14T18:00:00.000Z,50,Zurich,190,7302.178
2025-11-14T19:00:00.000Z,1,Helsinki,104,8825.280999999999
2025-11-14T19:00:00.000Z,2,Riyadh,117,8087.319
2025-11-14T19:00:00.000Z,3,Warsaw,119,7200.967000000001
2025-11-14T19:00:00.000Z,4,Delhi,120,8682.569
2025-11-14T19:00:00.000Z,5,Houston,120,9460.189
2025-11-14T19:00:00.000Z,6,Beijing,121,8716.244999999999
2025-11-14T19:00:00.000Z,7,Istanbul,122,8409.866
2025-11-14T19:00:00.000Z,8,Auckland,123,7376.986
2025-11-14T19:00:00.000Z,9,London,123,8112.631
2025-11-14T19:00:00.000Z,10,Melbourne,125,7320.281
2025-11-14T19:00:00.000Z,11,Doha,125,7753.298
2025-11-14T19:00:00.000Z,12,Vancouver,126,7862.21
2025-11-14T19:00:00.000Z,13,Kolkata,127,6605.9130000000005
2025-11-14T19:00:00.000Z,14,Kuala Lumpur,127,8797.527
2025-11-14T19:00:00.000Z,15,New York,128,7673.277
2025-11-14T19:00:00.000Z,16,Paris,128,9373.381000000001
2025-11-14T19:00:00.000Z,17,Nairobi,129,7337.1539999999995
2025-11-14T19:00:00.000Z,18,Cape Town,129,7976.764
2025-11-14T19:00:00.000Z,19,Jakarta,129,8788.358
2025-11-14T19:00:00.000Z,20,Lagos,130,9456.887
2025-11-14T19:00:00.000Z,21,Manila,131,7430.35
2025-11-14T19:00:00.000Z,22,Karachi,135,7044.66
2025-11-14T19:00:00.000Z,23,Madrid,135,7185.526
2025-11-14T19:00:00.000Z,24,Shanghai,135,7610.562
2025-11-14T19:00:00.000Z,25,Chennai,136,6796.797
2025-11-14T19:00:00.000Z,26,Dubai,139,9940.59
2025-11-14T19:00:00.000Z,27,Mumbai,141,8077.653
2025-11-14T19:00:00.000Z,28,Moscow,141,8170.914000000001
2025-11-14T19:00:00.000Z,29,Bengaluru,142,8142.755
2025-11-14T19:00:00.000Z,30,Stockholm,143,8545.396999999999
2025-11-14T19:00:00.000Z,31,Buenos Aires,144,7387.65
2025-11-14T19:00:00.000Z,32,Berlin,145,7280.921
2025-11-14T19:00:00.000Z,33,Ho Chi Minh City,146,7248.689
2025-11-14T19:00:00.000Z,34,Hong Kong,146,7729.068
2025-11-14T19:00:00.000Z,35,Bangkok,148,7824.264999999999
2025-11-14T19:00:00.000Z,36,Toronto,150,7890.927
2025-11-14T19:00:00.000Z,37,Tokyo,150,8422.488
2025-11-14T19:00:00.000Z,38,Chicago,151,6786.466
2025-11-14T19:00:00.000Z,39,Los Angeles,151,7405.684
2025-11-14T19:00:00.000Z,40,Sydney,151,8527.301
2025-11-14T19:00:00.000Z,41,Rome,152,8969.56
2025-11-14T19:00:00.000Z,42,Cairo,154,8460.193
2025-11-14T19:00:00.000Z,43,San Francisco,154,8499.219000000001
2025-11-14T19:00:00.000Z,44,Osaka,155,7265.272
2025-11-14T19:00:00.000Z,45,Tehran,155,7692.5560000000005
2025-11-14T19:00:00.000Z,46,São Paulo,160,9512.993
2025-11-14T19:00:00.000Z,47,Singapore,165,7644.98
2025-11-14T19:00:00.000Z,48,Seoul,168,8192.959
2025-11-14T19:00:00.000Z,49,Mexico City,168,8395.481
2025-11-14T19:00:00.000Z,50,Zurich,190,7865.954
2025-11-14T20:00:00.000Z,1,Riyadh,117,8517.825
2025-11-14T20:00:00.000Z,2,Warsaw,119,7530.803
2025-11-14T20:00:00.000Z,3,Houston,120,9406.964
2025-11-14T20:00:00.000Z,4,Beijing,121,8181.375
2025-11-14T20:00:00.000Z,5,Toronto,121,8319.779
2025-11-14T20:00:00.000Z,6,London,123,7554.130999999999
2025-11-14T20:00:00.000Z,7,Melbourne,125,6969.5
2025-11-14T20:00:00.000Z,8,Vancouver,126,7723.612
2025-11-14T20:00:00.000Z,9,Kolkata,127,7159.007
2025-11-14T20:00:00.000Z,10,Kuala Lumpur,127,9042.736
2025-11-14T20:00:00.000Z,11,New York,128,7940.4619999999995
2025-11-14T20:00:00.000Z,12,Paris,128,9878.433
2025-11-14T20:00:00.000Z,13,Nairobi,129,7074.1939999999995
2025-11-14T20:00:00.000Z,14,Karachi,129,7591.133
2025-11-14T20:00:00.000Z,15,Cape Town,129,8352.807
2025-11-14T20:00:00.000Z,16,Jakarta,129,8365.193
2025-11-14T20:00:00.000Z,17,Lagos,133,9112.861
2025-11-14T20:00:00.000Z,18,Madrid,135,7056.744
2025-11-14T20:00:00.000Z,19,Shanghai,135,8167.635
2025-11-14T20:00:00.000Z,20,Doha,136,7744.018
2025-11-14T20:00:00.000Z,21,Dubai,139,9595.11
2025-11-14T20:00:00.000Z,22,Istanbul,140,8868.935
2025-11-14T20:00:00.000Z,23,Moscow,141,9094.913
2025-11-14T20:00:00.000Z,24,Bengaluru,142,8055.202
2025-11-14T20:00:00.000Z,25,Stockholm,143,8401.65
2025-11-14T20:00:00.000Z,26,Buenos Aires,144,7595.183999999999
2025-11-14T20:00:00.000Z,27,Berlin,145,7336.331
2025-11-14T20:00:00.000Z,28,Ho Chi Minh City,146,7099.04
2025-11-14T20:00:00.000Z,29,Hong Kong,146,7755.251
2025-11-14T20:00:00.000Z,30,Bangkok,148,8402.203
2025-11-14T20:00:00.000Z,31,Tokyo,150,9248.081
2025-11-14T20:00:00.000Z,32,Chicago,151,7059.555
2025-11-14T20:00:00.000Z,33,Los Angeles,151,7366.593
2025-11-14T20:00:00.000Z,34,Sydney,151,8553.380000000001
2025-11-14T20:00:00.000Z,35,Auckland,152,7617.4619999999995
2025-11-14T20:00:00.000Z,36,Chennai,152,7620.406
2025-11-14T20:00:00.000Z,37,Mumbai,152,8326.945
2025-11-14T20:00:00.000Z,38,Rome,152,9147.752
2025-11-14T20:00:00.000Z,39,Manila,154,7725.724
2025-11-14T20:00:00.000Z,40,San Francisco,154,7982.144
2025-11-14T20:00:00.000Z,41,Cairo,154,8145.273
2025-11-14T20:00:00.000Z,42,Osaka,155,7398.0560000000005
2025-11-14T20:00:00.000Z,43,Tehran,155,7431.549
2025-11-14T20:00:00.000Z,44,São Paulo,160,9777.238
2025-11-14T20:00:00.000Z,45,Singapore,165,7539.974
2025-11-14T20:00:00.000Z,46,Delhi,166,8927.489
2025-11-14T20:00:00.000Z,47,Mexico City,168,8173.951
2025-11-14T20:00:00.000Z,48,Seoul,168,8591.57
2025-11-14T20:00:00.000Z,49,Zurich,190,8187.576
2025-11-14T20:00:00.000Z,50,Helsinki,231,8743.143
2025-11-14T21:00:00.000Z,1,San Francisco,116,8074.703
2025-11-14T21:00:00.000Z,2,Riyadh,117,8159.634
2025-11-14T21:00:00.000Z,3,Warsaw,119,8207.706
2025-11-14T21:00:00.000Z,4,New York,119,8390.259
2025-11-14T21:00:00.000Z,5,Houston,120,9335.278
2025-11-14T21:00:00.000Z,6,Beijing,121,7855.991
2025-11-14T21:00:00.000Z,7,Buenos Aires,122,7568.588
2025-11-14T21:00:00.000Z,8,London,123,6909.387
2025-11-14T21:00:00.000Z,9,Vancouver,126,8053.421
2025-11-14T21:00:00.000Z,10,Paris,126,9491.852
2025-11-14T21:00:00.000Z,11,Kuala Lumpur,127,8745.611
2025-11-14T21:00:00.000Z,12,Karachi,129,7537.29
2025-11-14T21:00:00.000Z,13,Kolkata,129,7740.257
2025-11-14T21:00:00.000Z,14,Jakarta,129,7929.828
2025-11-14T21:00:00.000Z,15,Cape Town,129,8242.99
2025-11-14T21:00:00.000Z,16,Chicago,132,7324.7
2025-11-14T21:00:00.000Z,17,Nairobi,132,7525.002
2025-11-14T21:00:00.000Z,18,Lagos,133,8765.892
2025-11-14T21:00:00.000Z,19,Madrid,135,6291.200000000001
2025-11-14T21:00:00.000Z,20,Doha,136,7451.27
2025-11-14T21:00:00.000Z,21,Dubai,139,9684.126
2025-11-14T21:00:00.000Z,22,Istanbul,140,8824.766
2025-11-14T21:00:00.000Z,23,Moscow,141,8746.165
2025-11-14T21:00:00.000Z,24,Melbourne,142,7236.621999999999
2025-11-14T21:00:00.000Z,25,Bengaluru,142,8494.855
2025-11-14T21:00:00.000Z,26,Stockholm,143,8905.832
2025-11-14T21:00:00.000Z,27,Berlin,145,7481.236
2025-11-14T21:00:00.000Z,28,Ho Chi Minh City,146,7452.813
2025-11-14T21:00:00.000Z,29,Hong Kong,146,8269.679
2025-11-14T21:00:00.000Z,30,Shanghai,147,7584.123
2025-11-14T21:00:00.000Z,31,Bangkok,148,8414.98
2025-11-14T21:00:00.000Z,32,Tokyo,150,9400.601
2025-11-14T21:00:00.000Z,33,Los Angeles,151,7526.025
2025-11-14T21:00:00.000Z,34,Auckland,152,7188.485
2025-11-14T21:00:00.000Z,35,Mumbai,152,8528.753
2025-11-14T21:00:00.000Z,36,Rome,152,9148.03
2025-11-14T21:00:00.000Z,37,Manila,154,7258.617
2025-11-14T21:00:00.000Z,38,Cairo,154,7874.0560000000005
2025-11-14T21:00:00.000Z,39,Osaka,155,7521.57
2025-11-14T21:00:00.000Z,40,Tehran,155,7982.879
2025-11-14T21:00:00.000Z,41,Chennai,156,7759.9310000000005
2025-11-14T21:00:00.000Z,42,São Paulo,160,9482.226
2025-11-14T21:00:00.000Z,43,Singapore,165,7701.04
2025-11-14T21:00:00.000Z,44,Sydney,166,8483.726
2025-11-14T21:00:00.000Z,45,Delhi,166,8911.774
2025-11-14T21:00:00.000Z,46,Mexico City,168,8358.551
2025-11-14T21:00:00.000Z,47,Seoul,168,8900.854
2025-11-14T21:00:00.000Z,48,Toronto,170,7787.427
2025-11-14T21:00:00.000Z,49,Zurich,190,8112.9169999999995
2025-11-14T21:00:00.000Z,50,Helsinki,231,9013.155
2025-11-14T22:00:00.000Z,1,Rome,117,8934.973
2025-11-14T22:00:00.000Z,2,Warsaw,119,8264.56
2025-11-14T22:00:00.000Z,3,New York,119,8554.092
2025-11-14T22:00:00.000Z,4,Houston,120,9336.985
2025-11-14T22:00:00.000Z,5,Buenos Aires,122,7759.684
2025-11-14T22:00:00.000Z,6,London,123,7065.647
2025-11-14T22:00:00.000Z,7,Beijing,123,7616.268
2025-11-14T22:00:00.000Z,8,Vancouver,126,8346.814
2025-11-14T22:00:00.000Z,9,Paris,126,9311.339
2025-11-14T22:00:00.000Z,10,Kuala Lumpur,127,8342.784
2025-11-14T22:00:00.000Z,11,Madrid,128,6780.946
2025-11-14T22:00:00.000Z,12,Jakarta,129,7972.966
2025-11-14T22:00:00.000Z,13,Karachi,129,8385.56
2025-11-14T22:00:00.000Z,14,Chicago,132,6599.936
2025-11-14T22:00:00.000Z,15,Nairobi,132,7139.0199999999995
2025-11-14T22:00:00.000Z,16,Lagos,133,8891.209
2025-11-14T22:00:00.000Z,17,Cape Town,135,7954.776
2025-11-14T22:00:00.000Z,18,Doha,136,7559.125
2025-11-14T22:00:00.000Z,19,Riyadh,138,8318.347
2025-11-14T22:00:00.000Z,20,Istanbul,140,8374.772
2025-11-14T22:00:00.000Z,21,Melbourne,142,7066.67
2025-11-14T22:00:00.000Z,22,Bengaluru,142,8167.652
2025-11-14T22:00:00.000Z,23,Stockholm,143,8300.012
2025-11-14T22:00:00.000Z,24,Berlin,145,7750.523999999999
2025-11-14T22:00:00.000Z,25,Ho Chi Minh City,146,6958.384
2025-11-14T22:00:00.000Z,26,Hong Kong,146,9150.687
2025-11-14T22:00:00.000Z,27,Shanghai,147,8081.952
2025-11-14T22:00:00.000Z,28,Dubai,147,8945.216
2025-11-14T22:00:00.000Z,29,Bangkok,148,8379.339
2025-11-14T22:00:00.000Z,30,Tokyo,150,9548.298999999999
2025-11-14T22:00:00.000Z,31,Los Angeles,151,7607.0470000000005
2025-11-14T22:00:00.000Z,32,Auckland,152,7397.446
2025-11-14T22:00:00.000Z,33,Mumbai,152,8693.087
2025-11-14T22:00:00.000Z,34,Manila,154,7237.285
2025-11-14T22:00:00.000Z,35,Cairo,154,7493.978
2025-11-14T22:00:00.000Z,36,Osaka,155,7666.995
2025-11-14T22:00:00.000Z,37,Tehran,155,7692.157
2025-11-14T22:00:00.000Z,38,Chennai,156,7930.466
2025-11-14T22:00:00.000Z,39,São Paulo,160,9507.545
2025-11-14T22:00:00.000Z,40,San Francisco,161,8296.694
2025-11-14T22:00:00.000Z,41,Moscow,161,9117.457999999999
2025-11-14T22:00:00.000Z,42,Singapore,165,7504.411
2025-11-14T22:00:00.000Z,43,Kolkata,165,8254.126
2025-11-14T22:00:00.000Z,44,Sydney,166,8462.499
2025-11-14T22:00:00.000Z,45,Delhi,166,8980.43
2025-11-14T22:00:00.000Z,46,Seoul,168,8405.644
2025-11-14T22:00:00.000Z,47,Mexico City,168,8481.005
2025-11-14T22:00:00.000Z,48,Toronto,170,7875.412
2025-11-14T22:00:00.000Z,49,Zurich,190,8040.697
2025-11-14T22:00:00.000Z,50,Helsinki,231,9180.979
2025-11-14T23:00:00.000Z,1,Buenos Aires,106,8263.607
2025-11-14T23:00:00.000Z,2,Ho Chi Minh City,107,7699.211
2025-11-14T23:00:00.000Z,3,Rome,117,9039.007
2025-11-14T23:00:00.000Z,4,New York,119,8555.641
2025-11-14T23:00:00.000Z,5,Warsaw,119,8742.107
2025-11-14T23:00:00.000Z,6,Kuala Lumpur,120,7741.263999999999
2025-11-14T23:00:00.000Z,7,Houston,120,8780.075
2025-11-14T23:00:00.000Z,8,London,123,7105.208
2025-11-14T23:00:00.000Z,9,Bangkok,126,8377.617
2025-11-14T23:00:00.000Z,10,Paris,126,9291.602
2025-11-14T23:00:00.000Z,11,Vancouver,127,8786.565
2025-11-14T23:00:00.000Z,12,Madrid,128,6928.116
2025-11-14T23:00:00.000Z,13,Karachi,129,8043.718
2025-11-14T23:00:00.000Z,14,Jakarta,129,8381.889
2025-11-14T23:00:00.000Z,15,Nairobi,132,7232.138
2025-11-14T23:00:00.000Z,16,Chicago,132,7506.563
2025-11-14T23:00:00.000Z,17,Lagos,133,8865.399
2025-11-14T23:00:00.000Z,18,Cape Town,135,8002.15
2025-11-14T23:00:00.000Z,19,Osaka,135,8112.472
2025-11-14T23:00:00.000Z,20,Riyadh,138,7771.733
2025-11-14T23:00:00.000Z,21,Istanbul,140,8150.947
2025-11-14T23:00:00.000Z,22,Melbourne,142,8013.601
2025-11-14T23:00:00.000Z,23,Bengaluru,142,8228.628
2025-11-14T23:00:00.000Z,24,Stockholm,143,8726.672
2025-11-14T23:00:00.000Z,25,Berlin,145,7924.442
2025-11-14T23:00:00.000Z,26,Hong Kong,146,8938.318
2025-11-14T23:00:00.000Z,27,Beijing,147,7559.365
2025-11-14T23:00:00.000Z,28,Doha,147,8125.5380000000005
2025-11-14T23:00:00.000Z,29,Dubai,147,8233.827
2025-11-14T23:00:00.000Z,30,Tokyo,150,8772.672
2025-11-14T23:00:00.000Z,31,Los Angeles,151,7568.285
2025-11-14T23:00:00.000Z,32,Auckland,152,7165.511
2025-11-14T23:00:00.000Z,33,Mumbai,152,8658.869
2025-11-14T23:00:00.000Z,34,Manila,154,7228.682000000001
2025-11-14T23:00:00.000Z,35,Cairo,154,7737.592000000001
2025-11-14T23:00:00.000Z,36,Tehran,155,7508.827
2025-11-14T23:00:00.000Z,37,Chennai,156,8189.92
2025-11-14T23:00:00.000Z,38,São Paulo,160,9561.464
2025-11-14T23:00:00.000Z,39,San Francisco,161,8159.871
2025-11-14T23:00:00.000Z,40,Moscow,161,8496.03
2025-11-14T23:00:00.000Z,41,Shanghai,161,8587.582
2025-11-14T23:00:00.000Z,42,Singapore,165,7570.702
2025-11-14T23:00:00.000Z,43,Kolkata,165,7857.391
2025-11-14T23:00:00.000Z,44,Sydney,166,7920.53
2025-11-14T23:00:00.000Z,45,Delhi,166,9332.723
2025-11-14T23:00:00.000Z,46,Seoul,168,8530.375
2025-11-14T23:00:00.000Z,47,Mexico City,168,8872.467
2025-11-14T23:00:00.000Z,48,Toronto,170,8051.796
2025-11-14T23:00:00.000Z,49,Zurich,190,8463.22
2025-11-14T23:00:00.000Z,50,Helsinki,231,9225.49
2025-11-15T00:00:00.000Z,1,Ho Chi Minh City,95,7350.616
2025-11-15T00:00:00.000Z,2,Houston,109,8701.771
2025-11-15T00:00:00.000Z,3,Buenos Aires,117,8452.934000000001
2025-11-15T00:00:00.000Z,4,Rome,117,8618.185
2025-11-15T00:00:00.000Z,5,Warsaw,119,8493.323
2025-11-15T00:00:00.000Z,6,New York,119,8995.405999999999
2025-11-15T00:00:00.000Z,7,Kuala Lumpur,120,7931.155
2025-11-15T00:00:00.000Z,8,London,122,7262.809
2025-11-15T00:00:00.000Z,9,Paris,126,8781.768
2025-11-15T00:00:00.000Z,10,Vancouver,127,8119.743
2025-11-15T00:00:00.000Z,11,Karachi,127,8152.432
2025-11-15T00:00:00.000Z,12,Madrid,128,7020.656
2025-11-15T00:00:00.000Z,13,Jakarta,129,7776.363
2025-11-15T00:00:00.000Z,14,Nairobi,132,6994.6720000000005
2025-11-15T00:00:00.000Z,15,Chicago,132,7317.182
2025-11-15T00:00:00.000Z,16,Cape Town,135,8238.665
2025-11-15T00:00:00.000Z,17,Singapore,136,7621.93
2025-11-15T00:00:00.000Z,18,Riyadh,138,7804.077
2025-11-15T00:00:00.000Z,19,Bangkok,139,8337.726999999999
2025-11-15T00:00:00.000Z,20,Istanbul,140,8385.644
2025-11-15T00:00:00.000Z,21,Bengaluru,142,8166.375
2025-11-15T00:00:00.000Z,22,Melbourne,142,8420.317
2025-11-15T00:00:00.000Z,23,Stockholm,143,8624.587
2025-11-15T00:00:00.000Z,24,Berlin,145,7138.169
2025-11-15T00:00:00.000Z,25,Hong Kong,146,9171.682
2025-11-15T00:00:00.000Z,26,Doha,147,7802.678
2025-11-15T00:00:00.000Z,27,Dubai,147,8073.98
2025-11-15T00:00:00.000Z,28,Tokyo,149,8469.528
2025-11-15T00:00:00.000Z,29,Los Angeles,151,7133.817
2025-11-15T00:00:00.000Z,30,Auckland,152,7613.106
2025-11-15T00:00:00.000Z,31,Mumbai,152,8529.036
2025-11-15T00:00:00.000Z,32,Manila,154,7009.418
2025-11-15T00:00:00.000Z,33,Cairo,154,7918.2609999999995
2025-11-15T00:00:00.000Z,34,Tehran,155,7281.638
2025-11-15T00:00:00.000Z,35,Chennai,156,8183.0470000000005
2025-11-15T00:00:00.000Z,36,Osaka,160,8212.421
2025-11-15T00:00:00.000Z,37,São Paulo,160,9236.065999999999
2025-11-15T00:00:00.000Z,38,Beijing,161,7613.81
2025-11-15T00:00:00.000Z,39,San Francisco,161,7972.1720000000005
2025-11-15T00:00:00.000Z,40,Shanghai,161,8383.843
2025-11-15T00:00:00.000Z,41,Moscow,161,8511.325
2025-11-15T00:00:00.000Z,42,Lagos,163,8623.08
2025-11-15T00:00:00.000Z,43,Kolkata,165,7536.736
2025-11-15T00:00:00.000Z,44,Sydney,166,8464.129
2025-11-15T00:00:00.000Z,45,Delhi,166,9044.703
2025-11-15T00:00:00.000Z,46,Mexico City,168,8511.362000000001
2025-11-15T00:00:00.000Z,47,Seoul,168,8532.991
2025-11-15T00:00:00.000Z,48,Toronto,170,8329.058
2025-11-15T00:00:00.000Z,49,Zurich,185,8823.22
2025-11-15T00:00:00.000Z,50,Helsinki,231,9360.669
2025-11-15T01:00:00.000Z,1,Ho Chi Minh City,95,7280.093000000001
2025-11-15T01:00:00.000Z,2,Houston,111,8768.205
2025-11-15T01:00:00.000Z,3,Rome,117,7882.796
2025-11-15T01:00:00.000Z,4,New York,117,8982.957
2025-11-15T01:00:00.000Z,5,Paris,123,8771.477
2025-11-15T01:00:00.000Z,6,London,126,7771.537
2025-11-15T01:00:00.000Z,7,Vancouver,127,7948.468000000001
2025-11-15T01:00:00.000Z,8,Karachi,127,8707.136
2025-11-15T01:00:00.000Z,9,Madrid,128,7666.764999999999
2025-11-15T01:00:00.000Z,10,Cairo,129,7265.703
2025-11-15T01:00:00.000Z,11,Los Angeles,129,7612.045
2025-11-15T01:00:00.000Z,12,Jakarta,129,7714.789
2025-11-15T01:00:00.000Z,13,Warsaw,129,8229.626
2025-11-15T01:00:00.000Z,14,Nairobi,132,7032.799
2025-11-15T01:00:00.000Z,15,Chicago,132,7854.352
2025-11-15T01:00:00.000Z,16,Buenos Aires,134,8809.783
2025-11-15T01:00:00.000Z,17,Tehran,135,7505.709
2025-11-15T01:00:00.000Z,18,Kuala Lumpur,135,8164.968
2025-11-15T01:00:00.000Z,19,Cape Town,135,8238.904
2025-11-15T01:00:00.000Z,20,Singapore,136,7729.380999999999
2025-11-15T01:00:00.000Z,21,Riyadh,138,8000.913
2025-11-15T01:00:00.000Z,22,Bangkok,139,8439.286
2025-11-15T01:00:00.000Z,23,Melbourne,142,8345.367
2025-11-15T01:00:00.000Z,24,Bengaluru,142,8492.208
2025-11-15T01:00:00.000Z,25,Berlin,145,7505.348
2025-11-15T01:00:00.000Z,26,Hong Kong,146,8703.612000000001
2025-11-15T01:00:00.000Z,27,Dubai,147,7469.344
2025-11-15T01:00:00.000Z,28,Doha,147,8074.468
2025-11-15T01:00:00.000Z,29,Auckland,152,7459.228
2025-11-15T01:00:00.000Z,30,Mumbai,152,8806.993
2025-11-15T01:00:00.000Z,31,Manila,154,6128.115
2025-11-15T01:00:00.000Z,32,Chennai,156,8103.067999999999
2025-11-15T01:00:00.000Z,33,Stockholm,158,9278.065
2025-11-15T01:00:00.000Z,34,Istanbul,160,8465.463
2025-11-15T01:00:00.000Z,35,São Paulo,160,8502.395
2025-11-15T01:00:00.000Z,36,Osaka,160,8612.173999999999
2025-11-15T01:00:00.000Z,37,San Francisco,161,7598.984
2025-11-15T01:00:00.000Z,38,Beijing,161,8227.458999999999
2025-11-15T01:00:00.000Z,39,Moscow,161,8489.005
2025-11-15T01:00:00.000Z,40,Shanghai,161,8817.687
2025-11-15T01:00:00.000Z,41,Zurich,162,8958.571
2025-11-15T01:00:00.000Z,42,Lagos,163,8512.171
2025-11-15T01:00:00.000Z,43,Kolkata,165,8133.698
2025-11-15T01:00:00.000Z,44,Sydney,166,8333.515
2025-11-15T01:00:00.000Z,45,Delhi,166,8842.608
2025-11-15T01:00:00.000Z,46,Seoul,168,8061.027
2025-11-15T01:00:00.000Z,47,Mexico City,168,9100.231
2025-11-15T01:00:00.000Z,48,Toronto,170,8448.587
2025-11-15T01:00:00.000Z,49,Tokyo,170,8740.385
2025-11-15T01:00:00.000Z,50,Helsinki,231,8506.530999999999
2025-11-15T02:00:00.000Z,1,Ho Chi Minh City,98,8008.476000000001
2025-11-15T02:00:00.000Z,2,Houston,114,8517.519
2025-11-15T02:00:00.000Z,3,Rome,117,7642.889
2025-11-15T02:00:00.000Z,4,New York,117,8802.948
2025-11-15T02:00:00.000Z,5,Jakarta,120,7927.084
2025-11-15T02:00:00.000Z,6,Paris,123,8907.462
2025-11-15T02:00:00.000Z,7,London,126,6973.693
2025-11-15T02:00:00.000Z,8,Karachi,127,8727.753
2025-11-15T02:00:00.000Z,9,Madrid,128,7664.477999999999
2025-11-15T02:00:00.000Z,10,Cairo,129,7130.206
2025-11-15T02:00:00.000Z,11,Warsaw,129,7705.865
2025-11-15T02:00:00.000Z,12,Nairobi,132,6819.894
2025-11-15T02:00:00.000Z,13,Los Angeles,132,8001.302
2025-11-15T02:00:00.000Z,14,Chicago,132,8069.493
2025-11-15T02:00:00.000Z,15,Hong Kong,134,8160.465
2025-11-15T02:00:00.000Z,16,Buenos Aires,134,8732.897
2025-11-15T02:00:00.000Z,17,Tehran,135,7665.2029999999995
2025-11-15T02:00:00.000Z,18,Kuala Lumpur,135,8112.1630000000005
2025-11-15T02:00:00.000Z,19,Singapore,136,7428.899
2025-11-15T02:00:00.000Z,20,Riyadh,138,8151.327
2025-11-15T02:00:00.000Z,21,Bengaluru,139,8341.741
2025-11-15T02:00:00.000Z,22,Bangkok,139,8791.623
2025-11-15T02:00:00.000Z,23,Melbourne,142,8178.711
2025-11-15T02:00:00.000Z,24,Berlin,145,7549.387000000001
2025-11-15T02:00:00.000Z,25,Dubai,147,7488.52
2025-11-15T02:00:00.000Z,26,Doha,147,7523.818
2025-11-15T02:00:00.000Z,27,Auckland,152,7652.003000000001
2025-11-15T02:00:00.000Z,28,Mumbai,152,8682.646
2025-11-15T02:00:00.000Z,29,Cape Town,153,8981.131
2025-11-15T02:00:00.000Z,30,Manila,154,6081.227
2025-11-15T02:00:00.000Z,31,Stockholm,158,9337.469000000001
2025-11-15T02:00:00.000Z,32,São Paulo,160,8148.969
2025-11-15T02:00:00.000Z,33,Istanbul,160,8578.083999999999
2025-11-15T02:00:00.000Z,34,Osaka,160,9403.84
2025-11-15T02:00:00.000Z,35,San Francisco,161,7122.724
2025-11-15T02:00:00.000Z,36,Beijing,161,7881.869000000001
2025-11-15T02:00:00.000Z,37,Moscow,161,8086.345
2025-11-15T02:00:00.000Z,38,Shanghai,161,8861.404
2025-11-15T02:00:00.000Z,39,Zurich,162,8778.478
2025-11-15T02:00:00.000Z,40,Lagos,163,8939.428
2025-11-15T02:00:00.000Z,41,Kolkata,165,8693.164
2025-11-15T02:00:00.000Z,42,Sydney,166,8182.921
2025-11-15T02:00:00.000Z,43,Delhi,166,8510.832
2025-11-15T02:00:00.000Z,44,Seoul,168,8239.119999999999
2025-11-15T02:00:00.000Z,45,Mexico City,168,8629.062
2025-11-15T02:00:00.000Z,46,Toronto,170,7999.379999999999
2025-11-15T02:00:00.000Z,47,Tokyo,170,8997.529
2025-11-15T02:00:00.000Z,48,Chennai,182,8241.23
2025-11-15T02:00:00.000Z,49,Vancouver,188,8192.671
2025-11-15T02:00:00.000Z,50,Helsinki,231,8605.931
2025-11-15T03:00:00.000Z,1,Ho Chi Minh City,98,7879.822
2025-11-15T03:00:00.000Z,2,Berlin,117,7190.371
2025-11-15T03:00:00.000Z,3,Rome,117,7990.202
2025-11-15T03:00:00.000Z,4,New York,117,8327.1
2025-11-15T03:00:00.000Z,5,Zurich,117,8491.451000000001
2025-11-15T03:00:00.000Z,6,Jakarta,120,7612.144
2025-11-15T03:00:00.000Z,7,Paris,123,8996.051
2025-11-15T03:00:00.000Z,8,London,126,6867.523
2025-11-15T03:00:00.000Z,9,Karachi,127,8283.541
2025-11-15T03:00:00.000Z,10,Cairo,129,6783.657
2025-11-15T03:00:00.000Z,11,Warsaw,129,8196.926
2025-11-15T03:00:00.000Z,12,Houston,129,8276.04
2025-11-15T03:00:00.000Z,13,Nairobi,132,7247.54
2025-11-15T03:00:00.000Z,14,Chicago,132,8131.081
2025-11-15T03:00:00.000Z,15,Los Angeles,132,8216.626
2025-11-15T03:00:00.000Z,16,Hong Kong,134,8034.817
2025-11-15T03:00:00.000Z,17,Buenos Aires,134,8992.229
2025-11-15T03:00:00.000Z,18,Tehran,135,7792.428
2025-11-15T03:00:00.000Z,19,Kuala Lumpur,135,8119.921
2025-11-15T03:00:00.000Z,20,Riyadh,138,8518.307
2025-11-15T03:00:00.000Z,21,Bengaluru,139,8478.568
2025-11-15T03:00:00.000Z,22,Bangkok,139,9225.142
2025-11-15T03:00:00.000Z,23,Mexico City,141,8991.647
2025-11-15T03:00:00.000Z,24,Melbourne,142,8497.224
2025-11-15T03:00:00.000Z,25,São Paulo,144,7990.454
2025-11-15T03:00:00.000Z,26,Doha,147,7301.338
2025-11-15T03:00:00.000Z,27,Dubai,147,7650.842000000001
2025-11-15T03:00:00.000Z,28,Singapore,149,7379.848
2025-11-15T03:00:00.000Z,29,Auckland,152,7768.361
2025-11-15T03:00:00.000Z,30,Mumbai,152,9067.8
2025-11-15T03:00:00.000Z,31,Cape Town,153,8357.215
2025-11-15T03:00:00.000Z,32,Manila,154,6347.18
2025-11-15T03:00:00.000Z,33,Stockholm,158,9478.58
2025-11-15T03:00:00.000Z,34,Seoul,160,7881.277
2025-11-15T03:00:00.000Z,35,Istanbul,160,7913.775
2025-11-15T03:00:00.000Z,36,Osaka,160,9397.835
2025-11-15T03:00:00.000Z,37,San Francisco,161,7316.974
2025-11-15T03:00:00.000Z,38,Beijing,161,7739.429
2025-11-15T03:00:00.000Z,39,Moscow,161,8122.102
2025-11-15T03:00:00.000Z,40,Shanghai,161,8643.51
2025-11-15T03:00:00.000Z,41,Lagos,163,8212.413
2025-11-15T03:00:00.000Z,42,Kolkata,165,8515.626
2025-11-15T03:00:00.000Z,43,Delhi,166,8202.619
2025-11-15T03:00:00.000Z,44,Sydney,166,8304.061
2025-11-15T03:00:00.000Z,45,Toronto,170,7931.282999999999
2025-11-15T03:00:00.000Z,46,Tokyo,170,9024.591
2025-11-15T03:00:00.000Z,47,Madrid,176,7694.026
2025-11-15T03:00:00.000Z,48,Chennai,182,8508.029
2025-11-15T03:00:00.000Z,49,Vancouver,188,8398.51
2025-11-15T03:00:00.000Z,50,Helsinki,231,8934.185
2025-11-15T04:00:00.000Z,1,Ho Chi Minh City,98,8240.127
2025-11-15T04:00:00.000Z,2,Paris,110,8744.645999999999
2025-11-15T04:00:00.000Z,3,New York,117,8358.613
2025-11-15T04:00:00.000Z,4,Zurich,117,8615.687
2025-11-15T04:00:00.000Z,5,Berlin,120,6916.894
2025-11-15T04:00:00.000Z,6,Manila,122,6079.975
2025-11-15T04:00:00.000Z,7,Jakarta,125,7831.965
2025-11-15T04:00:00.000Z,8,Mumbai,125,9451.801
2025-11-15T04:00:00.000Z,9,London,126,6910.887000000001
2025-11-15T04:00:00.000Z,10,Delhi,126,7763.901
2025-11-15T04:00:00.000Z,11,Karachi,127,8141.831
2025-11-15T04:00:00.000Z,12,Rome,128,8009.461
2025-11-15T04:00:00.000Z,13,Cairo,129,7160.630999999999
2025-11-15T04:00:00.000Z,14,Warsaw,129,7887.992
2025-11-15T04:00:00.000Z,15,Houston,129,8185.564
2025-11-15T04:00:00.000Z,16,Nairobi,132,6994.0960000000005
2025-11-15T04:00:00.000Z,17,Chicago,132,7687.251
2025-11-15T04:00:00.000Z,18,Los Angeles,132,8536.600999999999
2025-11-15T04:00:00.000Z,19,Auckland,134,8012.586
2025-11-15T04:00:00.000Z,20,Hong Kong,134,8073.517
2025-11-15T04:00:00.000Z,21,Buenos Aires,134,9109.57
2025-11-15T04:00:00.000Z,22,Tehran,135,8035.436
2025-11-15T04:00:00.000Z,23,Riyadh,138,8346.45
2025-11-15T04:00:00.000Z,24,Bengaluru,140,8133.432
2025-11-15T04:00:00.000Z,25,Mexico City,141,8972.251
2025-11-15T04:00:00.000Z,26,Melbourne,142,8710.367
2025-11-15T04:00:00.000Z,27,Kuala Lumpur,143,7803.679
2025-11-15T04:00:00.000Z,28,São Paulo,144,7626.584
2025-11-15T04:00:00.000Z,29,Bangkok,144,9037.233
2025-11-15T04:00:00.000Z,30,Doha,147,7334.886
2025-11-15T04:00:00.000Z,31,Dubai,147,7510.223
2025-11-15T04:00:00.000Z,32,Singapore,149,7448.275
2025-11-15T04:00:00.000Z,33,Helsinki,152,8807.814
2025-11-15T04:00:00.000Z,34,Cape Town,153,7567.884
2025-11-15T04:00:00.000Z,35,Stockholm,158,9808.233
2025-11-15T04:00:00.000Z,36,Istanbul,160,7496.619000000001
2025-11-15T04:00:00.000Z,37,Seoul,160,8266.225
2025-11-15T04:00:00.000Z,38,Osaka,160,9187.528
2025-11-15T04:00:00.000Z,39,Moscow,161,7495.593
2025-11-15T04:00:00.000Z,40,Beijing,161,7788.849
2025-11-15T04:00:00.000Z,41,San Francisco,161,7810.268
2025-11-15T04:00:00.000Z,42,Shanghai,161,8215.17
2025-11-15T04:00:00.000Z,43,Lagos,163,8165.155000000001
2025-11-15T04:00:00.000Z,44,Kolkata,165,8734.954
2025-11-15T04:00:00.000Z,45,Sydney,166,8037.594
2025-11-15T04:00:00.000Z,46,Toronto,170,8026.07
2025-11-15T04:00:00.000Z,47,Tokyo,170,8329.765
2025-11-15T04:00:00.000Z,48,Madrid,176,7458.783
2025-11-15T04:00:00.000Z,49,Chennai,182,8329.470000000001
2025-11-15T04:00:00.000Z,50,Vancouver,188,8580.465
2025-11-15T05:00:00.000Z,1,Nairobi,113,6523.021000000001
2025-11-15T05:00:00.000Z,2,Zurich,117,8643.829
2025-11-15T05:00:00.000Z,3,Manila,122,6572.994000000001
2025-11-15T05:00:00.000Z,4,Jakarta,125,8253.085
2025-11-15T05:00:00.000Z,5,London,126,6855.628000000001
2025-11-15T05:00:00.000Z,6,Delhi,126,7554.755
2025-11-15T05:00:00.000Z,7,Karachi,127,8245.142
2025-11-15T05:00:00.000Z,8,Houston,129,7743.719
2025-11-15T05:00:00.000Z,9,Warsaw,129,8047.235000000001
2025-11-15T05:00:00.000Z,10,Melbourne,129,8668.64
2025-11-15T05:00:00.000Z,11,Ho Chi Minh City,130,7723.502
2025-11-15T05:00:00.000Z,12,New York,131,7921.514999999999
2025-11-15T05:00:00.000Z,13,Los Angeles,132,9082.295
2025-11-15T05:00:00.000Z,14,Hong Kong,133,7733.4039999999995
2025-11-15T05:00:00.000Z,15,Auckland,134,7750.805
2025-11-15T05:00:00.000Z,16,Buenos Aires,134,8880.882
2025-11-15T05:00:00.000Z,17,Mumbai,134,9322.284
2025-11-15T05:00:00.000Z,18,Tehran,135,7590.376
2025-11-15T05:00:00.000Z,19,Paris,135,9347.011
2025-11-15T05:00:00.000Z,20,Toronto,137,9133.035
2025-11-15T05:00:00.000Z,21,Riyadh,138,8680.492
2025-11-15T05:00:00.000Z,22,Bengaluru,140,7551.7609999999995
2025-11-15T05:00:00.000Z,23,Mexico City,141,9018.359
2025-11-15T05:00:00.000Z,24,Rome,143,8054.324
2025-11-15T05:00:00.000Z,25,Kuala Lumpur,143,8273.004
2025-11-15T05:00:00.000Z,26,São Paulo,144,8250.515
2025-11-15T05:00:00.000Z,27,Bangkok,144,8841.546
2025-11-15T05:00:00.000Z,28,Cairo,145,7179.718
2025-11-15T05:00:00.000Z,29,Sydney,146,8332.439
2025-11-15T05:00:00.000Z,30,Doha,147,7211.782999999999
2025-11-15T05:00:00.000Z,31,Dubai,147,7677.757
2025-11-15T05:00:00.000Z,32,Chicago,148,7942.059
2025-11-15T05:00:00.000Z,33,Singapore,149,6989.34
2025-11-15T05:00:00.000Z,34,Helsinki,152,8208.9
2025-11-15T05:00:00.000Z,35,Cape Town,153,7703.71
2025-11-15T05:00:00.000Z,36,Berlin,154,6410.866
2025-11-15T05:00:00.000Z,37,Stockholm,158,9393.247
2025-11-15T05:00:00.000Z,38,Istanbul,160,7383.339
2025-11-15T05:00:00.000Z,39,Seoul,160,7669.075
2025-11-15T05:00:00.000Z,40,Osaka,160,9080.047
2025-11-15T05:00:00.000Z,41,Beijing,161,7363.483
2025-11-15T05:00:00.000Z,42,Moscow,161,7626.9220000000005
2025-11-15T05:00:00.000Z,43,San Francisco,161,7846.665
2025-11-15T05:00:00.000Z,44,Shanghai,161,8623.530999999999
2025-11-15T05:00:00.000Z,45,Lagos,163,8053.616
2025-11-15T05:00:00.000Z,46,Kolkata,165,8400.501
2025-11-15T05:00:00.000Z,47,Tokyo,170,7994.363
2025-11-15T05:00:00.000Z,48,Madrid,176,7591.908
2025-11-15T05:00:00.000Z,49,Chennai,182,8471.767
2025-11-15T05:00:00.000Z,50,Vancouver,188,8601.085
2025-11-15T06:00:00.000Z,1,Moscow,101,7780.78
2025-11-15T06:00:00.000Z,2,Kolkata,104,7915.089
2025-11-15T06:00:00.000Z,3,Nairobi,113,7364.77
2025-11-15T06:00:00.000Z,4,Zurich,117,8689.878
2025-11-15T06:00:00.000Z,5,Riyadh,117,8851.034
2025-11-15T06:00:00.000Z,6,Manila,122,6794.491
2025-11-15T06:00:00.000Z,7,Dubai,122,8020.249
2025-11-15T06:00:00.000Z,8,Jakarta,125,8368.375
2025-11-15T06:00:00.000Z,9,London,126,6615.605
2025-11-15T06:00:00.000Z,10,Delhi,126,7593.472
2025-11-15T06:00:00.000Z,11,Karachi,127,7604.77
2025-11-15T06:00:00.000Z,12,Houston,129,7539.602
2025-11-15T06:00:00.000Z,13,Warsaw,129,8217.912
2025-11-15T06:00:00.000Z,14,Melbourne,129,8506.622
2025-11-15T06:00:00.000Z,15,New York,131,8170.346
2025-11-15T06:00:00.000Z,16,Los Angeles,132,9060.926
2025-11-15T06:00:00.000Z,17,Hong Kong,133,7500.847
2025-11-15T06:00:00.000Z,18,Auckland,134,7637.1759999999995
2025-11-15T06:00:00.000Z,19,Mumbai,134,8599.182
2025-11-15T06:00:00.000Z,20,Buenos Aires,134,8715.107
2025-11-15T06:00:00.000Z,21,Tehran,135,7878.716
2025-11-15T06:00:00.000Z,22,Paris,135,8902.188
2025-11-15T06:00:00.000Z,23,Toronto,137,9594.986
2025-11-15T06:00:00.000Z,24,Bengaluru,140,7299.3060000000005
2025-11-15T06:00:00.000Z,25,San Francisco,140,7843.185
2025-11-15T06:00:00.000Z,26,Mexico City,141,8373.389
2025-11-15T06:00:00.000Z,27,Rome,143,8252.672
2025-11-15T06:00:00.000Z,28,Kuala Lumpur,143,8865.300000000001
2025-11-15T06:00:00.000Z,29,São Paulo,144,7464.272
2025-11-15T06:00:00.000Z,30,Cairo,145,7617.518
2025-11-15T06:00:00.000Z,31,Sydney,146,8112.71
2025-11-15T06:00:00.000Z,32,Doha,147,7045.796
2025-11-15T06:00:00.000Z,33,Chicago,148,8178.441
2025-11-15T06:00:00.000Z,34,Singapore,149,6994.511
2025-11-15T06:00:00.000Z,35,Helsinki,152,8087.2970000000005
2025-11-15T06:00:00.000Z,36,Cape Town,153,7884.826999999999
2025-11-15T06:00:00.000Z,37,Berlin,154,5659.964
2025-11-15T06:00:00.000Z,38,Stockholm,158,9790.395
2025-11-15T06:00:00.000Z,39,Istanbul,160,7516.911
2025-11-15T06:00:00.000Z,40,Seoul,160,7685.334
2025-11-15T06:00:00.000Z,41,Osaka,160,9512.457
2025-11-15T06:00:00.000Z,42,Beijing,161,6763.33
2025-11-15T06:00:00.000Z,43,Shanghai,161,8369.838
2025-11-15T06:00:00.000Z,44,Lagos,163,7820.657999999999
2025-11-15T06:00:00.000Z,45,Ho Chi Minh City,165,7767.929
2025-11-15T06:00:00.000Z,46,Bangkok,165,8821.043
2025-11-15T06:00:00.000Z,47,Tokyo,170,7518.355
2025-11-15T06:00:00.000Z,48,Madrid,176,7401.642
2025-11-15T06:00:00.000Z,49,Chennai,182,8557.044
2025-11-15T06:00:00.000Z,50,Vancouver,188,8123.227
2025-11-15T07:00:00.000Z,1,Moscow,104,8263.752
2025-11-15T07:00:00.000Z,2,Kolkata,111,8379.828
2025-11-15T07:00:00.000Z,3,Nairobi,113,7598.323
2025-11-15T07:00:00.000Z,4,Riyadh,114,8826.684
2025-11-15T07:00:00.000Z,5,Zurich,115,8917.108
2025-11-15T07:00:00.000Z,6,Manila,122,7518.1050000000005
2025-11-15T07:00:00.000Z,7,Dubai,122,7956.089
2025-11-15T07:00:00.000Z,8,Karachi,125,7877.242
2025-11-15T07:00:00.000Z,9,Warsaw,129,7910.985
2025-11-15T07:00:00.000Z,10,Melbourne,129,7956.753000000001
2025-11-15T07:00:00.000Z,11,Houston,129,8116.527
2025-11-15T07:00:00.000Z,12,New York,131,7923.486
2025-11-15T07:00:00.000Z,13,Hong Kong,133,7959.419
2025-11-15T07:00:00.000Z,14,Auckland,134,8185.867
2025-11-15T07:00:00.000Z,15,Buenos Aires,134,8251.622
2025-11-15T07:00:00.000Z,16,Mumbai,134,8782.101
2025-11-15T07:00:00.000Z,17,London,135,6941.567
2025-11-15T07:00:00.000Z,18,Delhi,135,7440.143
2025-11-15T07:00:00.000Z,19,Tehran,135,8037.889999999999
2025-11-15T07:00:00.000Z,20,Paris,135,8734.186
2025-11-15T07:00:00.000Z,21,Doha,137,6614.465
2025-11-15T07:00:00.000Z,22,Toronto,137,9291.886
2025-11-15T07:00:00.000Z,23,Bengaluru,140,7089.735000000001
2025-11-15T07:00:00.000Z,24,San Francisco,140,7941.1849999999995
2025-11-15T07:00:00.000Z,25,Mexico City,141,8286.432
2025-11-15T07:00:00.000Z,26,Shanghai,143,8339.959
2025-11-15T07:00:00.000Z,27,Rome,143,8377.15
2025-11-15T07:00:00.000Z,28,Kuala Lumpur,143,9371.591
2025-11-15T07:00:00.000Z,29,Cairo,145,8011.675
2025-11-15T07:00:00.000Z,30,São Paulo,146,7303.207
2025-11-15T07:00:00.000Z,31,Sydney,146,8135.413
2025-11-15T07:00:00.000Z,32,Seoul,147,7739.12
2025-11-15T07:00:00.000Z,33,Chicago,148,6946.573
2025-11-15T07:00:00.000Z,34,Singapore,149,7259.174
2025-11-15T07:00:00.000Z,35,Helsinki,152,7983.136
2025-11-15T07:00:00.000Z,36,Cape Town,153,8057.206
2025-11-15T07:00:00.000Z,37,Berlin,154,5355.4439999999995
2025-11-15T07:00:00.000Z,38,Stockholm,158,9038.462
2025-11-15T07:00:00.000Z,39,Istanbul,160,7992.986
2025-11-15T07:00:00.000Z,40,Osaka,160,9665.515
2025-11-15T07:00:00.000Z,41,Beijing,161,6433.759
2025-11-15T07:00:00.000Z,42,Lagos,163,7987.726
2025-11-15T07:00:00.000Z,43,Ho Chi Minh City,165,7473.168
2025-11-15T07:00:00.000Z,44,Bangkok,165,8055.52
2025-11-15T07:00:00.000Z,45,Jakarta,165,8304.009
2025-11-15T07:00:00.000Z,46,Tokyo,170,8158.116
2025-11-15T07:00:00.000Z,47,Madrid,176,6735.8279999999995
2025-11-15T07:00:00.000Z,48,Los Angeles,177,8940.222
2025-11-15T07:00:00.000Z,49,Chennai,182,8770.948
2025-11-15T07:00:00.000Z,50,Vancouver,188,8048.848
2025-11-15T08:00:00.000Z,1,Kolkata,111,8504.26
2025-11-15T08:00:00.000Z,2,Zurich,113,8316.457
2025-11-15T08:00:00.000Z,3,Nairobi,117,8182.360000000001
2025-11-15T08:00:00.000Z,4,Dubai,122,7540.753
2025-11-15T08:00:00.000Z,5,Karachi,126,7745.157999999999
2025-11-15T08:00:00.000Z,6,Melbourne,129,7904.34
2025-11-15T08:00:00.000Z,7,Warsaw,129,8219.408
2025-11-15T08:00:00.000Z,8,New York,131,7466.469
2025-11-15T08:00:00.000Z,9,Hong Kong,133,7845.201
2025-11-15T08:00:00.000Z,10,Buenos Aires,134,8732.845000000001
2025-11-15T08:00:00.000Z,11,Auckland,134,8769.796
2025-11-15T08:00:00.000Z,12,Mumbai,134,9209.471
2025-11-15T08:00:00.000Z,13,London,135,6933.497
2025-11-15T08:00:00.000Z,14,Delhi,135,7206.641
2025-11-15T08:00:00.000Z,15,Tehran,135,7729.5560000000005
2025-11-15T08:00:00.000Z,16,Paris,135,9114.979
2025-11-15T08:00:00.000Z,17,Doha,137,6814.117
2025-11-15T08:00:00.000Z,18,Toronto,137,9256.338
2025-11-15T08:00:00.000Z,19,Riyadh,138,9132.127
2025-11-15T08:00:00.000Z,20,Lagos,139,7985.5560000000005
2025-11-15T08:00:00.000Z,21,Osaka,139,9304.936
2025-11-15T08:00:00.000Z,22,Bengaluru,140,6978.67
2025-11-15T08:00:00.000Z,23,San Francisco,140,8485.903
2025-11-15T08:00:00.000Z,24,Mexico City,141,8730.722
2025-11-15T08:00:00.000Z,25,Rome,143,8102.5740000000005
2025-11-15T08:00:00.000Z,26,Shanghai,143,8834.869
2025-11-15T08:00:00.000Z,27,Kuala Lumpur,143,9213.989
2025-11-15T08:00:00.000Z,28,Cairo,145,8476.294
2025-11-15T08:00:00.000Z,29,São Paulo,146,6984.959
2025-11-15T08:00:00.000Z,30,Sydney,146,8036.586
2025-11-15T08:00:00.000Z,31,Seoul,147,7666.591
2025-11-15T08:00:00.000Z,32,Chicago,148,6874.227
2025-11-15T08:00:00.000Z,33,Singapore,149,7296.264
2025-11-15T08:00:00.000Z,34,Helsinki,152,7611.849
2025-11-15T08:00:00.000Z,35,Cape Town,153,8155.335
2025-11-15T08:00:00.000Z,36,Berlin,154,5803.606
2025-11-15T08:00:00.000Z,37,Stockholm,158,8918.398
2025-11-15T08:00:00.000Z,38,Beijing,159,6008.233
2025-11-15T08:00:00.000Z,39,Istanbul,160,7790.9529999999995
2025-11-15T08:00:00.000Z,40,Ho Chi Minh City,165,7907.77
2025-11-15T08:00:00.000Z,41,Bangkok,165,8092.09
2025-11-15T08:00:00.000Z,42,Jakarta,165,8710.931
2025-11-15T08:00:00.000Z,43,Manila,169,7903.132
2025-11-15T08:00:00.000Z,44,Tokyo,170,8561.189
2025-11-15T08:00:00.000Z,45,Houston,175,7456.584
2025-11-15T08:00:00.000Z,46,Madrid,176,6543.616
2025-11-15T08:00:00.000Z,47,Los Angeles,177,8720.065
2025-11-15T08:00:00.000Z,48,Moscow,181,8070.503
2025-11-15T08:00:00.000Z,49,Chennai,182,9083.286
2025-11-15T08:00:00.000Z,50,Vancouver,188,8388.438
2025-11-15T09:00:00.000Z,1,Zurich,113,8276.184
2025-11-15T09:00:00.000Z,2,Kolkata,114,8071.5830000000005
2025-11-15T09:00:00.000Z,3,Nairobi,117,8131.667
2025-11-15T09:00:00.000Z,4,Stockholm,118,8668.462
2025-11-15T09:00:00.000Z,5,Dubai,122,7344.656
2025-11-15T09:00:00.000Z,6,Karachi,126,7771.728999999999
2025-11-15T09:00:00.000Z,7,Istanbul,127,7919.38
2025-11-15T09:00:00.000Z,8,Buenos Aires,128,8296.601
2025-11-15T09:00:00.000Z,9,Melbourne,129,7583.0419999999995
2025-11-15T09:00:00.000Z,10,Tehran,130,7460.745
2025-11-15T09:00:00.000Z,11,New York,131,7059.9490000000005
2025-11-15T09:00:00.000Z,12,Hong Kong,131,8038.014
2025-11-15T09:00:00.000Z,13,Mumbai,134,8785.758
2025-11-15T09:00:00.000Z,14,London,135,6677.043
2025-11-15T09:00:00.000Z,15,Delhi,135,6829.499
2025-11-15T09:00:00.000Z,16,Doha,137,6779.246
2025-11-15T09:00:00.000Z,17,Toronto,137,9977.288
2025-11-15T09:00:00.000Z,18,Riyadh,138,9030.786
2025-11-15T09:00:00.000Z,19,Lagos,139,7466.412
2025-11-15T09:00:00.000Z,20,Warsaw,139,8250.759
2025-11-15T09:00:00.000Z,21,Osaka,139,9091.738
2025-11-15T09:00:00.000Z,22,Bengaluru,140,7085.997
2025-11-15T09:00:00.000Z,23,San Francisco,140,8438.88
2025-11-15T09:00:00.000Z,24,Mexico City,141,8661.087
2025-11-15T09:00:00.000Z,25,Auckland,142,8945.34
2025-11-15T09:00:00.000Z,26,Rome,143,8431.644
2025-11-15T09:00:00.000Z,27,Shanghai,143,8583.285
2025-11-15T09:00:00.000Z,28,Kuala Lumpur,143,9203.789
2025-11-15T09:00:00.000Z,29,Cairo,145,9070.713
2025-11-15T09:00:00.000Z,30,São Paulo,146,7667.93
2025-11-15T09:00:00.000Z,31,Sydney,146,7989.619000000001
2025-11-15T09:00:00.000Z,32,Paris,147,9087.913
2025-11-15T09:00:00.000Z,33,Chicago,148,6788.877
2025-11-15T09:00:00.000Z,34,Seoul,148,8304.843
2025-11-15T09:00:00.000Z,35,Singapore,149,7426.994
2025-11-15T09:00:00.000Z,36,Helsinki,152,7769.096
2025-11-15T09:00:00.000Z,37,Cape Town,153,8283.263
2025-11-15T09:00:00.000Z,38,Berlin,154,6195.31
2025-11-15T09:00:00.000Z,39,Tokyo,154,8004.65
2025-11-15T09:00:00.000Z,40,Beijing,159,5955.778
2025-11-15T09:00:00.000Z,41,Ho Chi Minh City,165,7599.597
2025-11-15T09:00:00.000Z,42,Bangkok,165,8366.135
2025-11-15T09:00:00.000Z,43,Jakarta,165,8851.923999999999
2025-11-15T09:00:00.000Z,44,Manila,169,8646.459
2025-11-15T09:00:00.000Z,45,Houston,175,7083.787
2025-11-15T09:00:00.000Z,46,Madrid,176,6171.276
2025-11-15T09:00:00.000Z,47,Los Angeles,177,8406.133
2025-11-15T09:00:00.000Z,48,Moscow,181,7748.818
2025-11-15T09:00:00.000Z,49,Chennai,182,9838.044
2025-11-15T09:00:00.000Z,50,Vancouver,188,8246.514
2025-11-15T10:00:00.000Z,1,Zurich,113,8549.747
2025-11-15T10:00:00.000Z,2,Cape Town,114,7874.295
2025-11-15T10:00:00.000Z,3,Kolkata,114,7950.744
2025-11-15T10:00:00.000Z,4,Nairobi,117,8367.182
2025-11-15T10:00:00.000Z,5,Stockholm,118,8219.426
2025-11-15T10:00:00.000Z,6,Helsinki,122,8204.637
2025-11-15T10:00:00.000Z,7,Mexico City,125,8527.598
2025-11-15T10:00:00.000Z,8,Karachi,126,7624.6849999999995
2025-11-15T10:00:00.000Z,9,Dubai,127,7501.764
2025-11-15T10:00:00.000Z,10,Istanbul,127,7857.063
2025-11-15T10:00:00.000Z,11,Buenos Aires,128,8590.065
2025-11-15T10:00:00.000Z,12,Tehran,130,7601.639999999999
2025-11-15T10:00:00.000Z,13,Melbourne,130,7912.148
2025-11-15T10:00:00.000Z,14,Toronto,130,10612.235
2025-11-15T10:00:00.000Z,15,New York,131,7271.6990000000005
2025-11-15T10:00:00.000Z,16,Hong Kong,131,7658.101000000001
2025-11-15T10:00:00.000Z,17,Mumbai,134,8655.992
2025-11-15T10:00:00.000Z,18,Shanghai,134,8880.793
2025-11-15T10:00:00.000Z,19,London,135,6366.688
2025-11-15T10:00:00.000Z,20,Sydney,135,7397.003000000001
2025-11-15T10:00:00.000Z,21,Delhi,135,7627.8369999999995
2025-11-15T10:00:00.000Z,22,Vancouver,136,8246.772
2025-11-15T10:00:00.000Z,23,Doha,137,6626.03
2025-11-15T10:00:00.000Z,24,Riyadh,138,8977.121
2025-11-15T10:00:00.000Z,25,Lagos,139,7602.841
2025-11-15T10:00:00.000Z,26,Osaka,139,8219.752
2025-11-15T10:00:00.000Z,27,Warsaw,139,8543.783
2025-11-15T10:00:00.000Z,28,Bengaluru,140,7312.205
2025-11-15T10:00:00.000Z,29,San Francisco,140,8866.629
2025-11-15T10:00:00.000Z,30,Auckland,142,8689.249
2025-11-15T10:00:00.000Z,31,Rome,143,8796.849
2025-11-15T10:00:00.000Z,32,Kuala Lumpur,143,9058.524
2025-11-15T10:00:00.000Z,33,Cairo,145,9353.453
2025-11-15T10:00:00.000Z,34,São Paulo,146,7604.5689999999995
2025-11-15T10:00:00.000Z,35,Paris,147,8823.128999999999
2025-11-15T10:00:00.000Z,36,Seoul,148,8030.934
2025-11-15T10:00:00.000Z,37,Berlin,154,6884.999
2025-11-15T10:00:00.000Z,38,Tokyo,154,8107.202
2025-11-15T10:00:00.000Z,39,Beijing,159,6230.939
2025-11-15T10:00:00.000Z,40,Singapore,159,7595.689
2025-11-15T10:00:00.000Z,41,Chicago,160,6762.731
2025-11-15T10:00:00.000Z,42,Chennai,160,9776.566
2025-11-15T10:00:00.000Z,43,Ho Chi Minh City,165,7277.304
2025-11-15T10:00:00.000Z,44,Bangkok,165,8235.241
2025-11-15T10:00:00.000Z,45,Jakarta,165,8811.187
2025-11-15T10:00:00.000Z,46,Manila,169,8593.838
2025-11-15T10:00:00.000Z,47,Houston,175,7403.504
2025-11-15T10:00:00.000Z,48,Madrid,176,6001.960999999999
2025-11-15T10:00:00.000Z,49,Los Angeles,177,7877.558
2025-11-15T10:00:00.000Z,50,Moscow,181,7749.576
2025-11-15T11:00:00.000Z,1,Istanbul,116,8405.716
2025-11-15T11:00:00.000Z,2,Nairobi,117,7797.742
2025-11-15T11:00:00.000Z,3,Stockholm,118,8107.35
2025-11-15T11:00:00.000Z,4,Buenos Aires,119,8345.795
2025-11-15T11:00:00.000Z,5,Helsinki,122,7969.403
2025-11-15T11:00:00.000Z,6,Mexico City,125,8455.361
2025-11-15T11:00:00.000Z,7,Karachi,126,8030.933
2025-11-15T11:00:00.000Z,8,Dubai,127,7022.543
2025-11-15T11:00:00.000Z,9,Tehran,130,7765.469
2025-11-15T11:00:00.000Z,10,Melbourne,130,8178.776
2025-11-15T11:00:00.000Z,11,Toronto,130,9981.751
2025-11-15T11:00:00.000Z,12,Hong Kong,131,7618.381
2025-11-15T11:00:00.000Z,13,New York,131,7821.627
2025-11-15T11:00:00.000Z,14,Zurich,132,8556.15
2025-11-15T11:00:00.000Z,15,Mumbai,134,8329.8
2025-11-15T11:00:00.000Z,16,Shanghai,134,8597.166000000001
2025-11-15T11:00:00.000Z,17,London,135,6725.992
2025-11-15T11:00:00.000Z,18,Sydney,135,7665.549
2025-11-15T11:00:00.000Z,19,Delhi,135,7757.354
2025-11-15T11:00:00.000Z,20,Vancouver,136,7990.887000000001
2025-11-15T11:00:00.000Z,21,Doha,137,6862.264
2025-11-15T11:00:00.000Z,22,Kolkata,138,7851.258
2025-11-15T11:00:00.000Z,23,Cape Town,138,8311.93
2025-11-15T11:00:00.000Z,24,Riyadh,138,8749.115
2025-11-15T11:00:00.000Z,25,Osaka,139,8043.484
2025-11-15T11:00:00.000Z,26,Lagos,139,8082.52
2025-11-15T11:00:00.000Z,27,Warsaw,139,8216.609
2025-11-15T11:00:00.000Z,28,Bengaluru,140,7723.71
2025-11-15T11:00:00.000Z,29,San Francisco,140,8626.543
2025-11-15T11:00:00.000Z,30,Auckland,142,8137.748
2025-11-15T11:00:00.000Z,31,Rome,143,8121.287
2025-11-15T11:00:00.000Z,32,Kuala Lumpur,143,8642.212
2025-11-15T11:00:00.000Z,33,Cairo,145,10055.518
2025-11-15T11:00:00.000Z,34,São Paulo,146,7876.713
2025-11-15T11:00:00.000Z,35,Paris,147,8336.876
2025-11-15T11:00:00.000Z,36,Madrid,152,6312.082
2025-11-15T11:00:00.000Z,37,Berlin,154,7584.38
2025-11-15T11:00:00.000Z,38,Tokyo,154,7847.349
2025-11-15T11:00:00.000Z,39,Beijing,159,5778.626
2025-11-15T11:00:00.000Z,40,Singapore,159,7803.072
2025-11-15T11:00:00.000Z,41,Chicago,160,7130.134
2025-11-15T11:00:00.000Z,42,Chennai,160,9835.819
2025-11-15T11:00:00.000Z,43,Ho Chi Minh City,165,7669.28
2025-11-15T11:00:00.000Z,44,Bangkok,165,8161.412
2025-11-15T11:00:00.000Z,45,Jakarta,165,8322.085
2025-11-15T11:00:00.000Z,46,Seoul,166,8643.129
2025-11-15T11:00:00.000Z,47,Manila,169,8700.782
2025-11-15T11:00:00.000Z,48,Houston,175,6965.158
2025-11-15T11:00:00.000Z,49,Los Angeles,177,7758.719
2025-11-15T11:00:00.000Z,50,Moscow,181,7173.715
2025-11-15T12:00:00.000Z,1,Beijing,111,6208.5289999999995
2025-11-15T12:00:00.000Z,2,Shanghai,113,8451.188
2025-11-15T12:00:00.000Z,3,Istanbul,116,8556.057999999999
2025-11-15T12:00:00.000Z,4,Nairobi,117,8273.453
2025-11-15T12:00:00.000Z,5,Stockholm,118,8281.009
2025-11-15T12:00:00.000Z,6,Buenos Aires,119,8147.896
2025-11-15T12:00:00.000Z,7,Chennai,121,10019.854
2025-11-15T12:00:00.000Z,8,Helsinki,122,7747.302
2025-11-15T12:00:00.000Z,9,Karachi,126,7747.597
2025-11-15T12:00:00.000Z,10,Dubai,127,6782.793
2025-11-15T12:00:00.000Z,11,Melbourne,130,7868.0509999999995
2025-11-15T12:00:00.000Z,12,Tehran,130,7984.118
2025-11-15T12:00:00.000Z,13,Toronto,130,9524.809
2025-11-15T12:00:00.000Z,14,Hong Kong,131,7682.644
2025-11-15T12:00:00.000Z,15,New York,131,7816.573
2025-11-15T12:00:00.000Z,16,Zurich,132,8684.649
2025-11-15T12:00:00.000Z,17,Mumbai,134,8055.263
2025-11-15T12:00:00.000Z,18,London,135,7073.781
2025-11-15T12:00:00.000Z,19,Sydney,135,7994.646
2025-11-15T12:00:00.000Z,20,Delhi,135,7995.191
2025-11-15T12:00:00.000Z,21,Vancouver,136,7967.375
2025-11-15T12:00:00.000Z,22,Kuala Lumpur,136,8371.384
2025-11-15T12:00:00.000Z,23,Doha,137,7415.2970000000005
2025-11-15T12:00:00.000Z,24,Kolkata,138,7560.178
2025-11-15T12:00:00.000Z,25,Riyadh,138,8633.722
2025-11-15T12:00:00.000Z,26,Cape Town,138,8934.25
2025-11-15T12:00:00.000Z,27,Lagos,139,7905.891
2025-11-15T12:00:00.000Z,28,Osaka,139,8202.273000000001
2025-11-15T12:00:00.000Z,29,Warsaw,139,8244.519
2025-11-15T12:00:00.000Z,30,San Francisco,140,8581.377
2025-11-15T12:00:00.000Z,31,Auckland,142,8202.280999999999
2025-11-15T12:00:00.000Z,32,Rome,143,7453.592000000001
2025-11-15T12:00:00.000Z,33,Cairo,145,9850.137
2025-11-15T12:00:00.000Z,34,Bengaluru,146,7889.869000000001
2025-11-15T12:00:00.000Z,35,São Paulo,146,8231.643
2025-11-15T12:00:00.000Z,36,Paris,147,8490.996
2025-11-15T12:00:00.000Z,37,Madrid,152,6602.723
2025-11-15T12:00:00.000Z,38,Mexico City,153,8102.036
2025-11-15T12:00:00.000Z,39,Berlin,154,7931.279
2025-11-15T12:00:00.000Z,40,Tokyo,154,8457.776
2025-11-15T12:00:00.000Z,41,Singapore,159,8067.134
2025-11-15T12:00:00.000Z,42,Chicago,160,7150.942999999999
2025-11-15T12:00:00.000Z,43,Jakarta,165,7822.736
2025-11-15T12:00:00.000Z,44,Bangkok,165,7946.511
2025-11-15T12:00:00.000Z,45,Seoul,166,8123.154
2025-11-15T12:00:00.000Z,46,Manila,169,8580.824
2025-11-15T12:00:00.000Z,47,Houston,175,6860.885
2025-11-15T12:00:00.000Z,48,Ho Chi Minh City,177,7337.8009999999995
2025-11-15T12:00:00.000Z,49,Los Angeles,177,8072.351000000001
2025-11-15T12:00:00.000Z,50,Moscow,181,7398.791
2025-11-15T13:00:00.000Z,1,New York,99,8155.7789999999995
2025-11-15T13:00:00.000Z,2,Shanghai,113,8257.184000000001
2025-11-15T13:00:00.000Z,3,Mumbai,114,8133.136
2025-11-15T13:00:00.000Z,4,Istanbul,116,8557.603
2025-11-15T13:00:00.000Z,5,Nairobi,117,8775.08
2025-11-15T13:00:00.000Z,6,Vancouver,118,7595.303
2025-11-15T13:00:00.000Z,7,Stockholm,118,8285.807
2025-11-15T13:00:00.000Z,8,Beijing,119,6448.425
2025-11-15T13:00:00.000Z,9,Buenos Aires,119,7516.594999999999
2025-11-15T13:00:00.000Z,10,Rome,120,7357.323
2025-11-15T13:00:00.000Z,11,Chennai,121,10226.606
2025-11-15T13:00:00.000Z,12,Helsinki,122,8070.641
2025-11-15T13:00:00.000Z,13,Dubai,127,6787.23
2025-11-15T13:00:00.000Z,14,Melbourne,130,7342.022
2025-11-15T13:00:00.000Z,15,Tehran,130,8158.525
2025-11-15T13:00:00.000Z,16,Toronto,130,8967.978
2025-11-15T13:00:00.000Z,17,Hong Kong,131,7479.1720000000005
2025-11-15T13:00:00.000Z,18,Zurich,132,8113.305
2025-11-15T13:00:00.000Z,19,London,135,7564.323
2025-11-15T13:00:00.000Z,20,Sydney,135,7564.746
2025-11-15T13:00:00.000Z,21,Delhi,135,7985.957
2025-11-15T13:00:00.000Z,22,Kuala Lumpur,136,8371.453
2025-11-15T13:00:00.000Z,23,Doha,137,7789.134
2025-11-15T13:00:00.000Z,24,Kolkata,138,7833.9529999999995
2025-11-15T13:00:00.000Z,25,Riyadh,138,8607.214
2025-11-15T13:00:00.000Z,26,Cairo,138,10088.553
2025-11-15T13:00:00.000Z,27,Warsaw,139,7886.039
2025-11-15T13:00:00.000Z,28,Osaka,139,8078.4439999999995
2025-11-15T13:00:00.000Z,29,Lagos,139,8124.922
2025-11-15T13:00:00.000Z,30,San Francisco,140,8471.01
2025-11-15T13:00:00.000Z,31,Berlin,142,8583.778
2025-11-15T13:00:00.000Z,32,Auckland,142,8718.576000000001
2025-11-15T13:00:00.000Z,33,Karachi,144,8017.341
2025-11-15T13:00:00.000Z,34,Bengaluru,146,8260.186
2025-11-15T13:00:00.000Z,35,São Paulo,146,8334.484
2025-11-15T13:00:00.000Z,36,Paris,147,7898.414
2025-11-15T13:00:00.000Z,37,Madrid,152,6731.922
2025-11-15T13:00:00.000Z,38,Mexico City,153,8448.152
2025-11-15T13:00:00.000Z,39,Tokyo,154,8609.582
2025-11-15T13:00:00.000Z,40,Singapore,159,8298.294
2025-11-15T13:00:00.000Z,41,Cape Town,159,8722.917
2025-11-15T13:00:00.000Z,42,Chicago,160,6795.785
2025-11-15T13:00:00.000Z,43,Jakarta,165,7428.211
2025-11-15T13:00:00.000Z,44,Bangkok,165,7972.124
2025-11-15T13:00:00.000Z,45,Seoul,166,8560.695
2025-11-15T13:00:00.000Z,46,Manila,169,8766.887
2025-11-15T13:00:00.000Z,47,Houston,175,7252.51
2025-11-15T13:00:00.000Z,48,Los Angeles,177,7266.964
2025-11-15T13:00:00.000Z,49,Ho Chi Minh City,177,7457.4310000000005
2025-11-15T13:00:00.000Z,50,Moscow,181,7164.848
2025-11-15T14:00:00.000Z,1,New York,99,7530.019
2025-11-15T14:00:00.000Z,2,Shanghai,113,7918.185
2025-11-15T14:00:00.000Z,3,Istanbul,116,8367.928
2025-11-15T14:00:00.000Z,4,Vancouver,118,7827.66
2025-11-15T14:00:00.000Z,5,Stockholm,118,8193.483
2025-11-15T14:00:00.000Z,6,Beijing,119,6639.593
2025-11-15T14:00:00.000Z,7,Buenos Aires,119,8362.286
2025-11-15T14:00:00.000Z,8,Rome,120,7272.863
2025-11-15T14:00:00.000Z,9,Chennai,121,9862.391
2025-11-15T14:00:00.000Z,10,Dubai,127,6900.371
2025-11-15T14:00:00.000Z,11,Melbourne,130,7841.316
2025-11-15T14:00:00.000Z,12,Tehran,130,8320.809000000001
2025-11-15T14:00:00.000Z,13,Toronto,130,8642.418
2025-11-15T14:00:00.000Z,14,Hong Kong,131,7068.934
2025-11-15T14:00:00.000Z,15,Zurich,132,7771.469
2025-11-15T14:00:00.000Z,16,Sydney,135,7302.187
2025-11-15T14:00:00.000Z,17,Delhi,135,7721.563
2025-11-15T14:00:00.000Z,18,London,135,8028.174999999999
2025-11-15T14:00:00.000Z,19,Bangkok,135,8112.615
2025-11-15T14:00:00.000Z,20,Kuala Lumpur,136,7841.58
2025-11-15T14:00:00.000Z,21,Doha,137,8074.09
2025-11-15T14:00:00.000Z,22,Kolkata,138,8046.5689999999995
2025-11-15T14:00:00.000Z,23,Riyadh,138,8260.364
2025-11-15T14:00:00.000Z,24,Nairobi,138,8324.724
2025-11-15T14:00:00.000Z,25,Cairo,138,9727.371
2025-11-15T14:00:00.000Z,26,Warsaw,139,7839.538
2025-11-15T14:00:00.000Z,27,Tokyo,140,8431.695
2025-11-15T14:00:00.000Z,28,San Francisco,142,8163.326999999999
2025-11-15T14:00:00.000Z,29,Auckland,142,8798.266
2025-11-15T14:00:00.000Z,30,Berlin,142,9496.237000000001
2025-11-15T14:00:00.000Z,31,Karachi,144,8379.416000000001
2025-11-15T14:00:00.000Z,32,Bengaluru,146,8562.014
2025-11-15T14:00:00.000Z,33,São Paulo,146,8824.644
2025-11-15T14:00:00.000Z,34,Paris,147,8655.955
2025-11-15T14:00:00.000Z,35,Madrid,152,6243.0560000000005
2025-11-15T14:00:00.000Z,36,Mexico City,153,8735.571
2025-11-15T14:00:00.000Z,37,Osaka,156,7678.1810000000005
2025-11-15T14:00:00.000Z,38,Singapore,159,8400.247
2025-11-15T14:00:00.000Z,39,Cape Town,159,8671.71
2025-11-15T14:00:00.000Z,40,Chicago,160,6862.155
2025-11-15T14:00:00.000Z,41,Jakarta,165,7220.321
2025-11-15T14:00:00.000Z,42,Seoul,166,8925.649
2025-11-15T14:00:00.000Z,43,Manila,169,8739.33
2025-11-15T14:00:00.000Z,44,Helsinki,170,8188.808
2025-11-15T14:00:00.000Z,45,Houston,175,7097.938
2025-11-15T14:00:00.000Z,46,Los Angeles,177,7206.009
2025-11-15T14:00:00.000Z,47,Ho Chi Minh City,177,7560.642
2025-11-15T14:00:00.000Z,48,Moscow,181,7252.959
2025-11-15T14:00:00.000Z,49,Lagos,181,8248.295
2025-11-15T14:00:00.000Z,50,Mumbai,194,8718.374
2025-11-15T15:00:00.000Z,1,Shanghai,113,8087.518
2025-11-15T15:00:00.000Z,2,São Paulo,113,8773.33
2025-11-15T15:00:00.000Z,3,Jakarta,114,7277.079
2025-11-15T15:00:00.000Z,4,Doha,114,7690.3
2025-11-15T15:00:00.000Z,5,Istanbul,116,7514.921
2025-11-15T15:00:00.000Z,6,Vancouver,118,7425.694
2025-11-15T15:00:00.000Z,7,Stockholm,118,8221.183
2025-11-15T15:00:00.000Z,8,Beijing,119,7358.799
2025-11-15T15:00:00.000Z,9,Buenos Aires,119,7928.065
2025-11-15T15:00:00.000Z,10,Rome,120,7007.016
2025-11-15T15:00:00.000Z,11,New York,120,7600.7029999999995
2025-11-15T15:00:00.000Z,12,London,126,8128.169
2025-11-15T15:00:00.000Z,13,Hong Kong,127,6882.647
2025-11-15T15:00:00.000Z,14,Dubai,127,7057.737
2025-11-15T15:00:00.000Z,15,Melbourne,130,7665.004
2025-11-15T15:00:00.000Z,16,Tehran,130,8020.9130000000005
2025-11-15T15:00:00.000Z,17,Delhi,130,8090.8060000000005
2025-11-15T15:00:00.000Z,18,Toronto,130,9016.675
2025-11-15T15:00:00.000Z,19,Zurich,132,7237.094
2025-11-15T15:00:00.000Z,20,Sydney,135,7203.484
2025-11-15T15:00:00.000Z,21,Kuala Lumpur,136,7972.429
2025-11-15T15:00:00.000Z,22,Kolkata,138,7990.241
2025-11-15T15:00:00.000Z,23,Riyadh,138,8208.916
2025-11-15T15:00:00.000Z,24,Nairobi,138,8626.439
2025-11-15T15:00:00.000Z,25,Cairo,138,9394.554
2025-11-15T15:00:00.000Z,26,Warsaw,139,7629.99
2025-11-15T15:00:00.000Z,27,Tokyo,140,7982.87
2025-11-15T15:00:00.000Z,28,Bangkok,140,8511.931
2025-11-15T15:00:00.000Z,29,Los Angeles,141,7440.052
2025-11-15T15:00:00.000Z,30,Madrid,142,6820.397
2025-11-15T15:00:00.000Z,31,Auckland,142,8420.036
2025-11-15T15:00:00.000Z,32,San Francisco,142,8452.462
2025-11-15T15:00:00.000Z,33,Berlin,142,9387.121
2025-11-15T15:00:00.000Z,34,Karachi,144,8324.05
2025-11-15T15:00:00.000Z,35,Bengaluru,146,8796.84
2025-11-15T15:00:00.000Z,36,Paris,147,8658.48
2025-11-15T15:00:00.000Z,37,Chennai,148,9618.48
2025-11-15T15:00:00.000Z,38,Mexico City,153,8606.802
2025-11-15T15:00:00.000Z,39,Osaka,156,7258.55
2025-11-15T15:00:00.000Z,40,Singapore,159,8081.77
2025-11-15T15:00:00.000Z,41,Cape Town,159,8516.177
2025-11-15T15:00:00.000Z,42,Chicago,160,7515.786
2025-11-15T15:00:00.000Z,43,Seoul,166,8910.18
2025-11-15T15:00:00.000Z,44,Manila,169,8689.879
2025-11-15T15:00:00.000Z,45,Helsinki,170,8330.061
2025-11-15T15:00:00.000Z,46,Houston,175,6668.323
2025-11-15T15:00:00.000Z,47,Ho Chi Minh City,177,7726.822
2025-11-15T15:00:00.000Z,48,Moscow,181,7119.404
2025-11-15T15:00:00.000Z,49,Lagos,181,8274.724
2025-11-15T15:00:00.000Z,50,Mumbai,194,8407.417
2025-11-15T16:00:00.000Z,1,Doha,114,7602.409
2025-11-15T16:00:00.000Z,2,Istanbul,116,7581.797
2025-11-15T16:00:00.000Z,3,Buenos Aires,119,7869.246
2025-11-15T16:00:00.000Z,4,Beijing,119,7930.812
2025-11-15T16:00:00.000Z,5,São Paulo,119,8926.646
2025-11-15T16:00:00.000Z,6,Rome,120,7294.582
2025-11-15T16:00:00.000Z,7,New York,120,7965.146
2025-11-15T16:00:00.000Z,8,London,126,7892.222
2025-11-15T16:00:00.000Z,9,Hong Kong,127,6615.517
2025-11-15T16:00:00.000Z,10,Dubai,127,7039.666
2025-11-15T16:00:00.000Z,11,Stockholm,129,8287.253
2025-11-15T16:00:00.000Z,12,Melbourne,130,7619.231
2025-11-15T16:00:00.000Z,13,Toronto,130,8952.485
2025-11-15T16:00:00.000Z,14,Zurich,132,7544.508
2025-11-15T16:00:00.000Z,15,Cairo,133,8693.797
2025-11-15T16:00:00.000Z,16,Sydney,135,7101.046
2025-11-15T16:00:00.000Z,17,Kuala Lumpur,136,7858.607
2025-11-15T16:00:00.000Z,18,Houston,137,7470.071
2025-11-15T16:00:00.000Z,19,Riyadh,137,7618.094
2025-11-15T16:00:00.000Z,20,Vancouver,137,7640.24
2025-11-15T16:00:00.000Z,21,Manila,137,9029.36
2025-11-15T16:00:00.000Z,22,Kolkata,138,7503.114
2025-11-15T16:00:00.000Z,23,Nairobi,138,8335.793
2025-11-15T16:00:00.000Z,24,Warsaw,139,7365.513
2025-11-15T16:00:00.000Z,25,Tokyo,140,7963.892
2025-11-15T16:00:00.000Z,26,Bangkok,140,9092.015
2025-11-15T16:00:00.000Z,27,Los Angeles,141,7136.528
2025-11-15T16:00:00.000Z,28,Madrid,142,6849.507
2025-11-15T16:00:00.000Z,29,San Francisco,142,7725.058
2025-11-15T16:00:00.000Z,30,Auckland,142,7747.028
2025-11-15T16:00:00.000Z,31,Berlin,142,9101.445
2025-11-15T16:00:00.000Z,32,Delhi,144,8420.972
2025-11-15T16:00:00.000Z,33,Shanghai,145,7425.843000000001
2025-11-15T16:00:00.000Z,34,Jakarta,147,7669.485000000001
2025-11-15T16:00:00.000Z,35,Paris,147,7854.5830000000005
2025-11-15T16:00:00.000Z,36,Chennai,148,9186.855
2025-11-15T16:00:00.000Z,37,Bengaluru,150,9078.749
2025-11-15T16:00:00.000Z,38,Mexico City,153,7689.478
2025-11-15T16:00:00.000Z,39,Osaka,156,7743.281
2025-11-15T16:00:00.000Z,40,Singapore,159,8254.967
2025-11-15T16:00:00.000Z,41,Cape Town,159,8291.629
2025-11-15T16:00:00.000Z,42,Chicago,160,7373.034
2025-11-15T16:00:00.000Z,43,Seoul,166,8834.42
2025-11-15T16:00:00.000Z,44,Karachi,168,8502.891
2025-11-15T16:00:00.000Z,45,Tehran,169,8479.289
2025-11-15T16:00:00.000Z,46,Helsinki,170,8099.194
2025-11-15T16:00:00.000Z,47,Ho Chi Minh City,177,7438.058
2025-11-15T16:00:00.000Z,48,Lagos,181,7552.879
2025-11-15T16:00:00.000Z,49,Mumbai,194,7985.584
2025-11-15T16:00:00.000Z,50,Moscow,197,7280.367
2025-11-15T17:00:00.000Z,1,Sydney,109,7074.855
2025-11-15T17:00:00.000Z,2,Istanbul,112,7480.432
2025-11-15T17:00:00.000Z,3,Doha,114,7463.433
2025-11-15T17:00:00.000Z,4,Beijing,119,7829.402
2025-11-15T17:00:00.000Z,5,Buenos Aires,119,8392.179
2025-11-15T17:00:00.000Z,6,São Paulo,119,8659.146
2025-11-15T17:00:00.000Z,7,New York,120,8188.272
2025-11-15T17:00:00.000Z,8,Paris,124,7368.894
2025-11-15T17:00:00.000Z,9,Madrid,125,7540.012000000001
2025-11-15T17:00:00.000Z,10,London,126,8708.765
2025-11-15T17:00:00.000Z,11,Hong Kong,127,6749.215
2025-11-15T17:00:00.000Z,12,Rome,128,6843.731
2025-11-15T17:00:00.000Z,13,Stockholm,129,8369.472
2025-11-15T17:00:00.000Z,14,Melbourne,130,7367.782
2025-11-15T17:00:00.000Z,15,Dubai,131,7038.075000000001
2025-11-15T17:00:00.000Z,16,Zurich,132,6741.142
2025-11-15T17:00:00.000Z,17,Warsaw,134,7213.412
2025-11-15T17:00:00.000Z,18,Houston,134,7849.653
2025-11-15T17:00:00.000Z,19,Kuala Lumpur,136,7754.646000000001
2025-11-15T17:00:00.000Z,20,Vancouver,137,7396.323
2025-11-15T17:00:00.000Z,21,Riyadh,137,7771.734
2025-11-15T17:00:00.000Z,22,Cairo,138,7970.702
2025-11-15T17:00:00.000Z,23,Kolkata,138,8153.107
2025-11-15T17:00:00.000Z,24,Toronto,138,8561.326000000001
2025-11-15T17:00:00.000Z,25,Nairobi,139,8108.386
2025-11-15T17:00:00.000Z,26,Auckland,140,7487.012
2025-11-15T17:00:00.000Z,27,Tokyo,140,8488.341
2025-11-15T17:00:00.000Z,28,Los Angeles,141,7177.21
2025-11-15T17:00:00.000Z,29,Berlin,142,8056.643
2025-11-15T17:00:00.000Z,30,San Francisco,142,8272.073
2025-11-15T17:00:00.000Z,31,Delhi,144,8426.147
2025-11-15T17:00:00.000Z,32,Shanghai,145,7543.294
2025-11-15T17:00:00.000Z,33,Jakarta,147,7437.42
2025-11-15T17:00:00.000Z,34,Chennai,148,8485.461
2025-11-15T17:00:00.000Z,35,Bengaluru,150,9036.552
2025-11-15T17:00:00.000Z,36,Bangkok,152,8735.75
2025-11-15T17:00:00.000Z,37,Mexico City,153,7206.5289999999995
2025-11-15T17:00:00.000Z,38,Osaka,156,7271.428
2025-11-15T17:00:00.000Z,39,Singapore,159,8205.284
2025-11-15T17:00:00.000Z,40,Cape Town,159,8648.686
2025-11-15T17:00:00.000Z,41,Chicago,160,7381.148
2025-11-15T17:00:00.000Z,42,Seoul,166,8477.443
2025-11-15T17:00:00.000Z,43,Karachi,168,8137.063
2025-11-15T17:00:00.000Z,44,Tehran,169,8114.686
2025-11-15T17:00:00.000Z,45,Helsinki,170,8616.239
2025-11-15T17:00:00.000Z,46,Ho Chi Minh City,177,8257.206
2025-11-15T17:00:00.000Z,47,Manila,180,9292.144
2025-11-15T17:00:00.000Z,48,Lagos,181,8061.825
2025-11-15T17:00:00.000Z,49,Mumbai,194,8232.61
2025-11-15T17:00:00.000Z,50,Moscow,197,7314.35
2025-11-15T18:00:00.000Z,1,Istanbul,112,6743.557
2025-11-15T18:00:00.000Z,2,Chicago,113,7027.525
2025-11-15T18:00:00.000Z,3,Sydney,113,7592.428
2025-11-15T18:00:00.000Z,4,Doha,114,7957.557
2025-11-15T18:00:00.000Z,5,Beijing,119,7965.897
2025-11-15T18:00:00.000Z,6,São Paulo,119,8496.895
2025-11-15T18:00:00.000Z,7,New York,120,7985.151
2025-11-15T18:00:00.000Z,8,Paris,124,7385.7029999999995
2025-11-15T18:00:00.000Z,9,London,126,9069.514
2025-11-15T18:00:00.000Z,10,Hong Kong,127,6839.64
2025-11-15T18:00:00.000Z,11,Singapore,127,8141.5869999999995
2025-11-15T18:00:00.000Z,12,Rome,128,6861.382
2025-11-15T18:00:00.000Z,13,Stockholm,129,8217.067
2025-11-15T18:00:00.000Z,14,Melbourne,130,7199.7
2025-11-15T18:00:00.000Z,15,Dubai,131,6607.922
2025-11-15T18:00:00.000Z,16,Zurich,132,7125.153
2025-11-15T18:00:00.000Z,17,Riyadh,133,7648.897
2025-11-15T18:00:00.000Z,18,Kuala Lumpur,133,7782.869000000001
2025-11-15T18:00:00.000Z,19,Warsaw,134,7321.63
2025-11-15T18:00:00.000Z,20,Houston,134,7575.933
2025-11-15T18:00:00.000Z,21,Toronto,138,8103.239
2025-11-15T18:00:00.000Z,22,Cairo,138,8120.645
2025-11-15T18:00:00.000Z,23,Kolkata,138,8267.094000000001
2025-11-15T18:00:00.000Z,24,Nairobi,139,7778.085
2025-11-15T18:00:00.000Z,25,Auckland,140,7905.204
2025-11-15T18:00:00.000Z,26,Tokyo,140,8548.128
2025-11-15T18:00:00.000Z,27,Los Angeles,141,7471.361
2025-11-15T18:00:00.000Z,28,Berlin,142,7827.812
2025-11-15T18:00:00.000Z,29,San Francisco,142,8223.791000000001
2025-11-15T18:00:00.000Z,30,Delhi,144,8152.529
2025-11-15T18:00:00.000Z,31,Shanghai,145,7516.372
2025-11-15T18:00:00.000Z,32,Jakarta,147,7091.821
2025-11-15T18:00:00.000Z,33,Chennai,148,8107.947
2025-11-15T18:00:00.000Z,34,Bengaluru,150,8465.851999999999
2025-11-15T18:00:00.000Z,35,Vancouver,151,7053.307
2025-11-15T18:00:00.000Z,36,Bangkok,152,8464.271
2025-11-15T18:00:00.000Z,37,Mexico City,153,7276.114
2025-11-15T18:00:00.000Z,38,Madrid,155,7951.9439999999995
2025-11-15T18:00:00.000Z,39,Buenos Aires,155,8422.841
2025-11-15T18:00:00.000Z,40,Osaka,156,7759.81
2025-11-15T18:00:00.000Z,41,Cape Town,159,9023.626
2025-11-15T18:00:00.000Z,42,Seoul,166,8843.383
2025-11-15T18:00:00.000Z,43,Karachi,168,7639.759
2025-11-15T18:00:00.000Z,44,Tehran,169,8194.936
2025-11-15T18:00:00.000Z,45,Helsinki,170,8545.861
2025-11-15T18:00:00.000Z,46,Ho Chi Minh City,177,8080.868
2025-11-15T18:00:00.000Z,47,Manila,180,9066.289
2025-11-15T18:00:00.000Z,48,Lagos,181,7774.373
2025-11-15T18:00:00.000Z,49,Mumbai,194,8046.867
2025-11-15T18:00:00.000Z,50,Moscow,197,7601.433
2025-11-15T19:00:00.000Z,1,Chicago,103,6362.67
2025-11-15T19:00:00.000Z,2,Singapore,108,8382.246
2025-11-15T19:00:00.000Z,3,Istanbul,112,6667.018
2025-11-15T19:00:00.000Z,4,Sydney,117,7441.5689999999995
2025-11-15T19:00:00.000Z,5,Beijing,119,8221.751
2025-11-15T19:00:00.000Z,6,São Paulo,119,8383.232
2025-11-15T19:00:00.000Z,7,New York,120,7930.213
2025-11-15T19:00:00.000Z,8,Houston,123,7820.144
2025-11-15T19:00:00.000Z,9,Paris,124,7371.57
2025-11-15T19:00:00.000Z,10,Berlin,126,7347.96
2025-11-15T19:00:00.000Z,11,London,126,8783.866
2025-11-15T19:00:00.000Z,12,Stockholm,129,8208.171
2025-11-15T19:00:00.000Z,13,Melbourne,130,6684.67
2025-11-15T19:00:00.000Z,14,Dubai,131,6500.385
2025-11-15T19:00:00.000Z,15,Zurich,131,7573.078
2025-11-15T19:00:00.000Z,16,Hong Kong,133,6956.2919999999995
2025-11-15T19:00:00.000Z,17,Riyadh,133,8236.096
2025-11-15T19:00:00.000Z,18,Warsaw,134,7688.32
2025-11-15T19:00:00.000Z,19,Kolkata,134,8149.021
2025-11-15T19:00:00.000Z,20,Cairo,138,7733.879
2025-11-15T19:00:00.000Z,21,Doha,138,7769.249
2025-11-15T19:00:00.000Z,22,Toronto,138,8183.958
2025-11-15T19:00:00.000Z,23,Nairobi,139,7835.456
2025-11-15T19:00:00.000Z,24,Kuala Lumpur,140,8138.921
2025-11-15T19:00:00.000Z,25,Auckland,140,8355.348
2025-11-15T19:00:00.000Z,26,Tokyo,140,8440.072
2025-11-15T19:00:00.000Z,27,Los Angeles,141,8163.461
2025-11-15T19:00:00.000Z,28,San Francisco,142,7714.963
2025-11-15T19:00:00.000Z,29,Rome,143,7132.015
2025-11-15T19:00:00.000Z,30,Delhi,144,8652.576
2025-11-15T19:00:00.000Z,31,Shanghai,145,7788.135
2025-11-15T19:00:00.000Z,32,Chennai,148,7771.843
2025-11-15T19:00:00.000Z,33,Bengaluru,150,8020.505
2025-11-15T19:00:00.000Z,34,Vancouver,151,7369.865
2025-11-15T19:00:00.000Z,35,Bangkok,152,8396.307
2025-11-15T19:00:00.000Z,36,Mexico City,153,7390.249
2025-11-15T19:00:00.000Z,37,Madrid,155,7945.571
2025-11-15T19:00:00.000Z,38,Buenos Aires,155,8382.455
2025-11-15T19:00:00.000Z,39,Osaka,156,7751.273999999999
2025-11-15T19:00:00.000Z,40,Jakarta,158,7637.329
2025-11-15T19:00:00.000Z,41,Cape Town,159,8838.202
2025-11-15T19:00:00.000Z,42,Seoul,165,8286.536
2025-11-15T19:00:00.000Z,43,Karachi,168,7371.218000000001
2025-11-15T19:00:00.000Z,44,Tehran,169,8009.912
2025-11-15T19:00:00.000Z,45,Helsinki,170,8403.376
2025-11-15T19:00:00.000Z,46,Ho Chi Minh City,177,8007.807000000001
2025-11-15T19:00:00.000Z,47,Manila,180,8581.671
2025-11-15T19:00:00.000Z,48,Lagos,181,7621.8240000000005
2025-11-15T19:00:00.000Z,49,Mumbai,194,7949.336
2025-11-15T19:00:00.000Z,50,Moscow,197,7652.209
2025-11-15T20:00:00.000Z,1,Chicago,98,6883.561
2025-11-15T20:00:00.000Z,2,Singapore,108,8603.805
2025-11-15T20:00:00.000Z,3,Istanbul,112,6832.315
2025-11-15T20:00:00.000Z,4,Sydney,117,7650.857
2025-11-15T20:00:00.000Z,5,Tokyo,118,8303.869
2025-11-15T20:00:00.000Z,6,São Paulo,119,8272.767
2025-11-15T20:00:00.000Z,7,New York,120,7950.437
2025-11-15T20:00:00.000Z,8,Houston,123,7373.439
2025-11-15T20:00:00.000Z,9,Paris,124,6786.791
2025-11-15T20:00:00.000Z,10,London,124,8426.534
2025-11-15T20:00:00.000Z,11,Berlin,126,7678.216
2025-11-15T20:00:00.000Z,12,Beijing,129,8029.179
2025-11-15T20:00:00.000Z,13,Stockholm,129,8072.986000000001
2025-11-15T20:00:00.000Z,14,Melbourne,130,6753.737
2025-11-15T20:00:00.000Z,15,Dubai,131,7337.7970000000005
2025-11-15T20:00:00.000Z,16,Zurich,131,7634.851000000001
2025-11-15T20:00:00.000Z,17,Mexico City,132,7549.629
2025-11-15T20:00:00.000Z,18,Hong Kong,133,7180.298000000001
2025-11-15T20:00:00.000Z,19,Riyadh,133,8871.189
2025-11-15T20:00:00.000Z,20,Kolkata,134,8398.485
2025-11-15T20:00:00.000Z,21,Doha,138,7196.514999999999
2025-11-15T20:00:00.000Z,22,Cairo,138,7954.895
2025-11-15T20:00:00.000Z,23,Toronto,138,8679.971
2025-11-15T20:00:00.000Z,24,Nairobi,139,7627.4220000000005
2025-11-15T20:00:00.000Z,25,Auckland,140,7887.532999999999
2025-11-15T20:00:00.000Z,26,Kuala Lumpur,140,8541.847
2025-11-15T20:00:00.000Z,27,Los Angeles,141,7516.827
2025-11-15T20:00:00.000Z,28,San Francisco,142,7711.057
2025-11-15T20:00:00.000Z,29,Rome,143,7440.545
2025-11-15T20:00:00.000Z,30,Delhi,144,8328.3
2025-11-15T20:00:00.000Z,31,Shanghai,145,7654.888
2025-11-15T20:00:00.000Z,32,Ho Chi Minh City,145,8227.143
2025-11-15T20:00:00.000Z,33,Chennai,148,7275.173
2025-11-15T20:00:00.000Z,34,Bengaluru,150,7890.838
2025-11-15T20:00:00.000Z,35,Vancouver,151,7476.479
2025-11-15T20:00:00.000Z,36,Bangkok,152,8388.671
2025-11-15T20:00:00.000Z,37,Madrid,155,7817.084
2025-11-15T20:00:00.000Z,38,Buenos Aires,155,8745.394
2025-11-15T20:00:00.000Z,39,Warsaw,156,7747.989
2025-11-15T20:00:00.000Z,40,Osaka,156,7764.706
2025-11-15T20:00:00.000Z,41,Jakarta,158,7713.603
2025-11-15T20:00:00.000Z,42,Cape Town,159,8840.445
2025-11-15T20:00:00.000Z,43,Karachi,168,7305.151
2025-11-15T20:00:00.000Z,44,Tehran,169,8247.951000000001
2025-11-15T20:00:00.000Z,45,Helsinki,170,8967.72
2025-11-15T20:00:00.000Z,46,Manila,180,8776.85
2025-11-15T20:00:00.000Z,47,Lagos,181,7636.665
2025-11-15T20:00:00.000Z,48,Seoul,183,8326.937
2025-11-15T20:00:00.000Z,49,Mumbai,194,8006.458
2025-11-15T20:00:00.000Z,50,Moscow,197,7459.895
2025-11-15T21:00:00.000Z,1,Chicago,98,7061.1
2025-11-15T21:00:00.000Z,2,Istanbul,112,7054.816
2025-11-15T21:00:00.000Z,3,Sydney,117,7764.144
2025-11-15T21:00:00.000Z,4,London,118,8087.593
2025-11-15T21:00:00.000Z,5,Tokyo,118,8371.214
2025-11-15T21:00:00.000Z,6,São Paulo,119,7872.939
2025-11-15T21:00:00.000Z,7,New York,120,7855.557
2025-11-15T21:00:00.000Z,8,Houston,123,7428.661
2025-11-15T21:00:00.000Z,9,Paris,124,6854.102
2025-11-15T21:00:00.000Z,10,Berlin,126,7635.442
2025-11-15T21:00:00.000Z,11,Auckland,129,7460.915
2025-11-15T21:00:00.000Z,12,Beijing,129,8051.555
2025-11-15T21:00:00.000Z,13,Stockholm,129,8129.364
2025-11-15T21:00:00.000Z,14,Melbourne,130,7419.369000000001
2025-11-15T21:00:00.000Z,15,Dubai,131,7024.128
2025-11-15T21:00:00.000Z,16,Zurich,131,8058.433999999999
2025-11-15T21:00:00.000Z,17,Mexico City,132,7125.395
2025-11-15T21:00:00.000Z,18,Hong Kong,133,7267.021
2025-11-15T21:00:00.000Z,19,Riyadh,133,8953.837
2025-11-15T21:00:00.000Z,20,Kolkata,134,8357.635
2025-11-15T21:00:00.000Z,21,Doha,138,7062.688
2025-11-15T21:00:00.000Z,22,Cairo,138,7998.909
2025-11-15T21:00:00.000Z,23,Toronto,138,8647.071
2025-11-15T21:00:00.000Z,24,Nairobi,139,7624.423
2025-11-15T21:00:00.000Z,25,Cape Town,139,9000.737
2025-11-15T21:00:00.000Z,26,Singapore,140,8381.529
2025-11-15T21:00:00.000Z,27,Los Angeles,141,7989.134
2025-11-15T21:00:00.000Z,28,San Francisco,142,8004.812
2025-11-15T21:00:00.000Z,29,Rome,143,7681.932
2025-11-15T21:00:00.000Z,30,Delhi,144,8179.714
2025-11-15T21:00:00.000Z,31,Shanghai,145,7690.780000000001
2025-11-15T21:00:00.000Z,32,Ho Chi Minh City,145,8815.664
2025-11-15T21:00:00.000Z,33,Chennai,148,6689.637
2025-11-15T21:00:00.000Z,34,Bengaluru,150,8032.758
2025-11-15T21:00:00.000Z,35,Vancouver,151,7738.16
2025-11-15T21:00:00.000Z,36,Bangkok,152,8845.257
2025-11-15T21:00:00.000Z,37,Madrid,155,8322.008
2025-11-15T21:00:00.000Z,38,Buenos Aires,155,9850.574
2025-11-15T21:00:00.000Z,39,Warsaw,156,7784.66
2025-11-15T21:00:00.000Z,40,Osaka,156,8368.466
2025-11-15T21:00:00.000Z,41,Jakarta,158,7824.784
2025-11-15T21:00:00.000Z,42,Kuala Lumpur,165,8396.189
2025-11-15T21:00:00.000Z,43,Karachi,168,7123.176
2025-11-15T21:00:00.000Z,44,Tehran,169,8222.464
2025-11-15T21:00:00.000Z,45,Helsinki,170,9172.143
2025-11-15T21:00:00.000Z,46,Manila,180,8194.777
2025-11-15T21:00:00.000Z,47,Lagos,181,7338.749
2025-11-15T21:00:00.000Z,48,Seoul,183,8484.758
2025-11-15T21:00:00.000Z,49,Mumbai,194,7585.5779999999995
2025-11-15T21:00:00.000Z,50,Moscow,197,7735.577
2025-11-15T22:00:00.000Z,1,Chicago,96,7263.477
2025-11-15T22:00:00.000Z,2,Tokyo,115,8748.073
2025-11-15T22:00:00.000Z,3,Melbourne,116,7617.025
2025-11-15T22:00:00.000Z,4,Sydney,117,8016.096
2025-11-15T22:00:00.000Z,5,London,118,7918.082
2025-11-15T22:00:00.000Z,6,São Paulo,119,7780.626
2025-11-15T22:00:00.000Z,7,New York,120,8286.0
2025-11-15T22:00:00.000Z,8,San Francisco,122,8014.871999999999
2025-11-15T22:00:00.000Z,9,Houston,123,7534.314
2025-11-15T22:00:00.000Z,10,Cape Town,125,8807.565
2025-11-15T22:00:00.000Z,11,Berlin,126,7516.129
2025-11-15T22:00:00.000Z,12,Osaka,126,8587.425
2025-11-15T22:00:00.000Z,13,Paris,129,6250.006
2025-11-15T22:00:00.000Z,14,Auckland,129,7502.716
2025-11-15T22:00:00.000Z,15,Beijing,129,8270.54
2025-11-15T22:00:00.000Z,16,Dubai,131,6903.395
2025-11-15T22:00:00.000Z,17,Stockholm,131,7876.5470000000005
2025-11-15T22:00:00.000Z,18,Zurich,131,8419.876
2025-11-15T22:00:00.000Z,19,Hong Kong,133,7431.873
2025-11-15T22:00:00.000Z,20,Mumbai,133,7445.7
2025-11-15T22:00:00.000Z,21,Lagos,136,7107.733
2025-11-15T22:00:00.000Z,22,Helsinki,137,9249.646
2025-11-15T22:00:00.000Z,23,Doha,138,6368.961
2025-11-15T22:00:00.000Z,24,Cairo,138,7717.3550000000005
2025-11-15T22:00:00.000Z,25,Toronto,138,8611.725
2025-11-15T22:00:00.000Z,26,Nairobi,139,8120.428
2025-11-15T22:00:00.000Z,27,Singapore,140,8579.642
2025-11-15T22:00:00.000Z,28,Los Angeles,141,8507.088
2025-11-15T22:00:00.000Z,29,Rome,143,7834.799
2025-11-15T22:00:00.000Z,30,Delhi,144,8386.285
2025-11-15T22:00:00.000Z,31,Shanghai,145,7886.341
2025-11-15T22:00:00.000Z,32,Chennai,148,6996.1630000000005
2025-11-15T22:00:00.000Z,33,Ho Chi Minh City,149,8236.835
2025-11-15T22:00:00.000Z,34,Bengaluru,150,7712.817999999999
2025-11-15T22:00:00.000Z,35,Kolkata,150,8567.438
2025-11-15T22:00:00.000Z,36,Istanbul,151,7426.174
2025-11-15T22:00:00.000Z,37,Vancouver,151,7760.421
2025-11-15T22:00:00.000Z,38,Bangkok,152,9155.231
2025-11-15T22:00:00.000Z,39,Buenos Aires,155,9269.743
2025-11-15T22:00:00.000Z,40,Warsaw,156,7746.419
2025-11-15T22:00:00.000Z,41,Jakarta,158,7910.634
2025-11-15T22:00:00.000Z,42,Mexico City,159,7416.92
2025-11-15T22:00:00.000Z,43,Kuala Lumpur,165,8852.518
2025-11-15T22:00:00.000Z,44,Karachi,168,7087.282
2025-11-15T22:00:00.000Z,45,Tehran,169,8051.361
2025-11-15T22:00:00.000Z,46,Riyadh,176,9174.429
2025-11-15T22:00:00.000Z,47,Manila,180,8173.634
2025-11-15T22:00:00.000Z,48,Seoul,183,7641.266
2025-11-15T22:00:00.000Z,49,Madrid,183,8838.236
2025-11-15T22:00:00.000Z,50,Moscow,197,7274.96
2025-11-15T23:00:00.000Z,1,Chicago,96,7455.482
2025-11-15T23:00:00.000Z,2,Tokyo,115,8908.418
2025-11-15T23:00:00.000Z,3,Melbourne,116,7505.2080000000005
2025-11-15T23:00:00.000Z,4,Sydney,117,7633.703
2025-11-15T23:00:00.000Z,5,Houston,118,8007.827
2025-11-15T23:00:00.000Z,6,São Paulo,119,7862.142
2025-11-15T23:00:00.000Z,7,New York,120,8054.903
2025-11-15T23:00:00.000Z,8,San Francisco,122,7828.957
2025-11-15T23:00:00.000Z,9,London,124,7316.351
2025-11-15T23:00:00.000Z,10,Osaka,126,8912.367
2025-11-15T23:00:00.000Z,11,Paris,129,6177.761
2025-11-15T23:00:00.000Z,12,Beijing,129,8132.342
2025-11-15T23:00:00.000Z,13,Dubai,131,7393.916
2025-11-15T23:00:00.000Z,14,Stockholm,131,7605.817
2025-11-15T23:00:00.000Z,15,Zurich,131,8606.228
2025-11-15T23:00:00.000Z,16,Hong Kong,133,7467.516
2025-11-15T23:00:00.000Z,17,Mumbai,133,7500.457
2025-11-15T23:00:00.000Z,18,Lagos,136,6760.768
2025-11-15T23:00:00.000Z,19,Helsinki,137,9121.543
2025-11-15T23:00:00.000Z,20,Doha,138,6698.959
2025-11-15T23:00:00.000Z,21,Toronto,138,7885.468
2025-11-15T23:00:00.000Z,22,Cairo,138,8229.474
2025-11-15T23:00:00.000Z,23,Nairobi,139,8468.37
2025-11-15T23:00:00.000Z,24,Auckland,140,7656.541
2025-11-15T23:00:00.000Z,25,Singapore,140,8589.975
2025-11-15T23:00:00.000Z,26,Rome,143,7570.101
2025-11-15T23:00:00.000Z,27,Delhi,144,8225.835
2025-11-15T23:00:00.000Z,28,Shanghai,145,7492.318
2025-11-15T23:00:00.000Z,29,Chennai,148,7166.116
2025-11-15T23:00:00.000Z,30,Ho Chi Minh City,149,7793.941
2025-11-15T23:00:00.000Z,31,Bengaluru,150,7825.595
2025-11-15T23:00:00.000Z,32,Kolkata,150,9035.304
2025-11-15T23:00:00.000Z,33,Vancouver,151,7840.744000000001
2025-11-15T23:00:00.000Z,34,Istanbul,151,7879.704
2025-11-15T23:00:00.000Z,35,Bangkok,152,8779.693
2025-11-15T23:00:00.000Z,36,Buenos Aires,155,10495.803
2025-11-15T23:00:00.000Z,37,Warsaw,156,8080.716
2025-11-15T23:00:00.000Z,38,Jakarta,158,7480.511
2025-11-15T23:00:00.000Z,39,Mexico City,159,7384.1720000000005
2025-11-15T23:00:00.000Z,40,Cape Town,162,8692.787
2025-11-15T23:00:00.000Z,41,Kuala Lumpur,165,8344.75
2025-11-15T23:00:00.000Z,42,Berlin,166,7941.515
2025-11-15T23:00:00.000Z,43,Karachi,168,7141.47
2025-11-15T23:00:00.000Z,44,Tehran,169,8549.414999999999
2025-11-15T23:00:00.000Z,45,Los Angeles,170,7992.195
2025-11-15T23:00:00.000Z,46,Riyadh,176,9125.621
2025-11-15T23:00:00.000Z,47,Manila,180,8054.688
2025-11-15T23:00:00.000Z,48,Seoul,183,7774.642
2025-11-15T23:00:00.000Z,49,Madrid,183,8974.983
2025-11-15T23:00:00.000Z,50,Moscow,197,7261.629
2025-11-16T00:00:00.000Z,1,Chicago,103,7588.844
2025-11-16T00:00:00.000Z,2,Tokyo,115,9073.706
2025-11-16T00:00:00.000Z,3,Melbourne,116,7409.121
2025-11-16T00:00:00.000Z,4,Sydney,117,7412.183
2025-11-16T00:00:00.000Z,5,São Paulo,118,7784.008
2025-11-16T00:00:00.000Z,6,Shanghai,120,7612.689
2025-11-16T00:00:00.000Z,7,Bengaluru,120,7904.179
2025-11-16T00:00:00.000Z,8,New York,120,8419.141
2025-11-16T00:00:00.000Z,9,Delhi,120,8654.353
2025-11-16T00:00:00.000Z,10,London,124,7089.233
2025-11-16T00:00:00.000Z,11,Osaka,126,8730.649
2025-11-16T00:00:00.000Z,12,Beijing,129,7957.946
2025-11-16T00:00:00.000Z,13,Houston,130,7694.6630000000005
2025-11-16T00:00:00.000Z,14,Stockholm,131,7993.175
2025-11-16T00:00:00.000Z,15,Mumbai,133,7064.794
2025-11-16T00:00:00.000Z,16,Dubai,133,7282.983
2025-11-16T00:00:00.000Z,17,Paris,134,6260.624
2025-11-16T00:00:00.000Z,18,Karachi,135,6780.569
2025-11-16T00:00:00.000Z,19,Helsinki,137,8686.773000000001
2025-11-16T00:00:00.000Z,20,San Francisco,137,8799.629
2025-11-16T00:00:00.000Z,21,Doha,138,6961.082
2025-11-16T00:00:00.000Z,22,Toronto,138,7871.8
2025-11-16T00:00:00.000Z,23,Cairo,138,8123.631
2025-11-16T00:00:00.000Z,24,Nairobi,139,8837.555
2025-11-16T00:00:00.000Z,25,Auckland,140,7458.474
2025-11-16T00:00:00.000Z,26,Singapore,140,8377.621
2025-11-16T00:00:00.000Z,27,Rome,143,7607.237
2025-11-16T00:00:00.000Z,28,Moscow,143,7637.755
2025-11-16T00:00:00.000Z,29,Chennai,148,7450.259
2025-11-16T00:00:00.000Z,30,Zurich,148,9178.748
2025-11-16T00:00:00.000Z,31,Ho Chi Minh City,149,7983.821
2025-11-16T00:00:00.000Z,32,Kolkata,150,9548.939
2025-11-16T00:00:00.000Z,33,Vancouver,151,7540.389999999999
2025-11-16T00:00:00.000Z,34,Istanbul,151,7988.976000000001
2025-11-16T00:00:00.000Z,35,Bangkok,152,7904.067999999999
2025-11-16T00:00:00.000Z,36,Lagos,154,6930.963
2025-11-16T00:00:00.000Z,37,Buenos Aires,155,10267.444
2025-11-16T00:00:00.000Z,38,Warsaw,156,8354.175
2025-11-16T00:00:00.000Z,39,Jakarta,158,7153.835
2025-11-16T00:00:00.000Z,40,Mexico City,159,8141.51
2025-11-16T00:00:00.000Z,41,Tehran,161,7734.109
2025-11-16T00:00:00.000Z,42,Cape Town,162,8896.576000000001
2025-11-16T00:00:00.000Z,43,Kuala Lumpur,165,8533.256
2025-11-16T00:00:00.000Z,44,Berlin,166,8594.913
2025-11-16T00:00:00.000Z,45,Los Angeles,170,8424.429
2025-11-16T00:00:00.000Z,46,Riyadh,176,8929.178
2025-11-16T00:00:00.000Z,47,Manila,180,7757.992
2025-11-16T00:00:00.000Z,48,Hong Kong,183,7374.346
2025-11-16T00:00:00.000Z,49,Seoul,183,7897.317
2025-11-16T00:00:00.000Z,50,Madrid,183,9127.273
2025-11-16T01:00:00.000Z,1,Chicago,103,7183.519
2025-11-16T01:00:00.000Z,2,Bengaluru,114,7630.996999999999
2025-11-16T01:00:00.000Z,3,Melbourne,116,7700.956
2025-11-16T01:00:00.000Z,4,Tokyo,116,8884.173999999999
2025-11-16T01:00:00.000Z,5,Chennai,123,7546.1
2025-11-16T01:00:00.000Z,6,London,124,6860.545
2025-11-16T01:00:00.000Z,7,Osaka,126,9117.252
2025-11-16T01:00:00.000Z,8,Shanghai,127,6966.779
2025-11-16T01:00:00.000Z,9,Bangkok,127,8232.089
2025-11-16T01:00:00.000Z,10,Beijing,129,8070.4349999999995
2025-11-16T01:00:00.000Z,11,Sydney,130,7138.586
2025-11-16T01:00:00.000Z,12,Houston,130,7900.064
2025-11-16T01:00:00.000Z,13,Stockholm,131,8072.411
2025-11-16T01:00:00.000Z,14,Mumbai,133,6666.47
2025-11-16T01:00:00.000Z,15,Dubai,133,7703.198
2025-11-16T01:00:00.000Z,16,São Paulo,133,7907.448
2025-11-16T01:00:00.000Z,17,Paris,134,6500.225
2025-11-16T01:00:00.000Z,18,Toronto,134,7498.22
2025-11-16T01:00:00.000Z,19,Karachi,135,7016.331
2025-11-16T01:00:00.000Z,20,Nairobi,136,9010.534
2025-11-16T01:00:00.000Z,21,Helsinki,137,7913.987
2025-11-16T01:00:00.000Z,22,Cairo,137,8525.008
2025-11-16T01:00:00.000Z,23,San Francisco,137,8719.122
2025-11-16T01:00:00.000Z,24,Doha,138,7084.048000000001
2025-11-16T01:00:00.000Z,25,New York,138,8429.774
2025-11-16T01:00:00.000Z,26,Auckland,140,7725.705
2025-11-16T01:00:00.000Z,27,Singapore,140,8720.172
2025-11-16T01:00:00.000Z,28,Moscow,143,8044.183
2025-11-16T01:00:00.000Z,29,Rome,143,8173.304
2025-11-16T01:00:00.000Z,30,Zurich,148,10103.938
2025-11-16T01:00:00.000Z,31,Ho Chi Minh City,149,7440.561
2025-11-16T01:00:00.000Z,32,Kolkata,150,9346.732
2025-11-16T01:00:00.000Z,33,Vancouver,151,7748.421
2025-11-16T01:00:00.000Z,34,Istanbul,151,8197.79
2025-11-16T01:00:00.000Z,35,Lagos,154,6827.14
2025-11-16T01:00:00.000Z,36,Buenos Aires,155,10152.357
2025-11-16T01:00:00.000Z,37,Warsaw,156,9036.284
2025-11-16T01:00:00.000Z,38,Jakarta,158,6753.485
2025-11-16T01:00:00.000Z,39,Mexico City,159,8020.268
2025-11-16T01:00:00.000Z,40,Delhi,160,9023.423999999999
2025-11-16T01:00:00.000Z,41,Tehran,161,7992.273999999999
2025-11-16T01:00:00.000Z,42,Cape Town,162,9219.107
2025-11-16T01:00:00.000Z,43,Kuala Lumpur,165,8748.127
2025-11-16T01:00:00.000Z,44,Berlin,166,9327.294
2025-11-16T01:00:00.000Z,45,Los Angeles,170,8181.71
2025-11-16T01:00:00.000Z,46,Manila,171,7507.022
2025-11-16T01:00:00.000Z,47,Riyadh,176,8596.053
2025-11-16T01:00:00.000Z,48,Hong Kong,183,7278.398
2025-11-16T01:00:00.000Z,49,Seoul,183,7871.294
2025-11-16T01:00:00.000Z,50,Madrid,183,8039.077
2025-11-16T02:00:00.000Z,1,Chicago,103,7716.874
2025-11-16T02:00:00.000Z,2,Bengaluru,114,8459.743
2025-11-16T02:00:00.000Z,3,Melbourne,116,7775.126
2025-11-16T02:00:00.000Z,4,Tokyo,116,8433.835
2025-11-16T02:00:00.000Z,5,London,124,6763.24
2025-11-16T02:00:00.000Z,6,Osaka,126,8678.883
2025-11-16T02:00:00.000Z,7,Shanghai,127,7090.852000000001
2025-11-16T02:00:00.000Z,8,Chennai,127,8096.205
2025-11-16T02:00:00.000Z,9,Bangkok,127,8220.644
2025-11-16T02:00:00.000Z,10,Beijing,129,8139.282
2025-11-16T02:00:00.000Z,11,Sydney,130,6912.218
2025-11-16T02:00:00.000Z,12,Moscow,130,7991.763999999999
2025-11-16T02:00:00.000Z,13,Houston,130,8278.203
2025-11-16T02:00:00.000Z,14,Stockholm,131,8033.852
2025-11-16T02:00:00.000Z,15,Mumbai,133,6199.469
2025-11-16T02:00:00.000Z,16,Dubai,133,7928.037
2025-11-16T02:00:00.000Z,17,São Paulo,133,8352.436
2025-11-16T02:00:00.000Z,18,Nairobi,133,8981.741
2025-11-16T02:00:00.000Z,19,Paris,134,6452.795
2025-11-16T02:00:00.000Z,20,Toronto,134,7012.393
2025-11-16T02:00:00.000Z,21,Karachi,135,7457.235000000001
2025-11-16T02:00:00.000Z,22,Helsinki,137,7578.134
2025-11-16T02:00:00.000Z,23,Cairo,137,8239.279
2025-11-16T02:00:00.000Z,24,San Francisco,137,8441.042
2025-11-16T02:00:00.000Z,25,Doha,138,7125.763
2025-11-16T02:00:00.000Z,26,New York,138,7970.222
2025-11-16T02:00:00.000Z,27,Auckland,140,7548.889
2025-11-16T02:00:00.000Z,28,Singapore,140,8809.262
2025-11-16T02:00:00.000Z,29,Vancouver,142,8087.303
2025-11-16T02:00:00.000Z,30,Buenos Aires,146,9643.421
2025-11-16T02:00:00.000Z,31,Zurich,148,9306.526
2025-11-16T02:00:00.000Z,32,Ho Chi Minh City,149,7065.846
2025-11-16T02:00:00.000Z,33,Kolkata,150,9175.964
2025-11-16T02:00:00.000Z,34,Rome,151,7966.6630000000005
2025-11-16T02:00:00.000Z,35,Istanbul,151,8968.689
2025-11-16T02:00:00.000Z,36,Lagos,154,7236.200000000001
2025-11-16T02:00:00.000Z,37,Warsaw,156,8915.111
2025-11-16T02:00:00.000Z,38,Jakarta,158,6912.487
2025-11-16T02:00:00.000Z,39,Mexico City,159,8414.151
2025-11-16T02:00:00.000Z,40,Delhi,160,8917.239
2025-11-16T02:00:00.000Z,41,Tehran,161,7447.782
2025-11-16T02:00:00.000Z,42,Cape Town,162,8785.523
2025-11-16T02:00:00.000Z,43,Kuala Lumpur,165,8345.355
2025-11-16T02:00:00.000Z,44,Berlin,166,9336.869
2025-11-16T02:00:00.000Z,45,Los Angeles,170,7746.585999999999
2025-11-16T02:00:00.000Z,46,Manila,171,8310.608
2025-11-16T02:00:00.000Z,47,Riyadh,176,8772.324
2025-11-16T02:00:00.000Z,48,Seoul,183,7481.621999999999
2025-11-16T02:00:00.000Z,49,Hong Kong,183,8083.63
2025-11-16T02:00:00.000Z,50,Madrid,183,8098.3189999999995
2025-11-16T03:00:00.000Z,1,Chicago,103,8026.085
2025-11-16T03:00:00.000Z,2,Melbourne,109,8034.256
2025-11-16T03:00:00.000Z,3,Bengaluru,114,8449.71
2025-11-16T03:00:00.000Z,4,Tokyo,116,8303.893
2025-11-16T03:00:00.000Z,5,London,124,7022.633
2025-11-16T03:00:00.000Z,6,Shanghai,127,7284.276
2025-11-16T03:00:00.000Z,7,Chennai,127,8380.253
2025-11-16T03:00:00.000Z,8,Beijing,129,8415.435
2025-11-16T03:00:00.000Z,9,Sydney,130,6706.248
2025-11-16T03:00:00.000Z,10,Houston,130,8108.011
2025-11-16T03:00:00.000Z,11,Moscow,130,8717.946
2025-11-16T03:00:00.000Z,12,Stockholm,131,7907.807
2025-11-16T03:00:00.000Z,13,São Paulo,133,8436.355
2025-11-16T03:00:00.000Z,14,Dubai,133,8506.111
2025-11-16T03:00:00.000Z,15,Nairobi,133,9538.032
2025-11-16T03:00:00.000Z,16,Paris,134,6869.996999999999
2025-11-16T03:00:00.000Z,17,Karachi,135,8034.8
2025-11-16T03:00:00.000Z,18,Helsinki,137,6834.956
2025-11-16T03:00:00.000Z,19,Jakarta,137,7223.976000000001
2025-11-16T03:00:00.000Z,20,Cairo,137,8350.713
2025-11-16T03:00:00.000Z,21,San Francisco,137,8724.95
2025-11-16T03:00:00.000Z,22,New York,138,8443.05
2025-11-16T03:00:00.000Z,23,Osaka,139,8601.624
2025-11-16T03:00:00.000Z,24,Auckland,140,7473.646000000001
2025-11-16T03:00:00.000Z,25,Singapore,140,8248.196
2025-11-16T03:00:00.000Z,26,Vancouver,142,7938.254
2025-11-16T03:00:00.000Z,27,Mumbai,143,6542.988
2025-11-16T03:00:00.000Z,28,Buenos Aires,146,9849.267
2025-11-16T03:00:00.000Z,29,Zurich,148,8696.196
2025-11-16T03:00:00.000Z,30,Ho Chi Minh City,149,7388.62
2025-11-16T03:00:00.000Z,31,Kolkata,150,9101.997
2025-11-16T03:00:00.000Z,32,Doha,151,7238.429
2025-11-16T03:00:00.000Z,33,Rome,151,8160.398
2025-11-16T03:00:00.000Z,34,Istanbul,151,8947.42
2025-11-16T03:00:00.000Z,35,Lagos,154,6766.796
2025-11-16T03:00:00.000Z,36,Toronto,155,7184.875
2025-11-16T03:00:00.000Z,37,Warsaw,156,8409.181
2025-11-16T03:00:00.000Z,38,Mexico City,159,8375.528
2025-11-16T03:00:00.000Z,39,Delhi,160,8558.275
2025-11-16T03:00:00.000Z,40,Tehran,161,7646.455
2025-11-16T03:00:00.000Z,41,Cape Town,162,8302.137999999999
2025-11-16T03:00:00.000Z,42,Kuala Lumpur,165,8292.03
2025-11-16T03:00:00.000Z,43,Berlin,166,9177.422
2025-11-16T03:00:00.000Z,44,Los Angeles,170,7363.17
2025-11-16T03:00:00.000Z,45,Manila,171,8868.164
2025-11-16T03:00:00.000Z,46,Riyadh,176,8259.946
2025-11-16T03:00:00.000Z,47,Bangkok,177,8114.5560000000005
2025-11-16T03:00:00.000Z,48,Seoul,183,7449.568
2025-11-16T03:00:00.000Z,49,Hong Kong,183,7836.311
2025-11-16T03:00:00.000Z,50,Madrid,183,8131.6630000000005
2025-11-16T04:00:00.000Z,1,Chicago,103,8423.809
2025-11-16T04:00:00.000Z,2,Melbourne,109,8234.226
2025-11-16T04:00:00.000Z,3,Bengaluru,114,8705.358
2025-11-16T04:00:00.000Z,4,Beijing,115,8761.404
2025-11-16T04:00:00.000Z,5,Tehran,116,7200.571
2025-11-16T04:00:00.000Z,6,Tokyo,116,8508.112000000001
2025-11-16T04:00:00.000Z,7,London,124,7472.6900000000005
2025-11-16T04:00:00.000Z,8,Shanghai,127,7325.472
2025-11-16T04:00:00.000Z,9,Cairo,127,8492.75
2025-11-16T04:00:00.000Z,10,Chennai,127,8573.423999999999
2025-11-16T04:00:00.000Z,11,Sydney,130,5974.45
2025-11-16T04:00:00.000Z,12,Houston,130,8674.0
2025-11-16T04:00:00.000Z,13,Moscow,130,9074.576000000001
2025-11-16T04:00:00.000Z,14,Helsinki,131,6877.38
2025-11-16T04:00:00.000Z,15,Dubai,133,8326.157
2025-11-16T04:00:00.000Z,16,São Paulo,133,8430.483
2025-11-16T04:00:00.000Z,17,Paris,134,7426.679
2025-11-16T04:00:00.000Z,18,Karachi,135,7869.438
2025-11-16T04:00:00.000Z,19,San Francisco,137,8566.033
2025-11-16T04:00:00.000Z,20,New York,138,8280.436
2025-11-16T04:00:00.000Z,21,Osaka,139,8664.893
2025-11-16T04:00:00.000Z,22,Auckland,140,8136.703
2025-11-16T04:00:00.000Z,23,Singapore,140,8752.444
2025-11-16T04:00:00.000Z,24,Vancouver,142,8257.16
2025-11-16T04:00:00.000Z,25,Mumbai,143,6461.552
2025-11-16T04:00:00.000Z,26,Buenos Aires,146,9235.534
2025-11-16T04:00:00.000Z,27,Zurich,148,8075.778
2025-11-16T04:00:00.000Z,28,Ho Chi Minh City,149,7553.249
2025-11-16T04:00:00.000Z,29,Kolkata,150,8863.79
2025-11-16T04:00:00.000Z,30,Doha,151,7083.434
2025-11-16T04:00:00.000Z,31,Rome,151,8390.421
2025-11-16T04:00:00.000Z,32,Istanbul,151,8814.51
2025-11-16T04:00:00.000Z,33,Lagos,154,6886.514
2025-11-16T04:00:00.000Z,34,Warsaw,154,8324.893
2025-11-16T04:00:00.000Z,35,Toronto,155,6902.687
2025-11-16T04:00:00.000Z,36,Mexico City,159,8430.977
2025-11-16T04:00:00.000Z,37,Delhi,160,8793.684
2025-11-16T04:00:00.000Z,38,Cape Town,162,8425.094000000001
2025-11-16T04:00:00.000Z,39,Nairobi,162,9483.402
2025-11-16T04:00:00.000Z,40,Seoul,164,7507.863
2025-11-16T04:00:00.000Z,41,Kuala Lumpur,165,8157.8330000000005
2025-11-16T04:00:00.000Z,42,Stockholm,166,7923.439
2025-11-16T04:00:00.000Z,43,Berlin,166,9040.055
2025-11-16T04:00:00.000Z,44,Los Angeles,170,7640.8
2025-11-16T04:00:00.000Z,45,Manila,171,8509.405
2025-11-16T04:00:00.000Z,46,Jakarta,175,7618.124
2025-11-16T04:00:00.000Z,47,Riyadh,176,7290.695
2025-11-16T04:00:00.000Z,48,Bangkok,177,7738.363
2025-11-16T04:00:00.000Z,49,Hong Kong,183,7526.127
2025-11-16T04:00:00.000Z,50,Madrid,183,8148.701
2025-11-16T05:00:00.000Z,1,Melbourne,109,8167.4400000000005
2025-11-16T05:00:00.000Z,2,Kuala Lumpur,115,8381.797
2025-11-16T05:00:00.000Z,3,Beijing,115,9163.083
2025-11-16T05:00:00.000Z,4,Tehran,116,7625.4310000000005
2025-11-16T05:00:00.000Z,5,Tokyo,116,7874.039000000001
2025-11-16T05:00:00.000Z,6,Chicago,117,8038.228
2025-11-16T05:00:00.000Z,7,London,124,8274.341
2025-11-16T05:00:00.000Z,8,Shanghai,127,7382.751
2025-11-16T05:00:00.000Z,9,Cairo,127,8528.402
2025-11-16T05:00:00.000Z,10,Chennai,127,8937.094000000001
2025-11-16T05:00:00.000Z,11,Sydney,130,6040.232
2025-11-16T05:00:00.000Z,12,Moscow,130,8915.079
2025-11-16T05:00:00.000Z,13,Helsinki,131,6580.696
2025-11-16T05:00:00.000Z,14,São Paulo,133,8136.036
2025-11-16T05:00:00.000Z,15,Dubai,133,8584.312
2025-11-16T05:00:00.000Z,16,Singapore,133,8713.005000000001
2025-11-16T05:00:00.000Z,17,Paris,134,7130.314
2025-11-16T05:00:00.000Z,18,Karachi,135,7530.114
2025-11-16T05:00:00.000Z,19,Houston,135,8548.977
2025-11-16T05:00:00.000Z,20,San Francisco,137,8558.242
2025-11-16T05:00:00.000Z,21,New York,138,8254.693
2025-11-16T05:00:00.000Z,22,Osaka,139,8110.899
2025-11-16T05:00:00.000Z,23,Auckland,140,8636.729
2025-11-16T05:00:00.000Z,24,Vancouver,142,7945.713
2025-11-16T05:00:00.000Z,25,Mumbai,143,6291.334
2025-11-16T05:00:00.000Z,26,Buenos Aires,146,9106.998
2025-11-16T05:00:00.000Z,27,Zurich,148,8403.016
2025-11-16T05:00:00.000Z,28,Ho Chi Minh City,149,6896.58
2025-11-16T05:00:00.000Z,29,Kolkata,150,8800.91
2025-11-16T05:00:00.000Z,30,Doha,151,7334.49
2025-11-16T05:00:00.000Z,31,Istanbul,151,8517.02
2025-11-16T05:00:00.000Z,32,Bengaluru,153,8431.717
2025-11-16T05:00:00.000Z,33,Lagos,154,6650.77
2025-11-16T05:00:00.000Z,34,Warsaw,154,8287.289
2025-11-16T05:00:00.000Z,35,Toronto,155,6634.389999999999
2025-11-16T05:00:00.000Z,36,Mexico City,159,8680.627
2025-11-16T05:00:00.000Z,37,Delhi,160,9049.122
2025-11-16T05:00:00.000Z,38,Nairobi,162,8838.853
2025-11-16T05:00:00.000Z,39,Seoul,164,7211.184
2025-11-16T05:00:00.000Z,40,Stockholm,166,7866.061
2025-11-16T05:00:00.000Z,41,Berlin,166,9064.619
2025-11-16T05:00:00.000Z,42,Los Angeles,170,7537.975
2025-11-16T05:00:00.000Z,43,Manila,171,9361.086
2025-11-16T05:00:00.000Z,44,Rome,172,8307.75
2025-11-16T05:00:00.000Z,45,Jakarta,175,7418.771
2025-11-16T05:00:00.000Z,46,Riyadh,176,7026.374
2025-11-16T05:00:00.000Z,47,Bangkok,177,7709.635
2025-11-16T05:00:00.000Z,48,Hong Kong,183,8068.245
2025-11-16T05:00:00.000Z,49,Madrid,183,8152.472
2025-11-16T05:00:00.000Z,50,Cape Town,190,8565.59
2025-11-16T06:00:00.000Z,1,Melbourne,109,7334.048
2025-11-16T06:00:00.000Z,2,Kuala Lumpur,115,8311.902
2025-11-16T06:00:00.000Z,3,Beijing,115,9125.979
2025-11-16T06:00:00.000Z,4,Tehran,116,7671.841
2025-11-16T06:00:00.000Z,5,Tokyo,116,8016.315
2025-11-16T06:00:00.000Z,6,Chicago,119,7985.693
2025-11-16T06:00:00.000Z,7,London,124,8108.252
2025-11-16T06:00:00.000Z,8,Shanghai,127,6961.2119999999995
2025-11-16T06:00:00.000Z,9,Chennai,127,8656.833
2025-11-16T06:00:00.000Z,10,Madrid,129,8336.966
2025-11-16T06:00:00.000Z,11,Sydney,130,5723.5830000000005
2025-11-16T06:00:00.000Z,12,Helsinki,131,6486.705
2025-11-16T06:00:00.000Z,13,São Paulo,133,7965.468
2025-11-16T06:00:00.000Z,14,Moscow,133,8554.048999999999
2025-11-16T06:00:00.000Z,15,Dubai,133,8620.274
2025-11-16T06:00:00.000Z,16,Singapore,133,8664.337
2025-11-16T06:00:00.000Z,17,Paris,134,7431.094
2025-11-16T06:00:00.000Z,18,Karachi,135,7296.016
2025-11-16T06:00:00.000Z,19,Houston,135,8393.374
2025-11-16T06:00:00.000Z,20,San Francisco,137,8974.711
2025-11-16T06:00:00.000Z,21,New York,138,7773.35
2025-11-16T06:00:00.000Z,22,Auckland,140,8366.521
2025-11-16T06:00:00.000Z,23,Vancouver,142,8094.287
2025-11-16T06:00:00.000Z,24,Mexico City,142,8477.378
2025-11-16T06:00:00.000Z,25,Mumbai,143,6266.85
2025-11-16T06:00:00.000Z,26,Ho Chi Minh City,145,7451.72
2025-11-16T06:00:00.000Z,27,Osaka,146,7639.110000000001
2025-11-16T06:00:00.000Z,28,Buenos Aires,146,9229.495
2025-11-16T06:00:00.000Z,29,Kolkata,147,8559.249
2025-11-16T06:00:00.000Z,30,Zurich,148,8254.499
2025-11-16T06:00:00.000Z,31,Istanbul,149,8657.678
2025-11-16T06:00:00.000Z,32,Doha,151,7724.936
2025-11-16T06:00:00.000Z,33,Bengaluru,153,8528.689
2025-11-16T06:00:00.000Z,34,Lagos,154,7007.812
2025-11-16T06:00:00.000Z,35,Warsaw,154,8179.4
2025-11-16T06:00:00.000Z,36,Toronto,155,6343.724
2025-11-16T06:00:00.000Z,37,Delhi,160,9199.046
2025-11-16T06:00:00.000Z,38,Nairobi,162,8445.832
2025-11-16T06:00:00.000Z,39,Seoul,164,7613.448
2025-11-16T06:00:00.000Z,40,Stockholm,166,7931.3060000000005
2025-11-16T06:00:00.000Z,41,Berlin,166,8871.182
2025-11-16T06:00:00.000Z,42,Los Angeles,170,6834.393
2025-11-16T06:00:00.000Z,43,Manila,171,9088.76
2025-11-16T06:00:00.000Z,44,Rome,172,8363.388
2025-11-16T06:00:00.000Z,45,Riyadh,175,6991.523
2025-11-16T06:00:00.000Z,46,Jakarta,175,7551.785
2025-11-16T06:00:00.000Z,47,Cairo,176,9225.057999999999
2025-11-16T06:00:00.000Z,48,Bangkok,177,7374.388999999999
2025-11-16T06:00:00.000Z,49,Hong Kong,183,8441.594000000001
2025-11-16T06:00:00.000Z,50,Cape Town,190,8824.029
2025-11-16T07:00:00.000Z,1,Kuala Lumpur,115,8054.16
2025-11-16T07:00:00.000Z,2,Tehran,116,7491.030000000001
2025-11-16T07:00:00.000Z,3,Tokyo,116,7980.755999999999
2025-11-16T07:00:00.000Z,4,Melbourne,117,7340.505
2025-11-16T07:00:00.000Z,5,Chicago,119,7515.986
2025-11-16T07:00:00.000Z,6,London,120,7969.957
2025-11-16T07:00:00.000Z,7,Karachi,124,7241.530000000001
2025-11-16T07:00:00.000Z,8,Chennai,127,7985.199
2025-11-16T07:00:00.000Z,9,Auckland,127,8300.716
2025-11-16T07:00:00.000Z,10,Madrid,129,8454.489
2025-11-16T07:00:00.000Z,11,Sydney,130,6251.472
2025-11-16T07:00:00.000Z,12,Shanghai,130,7361.013
2025-11-16T07:00:00.000Z,13,Beijing,130,8822.945
2025-11-16T07:00:00.000Z,14,Helsinki,131,6845.809
2025-11-16T07:00:00.000Z,15,São Paulo,133,7098.347
2025-11-16T07:00:00.000Z,16,Dubai,133,8589.671
2025-11-16T07:00:00.000Z,17,Moscow,133,8678.301
2025-11-16T07:00:00.000Z,18,Paris,134,7233.495
2025-11-16T07:00:00.000Z,19,Houston,135,8110.308
2025-11-16T07:00:00.000Z,20,Los Angeles,137,7162.139999999999
2025-11-16T07:00:00.000Z,21,Manila,137,8308.304
2025-11-16T07:00:00.000Z,22,San Francisco,137,9208.566
2025-11-16T07:00:00.000Z,23,Vancouver,142,8461.008
2025-11-16T07:00:00.000Z,24,Mexico City,142,8832.678
2025-11-16T07:00:00.000Z,25,Mumbai,143,5550.936
2025-11-16T07:00:00.000Z,26,Ho Chi Minh City,145,7568.708
2025-11-16T07:00:00.000Z,27,Singapore,145,8948.012
2025-11-16T07:00:00.000Z,28,Osaka,146,7546.302
2025-11-16T07:00:00.000Z,29,Berlin,146,8605.904
2025-11-16T07:00:00.000Z,30,Kolkata,147,8035.939
2025-11-16T07:00:00.000Z,31,Seoul,148,7535.689
2025-11-16T07:00:00.000Z,32,Zurich,148,8252.579
2025-11-16T07:00:00.000Z,33,Istanbul,149,8845.96
2025-11-16T07:00:00.000Z,34,Doha,151,7755.857
2025-11-16T07:00:00.000Z,35,New York,151,7860.648
2025-11-16T07:00:00.000Z,36,Bengaluru,153,8166.531
2025-11-16T07:00:00.000Z,37,Lagos,154,7014.243
2025-11-16T07:00:00.000Z,38,Warsaw,154,8276.53
2025-11-16T07:00:00.000Z,39,Toronto,155,6672.1990000000005
2025-11-16T07:00:00.000Z,40,Delhi,160,9380.19
2025-11-16T07:00:00.000Z,41,Nairobi,162,7905.782999999999
2025-11-16T07:00:00.000Z,42,Stockholm,166,8036.135
2025-11-16T07:00:00.000Z,43,Rome,172,8413.975
2025-11-16T07:00:00.000Z,44,Jakarta,175,7487.086
2025-11-16T07:00:00.000Z,45,Riyadh,175,7626.097
2025-11-16T07:00:00.000Z,46,Cairo,176,8904.994
2025-11-16T07:00:00.000Z,47,Bangkok,177,7736.394
2025-11-16T07:00:00.000Z,48,Hong Kong,183,8391.319
2025-11-16T07:00:00.000Z,49,Buenos Aires,187,8847.351
2025-11-16T07:00:00.000Z,50,Cape Town,190,9005.838
2025-11-16T08:00:00.000Z,1,Lagos,106,7574.434
2025-11-16T08:00:00.000Z,2,Dubai,108,8470.482
2025-11-16T08:00:00.000Z,3,Tokyo,116,7534.1720000000005
2025-11-16T08:00:00.000Z,4,Chicago,119,7404.889
2025-11-16T08:00:00.000Z,5,London,120,8232.362000000001
2025-11-16T08:00:00.000Z,6,San Francisco,122,9013.578
2025-11-16T08:00:00.000Z,7,Los Angeles,124,7402.074
2025-11-16T08:00:00.000Z,8,Karachi,124,7678.407999999999
2025-11-16T08:00:00.000Z,9,Melbourne,125,6959.8060000000005
2025-11-16T08:00:00.000Z,10,Chennai,127,8188.509
2025-11-16T08:00:00.000Z,11,Hong Kong,127,8468.944
2025-11-16T08:00:00.000Z,12,Madrid,129,8491.282
2025-11-16T08:00:00.000Z,13,Sydney,130,6508.003
2025-11-16T08:00:00.000Z,14,Shanghai,130,7923.144
2025-11-16T08:00:00.000Z,15,Beijing,130,8408.618999999999
2025-11-16T08:00:00.000Z,16,São Paulo,133,6986.29
2025-11-16T08:00:00.000Z,17,Paris,133,7733.761
2025-11-16T08:00:00.000Z,18,Moscow,133,8269.919
2025-11-16T08:00:00.000Z,19,Houston,135,7695.8150000000005
2025-11-16T08:00:00.000Z,20,Auckland,136,8393.362
2025-11-16T08:00:00.000Z,21,Kuala Lumpur,137,8132.419
2025-11-16T08:00:00.000Z,22,Manila,142,8111.727
2025-11-16T08:00:00.000Z,23,Mexico City,142,8580.202
2025-11-16T08:00:00.000Z,24,Vancouver,142,8674.325
2025-11-16T08:00:00.000Z,25,Mumbai,143,6348.483
2025-11-16T08:00:00.000Z,26,Tehran,143,8279.815999999999
2025-11-16T08:00:00.000Z,27,Zurich,144,7770.375
2025-11-16T08:00:00.000Z,28,Ho Chi Minh City,145,7657.886
2025-11-16T08:00:00.000Z,29,Singapore,145,9139.147
2025-11-16T08:00:00.000Z,30,Osaka,146,7041.434
2025-11-16T08:00:00.000Z,31,Berlin,146,8269.349
2025-11-16T08:00:00.000Z,32,Kolkata,147,7986.386
2025-11-16T08:00:00.000Z,33,Seoul,148,7727.398
2025-11-16T08:00:00.000Z,34,Istanbul,149,8705.805
2025-11-16T08:00:00.000Z,35,New York,151,7291.607
2025-11-16T08:00:00.000Z,36,Bengaluru,153,7990.7300000000005
2025-11-16T08:00:00.000Z,37,Warsaw,154,8059.865
2025-11-16T08:00:00.000Z,38,Toronto,155,6679.2880000000005
2025-11-16T08:00:00.000Z,39,Helsinki,156,7195.636
2025-11-16T08:00:00.000Z,40,Delhi,160,8621.993
2025-11-16T08:00:00.000Z,41,Doha,161,7218.999
2025-11-16T08:00:00.000Z,42,Nairobi,162,7784.606
2025-11-16T08:00:00.000Z,43,Stockholm,166,7435.466
2025-11-16T08:00:00.000Z,44,Rome,172,8074.4130000000005
2025-11-16T08:00:00.000Z,45,Jakarta,175,7223.575
2025-11-16T08:00:00.000Z,46,Riyadh,175,8069.207
2025-11-16T08:00:00.000Z,47,Cairo,176,9257.855
2025-11-16T08:00:00.000Z,48,Bangkok,177,8225.655999999999
2025-11-16T08:00:00.000Z,49,Buenos Aires,187,8659.456
2025-11-16T08:00:00.000Z,50,Cape Town,190,9207.957
2025-11-16T09:00:00.000Z,1,Dubai,108,8548.578
2025-11-16T09:00:00.000Z,2,Tokyo,115,7449.4400000000005
2025-11-16T09:00:00.000Z,3,Chicago,119,8183.002
2025-11-16T09:00:00.000Z,4,Karachi,120,7491.746
2025-11-16T09:00:00.000Z,5,San Francisco,122,8135.019
2025-11-16T09:00:00.000Z,6,Berlin,124,8154.192
2025-11-16T09:00:00.000Z,7,Melbourne,125,7333.424
2025-11-16T09:00:00.000Z,8,Los Angeles,125,7723.4310000000005
2025-11-16T09:00:00.000Z,9,Chennai,127,8041.45
2025-11-16T09:00:00.000Z,10,Hong Kong,127,8347.401
2025-11-16T09:00:00.000Z,11,Madrid,129,9228.812
2025-11-16T09:00:00.000Z,12,Warsaw,130,7930.7970000000005
2025-11-16T09:00:00.000Z,13,Beijing,130,8489.553
2025-11-16T09:00:00.000Z,14,Sydney,132,7089.633
2025-11-16T09:00:00.000Z,15,Lagos,132,7795.9
2025-11-16T09:00:00.000Z,16,Moscow,133,7760.362
2025-11-16T09:00:00.000Z,17,Shanghai,133,8835.119
2025-11-16T09:00:00.000Z,18,Houston,135,7857.3279999999995
2025-11-16T09:00:00.000Z,19,Auckland,136,8324.088
2025-11-16T09:00:00.000Z,20,Kuala Lumpur,137,7970.258
2025-11-16T09:00:00.000Z,21,São Paulo,141,6595.903
2025-11-16T09:00:00.000Z,22,Manila,142,7840.666
2025-11-16T09:00:00.000Z,23,Mexico City,142,8419.661
2025-11-16T09:00:00.000Z,24,Vancouver,142,8970.255000000001
2025-11-16T09:00:00.000Z,25,Tehran,143,8360.003
2025-11-16T09:00:00.000Z,26,Zurich,144,7287.652
2025-11-16T09:00:00.000Z,27,Ho Chi Minh City,145,8022.59
2025-11-16T09:00:00.000Z,28,Singapore,145,8624.842
2025-11-16T09:00:00.000Z,29,Osaka,146,6765.992
2025-11-16T09:00:00.000Z,30,Kolkata,147,7917.5470000000005
2025-11-16T09:00:00.000Z,31,Mumbai,148,6565.597
2025-11-16T09:00:00.000Z,32,Seoul,148,7880.217
2025-11-16T09:00:00.000Z,33,London,148,8323.936
2025-11-16T09:00:00.000Z,34,Istanbul,149,8296.397
2025-11-16T09:00:00.000Z,35,New York,151,7583.352
2025-11-16T09:00:00.000Z,36,Paris,151,8397.564
2025-11-16T09:00:00.000Z,37,Delhi,151,8525.773000000001
2025-11-16T09:00:00.000Z,38,Bengaluru,153,7901.4619999999995
2025-11-16T09:00:00.000Z,39,Toronto,155,7181.3330000000005
2025-11-16T09:00:00.000Z,40,Helsinki,156,7398.294
2025-11-16T09:00:00.000Z,41,Doha,161,7028.18
2025-11-16T09:00:00.000Z,42,Nairobi,162,7812.25
2025-11-16T09:00:00.000Z,43,Stockholm,166,7384.632
2025-11-16T09:00:00.000Z,44,Jakarta,175,7616.647
2025-11-16T09:00:00.000Z,45,Riyadh,175,8186.284
2025-11-16T09:00:00.000Z,46,Cairo,176,8764.276
2025-11-16T09:00:00.000Z,47,Bangkok,177,8041.1759999999995
2025-11-16T09:00:00.000Z,48,Buenos Aires,187,8644.541000000001
2025-11-16T09:00:00.000Z,49,Rome,190,7806.704
2025-11-16T09:00:00.000Z,50,Cape Town,190,8751.884
2025-11-16T10:00:00.000Z,1,Tokyo,113,7799.633
2025-11-16T10:00:00.000Z,2,Karachi,119,7308.6810000000005
2025-11-16T10:00:00.000Z,3,San Francisco,122,8717.076000000001
2025-11-16T10:00:00.000Z,4,Berlin,124,7219.125
2025-11-16T10:00:00.000Z,5,Hong Kong,124,7259.591
2025-11-16T10:00:00.000Z,6,Melbourne,125,7458.465
2025-11-16T10:00:00.000Z,7,Los Angeles,125,8447.144
2025-11-16T10:00:00.000Z,8,Madrid,129,8925.280999999999
2025-11-16T10:00:00.000Z,9,Warsaw,130,8148.456
2025-11-16T10:00:00.000Z,10,Beijing,130,8398.456
2025-11-16T10:00:00.000Z,11,Lagos,132,8224.089
2025-11-16T10:00:00.000Z,12,Moscow,133,7766.284
2025-11-16T10:00:00.000Z,13,Dubai,133,8085.044
2025-11-16T10:00:00.000Z,14,Shanghai,133,8722.014
2025-11-16T10:00:00.000Z,15,Houston,135,7194.968
2025-11-16T10:00:00.000Z,16,Chicago,136,8230.252
2025-11-16T10:00:00.000Z,17,Auckland,136,8501.565
2025-11-16T10:00:00.000Z,18,Kuala Lumpur,137,8512.877
2025-11-16T10:00:00.000Z,19,Kolkata,139,7944.451
2025-11-16T10:00:00.000Z,20,Vancouver,140,8996.965
2025-11-16T10:00:00.000Z,21,São Paulo,141,6700.964
2025-11-16T10:00:00.000Z,22,Manila,142,7382.0650000000005
2025-11-16T10:00:00.000Z,23,Mexico City,142,8564.53
2025-11-16T10:00:00.000Z,24,Tehran,143,8558.407
2025-11-16T10:00:00.000Z,25,Zurich,144,7417.334
2025-11-16T10:00:00.000Z,26,Ho Chi Minh City,145,8490.139
2025-11-16T10:00:00.000Z,27,Singapore,145,8515.143
2025-11-16T10:00:00.000Z,28,Osaka,146,7201.115
2025-11-16T10:00:00.000Z,29,Mumbai,148,7142.197
2025-11-16T10:00:00.000Z,30,Seoul,148,8084.832
2025-11-16T10:00:00.000Z,31,London,148,8230.008
2025-11-16T10:00:00.000Z,32,Istanbul,149,7791.897
2025-11-16T10:00:00.000Z,33,Sydney,150,7188.115
2025-11-16T10:00:00.000Z,34,New York,151,7848.266
2025-11-16T10:00:00.000Z,35,Paris,151,8215.891
2025-11-16T10:00:00.000Z,36,Delhi,151,8682.394
2025-11-16T10:00:00.000Z,37,Chennai,152,7664.629
2025-11-16T10:00:00.000Z,38,Bengaluru,153,7325.246999999999
2025-11-16T10:00:00.000Z,39,Toronto,155,8230.346
2025-11-16T10:00:00.000Z,40,Helsinki,156,7347.299
2025-11-16T10:00:00.000Z,41,Doha,161,7106.69
2025-11-16T10:00:00.000Z,42,Nairobi,162,8076.717000000001
2025-11-16T10:00:00.000Z,43,Stockholm,166,7534.54
2025-11-16T10:00:00.000Z,44,Jakarta,175,7461.642
2025-11-16T10:00:00.000Z,45,Riyadh,175,8170.636
2025-11-16T10:00:00.000Z,46,Cairo,176,8344.884
2025-11-16T10:00:00.000Z,47,Bangkok,177,8286.146
2025-11-16T10:00:00.000Z,48,Buenos Aires,187,9287.638
2025-11-16T10:00:00.000Z,49,Rome,190,7780.734
2025-11-16T10:00:00.000Z,50,Cape Town,190,8945.589
2025-11-16T11:00:00.000Z,1,Tokyo,113,7958.65
2025-11-16T11:00:00.000Z,2,Toronto,116,8331.928
2025-11-16T11:00:00.000Z,3,Karachi,119,6911.499
2025-11-16T11:00:00.000Z,4,San Francisco,122,8554.131
2025-11-16T11:00:00.000Z,5,Hong Kong,124,7439.261
2025-11-16T11:00:00.000Z,6,Berlin,124,7521.111
2025-11-16T11:00:00.000Z,7,Los Angeles,125,8866.329
2025-11-16T11:00:00.000Z,8,Beijing,130,7775.279
2025-11-16T11:00:00.000Z,9,Warsaw,130,8054.65
2025-11-16T11:00:00.000Z,10,Lagos,132,8716.404999999999
2025-11-16T11:00:00.000Z,11,Moscow,133,7272.864
2025-11-16T11:00:00.000Z,12,Dubai,133,8145.465
2025-11-16T11:00:00.000Z,13,Shanghai,133,8183.1849999999995
2025-11-16T11:00:00.000Z,14,Houston,135,7246.782
2025-11-16T11:00:00.000Z,15,Chicago,136,8090.683
2025-11-16T11:00:00.000Z,16,Kuala Lumpur,137,8693.939
2025-11-16T11:00:00.000Z,17,Auckland,138,8588.39
2025-11-16T11:00:00.000Z,18,Kolkata,139,7934.951
2025-11-16T11:00:00.000Z,19,Vancouver,140,8908.114
2025-11-16T11:00:00.000Z,20,São Paulo,141,6518.92
2025-11-16T11:00:00.000Z,21,Madrid,141,8859.142
2025-11-16T11:00:00.000Z,22,Manila,142,6995.549
2025-11-16T11:00:00.000Z,23,Mexico City,142,8137.683
2025-11-16T11:00:00.000Z,24,Bangkok,143,7921.437
2025-11-16T11:00:00.000Z,25,Tehran,143,8317.157
2025-11-16T11:00:00.000Z,26,Zurich,144,7471.928
2025-11-16T11:00:00.000Z,27,Melbourne,145,7929.202
2025-11-16T11:00:00.000Z,28,Singapore,145,8470.214
2025-11-16T11:00:00.000Z,29,Ho Chi Minh City,145,8726.117
2025-11-16T11:00:00.000Z,30,Osaka,146,7244.838
2025-11-16T11:00:00.000Z,31,Mumbai,148,7241.98
2025-11-16T11:00:00.000Z,32,London,148,7914.139
2025-11-16T11:00:00.000Z,33,Seoul,148,8020.706
2025-11-16T11:00:00.000Z,34,Istanbul,149,7492.971
2025-11-16T11:00:00.000Z,35,Sydney,150,7287.451
2025-11-16T11:00:00.000Z,36,New York,151,7497.188
2025-11-16T11:00:00.000Z,37,Paris,151,8075.159
2025-11-16T11:00:00.000Z,38,Delhi,151,8455.997
2025-11-16T11:00:00.000Z,39,Chennai,152,7749.768
2025-11-16T11:00:00.000Z,40,Bengaluru,153,7223.412
2025-11-16T11:00:00.000Z,41,Helsinki,156,7897.7
2025-11-16T11:00:00.000Z,42,Doha,161,6845.339
2025-11-16T11:00:00.000Z,43,Riyadh,162,8231.454
2025-11-16T11:00:00.000Z,44,Nairobi,163,7750.751
2025-11-16T11:00:00.000Z,45,Stockholm,166,8217.867
2025-11-16T11:00:00.000Z,46,Jakarta,175,7335.867
2025-11-16T11:00:00.000Z,47,Cairo,176,8295.933
2025-11-16T11:00:00.000Z,48,Buenos Aires,187,8875.13
2025-11-16T11:00:00.000Z,49,Rome,190,8000.555
2025-11-16T11:00:00.000Z,50,Cape Town,190,9245.23
2025-11-16T12:00:00.000Z,1,San Francisco,97,8479.675
2025-11-16T12:00:00.000Z,2,Toronto,116,8327.591
2025-11-16T12:00:00.000Z,3,Karachi,119,6837.630999999999
2025-11-16T12:00:00.000Z,4,Tokyo,119,7667.1720000000005
2025-11-16T12:00:00.000Z,5,Warsaw,122,8021.3279999999995
2025-11-16T12:00:00.000Z,6,Berlin,124,7423.0560000000005
2025-11-16T12:00:00.000Z,7,Hong Kong,125,7731.207
2025-11-16T12:00:00.000Z,8,Los Angeles,125,8701.731
2025-11-16T12:00:00.000Z,9,Stockholm,129,7750.152
2025-11-16T12:00:00.000Z,10,Beijing,130,7453.856
2025-11-16T12:00:00.000Z,11,Moscow,133,7271.036
2025-11-16T12:00:00.000Z,12,Shanghai,133,8331.242
2025-11-16T12:00:00.000Z,13,Dubai,134,7842.592000000001
2025-11-16T12:00:00.000Z,14,Chicago,136,7544.063
2025-11-16T12:00:00.000Z,15,Kuala Lumpur,137,8420.903
2025-11-16T12:00:00.000Z,16,Auckland,138,7991.639999999999
2025-11-16T12:00:00.000Z,17,Jakarta,139,7347.238
2025-11-16T12:00:00.000Z,18,Kolkata,139,8449.825
2025-11-16T12:00:00.000Z,19,Vancouver,140,8286.624
2025-11-16T12:00:00.000Z,20,São Paulo,141,6487.262
2025-11-16T12:00:00.000Z,21,Houston,141,7117.642
2025-11-16T12:00:00.000Z,22,Madrid,141,9082.183
2025-11-16T12:00:00.000Z,23,Manila,142,7922.614
2025-11-16T12:00:00.000Z,24,Mexico City,142,8297.81
2025-11-16T12:00:00.000Z,25,Lagos,142,8998.283
2025-11-16T12:00:00.000Z,26,Tehran,143,8542.416000000001
2025-11-16T12:00:00.000Z,27,Bangkok,143,8655.187
2025-11-16T12:00:00.000Z,28,Seoul,144,7966.043
2025-11-16T12:00:00.000Z,29,Zurich,144,8054.095
2025-11-16T12:00:00.000Z,30,Singapore,145,7569.492
2025-11-16T12:00:00.000Z,31,Melbourne,145,7800.0560000000005
2025-11-16T12:00:00.000Z,32,Ho Chi Minh City,145,8286.511
2025-11-16T12:00:00.000Z,33,Osaka,148,7099.762000000001
2025-11-16T12:00:00.000Z,34,Mumbai,148,7379.341
2025-11-16T12:00:00.000Z,35,London,148,8161.745
2025-11-16T12:00:00.000Z,36,Istanbul,149,7357.603
2025-11-16T12:00:00.000Z,37,Sydney,150,7535.632
2025-11-16T12:00:00.000Z,38,New York,151,6843.975
2025-11-16T12:00:00.000Z,39,Paris,151,8074.713
2025-11-16T12:00:00.000Z,40,Delhi,151,8524.596
2025-11-16T12:00:00.000Z,41,Chennai,152,7965.523999999999
2025-11-16T12:00:00.000Z,42,Bengaluru,153,6912.932
2025-11-16T12:00:00.000Z,43,Helsinki,156,7463.118
2025-11-16T12:00:00.000Z,44,Doha,161,6726.303
2025-11-16T12:00:00.000Z,45,Riyadh,162,8825.017
2025-11-16T12:00:00.000Z,46,Nairobi,163,7458.253000000001
2025-11-16T12:00:00.000Z,47,Cairo,176,8323.586
2025-11-16T12:00:00.000Z,48,Buenos Aires,187,9146.619999999999
2025-11-16T12:00:00.000Z,49,Rome,190,8506.423
2025-11-16T12:00:00.000Z,50,Cape Town,190,8739.411
2025-11-16T13:00:00.000Z,1,San Francisco,97,8583.994
2025-11-16T13:00:00.000Z,2,Toronto,116,8115.491
2025-11-16T13:00:00.000Z,3,Karachi,119,7009.207
2025-11-16T13:00:00.000Z,4,Warsaw,122,8040.456
2025-11-16T13:00:00.000Z,5,Cape Town,123,8639.384
2025-11-16T13:00:00.000Z,6,Berlin,124,7556.5779999999995
2025-11-16T13:00:00.000Z,7,Hong Kong,125,7170.6759999999995
2025-11-16T13:00:00.000Z,8,Los Angeles,125,8728.133
2025-11-16T13:00:00.000Z,9,Stockholm,129,7794.6
2025-11-16T13:00:00.000Z,10,Beijing,130,7005.987
2025-11-16T13:00:00.000Z,11,Moscow,133,7508.27
2025-11-16T13:00:00.000Z,12,Tokyo,133,8027.377
2025-11-16T13:00:00.000Z,13,Riyadh,133,9085.214
2025-11-16T13:00:00.000Z,14,Zurich,134,7679.467000000001
2025-11-16T13:00:00.000Z,15,Delhi,135,8153.424
2025-11-16T13:00:00.000Z,16,Chicago,136,7869.717000000001
2025-11-16T13:00:00.000Z,17,Kuala Lumpur,137,8021.721
2025-11-16T13:00:00.000Z,18,Bengaluru,138,7263.242
2025-11-16T13:00:00.000Z,19,Auckland,138,8080.986
2025-11-16T13:00:00.000Z,20,Jakarta,139,7872.95
2025-11-16T13:00:00.000Z,21,Kolkata,139,8546.529
2025-11-16T13:00:00.000Z,22,Shanghai,140,8212.017
2025-11-16T13:00:00.000Z,23,São Paulo,141,6750.613
2025-11-16T13:00:00.000Z,24,Houston,141,7260.362
2025-11-16T13:00:00.000Z,25,Madrid,141,8304.966
2025-11-16T13:00:00.000Z,26,Manila,142,7421.817
2025-11-16T13:00:00.000Z,27,Mexico City,142,8210.564
2025-11-16T13:00:00.000Z,28,Bangkok,143,8107.446
2025-11-16T13:00:00.000Z,29,Tehran,143,8206.753
2025-11-16T13:00:00.000Z,30,Seoul,144,7753.518
2025-11-16T13:00:00.000Z,31,Melbourne,145,7871.05
2025-11-16T13:00:00.000Z,32,Singapore,145,8013.098
2025-11-16T13:00:00.000Z,33,Ho Chi Minh City,145,8177.914
2025-11-16T13:00:00.000Z,34,Vancouver,146,8754.24
2025-11-16T13:00:00.000Z,35,Osaka,148,7349.561
2025-11-16T13:00:00.000Z,36,Dubai,148,7587.877
2025-11-16T13:00:00.000Z,37,Mumbai,148,7863.516
2025-11-16T13:00:00.000Z,38,London,148,8003.067999999999
2025-11-16T13:00:00.000Z,39,Istanbul,149,7630.423
2025-11-16T13:00:00.000Z,40,Sydney,150,7643.321
2025-11-16T13:00:00.000Z,41,New York,151,7019.396
2025-11-16T13:00:00.000Z,42,Paris,151,8426.34
2025-11-16T13:00:00.000Z,43,Chennai,152,7756.774
2025-11-16T13:00:00.000Z,44,Helsinki,156,7385.501
2025-11-16T13:00:00.000Z,45,Lagos,156,9557.293
2025-11-16T13:00:00.000Z,46,Doha,161,7074.248
2025-11-16T13:00:00.000Z,47,Nairobi,163,7608.909
2025-11-16T13:00:00.000Z,48,Cairo,176,8034.053
2025-11-16T13:00:00.000Z,49,Buenos Aires,187,8770.4
2025-11-16T13:00:00.000Z,50,Rome,190,8374.239
2025-11-16T14:00:00.000Z,1,San Francisco,97,8554.767
2025-11-16T14:00:00.000Z,2,Ho Chi Minh City,116,7925.205
2025-11-16T14:00:00.000Z,3,Karachi,120,6898.415999999999
2025-11-16T14:00:00.000Z,4,Moscow,120,7948.494
2025-11-16T14:00:00.000Z,5,Warsaw,122,8290.202000000001
2025-11-16T14:00:00.000Z,6,Toronto,122,8915.046
2025-11-16T14:00:00.000Z,7,Berlin,123,7526.956
2025-11-16T14:00:00.000Z,8,Cape Town,123,8423.548
2025-11-16T14:00:00.000Z,9,Hong Kong,125,6494.404
2025-11-16T14:00:00.000Z,10,Los Angeles,125,8944.596
2025-11-16T14:00:00.000Z,11,Stockholm,129,7743.773
2025-11-16T14:00:00.000Z,12,Tokyo,133,8192.886
2025-11-16T14:00:00.000Z,13,Riyadh,133,8833.417
2025-11-16T14:00:00.000Z,14,Zurich,134,7550.246
2025-11-16T14:00:00.000Z,15,Chicago,136,7555.253
2025-11-16T14:00:00.000Z,16,Seoul,136,7731.456
2025-11-16T14:00:00.000Z,17,Kuala Lumpur,137,7820.38
2025-11-16T14:00:00.000Z,18,Bengaluru,138,6919.079
2025-11-16T14:00:00.000Z,19,Auckland,138,8497.909
2025-11-16T14:00:00.000Z,20,Jakarta,139,8063.887
2025-11-16T14:00:00.000Z,21,Kolkata,139,8575.874
2025-11-16T14:00:00.000Z,22,Shanghai,140,8165.002
2025-11-16T14:00:00.000Z,23,Delhi,140,8363.105
2025-11-16T14:00:00.000Z,24,São Paulo,141,6923.515
2025-11-16T14:00:00.000Z,25,Beijing,141,7359.085
2025-11-16T14:00:00.000Z,26,Houston,141,7466.467000000001
2025-11-16T14:00:00.000Z,27,Madrid,141,8275.455
2025-11-16T14:00:00.000Z,28,Manila,142,7930.246
2025-11-16T14:00:00.000Z,29,Istanbul,143,7202.759
2025-11-16T14:00:00.000Z,30,Bangkok,143,7948.921
2025-11-16T14:00:00.000Z,31,Tehran,143,8512.456
2025-11-16T14:00:00.000Z,32,Singapore,145,8008.432999999999
2025-11-16T14:00:00.000Z,33,Melbourne,145,8481.359
2025-11-16T14:00:00.000Z,34,Vancouver,146,8218.972
2025-11-16T14:00:00.000Z,35,Osaka,148,7292.728
2025-11-16T14:00:00.000Z,36,Dubai,148,7531.874
2025-11-16T14:00:00.000Z,37,Mumbai,148,7781.217000000001
2025-11-16T14:00:00.000Z,38,London,148,8329.978
2025-11-16T14:00:00.000Z,39,Sydney,150,7799.16
2025-11-16T14:00:00.000Z,40,New York,151,7311.593
2025-11-16T14:00:00.000Z,41,Paris,151,7940.653
2025-11-16T14:00:00.000Z,42,Chennai,152,7734.6630000000005
2025-11-16T14:00:00.000Z,43,Helsinki,156,7578.296
2025-11-16T14:00:00.000Z,44,Lagos,156,9328.859
2025-11-16T14:00:00.000Z,45,Mexico City,157,7895.642
2025-11-16T14:00:00.000Z,46,Cairo,158,8131.465
2025-11-16T14:00:00.000Z,47,Doha,161,7137.002
2025-11-16T14:00:00.000Z,48,Nairobi,163,7192.758
2025-11-16T14:00:00.000Z,49,Buenos Aires,187,8749.752
2025-11-16T14:00:00.000Z,50,Rome,190,8266.139
2025-11-16T15:00:00.000Z,1,San Francisco,115,8247.595
2025-11-16T15:00:00.000Z,2,Ho Chi Minh City,116,8144.826
2025-11-16T15:00:00.000Z,3,New York,117,7135.937
2025-11-16T15:00:00.000Z,4,Karachi,120,6842.442
2025-11-16T15:00:00.000Z,5,Toronto,122,8996.421
2025-11-16T15:00:00.000Z,6,Berlin,123,7830.098
2025-11-16T15:00:00.000Z,7,Cape Town,123,8885.064
2025-11-16T15:00:00.000Z,8,Hong Kong,125,6854.225
2025-11-16T15:00:00.000Z,9,Los Angeles,125,8798.223
2025-11-16T15:00:00.000Z,10,Tokyo,133,8498.106
2025-11-16T15:00:00.000Z,11,Riyadh,133,9067.788
2025-11-16T15:00:00.000Z,12,Zurich,134,7499.721
2025-11-16T15:00:00.000Z,13,Seoul,136,8140.271
2025-11-16T15:00:00.000Z,14,Buenos Aires,136,8191.407999999999
2025-11-16T15:00:00.000Z,15,Singapore,136,8518.482
2025-11-16T15:00:00.000Z,16,Kuala Lumpur,137,7896.866
2025-11-16T15:00:00.000Z,17,Bengaluru,138,7636.391
2025-11-16T15:00:00.000Z,18,Auckland,138,8124.583
2025-11-16T15:00:00.000Z,19,Jakarta,139,8040.612
2025-11-16T15:00:00.000Z,20,Stockholm,139,8319.088
2025-11-16T15:00:00.000Z,21,Kolkata,139,8362.642
2025-11-16T15:00:00.000Z,22,Shanghai,140,8841.755000000001
2025-11-16T15:00:00.000Z,23,Houston,141,7552.9800000000005
2025-11-16T15:00:00.000Z,24,Madrid,141,7712.504
2025-11-16T15:00:00.000Z,25,São Paulo,141,7795.571
2025-11-16T15:00:00.000Z,26,Manila,142,8268.486
2025-11-16T15:00:00.000Z,27,Istanbul,143,7340.322
2025-11-16T15:00:00.000Z,28,Bangkok,143,8111.982
2025-11-16T15:00:00.000Z,29,Tehran,143,9008.558
2025-11-16T15:00:00.000Z,30,Moscow,145,7946.368
2025-11-16T15:00:00.000Z,31,Melbourne,145,8841.755000000001
2025-11-16T15:00:00.000Z,32,Vancouver,146,8017.757
2025-11-16T15:00:00.000Z,33,Dubai,148,7031.269
2025-11-16T15:00:00.000Z,34,Beijing,148,7619.695
2025-11-16T15:00:00.000Z,35,Mumbai,148,8607.597
2025-11-16T15:00:00.000Z,36,London,148,8750.857
2025-11-16T15:00:00.000Z,37,Sydney,150,7711.347
2025-11-16T15:00:00.000Z,38,Paris,151,8030.798
2025-11-16T15:00:00.000Z,39,Delhi,151,8332.784
2025-11-16T15:00:00.000Z,40,Chennai,152,7802.731
2025-11-16T15:00:00.000Z,41,Helsinki,156,7380.209
2025-11-16T15:00:00.000Z,42,Lagos,156,9308.648000000001
2025-11-16T15:00:00.000Z,43,Mexico City,157,7653.653
2025-11-16T15:00:00.000Z,44,Cairo,158,8232.686
2025-11-16T15:00:00.000Z,45,Doha,161,7369.085
2025-11-16T15:00:00.000Z,46,Nairobi,163,7124.698
2025-11-16T15:00:00.000Z,47,Osaka,165,7653.993
2025-11-16T15:00:00.000Z,48,Warsaw,167,8430.442
2025-11-16T15:00:00.000Z,49,Chicago,175,8287.173999999999
2025-11-16T15:00:00.000Z,50,Rome,190,8431.162
2025-11-16T16:00:00.000Z,1,Ho Chi Minh City,112,7518.768
2025-11-16T16:00:00.000Z,2,San Francisco,115,8000.002
2025-11-16T16:00:00.000Z,3,Karachi,120,6883.175
2025-11-16T16:00:00.000Z,4,Bengaluru,121,7708.68
2025-11-16T16:00:00.000Z,5,Hong Kong,125,7199.916
2025-11-16T16:00:00.000Z,6,Manila,125,8580.807999999999
2025-11-16T16:00:00.000Z,7,Los Angeles,128,8835.724
2025-11-16T16:00:00.000Z,8,Helsinki,129,7728.9400000000005
2025-11-16T16:00:00.000Z,9,Doha,130,8081.521
2025-11-16T16:00:00.000Z,10,Riyadh,130,8330.791000000001
2025-11-16T16:00:00.000Z,11,Cape Town,131,8770.788
2025-11-16T16:00:00.000Z,12,Tokyo,133,8472.465
2025-11-16T16:00:00.000Z,13,Kuala Lumpur,135,7601.352
2025-11-16T16:00:00.000Z,14,Berlin,135,7884.33
2025-11-16T16:00:00.000Z,15,Seoul,136,8278.639
2025-11-16T16:00:00.000Z,16,Buenos Aires,136,8357.380000000001
2025-11-16T16:00:00.000Z,17,Singapore,136,8774.808
2025-11-16T16:00:00.000Z,18,New York,138,7392.456
2025-11-16T16:00:00.000Z,19,Auckland,138,8369.099
2025-11-16T16:00:00.000Z,20,Kolkata,139,8008.066
2025-11-16T16:00:00.000Z,21,Jakarta,139,8138.857
2025-11-16T16:00:00.000Z,22,Stockholm,139,8845.604
2025-11-16T16:00:00.000Z,23,Zurich,140,7257.938
2025-11-16T16:00:00.000Z,24,Shanghai,140,8383.14
2025-11-16T16:00:00.000Z,25,Madrid,141,7590.718
2025-11-16T16:00:00.000Z,26,São Paulo,141,7595.460999999999
2025-11-16T16:00:00.000Z,27,Houston,141,8220.773000000001
2025-11-16T16:00:00.000Z,28,Istanbul,143,7291.995
2025-11-16T16:00:00.000Z,29,Bangkok,143,8035.596
2025-11-16T16:00:00.000Z,30,Moscow,145,7916.067
2025-11-16T16:00:00.000Z,31,Toronto,145,8641.586
2025-11-16T16:00:00.000Z,32,Melbourne,145,9022.254
2025-11-16T16:00:00.000Z,33,Vancouver,146,7734.094999999999
2025-11-16T16:00:00.000Z,34,Dubai,148,8190.429
2025-11-16T16:00:00.000Z,35,Beijing,148,8207.39
2025-11-16T16:00:00.000Z,36,London,148,8664.754
2025-11-16T16:00:00.000Z,37,Mumbai,148,8794.195
2025-11-16T16:00:00.000Z,38,Sydney,150,7370.576
2025-11-16T16:00:00.000Z,39,Paris,151,7756.264
2025-11-16T16:00:00.000Z,40,Delhi,151,8355.407
2025-11-16T16:00:00.000Z,41,Chennai,152,7518.4349999999995
2025-11-16T16:00:00.000Z,42,Tehran,152,8447.22
2025-11-16T16:00:00.000Z,43,Lagos,156,9118.141
2025-11-16T16:00:00.000Z,44,Mexico City,157,7288.054
2025-11-16T16:00:00.000Z,45,Cairo,158,8215.314
2025-11-16T16:00:00.000Z,46,Nairobi,163,7057.811
2025-11-16T16:00:00.000Z,47,Osaka,165,7676.777
2025-11-16T16:00:00.000Z,48,Warsaw,167,8869.693
2025-11-16T16:00:00.000Z,49,Chicago,175,8398.733
2025-11-16T16:00:00.000Z,50,Rome,190,8754.594000000001
2025-11-16T17:00:00.000Z,1,Ho Chi Minh City,112,6875.086
2025-11-16T17:00:00.000Z,2,San Francisco,115,8698.084
2025-11-16T17:00:00.000Z,3,London,116,8071.713
2025-11-16T17:00:00.000Z,4,Karachi,120,7387.983
2025-11-16T17:00:00.000Z,5,Helsinki,125,7487.084
2025-11-16T17:00:00.000Z,6,Hong Kong,125,7845.08
2025-11-16T17:00:00.000Z,7,Manila,125,8933.742
2025-11-16T17:00:00.000Z,8,São Paulo,126,7640.608
2025-11-16T17:00:00.000Z,9,Kolkata,126,7846.862
2025-11-16T17:00:00.000Z,10,Riyadh,130,8085.092000000001
2025-11-16T17:00:00.000Z,11,Doha,130,8290.315
2025-11-16T17:00:00.000Z,12,Cape Town,131,8254.582
2025-11-16T17:00:00.000Z,13,Paris,133,7235.567
2025-11-16T17:00:00.000Z,14,Tokyo,133,8731.358
2025-11-16T17:00:00.000Z,15,Kuala Lumpur,135,7482.21
2025-11-16T17:00:00.000Z,16,Berlin,135,7885.7880000000005
2025-11-16T17:00:00.000Z,17,Seoul,136,8135.576
2025-11-16T17:00:00.000Z,18,Buenos Aires,136,8583.266
2025-11-16T17:00:00.000Z,19,Singapore,136,9080.093
2025-11-16T17:00:00.000Z,20,New York,138,7122.995
2025-11-16T17:00:00.000Z,21,Auckland,138,8459.96
2025-11-16T17:00:00.000Z,22,Jakarta,139,8029.86
2025-11-16T17:00:00.000Z,23,Stockholm,139,8659.515
2025-11-16T17:00:00.000Z,24,Zurich,140,7282.511
2025-11-16T17:00:00.000Z,25,Shanghai,140,8039.902
2025-11-16T17:00:00.000Z,26,Madrid,141,7260.5380000000005
2025-11-16T17:00:00.000Z,27,Houston,141,7473.885
2025-11-16T17:00:00.000Z,28,Mumbai,142,9159.033
2025-11-16T17:00:00.000Z,29,Istanbul,143,7565.2119999999995
2025-11-16T17:00:00.000Z,30,Bangkok,143,8170.793
2025-11-16T17:00:00.000Z,31,Bengaluru,144,7701.2880000000005
2025-11-16T17:00:00.000Z,32,Moscow,145,8166.5509999999995
2025-11-16T17:00:00.000Z,33,Toronto,145,8216.048999999999
2025-11-16T17:00:00.000Z,34,Melbourne,145,8633.985
2025-11-16T17:00:00.000Z,35,Vancouver,146,7359.688
2025-11-16T17:00:00.000Z,36,Dubai,148,7892.137
2025-11-16T17:00:00.000Z,37,Beijing,148,8169.709
2025-11-16T17:00:00.000Z,38,Sydney,150,7374.503000000001
2025-11-16T17:00:00.000Z,39,Delhi,151,8878.509
2025-11-16T17:00:00.000Z,40,Chennai,152,7400.659
2025-11-16T17:00:00.000Z,41,Tehran,153,8817.914
2025-11-16T17:00:00.000Z,42,Lagos,156,8909.274
2025-11-16T17:00:00.000Z,43,Mexico City,157,7633.186
2025-11-16T17:00:00.000Z,44,Rome,157,8702.359
2025-11-16T17:00:00.000Z,45,Cairo,158,8847.667
2025-11-16T17:00:00.000Z,46,Nairobi,163,7126.733
2025-11-16T17:00:00.000Z,47,Osaka,165,7940.416
2025-11-16T17:00:00.000Z,48,Warsaw,167,8658.991
2025-11-16T17:00:00.000Z,49,Los Angeles,170,8825.309
2025-11-16T17:00:00.000Z,50,Chicago,175,8011.326999999999
2025-11-16T18:00:00.000Z,1,Kuala Lumpur,106,7197.514
2025-11-16T18:00:00.000Z,2,London,116,8569.23
2025-11-16T18:00:00.000Z,3,Karachi,120,7386.6810000000005
2025-11-16T18:00:00.000Z,4,San Francisco,122,8079.544
2025-11-16T18:00:00.000Z,5,Helsinki,125,7880.384
2025-11-16T18:00:00.000Z,6,Hong Kong,125,8324.914
2025-11-16T18:00:00.000Z,7,Manila,125,8813.518
2025-11-16T18:00:00.000Z,8,São Paulo,126,7760.131
2025-11-16T18:00:00.000Z,9,Ho Chi Minh City,127,6668.2119999999995
2025-11-16T18:00:00.000Z,10,Riyadh,130,7626.568
2025-11-16T18:00:00.000Z,11,Doha,130,8265.687
2025-11-16T18:00:00.000Z,12,Cape Town,131,8014.004
2025-11-16T18:00:00.000Z,13,Paris,133,7604.643
2025-11-16T18:00:00.000Z,14,Tokyo,133,8673.671
2025-11-16T18:00:00.000Z,15,Berlin,135,8105.834
2025-11-16T18:00:00.000Z,16,Seoul,136,7903.757
2025-11-16T18:00:00.000Z,17,Kolkata,136,8042.946
2025-11-16T18:00:00.000Z,18,Buenos Aires,136,8054.767
2025-11-16T18:00:00.000Z,19,Singapore,136,8766.979
2025-11-16T18:00:00.000Z,20,Istanbul,137,7605.606
2025-11-16T18:00:00.000Z,21,New York,138,7309.632
2025-11-16T18:00:00.000Z,22,Auckland,138,8097.087
2025-11-16T18:00:00.000Z,23,Jakarta,139,7934.5380000000005
2025-11-16T18:00:00.000Z,24,Stockholm,139,8973.761
2025-11-16T18:00:00.000Z,25,Zurich,140,7947.022000000001
2025-11-16T18:00:00.000Z,26,Shanghai,140,8268.787
2025-11-16T18:00:00.000Z,27,Madrid,141,7414.244000000001
2025-11-16T18:00:00.000Z,28,Chennai,141,7618.098
2025-11-16T18:00:00.000Z,29,Houston,141,8106.704
2025-11-16T18:00:00.000Z,30,Mumbai,142,9311.878
2025-11-16T18:00:00.000Z,31,Bangkok,143,8200.543
2025-11-16T18:00:00.000Z,32,Bengaluru,144,8291.425
2025-11-16T18:00:00.000Z,33,Toronto,145,7061.22
2025-11-16T18:00:00.000Z,34,Moscow,145,8276.71
2025-11-16T18:00:00.000Z,35,Melbourne,145,8417.073
2025-11-16T18:00:00.000Z,36,Vancouver,146,7344.780000000001
2025-11-16T18:00:00.000Z,37,Beijing,148,8079.842
2025-11-16T18:00:00.000Z,38,Dubai,148,8482.898
2025-11-16T18:00:00.000Z,39,Delhi,151,8611.115
2025-11-16T18:00:00.000Z,40,Tehran,153,9230.841
2025-11-16T18:00:00.000Z,41,Lagos,156,8183.058
2025-11-16T18:00:00.000Z,42,Mexico City,157,7689.441
2025-11-16T18:00:00.000Z,43,Rome,157,8769.595
2025-11-16T18:00:00.000Z,44,Cairo,158,9625.06
2025-11-16T18:00:00.000Z,45,Nairobi,163,6675.106
2025-11-16T18:00:00.000Z,46,Osaka,165,7603.463
2025-11-16T18:00:00.000Z,47,Warsaw,167,8214.544
2025-11-16T18:00:00.000Z,48,Sydney,168,7684.276
2025-11-16T18:00:00.000Z,49,Los Angeles,170,8289.348
2025-11-16T18:00:00.000Z,50,Chicago,175,7640.363
2025-11-16T19:00:00.000Z,1,Kuala Lumpur,106,6857.134
2025-11-16T19:00:00.000Z,2,Manila,116,8910.739
2025-11-16T19:00:00.000Z,3,Nairobi,118,7076.62
2025-11-16T19:00:00.000Z,4,Hong Kong,125,8053.082
2025-11-16T19:00:00.000Z,5,Helsinki,125,8166.328
2025-11-16T19:00:00.000Z,6,São Paulo,126,8261.408
2025-11-16T19:00:00.000Z,7,Ho Chi Minh City,127,6023.135
2025-11-16T19:00:00.000Z,8,Riyadh,130,7570.29
2025-11-16T19:00:00.000Z,9,Auckland,130,8356.415
2025-11-16T19:00:00.000Z,10,Doha,130,8361.294
2025-11-16T19:00:00.000Z,11,Cape Town,131,7599.653
2025-11-16T19:00:00.000Z,12,San Francisco,131,8592.958999999999
2025-11-16T19:00:00.000Z,13,Karachi,132,7429.825
2025-11-16T19:00:00.000Z,14,Paris,133,7946.744000000001
2025-11-16T19:00:00.000Z,15,Tokyo,133,8953.721
2025-11-16T19:00:00.000Z,16,Madrid,134,6959.918
2025-11-16T19:00:00.000Z,17,Berlin,135,8185.5779999999995
2025-11-16T19:00:00.000Z,18,London,135,9346.046
2025-11-16T19:00:00.000Z,19,Seoul,136,7551.267
2025-11-16T19:00:00.000Z,20,Buenos Aires,136,8126.216
2025-11-16T19:00:00.000Z,21,Kolkata,136,8178.1669999999995
2025-11-16T19:00:00.000Z,22,Singapore,136,8937.34
2025-11-16T19:00:00.000Z,23,Istanbul,137,7622.591
2025-11-16T19:00:00.000Z,24,Bangkok,137,8083.977
2025-11-16T19:00:00.000Z,25,New York,138,6908.521000000001
2025-11-16T19:00:00.000Z,26,Jakarta,139,7880.089
2025-11-16T19:00:00.000Z,27,Stockholm,139,8616.514
2025-11-16T19:00:00.000Z,28,Zurich,140,7979.53
2025-11-16T19:00:00.000Z,29,Shanghai,140,8777.437
2025-11-16T19:00:00.000Z,30,Chennai,141,7521.115
2025-11-16T19:00:00.000Z,31,Houston,141,8483.818
2025-11-16T19:00:00.000Z,32,Mumbai,142,8970.935
2025-11-16T19:00:00.000Z,33,Melbourne,143,7926.058
2025-11-16T19:00:00.000Z,34,Bengaluru,144,8394.507
2025-11-16T19:00:00.000Z,35,Toronto,145,6917.509
2025-11-16T19:00:00.000Z,36,Moscow,145,8095.124
2025-11-16T19:00:00.000Z,37,Vancouver,146,7635.65
2025-11-16T19:00:00.000Z,38,Dubai,148,8254.425
2025-11-16T19:00:00.000Z,39,Beijing,148,8296.264
2025-11-16T19:00:00.000Z,40,Delhi,151,8575.392
2025-11-16T19:00:00.000Z,41,Tehran,153,9441.348
2025-11-16T19:00:00.000Z,42,Lagos,156,8130.977
2025-11-16T19:00:00.000Z,43,Mexico City,157,8019.219
2025-11-16T19:00:00.000Z,44,Rome,157,8239.955
2025-11-16T19:00:00.000Z,45,Cairo,158,9490.024
2025-11-16T19:00:00.000Z,46,Osaka,165,7617.777
2025-11-16T19:00:00.000Z,47,Warsaw,167,8503.097
2025-11-16T19:00:00.000Z,48,Sydney,168,7571.135
2025-11-16T19:00:00.000Z,49,Los Angeles,170,7931.1759999999995
2025-11-16T19:00:00.000Z,50,Chicago,175,8121.527
2025-11-16T20:00:00.000Z,1,Kuala Lumpur,106,6684.053
2025-11-16T20:00:00.000Z,2,Houston,115,8702.48
2025-11-16T20:00:00.000Z,3,Nairobi,118,7418.36
2025-11-16T20:00:00.000Z,4,Hong Kong,122,8302.98
2025-11-16T20:00:00.000Z,5,São Paulo,126,7647.07
2025-11-16T20:00:00.000Z,6,Ho Chi Minh City,127,6492.874
2025-11-16T20:00:00.000Z,7,Auckland,130,8109.613
2025-11-16T20:00:00.000Z,8,Helsinki,130,8473.441
2025-11-16T20:00:00.000Z,9,Doha,130,8673.636
2025-11-16T20:00:00.000Z,10,Jakarta,131,7449.95
2025-11-16T20:00:00.000Z,11,Cape Town,131,7773.531
2025-11-16T20:00:00.000Z,12,San Francisco,131,8825.621
2025-11-16T20:00:00.000Z,13,Karachi,132,7587.961
2025-11-16T20:00:00.000Z,14,Melbourne,132,8138.02
2025-11-16T20:00:00.000Z,15,Paris,133,7338.24
2025-11-16T20:00:00.000Z,16,Tokyo,133,8685.432
2025-11-16T20:00:00.000Z,17,Madrid,134,7094.956
2025-11-16T20:00:00.000Z,18,Berlin,135,8053.694
2025-11-16T20:00:00.000Z,19,London,135,8902.942
2025-11-16T20:00:00.000Z,20,Seoul,136,7608.005999999999
2025-11-16T20:00:00.000Z,21,Kolkata,136,8026.76
2025-11-16T20:00:00.000Z,22,Buenos Aires,136,8319.061
2025-11-16T20:00:00.000Z,23,Singapore,136,9008.319
2025-11-16T20:00:00.000Z,24,Riyadh,137,7090.63
2025-11-16T20:00:00.000Z,25,Bangkok,137,7703.8060000000005
2025-11-16T20:00:00.000Z,26,Istanbul,137,7719.404
2025-11-16T20:00:00.000Z,27,New York,138,7877.23
2025-11-16T20:00:00.000Z,28,Stockholm,139,8848.675
2025-11-16T20:00:00.000Z,29,Zurich,140,7682.7880000000005
2025-11-16T20:00:00.000Z,30,Shanghai,140,8704.172
2025-11-16T20:00:00.000Z,31,Chennai,141,7686.509
2025-11-16T20:00:00.000Z,32,Manila,141,7995.011
2025-11-16T20:00:00.000Z,33,Mumbai,142,9383.872
2025-11-16T20:00:00.000Z,34,Bengaluru,144,8651.066
2025-11-16T20:00:00.000Z,35,Toronto,145,6899.585
2025-11-16T20:00:00.000Z,36,Moscow,145,8447.815999999999
2025-11-16T20:00:00.000Z,37,Vancouver,146,7254.782
2025-11-16T20:00:00.000Z,38,Beijing,148,7780.277
2025-11-16T20:00:00.000Z,39,Dubai,148,8269.591
2025-11-16T20:00:00.000Z,40,Delhi,151,8057.884
2025-11-16T20:00:00.000Z,41,Tehran,153,9379.133
2025-11-16T20:00:00.000Z,42,Lagos,156,7655.112
2025-11-16T20:00:00.000Z,43,Mexico City,157,7737.779
2025-11-16T20:00:00.000Z,44,Rome,157,7992.4
2025-11-16T20:00:00.000Z,45,Cairo,158,8632.312
2025-11-16T20:00:00.000Z,46,Osaka,165,7733.717000000001
2025-11-16T20:00:00.000Z,47,Warsaw,167,8481.054
2025-11-16T20:00:00.000Z,48,Sydney,168,8172.351
2025-11-16T20:00:00.000Z,49,Los Angeles,170,8378.706
2025-11-16T20:00:00.000Z,50,Chicago,175,8061.6810000000005
2025-11-16T21:00:00.000Z,1,Kuala Lumpur,101,7000.6990000000005
2025-11-16T21:00:00.000Z,2,Houston,115,8057.335
2025-11-16T21:00:00.000Z,3,Nairobi,118,7374.535
2025-11-16T21:00:00.000Z,4,Lagos,125,7219.501
2025-11-16T21:00:00.000Z,5,São Paulo,126,7099.067
2025-11-16T21:00:00.000Z,6,Ho Chi Minh City,127,7052.66
2025-11-16T21:00:00.000Z,7,Doha,130,7954.857
2025-11-16T21:00:00.000Z,8,Helsinki,130,9009.975
2025-11-16T21:00:00.000Z,9,Cape Town,131,7856.716
2025-11-16T21:00:00.000Z,10,San Francisco,131,9048.605
2025-11-16T21:00:00.000Z,11,Melbourne,132,7453.03
2025-11-16T21:00:00.000Z,12,Shanghai,132,9135.175
2025-11-16T21:00:00.000Z,13,Paris,133,7075.16
2025-11-16T21:00:00.000Z,14,Karachi,133,7684.154
2025-11-16T21:00:00.000Z,15,Dubai,133,8649.052
2025-11-16T21:00:00.000Z,16,Mumbai,133,9233.692
2025-11-16T21:00:00.000Z,17,Madrid,134,7195.689
2025-11-16T21:00:00.000Z,18,Berlin,135,8019.871
2025-11-16T21:00:00.000Z,19,Kolkata,136,7840.134
2025-11-16T21:00:00.000Z,20,Seoul,136,8173.664000000001
2025-11-16T21:00:00.000Z,21,Singapore,136,8293.4
2025-11-16T21:00:00.000Z,22,Buenos Aires,136,8302.927
2025-11-16T21:00:00.000Z,23,Jakarta,137,6898.139
2025-11-16T21:00:00.000Z,24,Riyadh,137,6998.83
2025-11-16T21:00:00.000Z,25,Istanbul,137,7401.968
2025-11-16T21:00:00.000Z,26,Bangkok,137,7860.396000000001
2025-11-16T21:00:00.000Z,27,New York,138,8056.3369999999995
2025-11-16T21:00:00.000Z,28,Stockholm,139,8852.914
2025-11-16T21:00:00.000Z,29,Auckland,140,7591.797
2025-11-16T21:00:00.000Z,30,Zurich,140,8060.369000000001
2025-11-16T21:00:00.000Z,31,Manila,141,7920.244000000001
2025-11-16T21:00:00.000Z,32,Chennai,141,8378.525
2025-11-16T21:00:00.000Z,33,Bengaluru,144,8112.934
2025-11-16T21:00:00.000Z,34,Vancouver,145,6401.832
2025-11-16T21:00:00.000Z,35,Toronto,145,7747.445
2025-11-16T21:00:00.000Z,36,Moscow,145,8763.5
2025-11-16T21:00:00.000Z,37,Beijing,148,7707.523
2025-11-16T21:00:00.000Z,38,Hong Kong,149,8358.927
2025-11-16T21:00:00.000Z,39,Delhi,151,8311.546
2025-11-16T21:00:00.000Z,40,Tehran,153,9228.564
2025-11-16T21:00:00.000Z,41,Mexico City,157,7967.671
2025-11-16T21:00:00.000Z,42,Rome,157,8017.769
2025-11-16T21:00:00.000Z,43,Cairo,158,8652.551
2025-11-16T21:00:00.000Z,44,London,159,8687.08
2025-11-16T21:00:00.000Z,45,Osaka,165,7829.273
2025-11-16T21:00:00.000Z,46,Tokyo,166,8824.898
2025-11-16T21:00:00.000Z,47,Warsaw,167,8705.19
2025-11-16T21:00:00.000Z,48,Sydney,168,7829.523999999999
2025-11-16T21:00:00.000Z,49,Los Angeles,170,8239.398000000001
2025-11-16T21:00:00.000Z,50,Chicago,175,7974.165999999999
2025-11-16T22:00:00.000Z,1,Kuala Lumpur,101,7000.757
2025-11-16T22:00:00.000Z,2,Houston,115,8017.548
2025-11-16T22:00:00.000Z,3,Mexico City,116,8559.112000000001
2025-11-16T22:00:00.000Z,4,Nairobi,118,7809.673
2025-11-16T22:00:00.000Z,5,Paris,125,7231.503
2025-11-16T22:00:00.000Z,6,Lagos,125,7373.342000000001
2025-11-16T22:00:00.000Z,7,Dubai,125,8404.327
2025-11-16T22:00:00.000Z,8,São Paulo,126,7293.7029999999995
2025-11-16T22:00:00.000Z,9,Doha,130,7922.499
2025-11-16T22:00:00.000Z,10,Seoul,130,8408.92
2025-11-16T22:00:00.000Z,11,Cape Town,131,7357.673000000001
2025-11-16T22:00:00.000Z,12,San Francisco,131,9125.219000000001
2025-11-16T22:00:00.000Z,13,Melbourne,132,7386.9619999999995
2025-11-16T22:00:00.000Z,14,Karachi,133,8045.696
2025-11-16T22:00:00.000Z,15,Mumbai,133,9360.780999999999
2025-11-16T22:00:00.000Z,16,Madrid,134,7105.947
2025-11-16T22:00:00.000Z,17,Rome,134,8174.564
2025-11-16T22:00:00.000Z,18,Berlin,135,8092.124
2025-11-16T22:00:00.000Z,19,Singapore,136,8416.96
2025-11-16T22:00:00.000Z,20,Buenos Aires,136,8554.503
2025-11-16T22:00:00.000Z,21,Jakarta,137,7114.2029999999995
2025-11-16T22:00:00.000Z,22,Istanbul,137,7169.252
2025-11-16T22:00:00.000Z,23,Riyadh,137,7300.662
2025-11-16T22:00:00.000Z,24,Cairo,137,8204.922999999999
2025-11-16T22:00:00.000Z,25,Bangkok,137,8361.364
2025-11-16T22:00:00.000Z,26,Helsinki,139,8689.099
2025-11-16T22:00:00.000Z,27,Stockholm,139,9100.406
2025-11-16T22:00:00.000Z,28,Auckland,140,7869.343
2025-11-16T22:00:00.000Z,29,Zurich,140,7977.888
2025-11-16T22:00:00.000Z,30,Manila,141,7889.603
2025-11-16T22:00:00.000Z,31,Chennai,141,8568.293
2025-11-16T22:00:00.000Z,32,Bengaluru,144,8550.966
2025-11-16T22:00:00.000Z,33,Vancouver,145,6313.767
2025-11-16T22:00:00.000Z,34,Toronto,145,7651.391
2025-11-16T22:00:00.000Z,35,Moscow,145,9070.066
2025-11-16T22:00:00.000Z,36,Hong Kong,149,8268.958
2025-11-16T22:00:00.000Z,37,Kolkata,150,7516.249
2025-11-16T22:00:00.000Z,38,Shanghai,150,9948.798
2025-11-16T22:00:00.000Z,39,Delhi,151,7681.9490000000005
2025-11-16T22:00:00.000Z,40,Tehran,153,8515.631
2025-11-16T22:00:00.000Z,41,Ho Chi Minh City,159,6960.5689999999995
2025-11-16T22:00:00.000Z,42,London,159,8343.587
2025-11-16T22:00:00.000Z,43,Beijing,160,7568.987
2025-11-16T22:00:00.000Z,44,New York,162,8121.971
2025-11-16T22:00:00.000Z,45,Osaka,165,8314.188
2025-11-16T22:00:00.000Z,46,Tokyo,166,8835.859
2025-11-16T22:00:00.000Z,47,Warsaw,167,8492.245
2025-11-16T22:00:00.000Z,48,Sydney,168,7458.856
2025-11-16T22:00:00.000Z,49,Los Angeles,170,8301.663
2025-11-16T22:00:00.000Z,50,Chicago,175,8591.908
2025-11-16T23:00:00.000Z,1,Mexico City,116,8290.92
2025-11-16T23:00:00.000Z,2,Nairobi,118,8051.804
2025-11-16T23:00:00.000Z,3,Singapore,124,7856.023999999999
2025-11-16T23:00:00.000Z,4,Chennai,124,9243.239
2025-11-16T23:00:00.000Z,5,Lagos,125,7998.896000000001
2025-11-16T23:00:00.000Z,6,São Paulo,126,6981.619
2025-11-16T23:00:00.000Z,7,Paris,128,7262.879
2025-11-16T23:00:00.000Z,8,Kuala Lumpur,128,7407.655000000001
2025-11-16T23:00:00.000Z,9,Chicago,128,7810.612999999999
2025-11-16T23:00:00.000Z,10,Doha,128,8202.032
2025-11-16T23:00:00.000Z,11,Stockholm,128,9020.517
2025-11-16T23:00:00.000Z,12,Moscow,129,8840.152
2025-11-16T23:00:00.000Z,13,Seoul,130,7898.093999999999
2025-11-16T23:00:00.000Z,14,Cape Town,131,6919.3859999999995
2025-11-16T23:00:00.000Z,15,San Francisco,131,8738.451000000001
2025-11-16T23:00:00.000Z,16,Buenos Aires,131,8880.419
2025-11-16T23:00:00.000Z,17,Melbourne,132,6998.706
2025-11-16T23:00:00.000Z,18,Mumbai,133,8885.265
2025-11-16T23:00:00.000Z,19,Madrid,134,7508.0779999999995
2025-11-16T23:00:00.000Z,20,Rome,134,8281.18
2025-11-16T23:00:00.000Z,21,Berlin,135,7937.849
2025-11-16T23:00:00.000Z,22,Delhi,136,7370.296
2025-11-16T23:00:00.000Z,23,Riyadh,137,7267.892
2025-11-16T23:00:00.000Z,24,Jakarta,137,7447.686
2025-11-16T23:00:00.000Z,25,Istanbul,137,7452.852
2025-11-16T23:00:00.000Z,26,Cairo,137,7864.6
2025-11-16T23:00:00.000Z,27,Karachi,138,7989.436
2025-11-16T23:00:00.000Z,28,Dubai,138,8773.918
2025-11-16T23:00:00.000Z,29,Helsinki,139,8567.273000000001
2025-11-16T23:00:00.000Z,30,Zurich,140,7878.956999999999
2025-11-16T23:00:00.000Z,31,Auckland,140,8049.96
2025-11-16T23:00:00.000Z,32,Manila,141,7904.234
2025-11-16T23:00:00.000Z,33,Houston,143,8054.862
2025-11-16T23:00:00.000Z,34,Bengaluru,144,7773.511
2025-11-16T23:00:00.000Z,35,Vancouver,145,6311.589
2025-11-16T23:00:00.000Z,36,Toronto,145,7994.092000000001
2025-11-16T23:00:00.000Z,37,Osaka,145,8284.39
2025-11-16T23:00:00.000Z,38,Bangkok,148,8337.392
2025-11-16T23:00:00.000Z,39,Hong Kong,149,8460.68
2025-11-16T23:00:00.000Z,40,Kolkata,150,7902.092000000001
2025-11-16T23:00:00.000Z,41,Shanghai,150,8956.229
2025-11-16T23:00:00.000Z,42,Tehran,153,7955.445
2025-11-16T23:00:00.000Z,43,Ho Chi Minh City,159,6683.618
2025-11-16T23:00:00.000Z,44,London,159,7939.049
2025-11-16T23:00:00.000Z,45,Beijing,160,7584.054
2025-11-16T23:00:00.000Z,46,Warsaw,162,8088.13
2025-11-16T23:00:00.000Z,47,New York,162,8538.507
2025-11-16T23:00:00.000Z,48,Tokyo,166,8386.904
2025-11-16T23:00:00.000Z,49,Sydney,168,7499.277
2025-11-16T23:00:00.000Z,50,Los Angeles,170,8554.914
2025-11-17T00:00:00.000Z,1,Toronto,114,8489.994
2025-11-17T00:00:00.000Z,2,Cape Town,116,7120.457
2025-11-17T00:00:00.000Z,3,Nairobi,118,7831.255999999999
2025-11-17T00:00:00.000Z,4,Zurich,122,7734.139
2025-11-17T00:00:00.000Z,5,Mexico City,124,8514.976
2025-11-17T00:00:00.000Z,6,Chennai,125,9661.987000000001
2025-11-17T00:00:00.000Z,7,São Paulo,126,7076.601000000001
2025-11-17T00:00:00.000Z,8,Kuala Lumpur,128,7442.034
2025-11-17T00:00:00.000Z,9,Paris,128,7555.027
2025-11-17T00:00:00.000Z,10,Chicago,128,8187.198
2025-11-17T00:00:00.000Z,11,Stockholm,128,8729.875
2025-11-17T00:00:00.000Z,12,Moscow,129,8677.394
2025-11-17T00:00:00.000Z,13,Seoul,130,7087.8
2025-11-17T00:00:00.000Z,14,Lagos,131,8085.781
2025-11-17T00:00:00.000Z,15,San Francisco,131,9024.535
2025-11-17T00:00:00.000Z,16,Melbourne,132,7112.984
2025-11-17T00:00:00.000Z,17,Berlin,133,7829.811
2025-11-17T00:00:00.000Z,18,Mumbai,133,8374.319
2025-11-17T00:00:00.000Z,19,Madrid,134,7722.9349999999995
2025-11-17T00:00:00.000Z,20,Rome,134,8342.823
2025-11-17T00:00:00.000Z,21,Delhi,135,7096.947
2025-11-17T00:00:00.000Z,22,Buenos Aires,136,8163.878000000001
2025-11-17T00:00:00.000Z,23,Istanbul,137,7459.054
2025-11-17T00:00:00.000Z,24,Cairo,137,7927.174
2025-11-17T00:00:00.000Z,25,Vancouver,138,6270.878
2025-11-17T00:00:00.000Z,26,Dubai,138,7714.686
2025-11-17T00:00:00.000Z,27,Helsinki,139,8582.843
2025-11-17T00:00:00.000Z,28,Auckland,140,7901.474
2025-11-17T00:00:00.000Z,29,Manila,141,7518.911
2025-11-17T00:00:00.000Z,30,Houston,143,7478.225
2025-11-17T00:00:00.000Z,31,Warsaw,143,8295.578
2025-11-17T00:00:00.000Z,32,Bengaluru,144,7802.128
2025-11-17T00:00:00.000Z,33,Jakarta,147,7681.780000000001
2025-11-17T00:00:00.000Z,34,Bangkok,148,8440.087
2025-11-17T00:00:00.000Z,35,Hong Kong,149,8207.794
2025-11-17T00:00:00.000Z,36,Kolkata,150,8542.463
2025-11-17T00:00:00.000Z,37,Shanghai,150,8973.958999999999
2025-11-17T00:00:00.000Z,38,Tehran,153,8128.826
2025-11-17T00:00:00.000Z,39,Ho Chi Minh City,159,7317.0560000000005
2025-11-17T00:00:00.000Z,40,London,159,8177.843
2025-11-17T00:00:00.000Z,41,Beijing,160,7464.916
2025-11-17T00:00:00.000Z,42,Singapore,161,7481.317
2025-11-17T00:00:00.000Z,43,New York,162,8528.064
2025-11-17T00:00:00.000Z,44,Doha,164,7464.754
2025-11-17T00:00:00.000Z,45,Tokyo,166,8458.722
2025-11-17T00:00:00.000Z,46,Karachi,167,8305.197
2025-11-17T00:00:00.000Z,47,Sydney,168,7870.429
2025-11-17T00:00:00.000Z,48,Los Angeles,170,8399.014
2025-11-17T00:00:00.000Z,49,Riyadh,174,8000.38
2025-11-17T00:00:00.000Z,50,Osaka,204,8475.864
2025-11-17T01:00:00.000Z,1,Toronto,112,8898.616
2025-11-17T01:00:00.000Z,2,Madrid,114,7665.201
2025-11-17T01:00:00.000Z,3,Cape Town,116,7324.829
2025-11-17T01:00:00.000Z,4,Tehran,121,7435.792
2025-11-17T01:00:00.000Z,5,Zurich,122,7894.532999999999
2025-11-17T01:00:00.000Z,6,Warsaw,123,8117.688
2025-11-17T01:00:00.000Z,7,Mexico City,124,8370.101
2025-11-17T01:00:00.000Z,8,Chennai,125,9904.845
2025-11-17T01:00:00.000Z,9,São Paulo,126,6459.881
2025-11-17T01:00:00.000Z,10,Mumbai,126,7560.0830000000005
2025-11-17T01:00:00.000Z,11,Stockholm,128,8393.336
2025-11-17T01:00:00.000Z,12,Seoul,130,7441.224
2025-11-17T01:00:00.000Z,13,Lagos,131,7943.064
2025-11-17T01:00:00.000Z,14,San Francisco,131,8657.893
2025-11-17T01:00:00.000Z,15,Melbourne,132,7596.513
2025-11-17T01:00:00.000Z,16,Berlin,133,7276.996
2025-11-17T01:00:00.000Z,17,Rome,134,8537.493
2025-11-17T01:00:00.000Z,18,Delhi,135,6883.0509999999995
2025-11-17T01:00:00.000Z,19,Buenos Aires,136,7356.146000000001
2025-11-17T01:00:00.000Z,20,Istanbul,137,7691.088
2025-11-17T01:00:00.000Z,21,Cairo,137,7728.878
2025-11-17T01:00:00.000Z,22,Paris,137,7876.944
2025-11-17T01:00:00.000Z,23,Vancouver,138,6922.782
2025-11-17T01:00:00.000Z,24,Dubai,138,7330.75
2025-11-17T01:00:00.000Z,25,Moscow,138,8599.058
2025-11-17T01:00:00.000Z,26,Helsinki,139,9565.67
2025-11-17T01:00:00.000Z,27,Auckland,140,8125.773
2025-11-17T01:00:00.000Z,28,Manila,141,7696.443
2025-11-17T01:00:00.000Z,29,Kuala Lumpur,142,7235.911
2025-11-17T01:00:00.000Z,30,Bengaluru,143,8025.256
2025-11-17T01:00:00.000Z,31,Houston,147,7895.137
2025-11-17T01:00:00.000Z,32,Jakarta,147,7917.813
2025-11-17T01:00:00.000Z,33,Bangkok,148,8026.987
2025-11-17T01:00:00.000Z,34,Hong Kong,149,7282.17
2025-11-17T01:00:00.000Z,35,Nairobi,150,7469.5380000000005
2025-11-17T01:00:00.000Z,36,Kolkata,150,8579.797
2025-11-17T01:00:00.000Z,37,Los Angeles,150,8626.516
2025-11-17T01:00:00.000Z,38,Shanghai,150,8826.314
2025-11-17T01:00:00.000Z,39,Ho Chi Minh City,159,7627.017
2025-11-17T01:00:00.000Z,40,London,159,8170.362
2025-11-17T01:00:00.000Z,41,Beijing,160,7299.925
2025-11-17T01:00:00.000Z,42,Singapore,161,7653.505999999999
2025-11-17T01:00:00.000Z,43,New York,162,8498.68
2025-11-17T01:00:00.000Z,44,Doha,164,7480.031999999999
2025-11-17T01:00:00.000Z,45,Tokyo,166,8413.025
2025-11-17T01:00:00.000Z,46,Karachi,167,8495.615
2025-11-17T01:00:00.000Z,47,Sydney,168,7700.034
2025-11-17T01:00:00.000Z,48,Riyadh,174,7995.605
2025-11-17T01:00:00.000Z,49,Chicago,186,8151.798000000001
2025-11-17T01:00:00.000Z,50,Osaka,204,8201.917
2025-11-17T02:00:00.000Z,1,Toronto,112,9765.835
2025-11-17T02:00:00.000Z,2,Cape Town,114,7691.0509999999995
2025-11-17T02:00:00.000Z,3,Tehran,121,7216.116
2025-11-17T02:00:00.000Z,4,Zurich,122,7157.218
2025-11-17T02:00:00.000Z,5,Warsaw,123,8729.601999999999
2025-11-17T02:00:00.000Z,6,Mexico City,124,8562.89
2025-11-17T02:00:00.000Z,7,Madrid,125,7823.492
2025-11-17T02:00:00.000Z,8,Chennai,125,9950.703
2025-11-17T02:00:00.000Z,9,São Paulo,126,6057.155000000001
2025-11-17T02:00:00.000Z,10,Stockholm,128,8156.152
2025-11-17T02:00:00.000Z,11,Lagos,131,7750.802
2025-11-17T02:00:00.000Z,12,San Francisco,131,8672.791000000001
2025-11-17T02:00:00.000Z,13,Melbourne,132,7972.508
2025-11-17T02:00:00.000Z,14,Seoul,133,7709.0419999999995
2025-11-17T02:00:00.000Z,15,Berlin,133,8167.228
2025-11-17T02:00:00.000Z,16,Delhi,135,6569.974
2025-11-17T02:00:00.000Z,17,Cairo,137,7264.708
2025-11-17T02:00:00.000Z,18,Paris,137,7552.576
2025-11-17T02:00:00.000Z,19,Istanbul,137,8199.66
2025-11-17T02:00:00.000Z,20,Vancouver,138,6677.530000000001
2025-11-17T02:00:00.000Z,21,Dubai,138,7414.783
2025-11-17T02:00:00.000Z,22,Moscow,138,8572.737000000001
2025-11-17T02:00:00.000Z,23,Rome,138,8598.889
2025-11-17T02:00:00.000Z,24,Helsinki,139,9478.23
2025-11-17T02:00:00.000Z,25,Auckland,140,7610.193
2025-11-17T02:00:00.000Z,26,Manila,141,7948.224
2025-11-17T02:00:00.000Z,27,Kuala Lumpur,142,7216.4439999999995
2025-11-17T02:00:00.000Z,28,Bengaluru,143,7567.595
2025-11-17T02:00:00.000Z,29,Houston,147,8035.233
2025-11-17T02:00:00.000Z,30,Jakarta,147,8073.1179999999995
2025-11-17T02:00:00.000Z,31,Bangkok,148,7662.769
2025-11-17T02:00:00.000Z,32,Hong Kong,149,7559.494
2025-11-17T02:00:00.000Z,33,Kolkata,150,8350.422
2025-11-17T02:00:00.000Z,34,Nairobi,150,8375.492
2025-11-17T02:00:00.000Z,35,Shanghai,150,8665.546
2025-11-17T02:00:00.000Z,36,Los Angeles,150,9440.907
2025-11-17T02:00:00.000Z,37,Sydney,151,7192.665
2025-11-17T02:00:00.000Z,38,Buenos Aires,159,7161.905
2025-11-17T02:00:00.000Z,39,Ho Chi Minh City,159,7266.957
2025-11-17T02:00:00.000Z,40,London,159,7571.659
2025-11-17T02:00:00.000Z,41,Beijing,160,7228.573
2025-11-17T02:00:00.000Z,42,Singapore,161,8117.332
2025-11-17T02:00:00.000Z,43,New York,162,9127.083999999999
2025-11-17T02:00:00.000Z,44,Doha,164,7309.213
2025-11-17T02:00:00.000Z,45,Tokyo,166,8473.519
2025-11-17T02:00:00.000Z,46,Karachi,167,8467.389
2025-11-17T02:00:00.000Z,47,Riyadh,174,8217.7
2025-11-17T02:00:00.000Z,48,Chicago,186,8194.322
2025-11-17T02:00:00.000Z,49,Mumbai,191,8044.227
2025-11-17T02:00:00.000Z,50,Osaka,204,8642.905
2025-11-17T03:00:00.000Z,1,San Francisco,104,8592.131
2025-11-17T03:00:00.000Z,2,Toronto,112,9966.615
2025-11-17T03:00:00.000Z,3,Cape Town,113,7984.48
2025-11-17T03:00:00.000Z,4,Zurich,114,6947.684
2025-11-17T03:00:00.000Z,5,Tehran,121,6907.977
2025-11-17T03:00:00.000Z,6,Mexico City,124,8498.766
2025-11-17T03:00:00.000Z,7,Madrid,125,7967.042
2025-11-17T03:00:00.000Z,8,Chennai,125,9534.701000000001
2025-11-17T03:00:00.000Z,9,São Paulo,126,5915.055
2025-11-17T03:00:00.000Z,10,Stockholm,128,8065.072
2025-11-17T03:00:00.000Z,11,Lagos,131,7586.268
2025-11-17T03:00:00.000Z,12,Melbourne,132,7798.648999999999
2025-11-17T03:00:00.000Z,13,Berlin,133,7560.553
2025-11-17T03:00:00.000Z,14,Seoul,133,8194.768
2025-11-17T03:00:00.000Z,15,Delhi,135,6093.045
2025-11-17T03:00:00.000Z,16,Warsaw,136,8800.427
2025-11-17T03:00:00.000Z,17,Paris,137,7376.503
2025-11-17T03:00:00.000Z,18,Cairo,137,7384.321
2025-11-17T03:00:00.000Z,19,Istanbul,137,8067.043
2025-11-17T03:00:00.000Z,20,Vancouver,138,6292.9400000000005
2025-11-17T03:00:00.000Z,21,Dubai,138,7507.329
2025-11-17T03:00:00.000Z,22,Rome,138,8317.874
2025-11-17T03:00:00.000Z,23,Moscow,138,8766.039
2025-11-17T03:00:00.000Z,24,Helsinki,139,9724.305
2025-11-17T03:00:00.000Z,25,Auckland,140,7294.454
2025-11-17T03:00:00.000Z,26,Manila,141,8006.1630000000005
2025-11-17T03:00:00.000Z,27,Kuala Lumpur,142,7448.252
2025-11-17T03:00:00.000Z,28,Bengaluru,143,7754.138
2025-11-17T03:00:00.000Z,29,Houston,147,8203.707
2025-11-17T03:00:00.000Z,30,Jakarta,147,8505.811
2025-11-17T03:00:00.000Z,31,Bangkok,148,7839.41
2025-11-17T03:00:00.000Z,32,Hong Kong,149,7554.517
2025-11-17T03:00:00.000Z,33,Kolkata,150,8278.934
2025-11-17T03:00:00.000Z,34,Shanghai,150,8449.756
2025-11-17T03:00:00.000Z,35,Nairobi,150,8499.282
2025-11-17T03:00:00.000Z,36,Los Angeles,150,9396.534
2025-11-17T03:00:00.000Z,37,Sydney,151,7795.169
2025-11-17T03:00:00.000Z,38,Buenos Aires,159,7015.817
2025-11-17T03:00:00.000Z,39,Ho Chi Minh City,159,7243.657
2025-11-17T03:00:00.000Z,40,London,159,7674.094
2025-11-17T03:00:00.000Z,41,Beijing,160,7621.696
2025-11-17T03:00:00.000Z,42,Singapore,161,8315.863
2025-11-17T03:00:00.000Z,43,New York,162,9923.552
2025-11-17T03:00:00.000Z,44,Doha,164,7239.702
2025-11-17T03:00:00.000Z,45,Tokyo,166,8264.249
2025-11-17T03:00:00.000Z,46,Karachi,167,8454.241
2025-11-17T03:00:00.000Z,47,Riyadh,174,8631.618
2025-11-17T03:00:00.000Z,48,Chicago,186,8399.147
2025-11-17T03:00:00.000Z,49,Mumbai,191,8006.82
2025-11-17T03:00:00.000Z,50,Osaka,204,8777.553
2025-11-17T04:00:00.000Z,1,Zurich,114,7369.789000000001
2025-11-17T04:00:00.000Z,2,Toronto,115,9959.605
2025-11-17T04:00:00.000Z,3,Istanbul,120,8090.628
2025-11-17T04:00:00.000Z,4,Tehran,121,7292.064
2025-11-17T04:00:00.000Z,5,Cape Town,121,8451.608
2025-11-17T04:00:00.000Z,6,Mexico City,124,9188.988
2025-11-17T04:00:00.000Z,7,Madrid,125,7739.034
2025-11-17T04:00:00.000Z,8,Chennai,125,8968.789
2025-11-17T04:00:00.000Z,9,São Paulo,126,6819.561
2025-11-17T04:00:00.000Z,10,Stockholm,128,8060.573
2025-11-17T04:00:00.000Z,11,Lagos,131,7868.778
2025-11-17T04:00:00.000Z,12,Melbourne,132,7776.432
2025-11-17T04:00:00.000Z,13,Berlin,133,7537.101000000001
2025-11-17T04:00:00.000Z,14,Seoul,133,8433.094000000001
2025-11-17T04:00:00.000Z,15,Delhi,135,6698.5509999999995
2025-11-17T04:00:00.000Z,16,Warsaw,136,9553.021
2025-11-17T04:00:00.000Z,17,Cairo,137,7775.037
2025-11-17T04:00:00.000Z,18,Vancouver,138,6517.3859999999995
2025-11-17T04:00:00.000Z,19,Dubai,138,7710.103
2025-11-17T04:00:00.000Z,20,Moscow,138,8223.315
2025-11-17T04:00:00.000Z,21,Rome,138,8398.42
2025-11-17T04:00:00.000Z,22,Helsinki,139,9825.955
2025-11-17T04:00:00.000Z,23,Auckland,140,7282.714
2025-11-17T04:00:00.000Z,24,Paris,141,8194.241
2025-11-17T04:00:00.000Z,25,Kuala Lumpur,142,7929.005999999999
2025-11-17T04:00:00.000Z,26,Bengaluru,143,7346.612
2025-11-17T04:00:00.000Z,27,Houston,147,7812.787
2025-11-17T04:00:00.000Z,28,Manila,147,8606.846
2025-11-17T04:00:00.000Z,29,Jakarta,147,8673.617
2025-11-17T04:00:00.000Z,30,Bangkok,148,7839.336
2025-11-17T04:00:00.000Z,31,Hong Kong,149,7015.648
2025-11-17T04:00:00.000Z,32,Kolkata,150,7813.473
2025-11-17T04:00:00.000Z,33,Shanghai,150,8576.996
2025-11-17T04:00:00.000Z,34,Los Angeles,150,8987.361
2025-11-17T04:00:00.000Z,35,Sydney,151,7645.264999999999
2025-11-17T04:00:00.000Z,36,Ho Chi Minh City,159,7350.692
2025-11-17T04:00:00.000Z,37,London,159,7648.251
2025-11-17T04:00:00.000Z,38,Beijing,160,7978.816000000001
2025-11-17T04:00:00.000Z,39,Singapore,161,8343.509
2025-11-17T04:00:00.000Z,40,Nairobi,162,8604.735
2025-11-17T04:00:00.000Z,41,New York,162,10034.017
2025-11-17T04:00:00.000Z,42,Doha,164,7290.565
2025-11-17T04:00:00.000Z,43,San Francisco,165,8810.186
2025-11-17T04:00:00.000Z,44,Tokyo,166,8561.258
2025-11-17T04:00:00.000Z,45,Karachi,167,8862.634
2025-11-17T04:00:00.000Z,46,Buenos Aires,172,6899.012
2025-11-17T04:00:00.000Z,47,Riyadh,174,8549.764
2025-11-17T04:00:00.000Z,48,Chicago,186,8371.832
2025-11-17T04:00:00.000Z,49,Mumbai,191,7624.709
2025-11-17T04:00:00.000Z,50,Osaka,204,8613.661
2025-11-17T05:00:00.000Z,1,Istanbul,120,8079.128000000001
2025-11-17T05:00:00.000Z,2,Tehran,121,7878.903
2025-11-17T05:00:00.000Z,3,Cape Town,121,8628.344000000001
2025-11-17T05:00:00.000Z,4,London,122,7664.133
2025-11-17T05:00:00.000Z,5,Berlin,123,7013.157
2025-11-17T05:00:00.000Z,6,Zurich,124,6732.034
2025-11-17T05:00:00.000Z,7,Mexico City,124,8699.694
2025-11-17T05:00:00.000Z,8,Toronto,124,9699.623
2025-11-17T05:00:00.000Z,9,Madrid,125,8216.81
2025-11-17T05:00:00.000Z,10,Chennai,125,8849.380000000001
2025-11-17T05:00:00.000Z,11,São Paulo,126,6879.157
2025-11-17T05:00:00.000Z,12,Stockholm,128,7772.635
2025-11-17T05:00:00.000Z,13,Melbourne,128,8046.77
2025-11-17T05:00:00.000Z,14,Auckland,130,7658.09
2025-11-17T05:00:00.000Z,15,Lagos,131,8345.293
2025-11-17T05:00:00.000Z,16,Seoul,133,8114.15
2025-11-17T05:00:00.000Z,17,Delhi,135,6680.408
2025-11-17T05:00:00.000Z,18,Bengaluru,135,8005.193
2025-11-17T05:00:00.000Z,19,Warsaw,136,9028.669
2025-11-17T05:00:00.000Z,20,Cairo,137,7871.982
2025-11-17T05:00:00.000Z,21,Vancouver,138,6791.912
2025-11-17T05:00:00.000Z,22,Dubai,138,7547.635
2025-11-17T05:00:00.000Z,23,Moscow,138,7951.196
2025-11-17T05:00:00.000Z,24,Rome,138,8835.159
2025-11-17T05:00:00.000Z,25,Helsinki,139,9747.386999999999
2025-11-17T05:00:00.000Z,26,Kuala Lumpur,142,7642.588
2025-11-17T05:00:00.000Z,27,Paris,144,8378.92
2025-11-17T05:00:00.000Z,28,Houston,147,7808.651
2025-11-17T05:00:00.000Z,29,Jakarta,147,8917.026
2025-11-17T05:00:00.000Z,30,Bangkok,148,8182.442
2025-11-17T05:00:00.000Z,31,Kolkata,150,7978.063
2025-11-17T05:00:00.000Z,32,Shanghai,150,8337.126
2025-11-17T05:00:00.000Z,33,Tokyo,150,8379.21
2025-11-17T05:00:00.000Z,34,Los Angeles,150,8896.706
2025-11-17T05:00:00.000Z,35,Sydney,151,8152.81
2025-11-17T05:00:00.000Z,36,Hong Kong,152,7092.464
2025-11-17T05:00:00.000Z,37,Ho Chi Minh City,159,6950.1
2025-11-17T05:00:00.000Z,38,Beijing,160,7825.772
2025-11-17T05:00:00.000Z,39,Manila,161,8881.839
2025-11-17T05:00:00.000Z,40,Singapore,161,9074.998
2025-11-17T05:00:00.000Z,41,New York,162,9526.699
2025-11-17T05:00:00.000Z,42,Nairobi,162,9585.831
2025-11-17T05:00:00.000Z,43,Doha,164,7843.438
2025-11-17T05:00:00.000Z,44,San Francisco,165,8792.985
2025-11-17T05:00:00.000Z,45,Karachi,167,8783.204
2025-11-17T05:00:00.000Z,46,Buenos Aires,172,7030.523999999999
2025-11-17T05:00:00.000Z,47,Riyadh,174,8698.43
2025-11-17T05:00:00.000Z,48,Chicago,186,8769.345
2025-11-17T05:00:00.000Z,49,Mumbai,191,7604.041
2025-11-17T05:00:00.000Z,50,Osaka,204,8588.33
2025-11-17T06:00:00.000Z,1,Cairo,112,7572.621
2025-11-17T06:00:00.000Z,2,Delhi,113,6797.905
2025-11-17T06:00:00.000Z,3,Stockholm,116,7189.976
2025-11-17T06:00:00.000Z,4,Istanbul,117,8541.504
2025-11-17T06:00:00.000Z,5,Tehran,121,8272.924
2025-11-17T06:00:00.000Z,6,Cape Town,121,9176.857
2025-11-17T06:00:00.000Z,7,London,122,7880.686
2025-11-17T06:00:00.000Z,8,Zurich,124,6556.24
2025-11-17T06:00:00.000Z,9,Melbourne,124,7997.238
2025-11-17T06:00:00.000Z,10,New York,124,9277.899
2025-11-17T06:00:00.000Z,11,Beijing,125,7330.5380000000005
2025-11-17T06:00:00.000Z,12,Madrid,125,8065.446
2025-11-17T06:00:00.000Z,13,Chennai,125,8872.758
2025-11-17T06:00:00.000Z,14,São Paulo,126,6899.798000000001
2025-11-17T06:00:00.000Z,15,Berlin,128,7442.412
2025-11-17T06:00:00.000Z,16,Auckland,130,7303.981
2025-11-17T06:00:00.000Z,17,Los Angeles,130,9015.368
2025-11-17T06:00:00.000Z,18,Lagos,131,8613.006
2025-11-17T06:00:00.000Z,19,Seoul,133,7816.721
2025-11-17T06:00:00.000Z,20,Helsinki,133,9625.075
2025-11-17T06:00:00.000Z,21,Kolkata,134,8971.711
2025-11-17T06:00:00.000Z,22,Warsaw,136,8943.659
2025-11-17T06:00:00.000Z,23,Vancouver,138,7125.735
2025-11-17T06:00:00.000Z,24,Moscow,138,7605.304
2025-11-17T06:00:00.000Z,25,Dubai,138,7743.066
2025-11-17T06:00:00.000Z,26,Rome,138,8578.795
2025-11-17T06:00:00.000Z,27,Shanghai,139,7743.876
2025-11-17T06:00:00.000Z,28,Kuala Lumpur,142,7337.9130000000005
2025-11-17T06:00:00.000Z,29,Ho Chi Minh City,143,7231.972
2025-11-17T06:00:00.000Z,30,Toronto,143,9502.071
2025-11-17T06:00:00.000Z,31,Paris,144,8686.394
2025-11-17T06:00:00.000Z,32,Houston,147,8429.433
2025-11-17T06:00:00.000Z,33,Tokyo,147,8452.981
2025-11-17T06:00:00.000Z,34,Jakarta,147,8478.917
2025-11-17T06:00:00.000Z,35,Bangkok,148,7857.789
2025-11-17T06:00:00.000Z,36,Mexico City,150,7715.474
2025-11-17T06:00:00.000Z,37,Sydney,151,8498.738
2025-11-17T06:00:00.000Z,38,Hong Kong,152,7264.075
2025-11-17T06:00:00.000Z,39,Bengaluru,152,7919.882
2025-11-17T06:00:00.000Z,40,Singapore,161,8660.534
2025-11-17T06:00:00.000Z,41,Manila,161,8946.614
2025-11-17T06:00:00.000Z,42,Nairobi,162,9585.958
2025-11-17T06:00:00.000Z,43,Doha,164,7615.933
2025-11-17T06:00:00.000Z,44,San Francisco,165,8213.447
2025-11-17T06:00:00.000Z,45,Karachi,167,8737.163
2025-11-17T06:00:00.000Z,46,Buenos Aires,172,6830.648
2025-11-17T06:00:00.000Z,47,Riyadh,174,8106.028
2025-11-17T06:00:00.000Z,48,Chicago,186,8500.595
2025-11-17T06:00:00.000Z,49,Mumbai,191,7561.848
2025-11-17T06:00:00.000Z,50,Osaka,204,8028.153
2025-11-17T07:00:00.000Z,1,Istanbul,101,8498.723
2025-11-17T07:00:00.000Z,2,Delhi,113,6894.698
2025-11-17T07:00:00.000Z,3,Tehran,121,7962.821
2025-11-17T07:00:00.000Z,4,Cape Town,121,9154.06
2025-11-17T07:00:00.000Z,5,London,122,8085.899
2025-11-17T07:00:00.000Z,6,São Paulo,123,7157.838
2025-11-17T07:00:00.000Z,7,Melbourne,124,7859.648
2025-11-17T07:00:00.000Z,8,New York,124,9210.284
2025-11-17T07:00:00.000Z,9,Madrid,125,7973.005999999999
2025-11-17T07:00:00.000Z,10,Chennai,125,8248.14
2025-11-17T07:00:00.000Z,11,Berlin,128,7427.1720000000005
2025-11-17T07:00:00.000Z,12,Auckland,130,7482.95
2025-11-17T07:00:00.000Z,13,Zurich,131,6917.353
2025-11-17T07:00:00.000Z,14,Lagos,131,8186.786
2025-11-17T07:00:00.000Z,15,Stockholm,132,6729.474999999999
2025-11-17T07:00:00.000Z,16,Dubai,132,7542.403
2025-11-17T07:00:00.000Z,17,Seoul,133,7832.515
2025-11-17T07:00:00.000Z,18,Helsinki,133,9810.046
2025-11-17T07:00:00.000Z,19,Kolkata,134,8733.24
2025-11-17T07:00:00.000Z,20,Warsaw,136,8762.276
2025-11-17T07:00:00.000Z,21,Vancouver,138,7164.755
2025-11-17T07:00:00.000Z,22,Moscow,138,7733.165
2025-11-17T07:00:00.000Z,23,Rome,138,8598.162
2025-11-17T07:00:00.000Z,24,Shanghai,139,7565.728
2025-11-17T07:00:00.000Z,25,Beijing,141,7456.908
2025-11-17T07:00:00.000Z,26,Kuala Lumpur,142,6857.45
2025-11-17T07:00:00.000Z,27,Los Angeles,142,9039.668
2025-11-17T07:00:00.000Z,28,Ho Chi Minh City,143,7498.576
2025-11-17T07:00:00.000Z,29,Toronto,143,9167.147
2025-11-17T07:00:00.000Z,30,Paris,144,8422.009
2025-11-17T07:00:00.000Z,31,Bangkok,147,7945.698
2025-11-17T07:00:00.000Z,32,Houston,147,8140.592
2025-11-17T07:00:00.000Z,33,Jakarta,147,8441.301
2025-11-17T07:00:00.000Z,34,Tokyo,147,8458.835
2025-11-17T07:00:00.000Z,35,Mexico City,150,7890.032999999999
2025-11-17T07:00:00.000Z,36,Sydney,151,8595.113
2025-11-17T07:00:00.000Z,37,Hong Kong,152,6824.2970000000005
2025-11-17T07:00:00.000Z,38,Cairo,152,7639.187
2025-11-17T07:00:00.000Z,39,Bengaluru,152,8114.263
2025-11-17T07:00:00.000Z,40,Singapore,161,8699.119999999999
2025-11-17T07:00:00.000Z,41,Manila,161,9166.401
2025-11-17T07:00:00.000Z,42,Nairobi,162,9375.141
2025-11-17T07:00:00.000Z,43,Doha,164,7402.744000000001
2025-11-17T07:00:00.000Z,44,San Francisco,165,8741.759
2025-11-17T07:00:00.000Z,45,Karachi,167,8878.443
2025-11-17T07:00:00.000Z,46,Buenos Aires,172,6280.464
2025-11-17T07:00:00.000Z,47,Riyadh,174,7582.072
2025-11-17T07:00:00.000Z,48,Chicago,186,8947.506
2025-11-17T07:00:00.000Z,49,Mumbai,191,8171.512
2025-11-17T07:00:00.000Z,50,Osaka,204,7702.693
2025-11-17T08:00:00.000Z,1,Jakarta,112,8623.885
2025-11-17T08:00:00.000Z,2,Delhi,113,7758.9349999999995
2025-11-17T08:00:00.000Z,3,London,118,7891.284
2025-11-17T08:00:00.000Z,4,São Paulo,120,7126.222
2025-11-17T08:00:00.000Z,5,Chennai,120,8277.154
2025-11-17T08:00:00.000Z,6,Melbourne,124,7772.516
2025-11-17T08:00:00.000Z,7,New York,124,9052.901
2025-11-17T08:00:00.000Z,8,Osaka,125,7951.761
2025-11-17T08:00:00.000Z,9,Madrid,125,8258.763
2025-11-17T08:00:00.000Z,10,Berlin,128,7736.576
2025-11-17T08:00:00.000Z,11,Sydney,128,8298.012
2025-11-17T08:00:00.000Z,12,Auckland,130,7739.7080000000005
2025-11-17T08:00:00.000Z,13,Zurich,131,7132.257
2025-11-17T08:00:00.000Z,14,Karachi,131,9266.817
2025-11-17T08:00:00.000Z,15,Stockholm,132,6767.014
2025-11-17T08:00:00.000Z,16,Dubai,132,8041.895
2025-11-17T08:00:00.000Z,17,Vancouver,133,7436.991
2025-11-17T08:00:00.000Z,18,Kolkata,134,8109.503
2025-11-17T08:00:00.000Z,19,Warsaw,136,7757.829
2025-11-17T08:00:00.000Z,20,Lagos,137,7653.33
2025-11-17T08:00:00.000Z,21,Moscow,138,7904.791
2025-11-17T08:00:00.000Z,22,Rome,138,9330.922999999999
2025-11-17T08:00:00.000Z,23,Shanghai,139,7489.856
2025-11-17T08:00:00.000Z,24,Beijing,141,7974.282
2025-11-17T08:00:00.000Z,25,Kuala Lumpur,142,6821.1630000000005
2025-11-17T08:00:00.000Z,26,Los Angeles,142,9135.619999999999
2025-11-17T08:00:00.000Z,27,Ho Chi Minh City,143,7301.793
2025-11-17T08:00:00.000Z,28,Toronto,143,8853.954
2025-11-17T08:00:00.000Z,29,Tehran,144,7769.484
2025-11-17T08:00:00.000Z,30,Paris,144,8409.556
2025-11-17T08:00:00.000Z,31,Bangkok,147,7493.244000000001
2025-11-17T08:00:00.000Z,32,Tokyo,147,8074.746999999999
2025-11-17T08:00:00.000Z,33,Doha,148,7992.093
2025-11-17T08:00:00.000Z,34,Cape Town,149,8985.862
2025-11-17T08:00:00.000Z,35,Mexico City,150,8028.89
2025-11-17T08:00:00.000Z,36,Hong Kong,152,6625.769
2025-11-17T08:00:00.000Z,37,Cairo,152,7720.995
2025-11-17T08:00:00.000Z,38,Bengaluru,152,8329.445
2025-11-17T08:00:00.000Z,39,Istanbul,152,8488.961
2025-11-17T08:00:00.000Z,40,Singapore,152,9068.254
2025-11-17T08:00:00.000Z,41,Riyadh,155,7050.138
2025-11-17T08:00:00.000Z,42,Houston,155,8923.562
2025-11-17T08:00:00.000Z,43,Seoul,156,8355.661
2025-11-17T08:00:00.000Z,44,Helsinki,160,9137.573
2025-11-17T08:00:00.000Z,45,Manila,161,9560.539
2025-11-17T08:00:00.000Z,46,Nairobi,162,9626.321
2025-11-17T08:00:00.000Z,47,San Francisco,165,8569.223
2025-11-17T08:00:00.000Z,48,Buenos Aires,172,6901.196
2025-11-17T08:00:00.000Z,49,Chicago,186,8884.225
2025-11-17T08:00:00.000Z,50,Mumbai,191,8384.572
2025-11-17T09:00:00.000Z,1,Delhi,113,7683.030000000001
2025-11-17T09:00:00.000Z,2,Melbourne,116,7290.477
2025-11-17T09:00:00.000Z,3,Shanghai,118,7035.52
2025-11-17T09:00:00.000Z,4,São Paulo,120,8128.877
2025-11-17T09:00:00.000Z,5,Chennai,120,8308.062
2025-11-17T09:00:00.000Z,6,Bangkok,123,8025.808
2025-11-17T09:00:00.000Z,7,Jakarta,123,8684.405
2025-11-17T09:00:00.000Z,8,New York,124,8975.414
2025-11-17T09:00:00.000Z,9,Moscow,126,8214.984
2025-11-17T09:00:00.000Z,10,Berlin,128,8111.448
2025-11-17T09:00:00.000Z,11,Auckland,130,7213.154
2025-11-17T09:00:00.000Z,12,Karachi,131,9058.752
2025-11-17T09:00:00.000Z,13,Stockholm,132,7005.197
2025-11-17T09:00:00.000Z,14,Dubai,132,8466.645
2025-11-17T09:00:00.000Z,15,Vancouver,133,6875.83
2025-11-17T09:00:00.000Z,16,Warsaw,136,7762.507
2025-11-17T09:00:00.000Z,17,Lagos,137,7355.458
2025-11-17T09:00:00.000Z,18,Rome,138,9381.630000000001
2025-11-17T09:00:00.000Z,19,Madrid,139,9068.027
2025-11-17T09:00:00.000Z,20,Zurich,140,7253.237
2025-11-17T09:00:00.000Z,21,Beijing,141,7767.976000000001
2025-11-17T09:00:00.000Z,22,Los Angeles,142,9456.589
2025-11-17T09:00:00.000Z,23,Ho Chi Minh City,143,6724.619
2025-11-17T09:00:00.000Z,24,Toronto,143,9060.574
2025-11-17T09:00:00.000Z,25,Paris,144,7762.4580000000005
2025-11-17T09:00:00.000Z,26,Tehran,144,8175.4400000000005
2025-11-17T09:00:00.000Z,27,Tokyo,147,8054.93
2025-11-17T09:00:00.000Z,28,Doha,148,7982.329
2025-11-17T09:00:00.000Z,29,Cape Town,149,8978.14
2025-11-17T09:00:00.000Z,30,Mexico City,150,8000.5599999999995
2025-11-17T09:00:00.000Z,31,Hong Kong,152,7154.699
2025-11-17T09:00:00.000Z,32,Cairo,152,7841.502
2025-11-17T09:00:00.000Z,33,Bengaluru,152,8104.695
2025-11-17T09:00:00.000Z,34,Istanbul,152,8238.742
2025-11-17T09:00:00.000Z,35,Osaka,152,8646.157
2025-11-17T09:00:00.000Z,36,Kuala Lumpur,153,7008.607
2025-11-17T09:00:00.000Z,37,Riyadh,155,7686.673
2025-11-17T09:00:00.000Z,38,Houston,155,8646.011
2025-11-17T09:00:00.000Z,39,Seoul,156,8431.858
2025-11-17T09:00:00.000Z,40,London,157,8260.018
2025-11-17T09:00:00.000Z,41,Kolkata,158,8061.536
2025-11-17T09:00:00.000Z,42,Chicago,160,8438.677
2025-11-17T09:00:00.000Z,43,Helsinki,160,8643.523
2025-11-17T09:00:00.000Z,44,Manila,161,9394.782
2025-11-17T09:00:00.000Z,45,Nairobi,162,10273.582
2025-11-17T09:00:00.000Z,46,Singapore,164,9076.175
2025-11-17T09:00:00.000Z,47,San Francisco,165,8562.684000000001
2025-11-17T09:00:00.000Z,48,Sydney,170,8535.861
2025-11-17T09:00:00.000Z,49,Buenos Aires,172,7567.612
2025-11-17T09:00:00.000Z,50,Mumbai,191,8986.36
2025-11-17T10:00:00.000Z,1,São Paulo,115,8146.624
2025-11-17T10:00:00.000Z,2,Moscow,115,8582.146
2025-11-17T10:00:00.000Z,3,Shanghai,118,7009.8330000000005
2025-11-17T10:00:00.000Z,4,Chennai,120,8443.155
2025-11-17T10:00:00.000Z,5,Melbourne,122,7072.727
2025-11-17T10:00:00.000Z,6,Jakarta,123,8732.755000000001
2025-11-17T10:00:00.000Z,7,New York,124,8343.850999999999
2025-11-17T10:00:00.000Z,8,Berlin,128,7497.325
2025-11-17T10:00:00.000Z,9,Auckland,130,7456.148999999999
2025-11-17T10:00:00.000Z,10,Karachi,131,9200.434
2025-11-17T10:00:00.000Z,11,Stockholm,132,6952.26
2025-11-17T10:00:00.000Z,12,Delhi,132,7934.8099999999995
2025-11-17T10:00:00.000Z,13,Dubai,132,8484.23
2025-11-17T10:00:00.000Z,14,Vancouver,133,6891.218
2025-11-17T10:00:00.000Z,15,Tokyo,135,7592.832
2025-11-17T10:00:00.000Z,16,Lagos,137,7795.034
2025-11-17T10:00:00.000Z,17,Madrid,139,9032.616
2025-11-17T10:00:00.000Z,18,Rome,139,9119.445
2025-11-17T10:00:00.000Z,19,Zurich,140,6712.971
2025-11-17T10:00:00.000Z,20,Beijing,141,7851.192
2025-11-17T10:00:00.000Z,21,Los Angeles,142,8665.057
2025-11-17T10:00:00.000Z,22,Ho Chi Minh City,143,7365.771
2025-11-17T10:00:00.000Z,23,Bangkok,143,8509.31
2025-11-17T10:00:00.000Z,24,Toronto,143,8922.31
2025-11-17T10:00:00.000Z,25,Tehran,144,8208.503
2025-11-17T10:00:00.000Z,26,Paris,144,8278.651
2025-11-17T10:00:00.000Z,27,Doha,148,7964.217
2025-11-17T10:00:00.000Z,28,Cape Town,149,9407.856
2025-11-17T10:00:00.000Z,29,Mexico City,150,7414.164
2025-11-17T10:00:00.000Z,30,Hong Kong,152,6790.652
2025-11-17T10:00:00.000Z,31,Cairo,152,7722.539
2025-11-17T10:00:00.000Z,32,Istanbul,152,7812.925
2025-11-17T10:00:00.000Z,33,Bengaluru,152,8115.615
2025-11-17T10:00:00.000Z,34,Osaka,152,8700.757
2025-11-17T10:00:00.000Z,35,Kuala Lumpur,153,7264.885
2025-11-17T10:00:00.000Z,36,Riyadh,155,7577.674999999999
2025-11-17T10:00:00.000Z,37,Houston,155,7976.186
2025-11-17T10:00:00.000Z,38,Seoul,156,8715.804
2025-11-17T10:00:00.000Z,39,Kolkata,158,8035.082
2025-11-17T10:00:00.000Z,40,Chicago,160,8659.325
2025-11-17T10:00:00.000Z,41,Helsinki,160,8950.78
2025-11-17T10:00:00.000Z,42,London,161,8728.708
2025-11-17T10:00:00.000Z,43,Manila,161,9169.432
2025-11-17T10:00:00.000Z,44,Warsaw,162,7497.089
2025-11-17T10:00:00.000Z,45,Nairobi,162,9896.477
2025-11-17T10:00:00.000Z,46,Singapore,164,9036.053
2025-11-17T10:00:00.000Z,47,San Francisco,168,8834.072
2025-11-17T10:00:00.000Z,48,Sydney,170,9020.939
2025-11-17T10:00:00.000Z,49,Buenos Aires,172,7604.138
2025-11-17T10:00:00.000Z,50,Mumbai,172,8305.369
2025-11-17T11:00:00.000Z,1,São Paulo,115,7402.746999999999
2025-11-17T11:00:00.000Z,2,Moscow,115,8564.396
2025-11-17T11:00:00.000Z,3,Shanghai,120,7213.643
2025-11-17T11:00:00.000Z,4,Chennai,120,8806.206
2025-11-17T11:00:00.000Z,5,Melbourne,122,7321.4169999999995
2025-11-17T11:00:00.000Z,6,Jakarta,123,8261.432
2025-11-17T11:00:00.000Z,7,New York,124,7994.2
2025-11-17T11:00:00.000Z,8,Auckland,127,7747.641
2025-11-17T11:00:00.000Z,9,Karachi,131,9031.31
2025-11-17T11:00:00.000Z,10,Dubai,132,8294.06
2025-11-17T11:00:00.000Z,11,Delhi,132,8913.155
2025-11-17T11:00:00.000Z,12,Tokyo,135,7636.784
2025-11-17T11:00:00.000Z,13,Lagos,137,7701.875
2025-11-17T11:00:00.000Z,14,Madrid,139,9002.724
2025-11-17T11:00:00.000Z,15,Rome,139,9801.17
2025-11-17T11:00:00.000Z,16,Zurich,140,6548.357
2025-11-17T11:00:00.000Z,17,Beijing,141,7672.271
2025-11-17T11:00:00.000Z,18,Los Angeles,142,8225.307
2025-11-17T11:00:00.000Z,19,Bangkok,143,8516.682
2025-11-17T11:00:00.000Z,20,Toronto,143,8626.806
2025-11-17T11:00:00.000Z,21,Doha,144,8185.668
2025-11-17T11:00:00.000Z,22,Tehran,144,8385.069
2025-11-17T11:00:00.000Z,23,Paris,144,8416.295
2025-11-17T11:00:00.000Z,24,Cape Town,149,9701.345
2025-11-17T11:00:00.000Z,25,Mexico City,150,7232.326
2025-11-17T11:00:00.000Z,26,Stockholm,152,7005.633
2025-11-17T11:00:00.000Z,27,Hong Kong,152,7151.711
2025-11-17T11:00:00.000Z,28,Cairo,152,7287.335
2025-11-17T11:00:00.000Z,29,Bengaluru,152,7718.466
2025-11-17T11:00:00.000Z,30,Istanbul,152,8021.359
2025-11-17T11:00:00.000Z,31,Osaka,152,8768.3
2025-11-17T11:00:00.000Z,32,Kuala Lumpur,153,7448.27
2025-11-17T11:00:00.000Z,33,Riyadh,155,7050.255
2025-11-17T11:00:00.000Z,34,Houston,155,7547.786
2025-11-17T11:00:00.000Z,35,Seoul,156,9124.619999999999
2025-11-17T11:00:00.000Z,36,Vancouver,158,7180.384
2025-11-17T11:00:00.000Z,37,Ho Chi Minh City,158,7256.475
2025-11-17T11:00:00.000Z,38,Kolkata,158,7753.527
2025-11-17T11:00:00.000Z,39,Chicago,160,7920.163
2025-11-17T11:00:00.000Z,40,Helsinki,160,8842.19
2025-11-17T11:00:00.000Z,41,Berlin,161,7764.995
2025-11-17T11:00:00.000Z,42,London,161,7942.716
2025-11-17T11:00:00.000Z,43,Manila,161,9339.11
2025-11-17T11:00:00.000Z,44,Warsaw,162,7530.98
2025-11-17T11:00:00.000Z,45,Nairobi,162,9624.026
2025-11-17T11:00:00.000Z,46,Singapore,164,8857.431
2025-11-17T11:00:00.000Z,47,San Francisco,168,8362.569
2025-11-17T11:00:00.000Z,48,Sydney,170,8564.383
2025-11-17T11:00:00.000Z,49,Mumbai,172,8080.517
2025-11-17T11:00:00.000Z,50,Buenos Aires,172,8181.473
2025-11-17T12:00:00.000Z,1,Moscow,115,8895.227
2025-11-17T12:00:00.000Z,2,Shanghai,120,7094.066
2025-11-17T12:00:00.000Z,3,Chennai,120,8932.681
2025-11-17T12:00:00.000Z,4,Melbourne,122,7087.599
2025-11-17T12:00:00.000Z,5,New York,124,7451.366
2025-11-17T12:00:00.000Z,6,Auckland,127,8297.82
2025-11-17T12:00:00.000Z,7,Karachi,131,8566.85
2025-11-17T12:00:00.000Z,8,São Paulo,132,6961.201
2025-11-17T12:00:00.000Z,9,Delhi,132,8571.863
2025-11-17T12:00:00.000Z,10,Dubai,132,8792.219000000001
2025-11-17T12:00:00.000Z,11,Buenos Aires,133,8308.474
2025-11-17T12:00:00.000Z,12,Tokyo,135,7280.697
2025-11-17T12:00:00.000Z,13,Lagos,137,7779.716
2025-11-17T12:00:00.000Z,14,Zurich,140,6146.256
2025-11-17T12:00:00.000Z,15,Los Angeles,142,8475.429
2025-11-17T12:00:00.000Z,16,Toronto,143,8278.937
2025-11-17T12:00:00.000Z,17,Bangkok,143,8615.844000000001
2025-11-17T12:00:00.000Z,18,Paris,144,7590.473
2025-11-17T12:00:00.000Z,19,Tehran,144,8064.472
2025-11-17T12:00:00.000Z,20,Doha,144,8327.569
2025-11-17T12:00:00.000Z,21,Jakarta,146,8246.617
2025-11-17T12:00:00.000Z,22,Madrid,148,9224.022
2025-11-17T12:00:00.000Z,23,Nairobi,149,9037.919
2025-11-17T12:00:00.000Z,24,Cape Town,149,9412.485
2025-11-17T12:00:00.000Z,25,Mexico City,150,6656.243
2025-11-17T12:00:00.000Z,26,Stockholm,152,6605.54
2025-11-17T12:00:00.000Z,27,Cairo,152,7246.682
2025-11-17T12:00:00.000Z,28,Hong Kong,152,7376.235000000001
2025-11-17T12:00:00.000Z,29,Istanbul,152,7960.411
2025-11-17T12:00:00.000Z,30,Bengaluru,152,8113.614
2025-11-17T12:00:00.000Z,31,Osaka,152,9062.869
2025-11-17T12:00:00.000Z,32,Kuala Lumpur,153,6913.229
2025-11-17T12:00:00.000Z,33,Riyadh,155,7338.564
2025-11-17T12:00:00.000Z,34,Houston,155,7590.551
2025-11-17T12:00:00.000Z,35,Seoul,156,9176.172
2025-11-17T12:00:00.000Z,36,Ho Chi Minh City,158,6617.981
2025-11-17T12:00:00.000Z,37,Vancouver,158,7570.24
2025-11-17T12:00:00.000Z,38,Kolkata,158,8091.59
2025-11-17T12:00:00.000Z,39,Beijing,159,7923.429
2025-11-17T12:00:00.000Z,40,Chicago,160,8209.407
2025-11-17T12:00:00.000Z,41,Helsinki,160,8572.884
2025-11-17T12:00:00.000Z,42,Berlin,161,7804.763
2025-11-17T12:00:00.000Z,43,London,161,8381.714
2025-11-17T12:00:00.000Z,44,Manila,161,8952.880000000001
2025-11-17T12:00:00.000Z,45,Warsaw,162,7246.914
2025-11-17T12:00:00.000Z,46,Singapore,164,9154.222
2025-11-17T12:00:00.000Z,47,Rome,164,9584.679
2025-11-17T12:00:00.000Z,48,San Francisco,168,8123.166
2025-11-17T12:00:00.000Z,49,Sydney,170,8497.259
2025-11-17T12:00:00.000Z,50,Mumbai,172,8026.898999999999
2025-11-17T13:00:00.000Z,1,Moscow,115,8458.394
2025-11-17T13:00:00.000Z,2,Hong Kong,118,7214.677
2025-11-17T13:00:00.000Z,3,Shanghai,120,6880.43
2025-11-17T13:00:00.000Z,4,Melbourne,122,7300.142
2025-11-17T13:00:00.000Z,5,New York,124,7375.102
2025-11-17T13:00:00.000Z,6,Auckland,127,8381.672
2025-11-17T13:00:00.000Z,7,Buenos Aires,127,8464.376
2025-11-17T13:00:00.000Z,8,Chennai,130,8688.237000000001
2025-11-17T13:00:00.000Z,9,Karachi,131,8547.166000000001
2025-11-17T13:00:00.000Z,10,São Paulo,132,7385.947
2025-11-17T13:00:00.000Z,11,Tokyo,135,7177.987
2025-11-17T13:00:00.000Z,12,Delhi,136,8322.692
2025-11-17T13:00:00.000Z,13,Lagos,137,7426.5689999999995
2025-11-17T13:00:00.000Z,14,Zurich,140,6225.639
2025-11-17T13:00:00.000Z,15,Los Angeles,142,8569.875
2025-11-17T13:00:00.000Z,16,Toronto,143,8307.913
2025-11-17T13:00:00.000Z,17,Manila,143,8493.676
2025-11-17T13:00:00.000Z,18,Bangkok,143,9180.379
2025-11-17T13:00:00.000Z,19,Tehran,144,7515.936
2025-11-17T13:00:00.000Z,20,Doha,144,7819.651
2025-11-17T13:00:00.000Z,21,Jakarta,146,8109.084
2025-11-17T13:00:00.000Z,22,Madrid,148,9041.614
2025-11-17T13:00:00.000Z,23,Nairobi,149,8232.384
2025-11-17T13:00:00.000Z,24,Cape Town,149,9001.072
2025-11-17T13:00:00.000Z,25,Mexico City,150,6658.23
2025-11-17T13:00:00.000Z,26,Dubai,150,8815.635
2025-11-17T13:00:00.000Z,27,Stockholm,152,7084.5560000000005
2025-11-17T13:00:00.000Z,28,Bengaluru,152,7383.271000000001
2025-11-17T13:00:00.000Z,29,Cairo,152,7748.736
2025-11-17T13:00:00.000Z,30,Istanbul,152,8025.82
2025-11-17T13:00:00.000Z,31,Osaka,152,8297.093
2025-11-17T13:00:00.000Z,32,Kuala Lumpur,153,6728.926
2025-11-17T13:00:00.000Z,33,Paris,153,7651.795
2025-11-17T13:00:00.000Z,34,Houston,155,7696.1849999999995
2025-11-17T13:00:00.000Z,35,Seoul,156,9401.835
2025-11-17T13:00:00.000Z,36,Ho Chi Minh City,158,6269.334
2025-11-17T13:00:00.000Z,37,Vancouver,158,7300.157
2025-11-17T13:00:00.000Z,38,Kolkata,158,8181.727
2025-11-17T13:00:00.000Z,39,Beijing,159,8095.73
2025-11-17T13:00:00.000Z,40,Helsinki,160,7670.1269999999995
2025-11-17T13:00:00.000Z,41,Chicago,160,8264.008
2025-11-17T13:00:00.000Z,42,Berlin,161,8169.278
2025-11-17T13:00:00.000Z,43,London,161,8198.536
2025-11-17T13:00:00.000Z,44,Warsaw,162,7707.517
2025-11-17T13:00:00.000Z,45,Singapore,164,8890.712
2025-11-17T13:00:00.000Z,46,Rome,164,9021.619999999999
2025-11-17T13:00:00.000Z,47,San Francisco,168,8312.696
2025-11-17T13:00:00.000Z,48,Sydney,170,7818.097
2025-11-17T13:00:00.000Z,49,Mumbai,172,8085.5
2025-11-17T13:00:00.000Z,50,Riyadh,176,7053.386
2025-11-17T14:00:00.000Z,1,Mumbai,118,7912.226
2025-11-17T14:00:00.000Z,2,Shanghai,120,7188.055
2025-11-17T14:00:00.000Z,3,Melbourne,122,6964.922
2025-11-17T14:00:00.000Z,4,Mexico City,122,7082.014999999999
2025-11-17T14:00:00.000Z,5,New York,124,7701.633
2025-11-17T14:00:00.000Z,6,Toronto,125,8226.269
2025-11-17T14:00:00.000Z,7,Hong Kong,127,7259.12
2025-11-17T14:00:00.000Z,8,Auckland,127,7910.195
2025-11-17T14:00:00.000Z,9,Buenos Aires,127,8372.386999999999
2025-11-17T14:00:00.000Z,10,Chennai,130,8564.111
2025-11-17T14:00:00.000Z,11,Karachi,131,8319.972
2025-11-17T14:00:00.000Z,12,São Paulo,132,7442.774
2025-11-17T14:00:00.000Z,13,Bengaluru,132,7606.447
2025-11-17T14:00:00.000Z,14,Tokyo,135,6603.025
2025-11-17T14:00:00.000Z,15,Delhi,136,8450.51
2025-11-17T14:00:00.000Z,16,Zurich,140,6315.0740000000005
2025-11-17T14:00:00.000Z,17,Manila,143,8199.153
2025-11-17T14:00:00.000Z,18,Bangkok,143,9276.331
2025-11-17T14:00:00.000Z,19,Tehran,144,7510.891
2025-11-17T14:00:00.000Z,20,Doha,144,8028.128000000001
2025-11-17T14:00:00.000Z,21,Jakarta,146,7783.805
2025-11-17T14:00:00.000Z,22,Lagos,148,7198.979
2025-11-17T14:00:00.000Z,23,Madrid,148,9330.107
2025-11-17T14:00:00.000Z,24,Nairobi,149,8797.33
2025-11-17T14:00:00.000Z,25,Cape Town,149,8988.669
2025-11-17T14:00:00.000Z,26,Dubai,150,8514.182
2025-11-17T14:00:00.000Z,27,Stockholm,152,7572.295
2025-11-17T14:00:00.000Z,28,Istanbul,152,7916.0740000000005
2025-11-17T14:00:00.000Z,29,Moscow,152,8314.296
2025-11-17T14:00:00.000Z,30,Cairo,152,8426.579
2025-11-17T14:00:00.000Z,31,Osaka,152,8505.255
2025-11-17T14:00:00.000Z,32,Kuala Lumpur,153,6763.694
2025-11-17T14:00:00.000Z,33,Paris,153,7249.007
2025-11-17T14:00:00.000Z,34,Houston,155,7427.5
2025-11-17T14:00:00.000Z,35,Seoul,156,9366.016
2025-11-17T14:00:00.000Z,36,Ho Chi Minh City,158,6161.325
2025-11-17T14:00:00.000Z,37,Vancouver,158,7311.414
2025-11-17T14:00:00.000Z,38,Kolkata,158,7525.495
2025-11-17T14:00:00.000Z,39,Helsinki,160,7835.514
2025-11-17T14:00:00.000Z,40,Chicago,160,8152.183
2025-11-17T14:00:00.000Z,41,Berlin,161,7764.193
2025-11-17T14:00:00.000Z,42,London,161,8542.182
2025-11-17T14:00:00.000Z,43,Los Angeles,161,8821.05
2025-11-17T14:00:00.000Z,44,Warsaw,162,8011.106
2025-11-17T14:00:00.000Z,45,Rome,164,8453.017
2025-11-17T14:00:00.000Z,46,Singapore,164,8981.766
2025-11-17T14:00:00.000Z,47,San Francisco,168,8415.347
2025-11-17T14:00:00.000Z,48,Sydney,170,7936.576
2025-11-17T14:00:00.000Z,49,Riyadh,176,7428.706
2025-11-17T14:00:00.000Z,50,Beijing,183,8471.555
2025-11-17T15:00:00.000Z,1,New York,114,7373.855
2025-11-17T15:00:00.000Z,2,Mumbai,118,7581.969
2025-11-17T15:00:00.000Z,3,Shanghai,120,7386.4
2025-11-17T15:00:00.000Z,4,Mexico City,122,6253.907
2025-11-17T15:00:00.000Z,5,Melbourne,122,7400.924
2025-11-17T15:00:00.000Z,6,Toronto,125,8210.962
2025-11-17T15:00:00.000Z,7,Hong Kong,127,7663.7
2025-11-17T15:00:00.000Z,8,Auckland,127,7986.294
2025-11-17T15:00:00.000Z,9,Chennai,130,9025.683
2025-11-17T15:00:00.000Z,10,São Paulo,132,7616.053
2025-11-17T15:00:00.000Z,11,Bengaluru,132,7756.853
2025-11-17T15:00:00.000Z,12,Karachi,134,8452.631
2025-11-17T15:00:00.000Z,13,Tokyo,135,6850.909
2025-11-17T15:00:00.000Z,14,Delhi,136,8704.530999999999
2025-11-17T15:00:00.000Z,15,Zurich,140,6162.456
2025-11-17T15:00:00.000Z,16,Manila,143,7886.102
2025-11-17T15:00:00.000Z,17,Bangkok,143,9287.535
2025-11-17T15:00:00.000Z,18,Doha,144,7377.258
2025-11-17T15:00:00.000Z,19,Tehran,144,8439.499
2025-11-17T15:00:00.000Z,20,Cairo,144,8801.896
2025-11-17T15:00:00.000Z,21,Lagos,148,7237.235
2025-11-17T15:00:00.000Z,22,Madrid,148,9117.012
2025-11-17T15:00:00.000Z,23,Jakarta,149,7382.42
2025-11-17T15:00:00.000Z,24,Cape Town,149,8515.563
2025-11-17T15:00:00.000Z,25,Nairobi,149,8735.336
2025-11-17T15:00:00.000Z,26,Dubai,150,8340.522
2025-11-17T15:00:00.000Z,27,Stockholm,152,7487.99
2025-11-17T15:00:00.000Z,28,Istanbul,152,7856.361
2025-11-17T15:00:00.000Z,29,Osaka,152,8071.804
2025-11-17T15:00:00.000Z,30,Moscow,152,8123.448
2025-11-17T15:00:00.000Z,31,Kuala Lumpur,153,6755.0740000000005
2025-11-17T15:00:00.000Z,32,Paris,153,7766.040999999999
2025-11-17T15:00:00.000Z,33,Houston,155,7305.136
2025-11-17T15:00:00.000Z,34,Seoul,156,9022.964
2025-11-17T15:00:00.000Z,35,Ho Chi Minh City,158,6007.235
2025-11-17T15:00:00.000Z,36,Vancouver,158,7188.493
2025-11-17T15:00:00.000Z,37,Kolkata,158,7491.954
2025-11-17T15:00:00.000Z,38,Chicago,160,7633.165
2025-11-17T15:00:00.000Z,39,Helsinki,160,7977.079
2025-11-17T15:00:00.000Z,40,Berlin,161,7582.746
2025-11-17T15:00:00.000Z,41,London,161,8456.398000000001
2025-11-17T15:00:00.000Z,42,Buenos Aires,161,8710.483
2025-11-17T15:00:00.000Z,43,Warsaw,162,8730.787
2025-11-17T15:00:00.000Z,44,Rome,164,8141.108
2025-11-17T15:00:00.000Z,45,Singapore,164,8834.036
2025-11-17T15:00:00.000Z,46,San Francisco,168,7451.027
2025-11-17T15:00:00.000Z,47,Sydney,170,7912.467000000001
2025-11-17T15:00:00.000Z,48,Los Angeles,173,8835.729
2025-11-17T15:00:00.000Z,49,Riyadh,176,7126.7
2025-11-17T15:00:00.000Z,50,Beijing,183,8122.519
2025-11-17T16:00:00.000Z,1,New York,114,7917.63
2025-11-17T16:00:00.000Z,2,Mumbai,118,7438.146
2025-11-17T16:00:00.000Z,3,Bengaluru,119,7356.643
2025-11-17T16:00:00.000Z,4,Tehran,119,8799.518
2025-11-17T16:00:00.000Z,5,Shanghai,120,7387.427
2025-11-17T16:00:00.000Z,6,Mexico City,122,6367.682
2025-11-17T16:00:00.000Z,7,Melbourne,122,7542.8279999999995
2025-11-17T16:00:00.000Z,8,Auckland,122,7610.415
2025-11-17T16:00:00.000Z,9,Toronto,125,8027.053
2025-11-17T16:00:00.000Z,10,Hong Kong,127,8086.01
2025-11-17T16:00:00.000Z,11,Istanbul,127,8096.773999999999
2025-11-17T16:00:00.000Z,12,Chennai,130,8731.882
2025-11-17T16:00:00.000Z,13,São Paulo,132,7965.224
2025-11-17T16:00:00.000Z,14,Tokyo,133,7477.028
2025-11-17T16:00:00.000Z,15,Karachi,134,7850.697
2025-11-17T16:00:00.000Z,16,Delhi,136,8198.128
2025-11-17T16:00:00.000Z,17,Cape Town,137,8189.773999999999
2025-11-17T16:00:00.000Z,18,Zurich,140,6486.072
2025-11-17T16:00:00.000Z,19,Doha,143,7238.916
2025-11-17T16:00:00.000Z,20,Manila,143,7752.954
2025-11-17T16:00:00.000Z,21,Bangkok,143,9302.117
2025-11-17T16:00:00.000Z,22,Cairo,144,9015.913
2025-11-17T16:00:00.000Z,23,Houston,145,6785.928
2025-11-17T16:00:00.000Z,24,Helsinki,147,8166.019
2025-11-17T16:00:00.000Z,25,Lagos,148,7628.026
2025-11-17T16:00:00.000Z,26,Madrid,148,8339.55
2025-11-17T16:00:00.000Z,27,Jakarta,149,6746.455
2025-11-17T16:00:00.000Z,28,Nairobi,149,8778.378
2025-11-17T16:00:00.000Z,29,Dubai,150,8300.793
2025-11-17T16:00:00.000Z,30,Stockholm,152,7666.423
2025-11-17T16:00:00.000Z,31,Osaka,152,7879.017
2025-11-17T16:00:00.000Z,32,Moscow,152,8354.201000000001
2025-11-17T16:00:00.000Z,33,Seoul,152,9039.07
2025-11-17T16:00:00.000Z,34,Kuala Lumpur,153,7030.898
2025-11-17T16:00:00.000Z,35,Paris,153,7699.275
2025-11-17T16:00:00.000Z,36,Ho Chi Minh City,158,6096.5650000000005
2025-11-17T16:00:00.000Z,37,Vancouver,158,7447.266
2025-11-17T16:00:00.000Z,38,Kolkata,158,7512.714
2025-11-17T16:00:00.000Z,39,Chicago,160,7073.577
2025-11-17T16:00:00.000Z,40,Berlin,161,7934.623
2025-11-17T16:00:00.000Z,41,Buenos Aires,161,8571.739
2025-11-17T16:00:00.000Z,42,London,161,8589.293
2025-11-17T16:00:00.000Z,43,Warsaw,162,9179.007
2025-11-17T16:00:00.000Z,44,Rome,164,7376.445
2025-11-17T16:00:00.000Z,45,Singapore,164,9012.905
2025-11-17T16:00:00.000Z,46,San Francisco,168,7732.113
2025-11-17T16:00:00.000Z,47,Sydney,170,8075.142
2025-11-17T16:00:00.000Z,48,Los Angeles,173,9169.229
2025-11-17T16:00:00.000Z,49,Riyadh,176,7725.979
2025-11-17T16:00:00.000Z,50,Beijing,183,7841.054
2025-11-17T17:00:00.000Z,1,New York,114,8101.481
2025-11-17T17:00:00.000Z,2,Mumbai,118,7305.141
2025-11-17T17:00:00.000Z,3,Osaka,119,7106.679
2025-11-17T17:00:00.000Z,4,Bengaluru,119,7552.319
2025-11-17T17:00:00.000Z,5,Tehran,119,8740.365
2025-11-17T17:00:00.000Z,6,Melbourne,122,7526.773
2025-11-17T17:00:00.000Z,7,Auckland,122,7581.183
2025-11-17T17:00:00.000Z,8,Toronto,125,7500.491
2025-11-17T17:00:00.000Z,9,Zurich,126,6014.257
2025-11-17T17:00:00.000Z,10,Hong Kong,127,7856.393
2025-11-17T17:00:00.000Z,11,Istanbul,127,8116.775
2025-11-17T17:00:00.000Z,12,Cairo,128,8970.912
2025-11-17T17:00:00.000Z,13,Chennai,130,8892.376
2025-11-17T17:00:00.000Z,14,São Paulo,132,7470.919
2025-11-17T17:00:00.000Z,15,Tokyo,133,7160.002
2025-11-17T17:00:00.000Z,16,Karachi,134,7121.206
2025-11-17T17:00:00.000Z,17,Delhi,136,8337.56
2025-11-17T17:00:00.000Z,18,Cape Town,137,9095.365
2025-11-17T17:00:00.000Z,19,Kuala Lumpur,140,7360.62
2025-11-17T17:00:00.000Z,20,Kolkata,142,7968.991
2025-11-17T17:00:00.000Z,21,Doha,143,7158.577
2025-11-17T17:00:00.000Z,22,Manila,143,7406.989
2025-11-17T17:00:00.000Z,23,Shanghai,143,7767.2970000000005
2025-11-17T17:00:00.000Z,24,Bangkok,143,9102.626
2025-11-17T17:00:00.000Z,25,Chicago,144,7835.948
2025-11-17T17:00:00.000Z,26,Houston,145,7569.507
2025-11-17T17:00:00.000Z,27,Helsinki,147,8027.361
2025-11-17T17:00:00.000Z,28,Madrid,148,7558.597
2025-11-17T17:00:00.000Z,29,Lagos,148,8055.8369999999995
2025-11-17T17:00:00.000Z,30,Sydney,148,8259.202000000001
2025-11-17T17:00:00.000Z,31,Jakarta,149,7037.735000000001
2025-11-17T17:00:00.000Z,32,Nairobi,149,8422.076000000001
2025-11-17T17:00:00.000Z,33,Dubai,150,8280.877
2025-11-17T17:00:00.000Z,34,Moscow,152,7711.831
2025-11-17T17:00:00.000Z,35,Stockholm,152,8068.011
2025-11-17T17:00:00.000Z,36,Seoul,152,8968.307
2025-11-17T17:00:00.000Z,37,Paris,153,8262.229
2025-11-17T17:00:00.000Z,38,Ho Chi Minh City,158,6854.219
2025-11-17T17:00:00.000Z,39,Vancouver,158,7962.778
2025-11-17T17:00:00.000Z,40,Singapore,158,8768.099
2025-11-17T17:00:00.000Z,41,Mexico City,159,6263.168
2025-11-17T17:00:00.000Z,42,Berlin,161,7764.098
2025-11-17T17:00:00.000Z,43,London,161,8334.297
2025-11-17T17:00:00.000Z,44,Buenos Aires,161,8506.73
2025-11-17T17:00:00.000Z,45,Warsaw,162,9460.693
2025-11-17T17:00:00.000Z,46,Rome,164,7381.628
2025-11-17T17:00:00.000Z,47,San Francisco,168,7128.144
2025-11-17T17:00:00.000Z,48,Los Angeles,173,8130.514
2025-11-17T17:00:00.000Z,49,Riyadh,176,7528.012
2025-11-17T17:00:00.000Z,50,Beijing,183,7989.338
2025-11-17T18:00:00.000Z,1,London,112,7907.415
2025-11-17T18:00:00.000Z,2,Tehran,112,8700.672
2025-11-17T18:00:00.000Z,3,Melbourne,114,7499.818
2025-11-17T18:00:00.000Z,4,Mumbai,118,7129.359
2025-11-17T18:00:00.000Z,5,Osaka,119,6583.846
2025-11-17T18:00:00.000Z,6,Bengaluru,119,7403.812
2025-11-17T18:00:00.000Z,7,Auckland,122,8043.355
2025-11-17T18:00:00.000Z,8,Toronto,125,7825.516
2025-11-17T18:00:00.000Z,9,Nairobi,125,8635.039
2025-11-17T18:00:00.000Z,10,Cairo,126,8846.947
2025-11-17T18:00:00.000Z,11,Hong Kong,127,8126.296
2025-11-17T18:00:00.000Z,12,Bangkok,128,8974.344
2025-11-17T18:00:00.000Z,13,Warsaw,128,9189.744999999999
2025-11-17T18:00:00.000Z,14,Chennai,130,9006.630000000001
2025-11-17T18:00:00.000Z,15,New York,131,8248.867
2025-11-17T18:00:00.000Z,16,São Paulo,132,7608.365
2025-11-17T18:00:00.000Z,17,Tokyo,133,7118.772999999999
2025-11-17T18:00:00.000Z,18,Delhi,136,8572.155
2025-11-17T18:00:00.000Z,19,Cape Town,137,8666.327
2025-11-17T18:00:00.000Z,20,San Francisco,139,6477.77
2025-11-17T18:00:00.000Z,21,Zurich,139,6961.497
2025-11-17T18:00:00.000Z,22,Istanbul,139,8108.784
2025-11-17T18:00:00.000Z,23,Kuala Lumpur,140,6748.4529999999995
2025-11-17T18:00:00.000Z,24,Kolkata,142,8251.457
2025-11-17T18:00:00.000Z,25,Manila,143,7303.860000000001
2025-11-17T18:00:00.000Z,26,Doha,143,7335.715
2025-11-17T18:00:00.000Z,27,Shanghai,143,7854.958
2025-11-17T18:00:00.000Z,28,Chicago,144,7695.716
2025-11-17T18:00:00.000Z,29,Houston,145,7466.483
2025-11-17T18:00:00.000Z,30,Helsinki,147,7639.335999999999
2025-11-17T18:00:00.000Z,31,Madrid,148,7232.311
2025-11-17T18:00:00.000Z,32,Lagos,148,7677.148999999999
2025-11-17T18:00:00.000Z,33,Sydney,148,7828.541
2025-11-17T18:00:00.000Z,34,Jakarta,149,6930.187
2025-11-17T18:00:00.000Z,35,Karachi,150,7611.249
2025-11-17T18:00:00.000Z,36,Dubai,150,8101.013
2025-11-17T18:00:00.000Z,37,Moscow,152,7206.173
2025-11-17T18:00:00.000Z,38,Stockholm,152,7948.811
2025-11-17T18:00:00.000Z,39,Seoul,152,9155.437
2025-11-17T18:00:00.000Z,40,Paris,153,8138.495
2025-11-17T18:00:00.000Z,41,Ho Chi Minh City,158,6530.248
2025-11-17T18:00:00.000Z,42,Vancouver,158,7680.35
2025-11-17T18:00:00.000Z,43,Singapore,158,8969.208
2025-11-17T18:00:00.000Z,44,Mexico City,159,6558.826999999999
2025-11-17T18:00:00.000Z,45,Berlin,161,8345.851
2025-11-17T18:00:00.000Z,46,Buenos Aires,161,8659.515
2025-11-17T18:00:00.000Z,47,Rome,164,7152.776
2025-11-17T18:00:00.000Z,48,Los Angeles,173,7859.259
2025-11-17T18:00:00.000Z,49,Riyadh,176,7419.434
2025-11-17T18:00:00.000Z,50,Beijing,183,7709.197
2025-11-17T19:00:00.000Z,1,Chicago,110,7747.541
2025-11-17T19:00:00.000Z,2,London,112,8188.939
2025-11-17T19:00:00.000Z,3,Mumbai,118,7861.068
2025-11-17T19:00:00.000Z,4,Bengaluru,123,7667.858
2025-11-17T19:00:00.000Z,5,Auckland,123,7926.226000000001
2025-11-17T19:00:00.000Z,6,Toronto,125,7995.4439999999995
2025-11-17T19:00:00.000Z,7,Nairobi,125,9229.301
2025-11-17T19:00:00.000Z,8,Cape Town,126,8490.511
2025-11-17T19:00:00.000Z,9,Hong Kong,127,8179.29
2025-11-17T19:00:00.000Z,10,Warsaw,127,8682.29
2025-11-17T19:00:00.000Z,11,Bangkok,128,8976.845000000001
2025-11-17T19:00:00.000Z,12,Ho Chi Minh City,129,6985.575
2025-11-17T19:00:00.000Z,13,Chennai,130,9099.512
2025-11-17T19:00:00.000Z,14,Osaka,132,7004.519
2025-11-17T19:00:00.000Z,15,São Paulo,132,7939.719999999999
2025-11-17T19:00:00.000Z,16,Melbourne,132,8071.206
2025-11-17T19:00:00.000Z,17,Tokyo,133,7288.114
2025-11-17T19:00:00.000Z,18,Tehran,135,8594.011
2025-11-17T19:00:00.000Z,19,Delhi,136,8252.703
2025-11-17T19:00:00.000Z,20,Cairo,136,9227.532
2025-11-17T19:00:00.000Z,21,Seoul,138,9046.599
2025-11-17T19:00:00.000Z,22,San Francisco,139,6689.139
2025-11-17T19:00:00.000Z,23,Zurich,139,7394.539000000001
2025-11-17T19:00:00.000Z,24,Istanbul,139,8018.17
2025-11-17T19:00:00.000Z,25,Kuala Lumpur,140,6737.468
2025-11-17T19:00:00.000Z,26,Manila,141,7551.099
2025-11-17T19:00:00.000Z,27,Kolkata,142,8518.911
2025-11-17T19:00:00.000Z,28,Doha,143,7595.645
2025-11-17T19:00:00.000Z,29,Shanghai,143,7725.115
2025-11-17T19:00:00.000Z,30,Houston,145,7512.1630000000005
2025-11-17T19:00:00.000Z,31,Berlin,145,8666.984
2025-11-17T19:00:00.000Z,32,Helsinki,147,7440.065
2025-11-17T19:00:00.000Z,33,Lagos,148,7595.12
2025-11-17T19:00:00.000Z,34,Jakarta,149,6886.336
2025-11-17T19:00:00.000Z,35,Stockholm,149,7775.597
2025-11-17T19:00:00.000Z,36,Karachi,150,7777.643
2025-11-17T19:00:00.000Z,37,Dubai,150,8255.696
2025-11-17T19:00:00.000Z,38,Madrid,151,7753.326
2025-11-17T19:00:00.000Z,39,Moscow,152,7523.1449999999995
2025-11-17T19:00:00.000Z,40,Paris,153,7961.626
2025-11-17T19:00:00.000Z,41,Vancouver,157,7469.171
2025-11-17T19:00:00.000Z,42,Singapore,158,9352.137
2025-11-17T19:00:00.000Z,43,Mexico City,159,6801.927
2025-11-17T19:00:00.000Z,44,Buenos Aires,161,8462.004
2025-11-17T19:00:00.000Z,45,Rome,164,6784.2919999999995
2025-11-17T19:00:00.000Z,46,Sydney,169,7896.966
2025-11-17T19:00:00.000Z,47,Los Angeles,173,8491.072
2025-11-17T19:00:00.000Z,48,Riyadh,176,7591.7119999999995
2025-11-17T19:00:00.000Z,49,New York,176,8325.45
2025-11-17T19:00:00.000Z,50,Beijing,183,7365.081
2025-11-17T20:00:00.000Z,1,Chicago,110,7577.955
2025-11-17T20:00:00.000Z,2,Doha,110,7811.01
2025-11-17T20:00:00.000Z,3,London,117,7800.904
2025-11-17T20:00:00.000Z,4,Mumbai,118,7624.066
2025-11-17T20:00:00.000Z,5,Bengaluru,123,7677.448
2025-11-17T20:00:00.000Z,6,Auckland,123,7851.3330000000005
2025-11-17T20:00:00.000Z,7,Cape Town,126,8606.369999999999
2025-11-17T20:00:00.000Z,8,Hong Kong,127,8170.201999999999
2025-11-17T20:00:00.000Z,9,Ho Chi Minh City,129,7223.51
2025-11-17T20:00:00.000Z,10,São Paulo,129,8278.711
2025-11-17T20:00:00.000Z,11,Toronto,129,8546.919
2025-11-17T20:00:00.000Z,12,Warsaw,129,8697.458
2025-11-17T20:00:00.000Z,13,Chennai,130,9198.698
2025-11-17T20:00:00.000Z,14,Melbourne,132,7975.638
2025-11-17T20:00:00.000Z,15,Tokyo,133,7337.03
2025-11-17T20:00:00.000Z,16,Tehran,135,8499.792
2025-11-17T20:00:00.000Z,17,Delhi,136,8634.797
2025-11-17T20:00:00.000Z,18,Cairo,136,9782.113000000001
2025-11-17T20:00:00.000Z,19,Seoul,138,8991.119999999999
2025-11-17T20:00:00.000Z,20,San Francisco,139,6559.182
2025-11-17T20:00:00.000Z,21,Zurich,139,7287.398
2025-11-17T20:00:00.000Z,22,Istanbul,139,8139.253000000001
2025-11-17T20:00:00.000Z,23,Kuala Lumpur,140,7345.312
2025-11-17T20:00:00.000Z,24,Nairobi,140,9274.21
2025-11-17T20:00:00.000Z,25,Manila,141,7679.24
2025-11-17T20:00:00.000Z,26,Rome,142,6594.424
2025-11-17T20:00:00.000Z,27,Kolkata,142,8402.026
2025-11-17T20:00:00.000Z,28,Osaka,145,6628.53
2025-11-17T20:00:00.000Z,29,Houston,145,7634.591
2025-11-17T20:00:00.000Z,30,Berlin,145,8293.668
2025-11-17T20:00:00.000Z,31,Helsinki,147,7150.924
2025-11-17T20:00:00.000Z,32,Lagos,148,7739.257
2025-11-17T20:00:00.000Z,33,Jakarta,149,6455.632
2025-11-17T20:00:00.000Z,34,Stockholm,149,8323.673
2025-11-17T20:00:00.000Z,35,Karachi,150,8087.0869999999995
2025-11-17T20:00:00.000Z,36,Madrid,151,7426.185
2025-11-17T20:00:00.000Z,37,Moscow,152,7355.9169999999995
2025-11-17T20:00:00.000Z,38,Paris,153,8199.135
2025-11-17T20:00:00.000Z,39,Shanghai,154,7469.823
2025-11-17T20:00:00.000Z,40,Dubai,155,7694.005
2025-11-17T20:00:00.000Z,41,Bangkok,156,9068.24
2025-11-17T20:00:00.000Z,42,Vancouver,157,7328.389
2025-11-17T20:00:00.000Z,43,Mexico City,159,6691.868
2025-11-17T20:00:00.000Z,44,Buenos Aires,161,8424.772
2025-11-17T20:00:00.000Z,45,Sydney,169,7955.963
2025-11-17T20:00:00.000Z,46,Los Angeles,173,8575.641
2025-11-17T20:00:00.000Z,47,Riyadh,176,7679.809
2025-11-17T20:00:00.000Z,48,New York,176,8782.157
2025-11-17T20:00:00.000Z,49,Beijing,183,7172.987999999999
2025-11-17T20:00:00.000Z,50,Singapore,186,8780.321
2025-11-17T21:00:00.000Z,1,Doha,110,8220.047999999999
2025-11-17T21:00:00.000Z,2,Kolkata,113,8012.8240000000005
2025-11-17T21:00:00.000Z,3,London,117,8072.209
2025-11-17T21:00:00.000Z,4,Mumbai,118,7643.414
2025-11-17T21:00:00.000Z,5,Auckland,123,7824.869000000001
2025-11-17T21:00:00.000Z,6,Bengaluru,123,7972.776
2025-11-17T21:00:00.000Z,7,Chennai,125,8968.431
2025-11-17T21:00:00.000Z,8,Cape Town,126,8487.845
2025-11-17T21:00:00.000Z,9,Ho Chi Minh City,129,7763.58
2025-11-17T21:00:00.000Z,10,São Paulo,129,8063.607
2025-11-17T21:00:00.000Z,11,Toronto,129,8742.629
2025-11-17T21:00:00.000Z,12,Delhi,129,9142.664
2025-11-17T21:00:00.000Z,13,Hong Kong,131,8606.568
2025-11-17T21:00:00.000Z,14,Melbourne,132,8215.813
2025-11-17T21:00:00.000Z,15,Tokyo,133,7888.82
2025-11-17T21:00:00.000Z,16,Riyadh,134,7521.509
2025-11-17T21:00:00.000Z,17,Tehran,135,8631.28
2025-11-17T21:00:00.000Z,18,Cairo,136,8906.881
2025-11-17T21:00:00.000Z,19,Warsaw,137,8930.438
2025-11-17T21:00:00.000Z,20,Seoul,138,8921.282
2025-11-17T21:00:00.000Z,21,San Francisco,139,6420.225
2025-11-17T21:00:00.000Z,22,Zurich,139,7503.695
2025-11-17T21:00:00.000Z,23,Istanbul,139,8063.034
2025-11-17T21:00:00.000Z,24,Kuala Lumpur,140,7652.418
2025-11-17T21:00:00.000Z,25,Nairobi,140,9679.09
2025-11-17T21:00:00.000Z,26,Manila,141,7566.486
2025-11-17T21:00:00.000Z,27,Rome,142,6803.755999999999
2025-11-17T21:00:00.000Z,28,Osaka,145,7260.748
2025-11-17T21:00:00.000Z,29,Houston,145,7814.111
2025-11-17T21:00:00.000Z,30,Berlin,145,8748.339
2025-11-17T21:00:00.000Z,31,Helsinki,147,7943.530000000001
2025-11-17T21:00:00.000Z,32,Lagos,148,7699.178
2025-11-17T21:00:00.000Z,33,Jakarta,149,6436.805
2025-11-17T21:00:00.000Z,34,Stockholm,149,7801.183
2025-11-17T21:00:00.000Z,35,Karachi,150,8310.568
2025-11-17T21:00:00.000Z,36,Madrid,151,7379.057
2025-11-17T21:00:00.000Z,37,Paris,152,8108.491
2025-11-17T21:00:00.000Z,38,Moscow,152,8111.668000000001
2025-11-17T21:00:00.000Z,39,Shanghai,154,7490.515
2025-11-17T21:00:00.000Z,40,Chicago,154,7512.555
2025-11-17T21:00:00.000Z,41,Dubai,155,7973.416
2025-11-17T21:00:00.000Z,42,Bangkok,156,8254.165
2025-11-17T21:00:00.000Z,43,Mexico City,159,6801.239
2025-11-17T21:00:00.000Z,44,Buenos Aires,161,8463.978
2025-11-17T21:00:00.000Z,45,Sydney,169,8419.047
2025-11-17T21:00:00.000Z,46,Los Angeles,173,8722.697
2025-11-17T21:00:00.000Z,47,New York,176,8811.567
2025-11-17T21:00:00.000Z,48,Vancouver,179,8507.506
2025-11-17T21:00:00.000Z,49,Beijing,183,6978.067
2025-11-17T21:00:00.000Z,50,Singapore,186,8630.716
2025-11-17T22:00:00.000Z,1,Mumbai,105,7723.29
2025-11-17T22:00:00.000Z,2,Ho Chi Minh City,113,7410.057
2025-11-17T22:00:00.000Z,3,Kolkata,113,8182.869
2025-11-17T22:00:00.000Z,4,London,117,8331.445
2025-11-17T22:00:00.000Z,5,Beijing,119,7234.073
2025-11-17T22:00:00.000Z,6,Doha,119,8550.874
2025-11-17T22:00:00.000Z,7,Bengaluru,123,7906.728
2025-11-17T22:00:00.000Z,8,Auckland,123,8290.707
2025-11-17T22:00:00.000Z,9,Chennai,125,9204.729
2025-11-17T22:00:00.000Z,10,Cape Town,126,8701.807
2025-11-17T22:00:00.000Z,11,Lagos,128,7786.354
2025-11-17T22:00:00.000Z,12,São Paulo,129,8048.627
2025-11-17T22:00:00.000Z,13,Toronto,129,8924.622
2025-11-17T22:00:00.000Z,14,Delhi,129,9147.951000000001
2025-11-17T22:00:00.000Z,15,Melbourne,132,8794.725999999999
2025-11-17T22:00:00.000Z,16,Tokyo,133,8163.639999999999
2025-11-17T22:00:00.000Z,17,Riyadh,134,7272.142
2025-11-17T22:00:00.000Z,18,Tehran,135,8559.504
2025-11-17T22:00:00.000Z,19,Cairo,136,8584.508
2025-11-17T22:00:00.000Z,20,Warsaw,137,8700.343
2025-11-17T22:00:00.000Z,21,Seoul,138,8947.917
2025-11-17T22:00:00.000Z,22,San Francisco,139,6378.601000000001
2025-11-17T22:00:00.000Z,23,Zurich,139,8111.33
2025-11-17T22:00:00.000Z,24,Istanbul,139,8495.413
2025-11-17T22:00:00.000Z,25,Kuala Lumpur,140,8056.568
2025-11-17T22:00:00.000Z,26,Nairobi,140,9146.133
2025-11-17T22:00:00.000Z,27,Moscow,141,8477.098
2025-11-17T22:00:00.000Z,28,Rome,142,7406.546
2025-11-17T22:00:00.000Z,29,Osaka,145,7025.923
2025-11-17T22:00:00.000Z,30,Houston,145,7720.915
2025-11-17T22:00:00.000Z,31,Berlin,145,8568.563
2025-11-17T22:00:00.000Z,32,Helsinki,147,7574.242
2025-11-17T22:00:00.000Z,33,Jakarta,149,6673.097
2025-11-17T22:00:00.000Z,34,Stockholm,149,7582.641
2025-11-17T22:00:00.000Z,35,Manila,150,7830.455
2025-11-17T22:00:00.000Z,36,Karachi,150,8255.756
2025-11-17T22:00:00.000Z,37,Madrid,151,7295.378
2025-11-17T22:00:00.000Z,38,Paris,152,8141.724
2025-11-17T22:00:00.000Z,39,Hong Kong,153,8769.536
2025-11-17T22:00:00.000Z,40,Chicago,154,7426.189
2025-11-17T22:00:00.000Z,41,Shanghai,154,7632.082
2025-11-17T22:00:00.000Z,42,Dubai,155,8200.88
2025-11-17T22:00:00.000Z,43,Bangkok,156,8004.763
2025-11-17T22:00:00.000Z,44,Mexico City,159,6844.742
2025-11-17T22:00:00.000Z,45,Buenos Aires,161,8314.909
2025-11-17T22:00:00.000Z,46,Sydney,169,8598.014
2025-11-17T22:00:00.000Z,47,Los Angeles,173,8388.988000000001
2025-11-17T22:00:00.000Z,48,New York,176,8710.793
2025-11-17T22:00:00.000Z,49,Vancouver,179,8360.736
2025-11-17T22:00:00.000Z,50,Singapore,186,8542.016
2025-11-17T23:00:00.000Z,1,San Francisco,112,7417.395
2025-11-17T23:00:00.000Z,2,Ho Chi Minh City,113,7152.098
2025-11-17T23:00:00.000Z,3,Kolkata,113,7794.564
2025-11-17T23:00:00.000Z,4,London,117,8703.061
2025-11-17T23:00:00.000Z,5,Beijing,119,7680.296
2025-11-17T23:00:00.000Z,6,Doha,119,9607.411
2025-11-17T23:00:00.000Z,7,Cape Town,120,9605.984
2025-11-17T23:00:00.000Z,8,Auckland,123,8275.125
2025-11-17T23:00:00.000Z,9,Chennai,125,8742.546
2025-11-17T23:00:00.000Z,10,Lagos,126,7516.148
2025-11-17T23:00:00.000Z,11,São Paulo,129,7881.345
2025-11-17T23:00:00.000Z,12,Delhi,129,8461.168
2025-11-17T23:00:00.000Z,13,Toronto,129,9123.239
2025-11-17T23:00:00.000Z,14,Mumbai,132,7338.362
2025-11-17T23:00:00.000Z,15,Melbourne,132,8754.483
2025-11-17T23:00:00.000Z,16,Tokyo,133,7522.144
2025-11-17T23:00:00.000Z,17,Riyadh,134,7811.316
2025-11-17T23:00:00.000Z,18,Tehran,135,8016.06
2025-11-17T23:00:00.000Z,19,Cairo,136,8469.794
2025-11-17T23:00:00.000Z,20,Warsaw,137,8309.711
2025-11-17T23:00:00.000Z,21,Seoul,138,9181.052
2025-11-17T23:00:00.000Z,22,Istanbul,139,7968.594
2025-11-17T23:00:00.000Z,23,Zurich,139,8159.01
2025-11-17T23:00:00.000Z,24,Kuala Lumpur,140,8324.475
2025-11-17T23:00:00.000Z,25,Los Angeles,140,8581.721
2025-11-17T23:00:00.000Z,26,Nairobi,140,9403.371
2025-11-17T23:00:00.000Z,27,Moscow,141,8766.644
2025-11-17T23:00:00.000Z,28,Rome,142,7968.362999999999
2025-11-17T23:00:00.000Z,29,Osaka,145,7153.652
2025-11-17T23:00:00.000Z,30,Helsinki,145,7304.791
2025-11-17T23:00:00.000Z,31,Houston,145,7651.185
2025-11-17T23:00:00.000Z,32,Jakarta,147,7213.845
2025-11-17T23:00:00.000Z,33,Bengaluru,148,7709.65
2025-11-17T23:00:00.000Z,34,Stockholm,149,7791.411
2025-11-17T23:00:00.000Z,35,Manila,150,7796.866
2025-11-17T23:00:00.000Z,36,Karachi,150,8020.345
2025-11-17T23:00:00.000Z,37,Madrid,151,8135.4580000000005
2025-11-17T23:00:00.000Z,38,Paris,152,8294.238
2025-11-17T23:00:00.000Z,39,Hong Kong,153,8191.741
2025-11-17T23:00:00.000Z,40,Chicago,154,7425.804
2025-11-17T23:00:00.000Z,41,Shanghai,154,7689.722
2025-11-17T23:00:00.000Z,42,Dubai,155,8431.177
2025-11-17T23:00:00.000Z,43,Bangkok,156,8007.9580000000005
2025-11-17T23:00:00.000Z,44,Buenos Aires,156,8666.48
2025-11-17T23:00:00.000Z,45,Mexico City,159,7184.171
2025-11-17T23:00:00.000Z,46,Sydney,169,8403.052
2025-11-17T23:00:00.000Z,47,New York,176,9165.858
2025-11-17T23:00:00.000Z,48,Berlin,178,9004.137999999999
2025-11-17T23:00:00.000Z,49,Vancouver,179,8714.759
2025-11-17T23:00:00.000Z,50,Singapore,186,8462.147
2025-11-18T00:00:00.000Z,1,San Francisco,112,7329.802
2025-11-18T00:00:00.000Z,2,Ho Chi Minh City,113,6959.865
2025-11-18T00:00:00.000Z,3,Kolkata,113,8179.753000000001
2025-11-18T00:00:00.000Z,4,London,117,8973.572
2025-11-18T00:00:00.000Z,5,Beijing,119,7525.4439999999995
2025-11-18T00:00:00.000Z,6,Buenos Aires,119,8978.976
2025-11-18T00:00:00.000Z,7,Doha,119,9731.527
2025-11-18T00:00:00.000Z,8,Cape Town,120,9727.523000000001
2025-11-18T00:00:00.000Z,9,São Paulo,123,7651.576
2025-11-18T00:00:00.000Z,10,Auckland,123,8540.671
2025-11-18T00:00:00.000Z,11,Chennai,125,8661.899
2025-11-18T00:00:00.000Z,12,Lagos,126,7744.992
2025-11-18T00:00:00.000Z,13,Delhi,129,8643.735
2025-11-18T00:00:00.000Z,14,Toronto,129,9570.6
2025-11-18T00:00:00.000Z,15,Tokyo,132,7117.467
2025-11-18T00:00:00.000Z,16,Mumbai,132,7343.273999999999
2025-11-18T00:00:00.000Z,17,Melbourne,132,9239.931
2025-11-18T00:00:00.000Z,18,Tehran,135,7575.195
2025-11-18T00:00:00.000Z,19,Kuala Lumpur,135,8432.687
2025-11-18T00:00:00.000Z,20,Riyadh,136,7443.137
2025-11-18T00:00:00.000Z,21,Cairo,136,7809.747
2025-11-18T00:00:00.000Z,22,Warsaw,137,8051.841
2025-11-18T00:00:00.000Z,23,Houston,138,7736.2970000000005
2025-11-18T00:00:00.000Z,24,Seoul,138,9020.991
2025-11-18T00:00:00.000Z,25,Istanbul,139,7621.415
2025-11-18T00:00:00.000Z,26,Zurich,139,8276.468
2025-11-18T00:00:00.000Z,27,Los Angeles,140,8203.162
2025-11-18T00:00:00.000Z,28,Nairobi,140,9307.57
2025-11-18T00:00:00.000Z,29,Rome,142,7910.611
2025-11-18T00:00:00.000Z,30,Osaka,145,7149.048
2025-11-18T00:00:00.000Z,31,Helsinki,145,7860.341
2025-11-18T00:00:00.000Z,32,Jakarta,147,7525.7
2025-11-18T00:00:00.000Z,33,Bengaluru,148,7938.407
2025-11-18T00:00:00.000Z,34,Stockholm,149,7785.455
2025-11-18T00:00:00.000Z,35,Manila,150,7904.450000000001
2025-11-18T00:00:00.000Z,36,Karachi,150,8184.535
2025-11-18T00:00:00.000Z,37,Madrid,151,8496.530999999999
2025-11-18T00:00:00.000Z,38,Paris,152,8413.821
2025-11-18T00:00:00.000Z,39,Hong Kong,153,7625.934
2025-11-18T00:00:00.000Z,40,Shanghai,154,7317.451
2025-11-18T00:00:00.000Z,41,Chicago,154,7955.3189999999995
2025-11-18T00:00:00.000Z,42,Dubai,155,7937.409
2025-11-18T00:00:00.000Z,43,Bangkok,156,8248.594
2025-11-18T00:00:00.000Z,44,Mexico City,159,6537.21
2025-11-18T00:00:00.000Z,45,Sydney,169,8484.037
2025-11-18T00:00:00.000Z,46,Moscow,175,8577.618
2025-11-18T00:00:00.000Z,47,New York,176,8870.254
2025-11-18T00:00:00.000Z,48,Berlin,178,8496.551
2025-11-18T00:00:00.000Z,49,Vancouver,179,8345.768
2025-11-18T00:00:00.000Z,50,Singapore,186,7761.47
2025-11-18T01:00:00.000Z,1,Ho Chi Minh City,107,6219.383
2025-11-18T01:00:00.000Z,2,San Francisco,112,7878.421
2025-11-18T01:00:00.000Z,3,Kolkata,113,7774.56
2025-11-18T01:00:00.000Z,4,Beijing,114,7232.191000000001
2025-11-18T01:00:00.000Z,5,Cape Town,115,8846.632
2025-11-18T01:00:00.000Z,6,London,117,9041.123
2025-11-18T01:00:00.000Z,7,Buenos Aires,119,9345.236
2025-11-18T01:00:00.000Z,8,Tokyo,122,6801.1720000000005
2025-11-18T01:00:00.000Z,9,São Paulo,123,7453.67
2025-11-18T01:00:00.000Z,10,Auckland,123,8810.554
2025-11-18T01:00:00.000Z,11,Chennai,125,8073.992
2025-11-18T01:00:00.000Z,12,Lagos,126,7897.494000000001
2025-11-18T01:00:00.000Z,13,Delhi,129,8471.372
2025-11-18T01:00:00.000Z,14,Toronto,129,10495.107
2025-11-18T01:00:00.000Z,15,Mumbai,132,6932.948
2025-11-18T01:00:00.000Z,16,Melbourne,132,9254.452
2025-11-18T01:00:00.000Z,17,Tehran,135,7284.9619999999995
2025-11-18T01:00:00.000Z,18,Rome,135,7472.896
2025-11-18T01:00:00.000Z,19,Kuala Lumpur,135,7797.029
2025-11-18T01:00:00.000Z,20,Riyadh,136,7626.75
2025-11-18T01:00:00.000Z,21,Cairo,136,7796.52
2025-11-18T01:00:00.000Z,22,Warsaw,137,7762.143
2025-11-18T01:00:00.000Z,23,Houston,138,7402.485000000001
2025-11-18T01:00:00.000Z,24,Seoul,138,8586.428
2025-11-18T01:00:00.000Z,25,Istanbul,139,7522.918
2025-11-18T01:00:00.000Z,26,Zurich,139,8200.708
2025-11-18T01:00:00.000Z,27,Los Angeles,140,8985.012999999999
2025-11-18T01:00:00.000Z,28,Nairobi,140,9459.323
2025-11-18T01:00:00.000Z,29,Osaka,145,7373.207
2025-11-18T01:00:00.000Z,30,Helsinki,145,7935.5199999999995
2025-11-18T01:00:00.000Z,31,Jakarta,147,7145.063
2025-11-18T01:00:00.000Z,32,Mexico City,148,6839.58
2025-11-18T01:00:00.000Z,33,Bengaluru,148,8260.457
2025-11-18T01:00:00.000Z,34,Stockholm,149,7510.965
2025-11-18T01:00:00.000Z,35,Manila,150,7837.479
2025-11-18T01:00:00.000Z,36,Karachi,150,8673.726
2025-11-18T01:00:00.000Z,37,Madrid,151,8652.166
2025-11-18T01:00:00.000Z,38,Paris,152,8318.440999999999
2025-11-18T01:00:00.000Z,39,Hong Kong,153,8048.841
2025-11-18T01:00:00.000Z,40,Shanghai,154,7295.066
2025-11-18T01:00:00.000Z,41,Chicago,154,7837.731
2025-11-18T01:00:00.000Z,42,Dubai,155,7411.657999999999
2025-11-18T01:00:00.000Z,43,Bangkok,156,8178.497
2025-11-18T01:00:00.000Z,44,Doha,158,9869.994
2025-11-18T01:00:00.000Z,45,Sydney,169,7690.735000000001
2025-11-18T01:00:00.000Z,46,Moscow,175,8734.6
2025-11-18T01:00:00.000Z,47,New York,176,8659.172
2025-11-18T01:00:00.000Z,48,Berlin,178,8446.082
2025-11-18T01:00:00.000Z,49,Vancouver,179,8329.677
2025-11-18T01:00:00.000Z,50,Singapore,186,7650.932
2025-11-18T02:00:00.000Z,1,Ho Chi Minh City,107,6588.18
2025-11-18T02:00:00.000Z,2,Kolkata,107,7440.854
2025-11-18T02:00:00.000Z,3,Chennai,110,7370.942
2025-11-18T02:00:00.000Z,4,San Francisco,112,8267.746
2025-11-18T02:00:00.000Z,5,Beijing,114,7191.816
2025-11-18T02:00:00.000Z,6,Cape Town,115,8224.365
2025-11-18T02:00:00.000Z,7,Los Angeles,117,9431.583
2025-11-18T02:00:00.000Z,8,London,117,9475.744
2025-11-18T02:00:00.000Z,9,Tokyo,122,7139.761
2025-11-18T02:00:00.000Z,10,Auckland,123,8638.507
2025-11-18T02:00:00.000Z,11,Stockholm,124,7818.461
2025-11-18T02:00:00.000Z,12,Delhi,125,8696.391
2025-11-18T02:00:00.000Z,13,Zurich,127,7740.052
2025-11-18T02:00:00.000Z,14,Paris,131,8004.013
2025-11-18T02:00:00.000Z,15,Mumbai,132,7375.1669999999995
2025-11-18T02:00:00.000Z,16,Melbourne,132,9328.179
2025-11-18T02:00:00.000Z,17,Tehran,135,7294.092000000001
2025-11-18T02:00:00.000Z,18,Rome,135,7837.3060000000005
2025-11-18T02:00:00.000Z,19,Kuala Lumpur,135,8038.77
2025-11-18T02:00:00.000Z,20,Toronto,135,10248.514
2025-11-18T02:00:00.000Z,21,Istanbul,136,7634.155
2025-11-18T02:00:00.000Z,22,Riyadh,136,7806.597
2025-11-18T02:00:00.000Z,23,Cairo,136,8157.71
2025-11-18T02:00:00.000Z,24,Houston,138,8056.011
2025-11-18T02:00:00.000Z,25,Karachi,139,8096.419
2025-11-18T02:00:00.000Z,26,Nairobi,140,8813.095
2025-11-18T02:00:00.000Z,27,Osaka,145,7627.065
2025-11-18T02:00:00.000Z,28,Helsinki,145,8083.405000000001
2025-11-18T02:00:00.000Z,29,Jakarta,147,7391.9580000000005
2025-11-18T02:00:00.000Z,30,Mexico City,148,6876.729
2025-11-18T02:00:00.000Z,31,Bengaluru,148,8690.688
2025-11-18T02:00:00.000Z,32,Manila,150,8484.496
2025-11-18T02:00:00.000Z,33,Madrid,151,8681.64
2025-11-18T02:00:00.000Z,34,Hong Kong,153,8021.8279999999995
2025-11-18T02:00:00.000Z,35,Shanghai,154,7060.5
2025-11-18T02:00:00.000Z,36,Chicago,154,8577.122
2025-11-18T02:00:00.000Z,37,Dubai,155,7829.097
2025-11-18T02:00:00.000Z,38,Bangkok,156,8132.291
2025-11-18T02:00:00.000Z,39,São Paulo,157,7555.45
2025-11-18T02:00:00.000Z,40,Warsaw,158,7642.424
2025-11-18T02:00:00.000Z,41,Buenos Aires,158,9412.442
2025-11-18T02:00:00.000Z,42,Doha,158,10046.819
2025-11-18T02:00:00.000Z,43,Seoul,164,7958.66
2025-11-18T02:00:00.000Z,44,Sydney,169,7947.596
2025-11-18T02:00:00.000Z,45,Lagos,169,8099.627
2025-11-18T02:00:00.000Z,46,Moscow,175,8917.945
2025-11-18T02:00:00.000Z,47,New York,176,8497.832
2025-11-18T02:00:00.000Z,48,Berlin,178,8193.165
2025-11-18T02:00:00.000Z,49,Vancouver,179,8131.954
2025-11-18T02:00:00.000Z,50,Singapore,186,7831.076
2025-11-18T03:00:00.000Z,1,Kolkata,101,7938.759
2025-11-18T03:00:00.000Z,2,Ho Chi Minh City,107,6603.285
2025-11-18T03:00:00.000Z,3,Chennai,110,7554.614
2025-11-18T03:00:00.000Z,4,San Francisco,111,8227.601999999999
2025-11-18T03:00:00.000Z,5,Beijing,114,7536.173
2025-11-18T03:00:00.000Z,6,Melbourne,114,8740.72
2025-11-18T03:00:00.000Z,7,Los Angeles,117,9370.118
2025-11-18T03:00:00.000Z,8,London,117,9589.007
2025-11-18T03:00:00.000Z,9,Auckland,121,8402.527
2025-11-18T03:00:00.000Z,10,Helsinki,123,7945.585999999999
2025-11-18T03:00:00.000Z,11,Stockholm,124,7580.897
2025-11-18T03:00:00.000Z,12,Delhi,125,8690.061
2025-11-18T03:00:00.000Z,13,Tehran,129,7736.541
2025-11-18T03:00:00.000Z,14,New York,129,8092.994000000001
2025-11-18T03:00:00.000Z,15,Cape Town,129,8105.457
2025-11-18T03:00:00.000Z,16,Cairo,130,8433.13
2025-11-18T03:00:00.000Z,17,Istanbul,131,7366.659
2025-11-18T03:00:00.000Z,18,Sydney,131,7994.643
2025-11-18T03:00:00.000Z,19,Mumbai,132,7285.738
2025-11-18T03:00:00.000Z,20,Toronto,135,9711.464
2025-11-18T03:00:00.000Z,21,Riyadh,136,7698.905
2025-11-18T03:00:00.000Z,22,Houston,138,7807.5
2025-11-18T03:00:00.000Z,23,Madrid,138,8063.04
2025-11-18T03:00:00.000Z,24,Karachi,139,8317.13
2025-11-18T03:00:00.000Z,25,Nairobi,140,8022.822
2025-11-18T03:00:00.000Z,26,Zurich,143,7612.977
2025-11-18T03:00:00.000Z,27,Paris,143,7716.803
2025-11-18T03:00:00.000Z,28,Osaka,145,7017.298000000001
2025-11-18T03:00:00.000Z,29,Jakarta,147,7080.331
2025-11-18T03:00:00.000Z,30,Kuala Lumpur,147,7407.79
2025-11-18T03:00:00.000Z,31,Mexico City,148,6584.074
2025-11-18T03:00:00.000Z,32,Bengaluru,148,8530.418
2025-11-18T03:00:00.000Z,33,Manila,150,8192.997
2025-11-18T03:00:00.000Z,34,Rome,152,8365.708
2025-11-18T03:00:00.000Z,35,Hong Kong,153,8245.952
2025-11-18T03:00:00.000Z,36,Shanghai,154,7396.996
2025-11-18T03:00:00.000Z,37,Dubai,155,7840.964
2025-11-18T03:00:00.000Z,38,Bangkok,156,8100.557
2025-11-18T03:00:00.000Z,39,São Paulo,157,7777.764999999999
2025-11-18T03:00:00.000Z,40,Warsaw,158,7800.66
2025-11-18T03:00:00.000Z,41,Chicago,158,8616.091
2025-11-18T03:00:00.000Z,42,Buenos Aires,158,9219.723
2025-11-18T03:00:00.000Z,43,Doha,158,10074.979
2025-11-18T03:00:00.000Z,44,Seoul,164,7954.786
2025-11-18T03:00:00.000Z,45,Lagos,169,8439.502
2025-11-18T03:00:00.000Z,46,Moscow,175,8878.395
2025-11-18T03:00:00.000Z,47,Berlin,178,8249.503
2025-11-18T03:00:00.000Z,48,Vancouver,179,8084.51
2025-11-18T03:00:00.000Z,49,Tokyo,183,7331.049
2025-11-18T03:00:00.000Z,50,Singapore,186,7729.028
2025-11-18T04:00:00.000Z,1,Kolkata,99,8813.091
2025-11-18T04:00:00.000Z,2,Stockholm,103,7594.849999999999
2025-11-18T04:00:00.000Z,3,Ho Chi Minh City,107,6944.4580000000005
2025-11-18T04:00:00.000Z,4,London,109,9612.086
2025-11-18T04:00:00.000Z,5,Chennai,110,7081.915
2025-11-18T04:00:00.000Z,6,San Francisco,111,8785.127
2025-11-18T04:00:00.000Z,7,Melbourne,114,8974.948
2025-11-18T04:00:00.000Z,8,Mexico City,120,7044.604
2025-11-18T04:00:00.000Z,9,Auckland,121,8315.971
2025-11-18T04:00:00.000Z,10,Beijing,123,7760.372
2025-11-18T04:00:00.000Z,11,Helsinki,123,7836.46
2025-11-18T04:00:00.000Z,12,Bangkok,123,8442.921
2025-11-18T04:00:00.000Z,13,Delhi,125,8409.311
2025-11-18T04:00:00.000Z,14,Tehran,129,8007.645
2025-11-18T04:00:00.000Z,15,Cairo,130,7867.49
2025-11-18T04:00:00.000Z,16,Los Angeles,130,10083.9
2025-11-18T04:00:00.000Z,17,Istanbul,131,7486.73
2025-11-18T04:00:00.000Z,18,Cape Town,131,7537.57
2025-11-18T04:00:00.000Z,19,Sydney,131,7841.12
2025-11-18T04:00:00.000Z,20,Houston,131,8103.771
2025-11-18T04:00:00.000Z,21,Mumbai,132,7403.964
2025-11-18T04:00:00.000Z,22,Shanghai,132,7627.858
2025-11-18T04:00:00.000Z,23,Singapore,132,8319.887
2025-11-18T04:00:00.000Z,24,Nairobi,133,8908.473
2025-11-18T04:00:00.000Z,25,Toronto,135,9417.444
2025-11-18T04:00:00.000Z,26,Riyadh,136,8028.335
2025-11-18T04:00:00.000Z,27,Osaka,137,7438.046
2025-11-18T04:00:00.000Z,28,Dubai,138,7951.17
2025-11-18T04:00:00.000Z,29,Madrid,138,8163.826
2025-11-18T04:00:00.000Z,30,Karachi,139,8574.393
2025-11-18T04:00:00.000Z,31,Paris,143,7562.09
2025-11-18T04:00:00.000Z,32,Zurich,143,8092.464
2025-11-18T04:00:00.000Z,33,Kuala Lumpur,147,7115.457
2025-11-18T04:00:00.000Z,34,Jakarta,147,7420.002
2025-11-18T04:00:00.000Z,35,Bengaluru,148,8225.716
2025-11-18T04:00:00.000Z,36,Manila,150,8395.89
2025-11-18T04:00:00.000Z,37,Rome,152,8384.136
2025-11-18T04:00:00.000Z,38,Hong Kong,153,8589.952000000001
2025-11-18T04:00:00.000Z,39,São Paulo,157,7864.951
2025-11-18T04:00:00.000Z,40,Warsaw,158,7856.601
2025-11-18T04:00:00.000Z,41,Chicago,158,8651.965
2025-11-18T04:00:00.000Z,42,Buenos Aires,158,8673.46
2025-11-18T04:00:00.000Z,43,Doha,158,9241.123
2025-11-18T04:00:00.000Z,44,Seoul,164,7538.8189999999995
2025-11-18T04:00:00.000Z,45,New York,167,8160.24
2025-11-18T04:00:00.000Z,46,Lagos,169,8302.907
2025-11-18T04:00:00.000Z,47,Moscow,175,8997.571
2025-11-18T04:00:00.000Z,48,Berlin,178,8257.278
2025-11-18T04:00:00.000Z,49,Vancouver,179,7652.309
2025-11-18T04:00:00.000Z,50,Tokyo,183,8066.769
2025-11-18T05:00:00.000Z,1,Kolkata,99,8787.957
2025-11-18T05:00:00.000Z,2,Ho Chi Minh City,107,7214.271
2025-11-18T05:00:00.000Z,3,London,109,9634.101
2025-11-18T05:00:00.000Z,4,Chennai,110,7214.746
2025-11-18T05:00:00.000Z,5,San Francisco,111,8594.819
2025-11-18T05:00:00.000Z,6,Melbourne,114,9053.555
2025-11-18T05:00:00.000Z,7,Vancouver,119,6984.624
2025-11-18T05:00:00.000Z,8,Mexico City,120,6910.985000000001
2025-11-18T05:00:00.000Z,9,Beijing,123,7658.335
2025-11-18T05:00:00.000Z,10,Helsinki,123,7803.276
2025-11-18T05:00:00.000Z,11,Bangkok,123,8183.36
2025-11-18T05:00:00.000Z,12,Delhi,124,7682.484
2025-11-18T05:00:00.000Z,13,Auckland,127,7778.724
2025-11-18T05:00:00.000Z,14,Tehran,129,8334.262
2025-11-18T05:00:00.000Z,15,Cairo,130,8517.886
2025-11-18T05:00:00.000Z,16,Los Angeles,130,9856.698
2025-11-18T05:00:00.000Z,17,Sydney,131,7937.686000000001
2025-11-18T05:00:00.000Z,18,Cape Town,131,8009.072
2025-11-18T05:00:00.000Z,19,Istanbul,131,8043.058
2025-11-18T05:00:00.000Z,20,Houston,131,8123.109
2025-11-18T05:00:00.000Z,21,Singapore,131,8311.128
2025-11-18T05:00:00.000Z,22,Shanghai,132,7732.351000000001
2025-11-18T05:00:00.000Z,23,Nairobi,133,8578.07
2025-11-18T05:00:00.000Z,24,Stockholm,135,8080.903
2025-11-18T05:00:00.000Z,25,Toronto,135,8920.777
2025-11-18T05:00:00.000Z,26,Riyadh,136,8016.268
2025-11-18T05:00:00.000Z,27,Mumbai,137,7504.763
2025-11-18T05:00:00.000Z,28,Osaka,137,7507.903
2025-11-18T05:00:00.000Z,29,Dubai,138,7600.004
2025-11-18T05:00:00.000Z,30,Madrid,138,8196.328
2025-11-18T05:00:00.000Z,31,Paris,143,7363.557
2025-11-18T05:00:00.000Z,32,Zurich,143,7419.847
2025-11-18T05:00:00.000Z,33,Karachi,145,8462.192000000001
2025-11-18T05:00:00.000Z,34,Jakarta,147,7327.919
2025-11-18T05:00:00.000Z,35,Kuala Lumpur,147,7677.173
2025-11-18T05:00:00.000Z,36,Bengaluru,148,8190.892
2025-11-18T05:00:00.000Z,37,Manila,150,8821.075
2025-11-18T05:00:00.000Z,38,Rome,152,8604.962
2025-11-18T05:00:00.000Z,39,Hong Kong,153,8165.588
2025-11-18T05:00:00.000Z,40,São Paulo,157,8131.996
2025-11-18T05:00:00.000Z,41,Warsaw,158,6973.127
2025-11-18T05:00:00.000Z,42,Chicago,158,7982.451999999999
2025-11-18T05:00:00.000Z,43,Buenos Aires,158,8259.779999999999
2025-11-18T05:00:00.000Z,44,Doha,158,8793.295
2025-11-18T05:00:00.000Z,45,Seoul,164,6764.529
2025-11-18T05:00:00.000Z,46,New York,167,8174.766
2025-11-18T05:00:00.000Z,47,Lagos,169,8377.679
2025-11-18T05:00:00.000Z,48,Moscow,175,8351.401
2025-11-18T05:00:00.000Z,49,Berlin,178,7921.308
2025-11-18T05:00:00.000Z,50,Tokyo,183,8054.602
2025-11-18T06:00:00.000Z,1,Kolkata,99,8549.042
2025-11-18T06:00:00.000Z,2,Ho Chi Minh City,107,7615.130999999999
2025-11-18T06:00:00.000Z,3,Chennai,110,6644.654
2025-11-18T06:00:00.000Z,4,San Francisco,111,8966.143
2025-11-18T06:00:00.000Z,5,London,118,9055.233
2025-11-18T06:00:00.000Z,6,Vancouver,119,7349.563
2025-11-18T06:00:00.000Z,7,Mexico City,120,6894.702
2025-11-18T06:00:00.000Z,8,Melbourne,121,8729.841
2025-11-18T06:00:00.000Z,9,Helsinki,123,7930.7880000000005
2025-11-18T06:00:00.000Z,10,Bangkok,123,8259.235
2025-11-18T06:00:00.000Z,11,Tehran,126,8410.255000000001
2025-11-18T06:00:00.000Z,12,Auckland,127,7865.376
2025-11-18T06:00:00.000Z,13,Cairo,130,8858.586
2025-11-18T06:00:00.000Z,14,Los Angeles,130,9444.336
2025-11-18T06:00:00.000Z,15,Sydney,131,7545.456
2025-11-18T06:00:00.000Z,16,Istanbul,131,7708.842000000001
2025-11-18T06:00:00.000Z,17,Houston,131,7881.196
2025-11-18T06:00:00.000Z,18,Singapore,131,8577.119
2025-11-18T06:00:00.000Z,19,Shanghai,132,7169.365
2025-11-18T06:00:00.000Z,20,Nairobi,133,8514.823
2025-11-18T06:00:00.000Z,21,Stockholm,135,8156.778
2025-11-18T06:00:00.000Z,22,Toronto,135,8867.368
2025-11-18T06:00:00.000Z,23,Riyadh,136,8295.391
2025-11-18T06:00:00.000Z,24,Delhi,137,7443.6539999999995
2025-11-18T06:00:00.000Z,25,Mumbai,137,7887.166
2025-11-18T06:00:00.000Z,26,Osaka,137,7904.506
2025-11-18T06:00:00.000Z,27,Manila,137,8772.369
2025-11-18T06:00:00.000Z,28,Dubai,138,7913.0740000000005
2025-11-18T06:00:00.000Z,29,Madrid,138,8388.530999999999
2025-11-18T06:00:00.000Z,30,Zurich,143,6842.193
2025-11-18T06:00:00.000Z,31,Hong Kong,143,7686.355
2025-11-18T06:00:00.000Z,32,Karachi,145,8412.125
2025-11-18T06:00:00.000Z,33,Kuala Lumpur,147,7177.617
2025-11-18T06:00:00.000Z,34,Jakarta,147,7339.606
2025-11-18T06:00:00.000Z,35,Bengaluru,148,7727.287
2025-11-18T06:00:00.000Z,36,Beijing,150,7235.289000000001
2025-11-18T06:00:00.000Z,37,Rome,152,8740.47
2025-11-18T06:00:00.000Z,38,Cape Town,154,8472.647
2025-11-18T06:00:00.000Z,39,São Paulo,157,7886.75
2025-11-18T06:00:00.000Z,40,Warsaw,158,6651.034
2025-11-18T06:00:00.000Z,41,Chicago,158,8195.729
2025-11-18T06:00:00.000Z,42,Buenos Aires,158,8351.271
2025-11-18T06:00:00.000Z,43,Doha,163,8260.491
2025-11-18T06:00:00.000Z,44,Seoul,164,6960.016
2025-11-18T06:00:00.000Z,45,New York,167,8065.9
2025-11-18T06:00:00.000Z,46,Lagos,169,8365.02
2025-11-18T06:00:00.000Z,47,Paris,173,7606.5779999999995
2025-11-18T06:00:00.000Z,48,Moscow,175,8455.536
2025-11-18T06:00:00.000Z,49,Berlin,178,7983.628000000001
2025-11-18T06:00:00.000Z,50,Tokyo,183,7672.217
2025-11-18T07:00:00.000Z,1,Ho Chi Minh City,107,8144.499
2025-11-18T07:00:00.000Z,2,San Francisco,111,8512.742
2025-11-18T07:00:00.000Z,3,Kolkata,114,9043.928
2025-11-18T07:00:00.000Z,4,Vancouver,118,7190.29
2025-11-18T07:00:00.000Z,5,London,118,8947.111
2025-11-18T07:00:00.000Z,6,Mexico City,120,7127.5740000000005
2025-11-18T07:00:00.000Z,7,Bengaluru,120,7674.893
2025-11-18T07:00:00.000Z,8,Melbourne,121,8206.17
2025-11-18T07:00:00.000Z,9,Helsinki,123,7838.409
2025-11-18T07:00:00.000Z,10,Bangkok,123,8026.587
2025-11-18T07:00:00.000Z,11,Tehran,126,8536.347
2025-11-18T07:00:00.000Z,12,Chennai,128,6835.245
2025-11-18T07:00:00.000Z,13,Cairo,130,9045.875
2025-11-18T07:00:00.000Z,14,Los Angeles,130,9069.822
2025-11-18T07:00:00.000Z,15,Sydney,131,7829.041
2025-11-18T07:00:00.000Z,16,Houston,131,8157.371
2025-11-18T07:00:00.000Z,17,Singapore,131,8678.973
2025-11-18T07:00:00.000Z,18,Shanghai,132,7464.11
2025-11-18T07:00:00.000Z,19,Auckland,133,7963.787
2025-11-18T07:00:00.000Z,20,Nairobi,133,8547.39
2025-11-18T07:00:00.000Z,21,Stockholm,135,8165.979
2025-11-18T07:00:00.000Z,22,Toronto,135,8408.113
2025-11-18T07:00:00.000Z,23,Riyadh,136,8308.246
2025-11-18T07:00:00.000Z,24,Mumbai,137,7849.111
2025-11-18T07:00:00.000Z,25,Delhi,137,8320.097
2025-11-18T07:00:00.000Z,26,Osaka,137,8723.187
2025-11-18T07:00:00.000Z,27,Manila,137,9237.141
2025-11-18T07:00:00.000Z,28,Madrid,138,7504.928
2025-11-18T07:00:00.000Z,29,Dubai,138,7663.846
2025-11-18T07:00:00.000Z,30,Zurich,143,7136.159
2025-11-18T07:00:00.000Z,31,Hong Kong,143,8692.869999999999
2025-11-18T07:00:00.000Z,32,Karachi,145,8568.491
2025-11-18T07:00:00.000Z,33,Jakarta,147,6673.136
2025-11-18T07:00:00.000Z,34,Kuala Lumpur,147,7870.988
2025-11-18T07:00:00.000Z,35,Beijing,150,6937.313
2025-11-18T07:00:00.000Z,36,Istanbul,151,7918.959
2025-11-18T07:00:00.000Z,37,Berlin,152,7112.003
2025-11-18T07:00:00.000Z,38,Rome,152,8406.353
2025-11-18T07:00:00.000Z,39,Cape Town,154,7987.91
2025-11-18T07:00:00.000Z,40,São Paulo,157,7791.89
2025-11-18T07:00:00.000Z,41,Warsaw,158,6815.022
2025-11-18T07:00:00.000Z,42,Buenos Aires,158,7754.858
2025-11-18T07:00:00.000Z,43,Chicago,158,8656.363
2025-11-18T07:00:00.000Z,44,Doha,163,7765.309
2025-11-18T07:00:00.000Z,45,Seoul,164,7153.385
2025-11-18T07:00:00.000Z,46,New York,167,7894.577
2025-11-18T07:00:00.000Z,47,Lagos,169,8390.762999999999
2025-11-18T07:00:00.000Z,48,Paris,173,7662.864
2025-11-18T07:00:00.000Z,49,Moscow,175,8092.314
2025-11-18T07:00:00.000Z,50,Tokyo,183,7876.509
2025-11-18T08:00:00.000Z,1,Ho Chi Minh City,101,8881.996
2025-11-18T08:00:00.000Z,2,San Francisco,111,8516.218
2025-11-18T08:00:00.000Z,3,Riyadh,113,8121.839
2025-11-18T08:00:00.000Z,4,Kolkata,114,8905.023000000001
2025-11-18T08:00:00.000Z,5,Mexico City,115,7297.341
2025-11-18T08:00:00.000Z,6,Vancouver,118,7533.648
2025-11-18T08:00:00.000Z,7,London,118,8601.158
2025-11-18T08:00:00.000Z,8,Melbourne,121,7579.139999999999
2025-11-18T08:00:00.000Z,9,Helsinki,123,7538.816
2025-11-18T08:00:00.000Z,10,Bangkok,123,8009.622
2025-11-18T08:00:00.000Z,11,Cairo,123,9075.532
2025-11-18T08:00:00.000Z,12,Singapore,126,8611.494
2025-11-18T08:00:00.000Z,13,Tehran,127,8414.561
2025-11-18T08:00:00.000Z,14,Chennai,128,6599.823
2025-11-18T08:00:00.000Z,15,Madrid,128,6731.706
2025-11-18T08:00:00.000Z,16,Moscow,128,8174.646
2025-11-18T08:00:00.000Z,17,Houston,131,7796.7
2025-11-18T08:00:00.000Z,18,Nairobi,131,8414.161
2025-11-18T08:00:00.000Z,19,Shanghai,132,7905.305
2025-11-18T08:00:00.000Z,20,Auckland,133,8078.808
2025-11-18T08:00:00.000Z,21,Stockholm,135,7866.5509999999995
2025-11-18T08:00:00.000Z,22,Toronto,135,8158.491
2025-11-18T08:00:00.000Z,23,Mumbai,137,7984.072
2025-11-18T08:00:00.000Z,24,Delhi,137,8552.147
2025-11-18T08:00:00.000Z,25,Osaka,137,9089.467
2025-11-18T08:00:00.000Z,26,Manila,137,9210.784
2025-11-18T08:00:00.000Z,27,Dubai,138,8110.472
2025-11-18T08:00:00.000Z,28,Zurich,143,6534.778
2025-11-18T08:00:00.000Z,29,Los Angeles,144,9258.963
2025-11-18T08:00:00.000Z,30,Bengaluru,145,8081.641
2025-11-18T08:00:00.000Z,31,Karachi,145,8546.938
2025-11-18T08:00:00.000Z,32,Jakarta,147,7132.455
2025-11-18T08:00:00.000Z,33,Kuala Lumpur,147,7604.081
2025-11-18T08:00:00.000Z,34,Beijing,150,7154.591
2025-11-18T08:00:00.000Z,35,Hong Kong,150,9248.313
2025-11-18T08:00:00.000Z,36,Istanbul,151,8219.758
2025-11-18T08:00:00.000Z,37,Berlin,152,7059.903
2025-11-18T08:00:00.000Z,38,Rome,152,8596.725
2025-11-18T08:00:00.000Z,39,Cape Town,154,8123.87
2025-11-18T08:00:00.000Z,40,São Paulo,157,7727.013
2025-11-18T08:00:00.000Z,41,Warsaw,158,6951.392
2025-11-18T08:00:00.000Z,42,Buenos Aires,158,7446.011
2025-11-18T08:00:00.000Z,43,Chicago,158,8791.011
2025-11-18T08:00:00.000Z,44,Sydney,159,7671.027
2025-11-18T08:00:00.000Z,45,Doha,163,7381.367
2025-11-18T08:00:00.000Z,46,Seoul,164,7807.999
2025-11-18T08:00:00.000Z,47,New York,167,8190.325
2025-11-18T08:00:00.000Z,48,Lagos,169,8476.697
2025-11-18T08:00:00.000Z,49,Paris,173,7007.479
2025-11-18T08:00:00.000Z,50,Tokyo,183,8043.0
2025-11-18T09:00:00.000Z,1,Riyadh,102,8072.506
2025-11-18T09:00:00.000Z,2,Singapore,103,8683.379
2025-11-18T09:00:00.000Z,3,Kolkata,114,9078.487
2025-11-18T09:00:00.000Z,4,London,118,8930.966
2025-11-18T09:00:00.000Z,5,Melbourne,121,7471.728999999999
2025-11-18T09:00:00.000Z,6,Mexico City,122,7228.976000000001
2025-11-18T09:00:00.000Z,7,Helsinki,123,7761.116
2025-11-18T09:00:00.000Z,8,Bangkok,123,8043.058
2025-11-18T09:00:00.000Z,9,Cairo,123,9195.865
2025-11-18T09:00:00.000Z,10,Shanghai,126,8059.5509999999995
2025-11-18T09:00:00.000Z,11,Houston,127,7752.9
2025-11-18T09:00:00.000Z,12,Tehran,127,8498.442
2025-11-18T09:00:00.000Z,13,San Francisco,127,8749.412
2025-11-18T09:00:00.000Z,14,Chennai,128,6584.761
2025-11-18T09:00:00.000Z,15,Madrid,128,6809.893
2025-11-18T09:00:00.000Z,16,Osaka,129,8744.908
2025-11-18T09:00:00.000Z,17,Nairobi,131,8655.104
2025-11-18T09:00:00.000Z,18,Auckland,133,8239.354
2025-11-18T09:00:00.000Z,19,Toronto,135,7082.619
2025-11-18T09:00:00.000Z,20,Stockholm,135,7627.89
2025-11-18T09:00:00.000Z,21,Delhi,137,8572.872
2025-11-18T09:00:00.000Z,22,Manila,137,9336.342
2025-11-18T09:00:00.000Z,23,Moscow,138,8506.076000000001
2025-11-18T09:00:00.000Z,24,Dubai,138,8531.895
2025-11-18T09:00:00.000Z,25,Vancouver,140,7252.004
2025-11-18T09:00:00.000Z,26,Zurich,143,6901.572
2025-11-18T09:00:00.000Z,27,Los Angeles,144,9127.843
2025-11-18T09:00:00.000Z,28,Bengaluru,145,7683.095
2025-11-18T09:00:00.000Z,29,Karachi,145,8672.431
2025-11-18T09:00:00.000Z,30,Ho Chi Minh City,146,9811.333
2025-11-18T09:00:00.000Z,31,Jakarta,147,6845.023
2025-11-18T09:00:00.000Z,32,Kuala Lumpur,147,7588.8060000000005
2025-11-18T09:00:00.000Z,33,Beijing,150,7171.577
2025-11-18T09:00:00.000Z,34,Hong Kong,150,8973.7
2025-11-18T09:00:00.000Z,35,Istanbul,151,8487.293
2025-11-18T09:00:00.000Z,36,Berlin,152,7417.35
2025-11-18T09:00:00.000Z,37,Rome,152,9267.994999999999
2025-11-18T09:00:00.000Z,38,Cape Town,154,8670.514
2025-11-18T09:00:00.000Z,39,São Paulo,157,8330.745
2025-11-18T09:00:00.000Z,40,Buenos Aires,158,6692.844999999999
2025-11-18T09:00:00.000Z,41,Warsaw,158,7101.431
2025-11-18T09:00:00.000Z,42,Chicago,158,8692.611
2025-11-18T09:00:00.000Z,43,Sydney,159,7559.402
2025-11-18T09:00:00.000Z,44,Mumbai,163,8630.535
2025-11-18T09:00:00.000Z,45,Seoul,164,8369.913
2025-11-18T09:00:00.000Z,46,New York,167,8468.999
2025-11-18T09:00:00.000Z,47,Lagos,169,7803.41
2025-11-18T09:00:00.000Z,48,Paris,173,7067.589
2025-11-18T09:00:00.000Z,49,Tokyo,183,8344.18
2025-11-18T09:00:00.000Z,50,Doha,187,7108.834
2025-11-18T10:00:00.000Z,1,Riyadh,102,8092.1
2025-11-18T10:00:00.000Z,2,Lagos,106,7541.321
2025-11-18T10:00:00.000Z,3,Kolkata,114,9490.693
2025-11-18T10:00:00.000Z,4,São Paulo,119,8562.302
2025-11-18T10:00:00.000Z,5,Toronto,120,7243.602
2025-11-18T10:00:00.000Z,6,Helsinki,120,7775.865
2025-11-18T10:00:00.000Z,7,Melbourne,121,7398.921
2025-11-18T10:00:00.000Z,8,Mexico City,122,6954.706
2025-11-18T10:00:00.000Z,9,Cairo,123,8980.943
2025-11-18T10:00:00.000Z,10,Shanghai,126,8616.907
2025-11-18T10:00:00.000Z,11,San Francisco,127,9084.677
2025-11-18T10:00:00.000Z,12,Chennai,128,6894.139
2025-11-18T10:00:00.000Z,13,Osaka,129,8746.354
2025-11-18T10:00:00.000Z,14,Singapore,131,8271.211
2025-11-18T10:00:00.000Z,15,Nairobi,131,8876.693
2025-11-18T10:00:00.000Z,16,Bangkok,132,7902.266
2025-11-18T10:00:00.000Z,17,Auckland,133,8766.994
2025-11-18T10:00:00.000Z,18,Tehran,133,8919.637999999999
2025-11-18T10:00:00.000Z,19,Delhi,137,8121.429
2025-11-18T10:00:00.000Z,20,Stockholm,138,7398.9169999999995
2025-11-18T10:00:00.000Z,21,Dubai,138,7876.939
2025-11-18T10:00:00.000Z,22,Moscow,138,8416.587
2025-11-18T10:00:00.000Z,23,Manila,139,8573.494999999999
2025-11-18T10:00:00.000Z,24,Vancouver,140,7421.715
2025-11-18T10:00:00.000Z,25,Seoul,142,8417.871
2025-11-18T10:00:00.000Z,26,Zurich,143,7091.975
2025-11-18T10:00:00.000Z,27,Houston,144,7640.33
2025-11-18T10:00:00.000Z,28,Los Angeles,144,8535.09
2025-11-18T10:00:00.000Z,29,Bengaluru,145,7914.678
2025-11-18T10:00:00.000Z,30,Karachi,145,8617.179
2025-11-18T10:00:00.000Z,31,Madrid,146,6756.02
2025-11-18T10:00:00.000Z,32,Ho Chi Minh City,146,9405.044
2025-11-18T10:00:00.000Z,33,Jakarta,147,6280.841
2025-11-18T10:00:00.000Z,34,Kuala Lumpur,147,7889.196
2025-11-18T10:00:00.000Z,35,London,147,9049.71
2025-11-18T10:00:00.000Z,36,Buenos Aires,148,6767.234
2025-11-18T10:00:00.000Z,37,Beijing,150,7455.696
2025-11-18T10:00:00.000Z,38,Hong Kong,150,8812.144
2025-11-18T10:00:00.000Z,39,Istanbul,151,8526.779
2025-11-18T10:00:00.000Z,40,Rome,152,8961.039999999999
2025-11-18T10:00:00.000Z,41,Cape Town,154,9072.682
2025-11-18T10:00:00.000Z,42,Warsaw,158,6955.276
2025-11-18T10:00:00.000Z,43,Chicago,158,7804.27
2025-11-18T10:00:00.000Z,44,Sydney,159,7143.115
2025-11-18T10:00:00.000Z,45,Mumbai,163,8453.966
2025-11-18T10:00:00.000Z,46,New York,167,8056.891
2025-11-18T10:00:00.000Z,47,Paris,173,6812.975
2025-11-18T10:00:00.000Z,48,Berlin,175,7239.528
2025-11-18T10:00:00.000Z,49,Tokyo,183,8227.772
2025-11-18T10:00:00.000Z,50,Doha,187,7082.048
2025-11-18T11:00:00.000Z,1,Riyadh,102,7866.018
2025-11-18T11:00:00.000Z,2,Kuala Lumpur,116,8375.681
2025-11-18T11:00:00.000Z,3,Chicago,118,7913.12
2025-11-18T11:00:00.000Z,4,São Paulo,119,8694.427
2025-11-18T11:00:00.000Z,5,Lagos,120,7206.627
2025-11-18T11:00:00.000Z,6,Helsinki,120,7942.062
2025-11-18T11:00:00.000Z,7,Melbourne,121,7888.200000000001
2025-11-18T11:00:00.000Z,8,Mexico City,122,7512.867
2025-11-18T11:00:00.000Z,9,Shanghai,126,8071.061
2025-11-18T11:00:00.000Z,10,San Francisco,127,9228.137
2025-11-18T11:00:00.000Z,11,Chennai,128,6744.108
2025-11-18T11:00:00.000Z,12,Tokyo,128,7729.427
2025-11-18T11:00:00.000Z,13,Osaka,129,8536.261
2025-11-18T11:00:00.000Z,14,Nairobi,131,9217.891
2025-11-18T11:00:00.000Z,15,Bangkok,132,8090.012
2025-11-18T11:00:00.000Z,16,Cairo,132,8597.373
2025-11-18T11:00:00.000Z,17,Auckland,133,8567.917
2025-11-18T11:00:00.000Z,18,Tehran,133,8684.235
2025-11-18T11:00:00.000Z,19,Delhi,137,7942.743
2025-11-18T11:00:00.000Z,20,Dubai,138,7437.034
2025-11-18T11:00:00.000Z,21,Stockholm,138,7473.982
2025-11-18T11:00:00.000Z,22,Moscow,138,8365.186
2025-11-18T11:00:00.000Z,23,Vancouver,140,7719.758
2025-11-18T11:00:00.000Z,24,Seoul,142,8546.74
2025-11-18T11:00:00.000Z,25,Rome,142,8643.59
2025-11-18T11:00:00.000Z,26,Kolkata,142,9162.951000000001
2025-11-18T11:00:00.000Z,27,Manila,143,8699.437
2025-11-18T11:00:00.000Z,28,Houston,144,7809.09
2025-11-18T11:00:00.000Z,29,Los Angeles,144,8516.607
2025-11-18T11:00:00.000Z,30,Bengaluru,145,7718.3189999999995
2025-11-18T11:00:00.000Z,31,Karachi,145,8265.611
2025-11-18T11:00:00.000Z,32,Madrid,146,6698.683
2025-11-18T11:00:00.000Z,33,Zurich,146,7248.997
2025-11-18T11:00:00.000Z,34,Ho Chi Minh City,146,8889.024
2025-11-18T11:00:00.000Z,35,Jakarta,147,6679.367
2025-11-18T11:00:00.000Z,36,London,147,8536.745
2025-11-18T11:00:00.000Z,37,Buenos Aires,148,7075.938
2025-11-18T11:00:00.000Z,38,Toronto,149,7979.8009999999995
2025-11-18T11:00:00.000Z,39,Beijing,150,7035.457
2025-11-18T11:00:00.000Z,40,Hong Kong,150,8901.226999999999
2025-11-18T11:00:00.000Z,41,Istanbul,151,9120.621
2025-11-18T11:00:00.000Z,42,Singapore,153,8591.298
2025-11-18T11:00:00.000Z,43,Cape Town,154,9213.809
2025-11-18T11:00:00.000Z,44,Warsaw,158,7482.536
2025-11-18T11:00:00.000Z,45,Sydney,159,7102.157
2025-11-18T11:00:00.000Z,46,Mumbai,163,7963.559
2025-11-18T11:00:00.000Z,47,Paris,173,7258.332
2025-11-18T11:00:00.000Z,48,New York,173,8363.339
2025-11-18T11:00:00.000Z,49,Berlin,175,7256.494000000001
2025-11-18T11:00:00.000Z,50,Doha,187,7096.4
2025-11-18T12:00:00.000Z,1,Riyadh,102,7367.907
2025-11-18T12:00:00.000Z,2,Jakarta,117,7039.918
2025-11-18T12:00:00.000Z,3,Kuala Lumpur,117,8639.118
2025-11-18T12:00:00.000Z,4,Chicago,118,7952.121999999999
2025-11-18T12:00:00.000Z,5,São Paulo,118,8361.892
2025-11-18T12:00:00.000Z,6,Helsinki,120,8931.732
2025-11-18T12:00:00.000Z,7,Melbourne,121,7723.499
2025-11-18T12:00:00.000Z,8,Mexico City,122,6949.285
2025-11-18T12:00:00.000Z,9,Shanghai,126,8318.786
2025-11-18T12:00:00.000Z,10,San Francisco,127,8705.197
2025-11-18T12:00:00.000Z,11,Chennai,128,7016.457
2025-11-18T12:00:00.000Z,12,Tokyo,128,7675.973
2025-11-18T12:00:00.000Z,13,Seoul,128,8887.696
2025-11-18T12:00:00.000Z,14,Osaka,129,8411.631
2025-11-18T12:00:00.000Z,15,Nairobi,131,8125.436
2025-11-18T12:00:00.000Z,16,Lagos,132,7141.281
2025-11-18T12:00:00.000Z,17,Bangkok,132,7213.652
2025-11-18T12:00:00.000Z,18,Cairo,132,8723.055
2025-11-18T12:00:00.000Z,19,Tehran,133,8551.452
2025-11-18T12:00:00.000Z,20,Auckland,133,8596.867
2025-11-18T12:00:00.000Z,21,Dubai,134,6933.834
2025-11-18T12:00:00.000Z,22,Delhi,137,7855.502
2025-11-18T12:00:00.000Z,23,Stockholm,138,7454.603999999999
2025-11-18T12:00:00.000Z,24,Moscow,138,9005.302
2025-11-18T12:00:00.000Z,25,Vancouver,140,8435.404999999999
2025-11-18T12:00:00.000Z,26,Kolkata,142,7964.034
2025-11-18T12:00:00.000Z,27,Rome,142,8405.661
2025-11-18T12:00:00.000Z,28,Manila,143,8586.805
2025-11-18T12:00:00.000Z,29,Los Angeles,144,7425.492
2025-11-18T12:00:00.000Z,30,Houston,144,7575.627
2025-11-18T12:00:00.000Z,31,Bengaluru,145,7976.554
2025-11-18T12:00:00.000Z,32,Karachi,145,8066.757
2025-11-18T12:00:00.000Z,33,Zurich,146,6841.459
2025-11-18T12:00:00.000Z,34,Madrid,146,6890.360000000001
2025-11-18T12:00:00.000Z,35,Ho Chi Minh City,146,8676.769
2025-11-18T12:00:00.000Z,36,London,147,8643.662
2025-11-18T12:00:00.000Z,37,Toronto,149,7759.159
2025-11-18T12:00:00.000Z,38,Beijing,150,6584.567999999999
2025-11-18T12:00:00.000Z,39,Hong Kong,150,8598.904
2025-11-18T12:00:00.000Z,40,Istanbul,151,9271.589
2025-11-18T12:00:00.000Z,41,Singapore,153,8775.322
2025-11-18T12:00:00.000Z,42,Cape Town,154,9594.767
2025-11-18T12:00:00.000Z,43,Buenos Aires,156,7247.221
2025-11-18T12:00:00.000Z,44,Warsaw,158,7005.356
2025-11-18T12:00:00.000Z,45,Sydney,159,6972.246999999999
2025-11-18T12:00:00.000Z,46,Mumbai,163,8328.655
2025-11-18T12:00:00.000Z,47,Paris,173,7551.173
2025-11-18T12:00:00.000Z,48,New York,173,8254.271
2025-11-18T12:00:00.000Z,49,Berlin,175,7585.968
2025-11-18T12:00:00.000Z,50,Doha,187,7773.055
2025-11-18T13:00:00.000Z,1,Karachi,96,8195.252
2025-11-18T13:00:00.000Z,2,Dubai,110,7101.073
2025-11-18T13:00:00.000Z,3,São Paulo,118,7899.3
2025-11-18T13:00:00.000Z,4,Helsinki,120,9087.376
2025-11-18T13:00:00.000Z,5,Melbourne,121,7588.942
2025-11-18T13:00:00.000Z,6,Mexico City,122,7113.196
2025-11-18T13:00:00.000Z,7,Jakarta,122,7266.742
2025-11-18T13:00:00.000Z,8,Kuala Lumpur,126,7735.749
2025-11-18T13:00:00.000Z,9,Nairobi,126,8394.787
2025-11-18T13:00:00.000Z,10,Chennai,128,7093.887000000001
2025-11-18T13:00:00.000Z,11,Tokyo,128,7947.343
2025-11-18T13:00:00.000Z,12,Seoul,128,9770.338
2025-11-18T13:00:00.000Z,13,Osaka,129,8725.231
2025-11-18T13:00:00.000Z,14,Lagos,132,6777.755999999999
2025-11-18T13:00:00.000Z,15,Bangkok,132,7581.463
2025-11-18T13:00:00.000Z,16,Cairo,132,8214.731
2025-11-18T13:00:00.000Z,17,Rome,132,8614.262
2025-11-18T13:00:00.000Z,18,Tehran,133,8247.876
2025-11-18T13:00:00.000Z,19,Shanghai,135,8590.448
2025-11-18T13:00:00.000Z,20,Stockholm,138,7172.549999999999
2025-11-18T13:00:00.000Z,21,Moscow,138,9404.736
2025-11-18T13:00:00.000Z,22,Vancouver,140,8454.848
2025-11-18T13:00:00.000Z,23,San Francisco,140,8886.252
2025-11-18T13:00:00.000Z,24,Riyadh,141,7529.868
2025-11-18T13:00:00.000Z,25,Kolkata,142,8072.157999999999
2025-11-18T13:00:00.000Z,26,Manila,143,8843.704
2025-11-18T13:00:00.000Z,27,Los Angeles,144,7396.977
2025-11-18T13:00:00.000Z,28,Houston,144,8120.901
2025-11-18T13:00:00.000Z,29,Bengaluru,145,7988.995
2025-11-18T13:00:00.000Z,30,Madrid,146,7008.268
2025-11-18T13:00:00.000Z,31,Zurich,146,7809.911
2025-11-18T13:00:00.000Z,32,Ho Chi Minh City,146,8043.4349999999995
2025-11-18T13:00:00.000Z,33,London,147,8604.824
2025-11-18T13:00:00.000Z,34,Toronto,149,7609.144
2025-11-18T13:00:00.000Z,35,Chicago,149,8398.362000000001
2025-11-18T13:00:00.000Z,36,Beijing,150,7101.5019999999995
2025-11-18T13:00:00.000Z,37,Hong Kong,150,8583.231
2025-11-18T13:00:00.000Z,38,Istanbul,151,9214.291000000001
2025-11-18T13:00:00.000Z,39,Singapore,153,9188.324
2025-11-18T13:00:00.000Z,40,Cape Town,154,9961.081
2025-11-18T13:00:00.000Z,41,Auckland,155,8875.002
2025-11-18T13:00:00.000Z,42,Buenos Aires,156,7494.0380000000005
2025-11-18T13:00:00.000Z,43,Warsaw,158,7392.148999999999
2025-11-18T13:00:00.000Z,44,Sydney,159,6984.647999999999
2025-11-18T13:00:00.000Z,45,Mumbai,163,7661.481
2025-11-18T13:00:00.000Z,46,Paris,173,7596.268
2025-11-18T13:00:00.000Z,47,New York,173,8317.99
2025-11-18T13:00:00.000Z,48,Berlin,175,7157.866
2025-11-18T13:00:00.000Z,49,Delhi,181,8067.479
2025-11-18T13:00:00.000Z,50,Doha,187,8049.193
2025-11-18T14:00:00.000Z,1,Dubai,110,7330.111
2025-11-18T14:00:00.000Z,2,São Paulo,113,7929.988
2025-11-18T14:00:00.000Z,3,Karachi,119,8522.678
2025-11-18T14:00:00.000Z,4,Helsinki,120,9269.447
2025-11-18T14:00:00.000Z,5,Paris,121,7530.243
2025-11-18T14:00:00.000Z,6,Melbourne,121,7742.966
2025-11-18T14:00:00.000Z,7,Mexico City,122,6699.935
2025-11-18T14:00:00.000Z,8,Jakarta,122,7219.189
2025-11-18T14:00:00.000Z,9,Kuala Lumpur,126,8370.249
2025-11-18T14:00:00.000Z,10,Nairobi,126,8865.654
2025-11-18T14:00:00.000Z,11,Chennai,128,7519.382
2025-11-18T14:00:00.000Z,12,Tokyo,128,8456.638
2025-11-18T14:00:00.000Z,13,Seoul,128,9838.438
2025-11-18T14:00:00.000Z,14,Beijing,131,7263.452
2025-11-18T14:00:00.000Z,15,Lagos,132,7103.075
2025-11-18T14:00:00.000Z,16,Bangkok,132,7296.99
2025-11-18T14:00:00.000Z,17,Cairo,132,7589.995
2025-11-18T14:00:00.000Z,18,Rome,132,8183.1810000000005
2025-11-18T14:00:00.000Z,19,Tehran,133,8612.992
2025-11-18T14:00:00.000Z,20,Stockholm,138,7296.341
2025-11-18T14:00:00.000Z,21,Shanghai,138,8397.348
2025-11-18T14:00:00.000Z,22,Moscow,138,8768.194
2025-11-18T14:00:00.000Z,23,San Francisco,140,8054.678
2025-11-18T14:00:00.000Z,24,Vancouver,140,8352.347
2025-11-18T14:00:00.000Z,25,Cape Town,140,9413.807
2025-11-18T14:00:00.000Z,26,Riyadh,141,7156.76
2025-11-18T14:00:00.000Z,27,Osaka,141,8778.089
2025-11-18T14:00:00.000Z,28,Kolkata,142,7858.266
2025-11-18T14:00:00.000Z,29,Manila,143,8734.442
2025-11-18T14:00:00.000Z,30,Los Angeles,144,7996.429
2025-11-18T14:00:00.000Z,31,Bengaluru,145,8547.317
2025-11-18T14:00:00.000Z,32,Madrid,146,6911.976
2025-11-18T14:00:00.000Z,33,Zurich,146,8049.6900000000005
2025-11-18T14:00:00.000Z,34,Houston,146,8264.877
2025-11-18T14:00:00.000Z,35,London,147,9094.829
2025-11-18T14:00:00.000Z,36,Toronto,149,7328.473
2025-11-18T14:00:00.000Z,37,Chicago,149,8059.164
2025-11-18T14:00:00.000Z,38,Hong Kong,150,8885.071
2025-11-18T14:00:00.000Z,39,Istanbul,151,9320.583999999999
2025-11-18T14:00:00.000Z,40,Ho Chi Minh City,152,8403.743
2025-11-18T14:00:00.000Z,41,Singapore,153,8929.298
2025-11-18T14:00:00.000Z,42,Auckland,155,8489.904
2025-11-18T14:00:00.000Z,43,Buenos Aires,156,7847.744000000001
2025-11-18T14:00:00.000Z,44,Warsaw,158,7705.911
2025-11-18T14:00:00.000Z,45,Sydney,159,7783.487
2025-11-18T14:00:00.000Z,46,Mumbai,163,7244.977000000001
2025-11-18T14:00:00.000Z,47,New York,173,8905.34
2025-11-18T14:00:00.000Z,48,Berlin,175,7622.6849999999995
2025-11-18T14:00:00.000Z,49,Delhi,181,8428.874
2025-11-18T14:00:00.000Z,50,Doha,187,8271.512
2025-11-18T15:00:00.000Z,1,Warsaw,108,7384.869000000001
2025-11-18T15:00:00.000Z,2,Dubai,116,7224.377
2025-11-18T15:00:00.000Z,3,Karachi,119,8176.124
2025-11-18T15:00:00.000Z,4,Paris,121,7305.919
2025-11-18T15:00:00.000Z,5,Melbourne,121,8320.571
2025-11-18T15:00:00.000Z,6,Mexico City,122,6770.479
2025-11-18T15:00:00.000Z,7,Jakarta,122,7818.889999999999
2025-11-18T15:00:00.000Z,8,Chennai,125,7673.924
2025-11-18T15:00:00.000Z,9,Kuala Lumpur,126,7816.772
2025-11-18T15:00:00.000Z,10,Nairobi,126,9100.991
2025-11-18T15:00:00.000Z,11,Seoul,128,9513.130000000001
2025-11-18T15:00:00.000Z,12,Beijing,131,7181.862
2025-11-18T15:00:00.000Z,13,Lagos,132,7225.748
2025-11-18T15:00:00.000Z,14,Cairo,132,7325.08
2025-11-18T15:00:00.000Z,15,Bangkok,132,7439.843000000001
2025-11-18T15:00:00.000Z,16,Rome,132,8268.412
2025-11-18T15:00:00.000Z,17,Helsinki,132,9478.731
2025-11-18T15:00:00.000Z,18,São Paulo,133,7932.15
2025-11-18T15:00:00.000Z,19,Tehran,133,8183.396000000001
2025-11-18T15:00:00.000Z,20,Istanbul,135,9366.067
2025-11-18T15:00:00.000Z,21,Stockholm,138,7147.754999999999
2025-11-18T15:00:00.000Z,22,Shanghai,138,8221.459
2025-11-18T15:00:00.000Z,23,Moscow,138,9124.897
2025-11-18T15:00:00.000Z,24,San Francisco,140,8164.008
2025-11-18T15:00:00.000Z,25,Vancouver,140,8717.262
2025-11-18T15:00:00.000Z,26,Tokyo,140,8961.876
2025-11-18T15:00:00.000Z,27,Riyadh,141,6855.4619999999995
2025-11-18T15:00:00.000Z,28,Osaka,141,8679.047999999999
2025-11-18T15:00:00.000Z,29,Kolkata,142,7972.635
2025-11-18T15:00:00.000Z,30,Manila,143,8896.672
2025-11-18T15:00:00.000Z,31,Los Angeles,144,8273.122
2025-11-18T15:00:00.000Z,32,Bengaluru,145,8796.846
2025-11-18T15:00:00.000Z,33,Madrid,146,7061.136
2025-11-18T15:00:00.000Z,34,Zurich,146,7264.302
2025-11-18T15:00:00.000Z,35,Houston,146,7975.146000000001
2025-11-18T15:00:00.000Z,36,London,147,9264.476
2025-11-18T15:00:00.000Z,37,Cape Town,148,9142.23
2025-11-18T15:00:00.000Z,38,Toronto,149,7353.49
2025-11-18T15:00:00.000Z,39,Chicago,149,7834.696
2025-11-18T15:00:00.000Z,40,Hong Kong,150,8055.066
2025-11-18T15:00:00.000Z,41,Ho Chi Minh City,152,8473.982
2025-11-18T15:00:00.000Z,42,Singapore,153,8957.627
2025-11-18T15:00:00.000Z,43,Auckland,155,7985.21
2025-11-18T15:00:00.000Z,44,Buenos Aires,156,7932.971
2025-11-18T15:00:00.000Z,45,Sydney,159,7907.512
2025-11-18T15:00:00.000Z,46,Mumbai,163,8013.456
2025-11-18T15:00:00.000Z,47,New York,173,8750.986
2025-11-18T15:00:00.000Z,48,Berlin,175,7976.2970000000005
2025-11-18T15:00:00.000Z,49,Delhi,181,8106.851000000001
2025-11-18T15:00:00.000Z,50,Doha,187,8182.9619999999995
2025-11-18T16:00:00.000Z,1,Warsaw,108,7533.022
2025-11-18T16:00:00.000Z,2,Karachi,119,8155.26
2025-11-18T16:00:00.000Z,3,Dubai,120,6947.848
2025-11-18T16:00:00.000Z,4,Chennai,121,8353.386
2025-11-18T16:00:00.000Z,5,Melbourne,121,8893.269
2025-11-18T16:00:00.000Z,6,Jakarta,124,7343.759
2025-11-18T16:00:00.000Z,7,Kuala Lumpur,126,7624.821
2025-11-18T16:00:00.000Z,8,Nairobi,126,9418.461
2025-11-18T16:00:00.000Z,9,Seoul,128,8937.1
2025-11-18T16:00:00.000Z,10,Sydney,129,7684.467000000001
2025-11-18T16:00:00.000Z,11,Beijing,131,7118.441
2025-11-18T16:00:00.000Z,12,Lagos,132,6674.316
2025-11-18T16:00:00.000Z,13,Cairo,132,6982.120999999999
2025-11-18T16:00:00.000Z,14,Rome,132,7431.602
2025-11-18T16:00:00.000Z,15,Hong Kong,132,7450.1720000000005
2025-11-18T16:00:00.000Z,16,Bangkok,132,7559.106
2025-11-18T16:00:00.000Z,17,Helsinki,132,9323.413
2025-11-18T16:00:00.000Z,18,Los Angeles,133,8069.942999999999
2025-11-18T16:00:00.000Z,19,São Paulo,133,8319.156
2025-11-18T16:00:00.000Z,20,Tehran,133,8894.279
2025-11-18T16:00:00.000Z,21,Istanbul,135,9275.815
2025-11-18T16:00:00.000Z,22,Mexico City,137,7393.258
2025-11-18T16:00:00.000Z,23,Stockholm,138,6742.078
2025-11-18T16:00:00.000Z,24,Shanghai,138,8012.275
2025-11-18T16:00:00.000Z,25,Moscow,138,8602.641
2025-11-18T16:00:00.000Z,26,San Francisco,140,7944.629
2025-11-18T16:00:00.000Z,27,Vancouver,140,8363.26
2025-11-18T16:00:00.000Z,28,Tokyo,140,8755.936
2025-11-18T16:00:00.000Z,29,Riyadh,141,6861.075
2025-11-18T16:00:00.000Z,30,Osaka,141,8221.348
2025-11-18T16:00:00.000Z,31,Kolkata,142,7958.632
2025-11-18T16:00:00.000Z,32,Manila,143,8444.857
2025-11-18T16:00:00.000Z,33,Bengaluru,144,8388.458
2025-11-18T16:00:00.000Z,34,Zurich,146,7422.008
2025-11-18T16:00:00.000Z,35,Houston,146,7879.465
2025-11-18T16:00:00.000Z,36,Madrid,146,7919.898
2025-11-18T16:00:00.000Z,37,London,147,9236.715
2025-11-18T16:00:00.000Z,38,Cape Town,148,9123.608
2025-11-18T16:00:00.000Z,39,Chicago,149,7029.411
2025-11-18T16:00:00.000Z,40,Toronto,149,7734.911
2025-11-18T16:00:00.000Z,41,Paris,149,7788.755
2025-11-18T16:00:00.000Z,42,Ho Chi Minh City,152,7940.717000000001
2025-11-18T16:00:00.000Z,43,Singapore,153,8831.714
2025-11-18T16:00:00.000Z,44,Auckland,155,7527.054
2025-11-18T16:00:00.000Z,45,Buenos Aires,156,7799.9169999999995
2025-11-18T16:00:00.000Z,46,Mumbai,163,8695.171
2025-11-18T16:00:00.000Z,47,New York,173,8090.99
2025-11-18T16:00:00.000Z,48,Berlin,175,7922.489
2025-11-18T16:00:00.000Z,49,Delhi,181,7412.784
2025-11-18T16:00:00.000Z,50,Doha,187,9171.761
2025-11-18T17:00:00.000Z,1,Warsaw,118,7627.311
2025-11-18T17:00:00.000Z,2,Chennai,118,9040.437
2025-11-18T17:00:00.000Z,3,Karachi,119,7839.279
2025-11-18T17:00:00.000Z,4,Melbourne,121,8408.434000000001
2025-11-18T17:00:00.000Z,5,Vancouver,121,8454.805
2025-11-18T17:00:00.000Z,6,Nairobi,121,9040.054
2025-11-18T17:00:00.000Z,7,Jakarta,124,7582.54
2025-11-18T17:00:00.000Z,8,Kuala Lumpur,126,7769.63
2025-11-18T17:00:00.000Z,9,Seoul,128,8015.564
2025-11-18T17:00:00.000Z,10,Sydney,129,7640.856
2025-11-18T17:00:00.000Z,11,Beijing,131,7330.815
2025-11-18T17:00:00.000Z,12,Cairo,132,6862.139999999999
2025-11-18T17:00:00.000Z,13,Hong Kong,132,7488.945
2025-11-18T17:00:00.000Z,14,Bangkok,132,7516.575000000001
2025-11-18T17:00:00.000Z,15,Lagos,132,7701.02
2025-11-18T17:00:00.000Z,16,Helsinki,132,9205.144
2025-11-18T17:00:00.000Z,17,Los Angeles,133,7813.233
2025-11-18T17:00:00.000Z,18,São Paulo,133,7979.704
2025-11-18T17:00:00.000Z,19,Moscow,133,8586.056
2025-11-18T17:00:00.000Z,20,Tehran,133,8916.842999999999
2025-11-18T17:00:00.000Z,21,Mumbai,135,8517.826000000001
2025-11-18T17:00:00.000Z,22,Istanbul,135,9046.18
2025-11-18T17:00:00.000Z,23,Mexico City,137,7494.068
2025-11-18T17:00:00.000Z,24,Shanghai,138,7590.882
2025-11-18T17:00:00.000Z,25,Dubai,140,7182.98
2025-11-18T17:00:00.000Z,26,San Francisco,140,7727.557
2025-11-18T17:00:00.000Z,27,Doha,140,9130.24
2025-11-18T17:00:00.000Z,28,Riyadh,141,6789.942999999999
2025-11-18T17:00:00.000Z,29,Osaka,141,8657.083999999999
2025-11-18T17:00:00.000Z,30,Kolkata,142,8035.971
2025-11-18T17:00:00.000Z,31,Stockholm,143,6944.656
2025-11-18T17:00:00.000Z,32,Manila,143,8472.548999999999
2025-11-18T17:00:00.000Z,33,Tokyo,143,8968.029999999999
2025-11-18T17:00:00.000Z,34,Bengaluru,144,8676.923999999999
2025-11-18T17:00:00.000Z,35,Madrid,146,7650.0
2025-11-18T17:00:00.000Z,36,Houston,146,7878.216
2025-11-18T17:00:00.000Z,37,Zurich,146,8014.12
2025-11-18T17:00:00.000Z,38,London,147,8455.935
2025-11-18T17:00:00.000Z,39,Cape Town,148,8451.857
2025-11-18T17:00:00.000Z,40,Toronto,149,8134.897999999999
2025-11-18T17:00:00.000Z,41,Paris,149,8141.924
2025-11-18T17:00:00.000Z,42,Ho Chi Minh City,152,7301.068
2025-11-18T17:00:00.000Z,43,Chicago,153,7192.237
2025-11-18T17:00:00.000Z,44,Singapore,153,9113.981
2025-11-18T17:00:00.000Z,45,Auckland,155,7262.972
2025-11-18T17:00:00.000Z,46,Buenos Aires,156,8005.914000000001
2025-11-18T17:00:00.000Z,47,Rome,157,7381.266
2025-11-18T17:00:00.000Z,48,New York,173,7669.975
2025-11-18T17:00:00.000Z,49,Berlin,175,7260.673000000001
2025-11-18T17:00:00.000Z,50,Delhi,181,7210.32
2025-11-18T18:00:00.000Z,1,Hong Kong,115,7941.566000000001
2025-11-18T18:00:00.000Z,2,Warsaw,118,7721.298
2025-11-18T18:00:00.000Z,3,Bangkok,118,7802.3330000000005
2025-11-18T18:00:00.000Z,4,Chennai,118,9503.784
2025-11-18T18:00:00.000Z,5,Karachi,119,7992.686
2025-11-18T18:00:00.000Z,6,Vancouver,121,8761.447
2025-11-18T18:00:00.000Z,7,Nairobi,121,9184.54
2025-11-18T18:00:00.000Z,8,Jakarta,124,7975.677
2025-11-18T18:00:00.000Z,9,Tehran,124,8565.389
2025-11-18T18:00:00.000Z,10,Seoul,128,8559.533
2025-11-18T18:00:00.000Z,11,Sydney,129,8085.787
2025-11-18T18:00:00.000Z,12,Berlin,131,7574.562
2025-11-18T18:00:00.000Z,13,Cairo,132,6874.577
2025-11-18T18:00:00.000Z,14,Helsinki,132,9019.094
2025-11-18T18:00:00.000Z,15,São Paulo,133,8032.768
2025-11-18T18:00:00.000Z,16,Moscow,133,8260.545
2025-11-18T18:00:00.000Z,17,Istanbul,135,9026.434
2025-11-18T18:00:00.000Z,18,Los Angeles,136,8887.639
2025-11-18T18:00:00.000Z,19,Mexico City,137,7494.72
2025-11-18T18:00:00.000Z,20,Shanghai,138,7484.934
2025-11-18T18:00:00.000Z,21,Lagos,138,8111.8189999999995
2025-11-18T18:00:00.000Z,22,Melbourne,138,8141.802
2025-11-18T18:00:00.000Z,23,Dubai,140,7588.803
2025-11-18T18:00:00.000Z,24,San Francisco,140,7619.491
2025-11-18T18:00:00.000Z,25,Madrid,140,8016.498
2025-11-18T18:00:00.000Z,26,Doha,140,8514.412
2025-11-18T18:00:00.000Z,27,Riyadh,141,6382.802
2025-11-18T18:00:00.000Z,28,Osaka,141,8624.583
2025-11-18T18:00:00.000Z,29,Kolkata,142,7845.582
2025-11-18T18:00:00.000Z,30,Stockholm,143,6891.382
2025-11-18T18:00:00.000Z,31,Tokyo,143,8817.657
2025-11-18T18:00:00.000Z,32,Bengaluru,144,8162.13
2025-11-18T18:00:00.000Z,33,Kuala Lumpur,145,8041.290999999999
2025-11-18T18:00:00.000Z,34,Houston,146,7679.975
2025-11-18T18:00:00.000Z,35,Zurich,146,7873.195
2025-11-18T18:00:00.000Z,36,Manila,146,8501.995
2025-11-18T18:00:00.000Z,37,London,146,8654.396
2025-11-18T18:00:00.000Z,38,Cape Town,148,8345.952
2025-11-18T18:00:00.000Z,39,Toronto,149,7694.325
2025-11-18T18:00:00.000Z,40,Paris,149,8745.344000000001
2025-11-18T18:00:00.000Z,41,Ho Chi Minh City,152,7530.682
2025-11-18T18:00:00.000Z,42,Beijing,152,7813.955
2025-11-18T18:00:00.000Z,43,Chicago,153,7341.625
2025-11-18T18:00:00.000Z,44,Singapore,153,9707.279
2025-11-18T18:00:00.000Z,45,Mumbai,154,8398.438
2025-11-18T18:00:00.000Z,46,Auckland,155,6992.522
2025-11-18T18:00:00.000Z,47,Buenos Aires,156,7529.781
2025-11-18T18:00:00.000Z,48,Rome,157,7954.5289999999995
2025-11-18T18:00:00.000Z,49,New York,173,7871.483
2025-11-18T18:00:00.000Z,50,Delhi,181,7383.211
2025-11-18T19:00:00.000Z,1,Hong Kong,115,8036.734
2025-11-18T19:00:00.000Z,2,Warsaw,118,7639.907999999999
2025-11-18T19:00:00.000Z,3,Zurich,118,7805.456
2025-11-18T19:00:00.000Z,4,Chennai,118,9467.012999999999
2025-11-18T19:00:00.000Z,5,Vancouver,121,8488.449
2025-11-18T19:00:00.000Z,6,Nairobi,121,9019.018
2025-11-18T19:00:00.000Z,7,Kolkata,122,7423.467000000001
2025-11-18T19:00:00.000Z,8,Jakarta,124,8303.481
2025-11-18T19:00:00.000Z,9,Seoul,128,7945.9529999999995
2025-11-18T19:00:00.000Z,10,Sydney,129,8228.654
2025-11-18T19:00:00.000Z,11,Berlin,131,7290.073
2025-11-18T19:00:00.000Z,12,Karachi,132,8173.446
2025-11-18T19:00:00.000Z,13,Helsinki,132,8755.923999999999
2025-11-18T19:00:00.000Z,14,Moscow,133,8033.04
2025-11-18T19:00:00.000Z,15,Toronto,134,7466.558
2025-11-18T19:00:00.000Z,16,Istanbul,135,8507.778
2025-11-18T19:00:00.000Z,17,Los Angeles,136,9008.248
2025-11-18T19:00:00.000Z,18,Mexico City,137,6995.849
2025-11-18T19:00:00.000Z,19,Doha,137,8052.287
2025-11-18T19:00:00.000Z,20,Tehran,137,8354.582
2025-11-18T19:00:00.000Z,21,Melbourne,138,7621.641
2025-11-18T19:00:00.000Z,22,Shanghai,138,7923.273999999999
2025-11-18T19:00:00.000Z,23,Lagos,138,8202.203
2025-11-18T19:00:00.000Z,24,San Francisco,140,7400.05
2025-11-18T19:00:00.000Z,25,Dubai,140,7837.308
2025-11-18T19:00:00.000Z,26,Madrid,140,8469.586
2025-11-18T19:00:00.000Z,27,Riyadh,141,6931.4130000000005
2025-11-18T19:00:00.000Z,28,Osaka,141,9008.427
2025-11-18T19:00:00.000Z,29,São Paulo,142,7841.407999999999
2025-11-18T19:00:00.000Z,30,Stockholm,143,7173.312
2025-11-18T19:00:00.000Z,31,Tokyo,143,9120.618999999999
2025-11-18T19:00:00.000Z,32,Bengaluru,144,8316.172
2025-11-18T19:00:00.000Z,33,Kuala Lumpur,145,7711.204
2025-11-18T19:00:00.000Z,34,Houston,146,7866.048000000001
2025-11-18T19:00:00.000Z,35,Manila,146,8367.976
2025-11-18T19:00:00.000Z,36,London,146,9341.607
2025-11-18T19:00:00.000Z,37,Cape Town,148,8208.821
2025-11-18T19:00:00.000Z,38,Bangkok,152,7425.598
2025-11-18T19:00:00.000Z,39,Ho Chi Minh City,152,7874.9439999999995
2025-11-18T19:00:00.000Z,40,Beijing,152,7909.139
2025-11-18T19:00:00.000Z,41,Singapore,152,9254.499
2025-11-18T19:00:00.000Z,42,Chicago,153,7227.947
2025-11-18T19:00:00.000Z,43,Paris,153,9057.133
2025-11-18T19:00:00.000Z,44,Mumbai,154,8366.074
2025-11-18T19:00:00.000Z,45,Auckland,155,7531.929
2025-11-18T19:00:00.000Z,46,Buenos Aires,156,7399.648999999999
2025-11-18T19:00:00.000Z,47,New York,156,7612.403
2025-11-18T19:00:00.000Z,48,Rome,157,7841.019
2025-11-18T19:00:00.000Z,49,Cairo,174,6717.09
2025-11-18T19:00:00.000Z,50,Delhi,181,7758.602
2025-11-18T20:00:00.000Z,1,Buenos Aires,112,7659.598
2025-11-18T20:00:00.000Z,2,London,115,9549.36
2025-11-18T20:00:00.000Z,3,Warsaw,118,7873.998
2025-11-18T20:00:00.000Z,4,Chennai,118,9872.687
2025-11-18T20:00:00.000Z,5,Vancouver,121,8425.545
2025-11-18T20:00:00.000Z,6,Nairobi,121,9440.558
2025-11-18T20:00:00.000Z,7,Kolkata,122,7651.5599999999995
2025-11-18T20:00:00.000Z,8,Toronto,125,8038.405
2025-11-18T20:00:00.000Z,9,Seoul,126,7488.688
2025-11-18T20:00:00.000Z,10,Zurich,126,7657.263
2025-11-18T20:00:00.000Z,11,Hong Kong,127,8209.457
2025-11-18T20:00:00.000Z,12,Sydney,129,8220.9
2025-11-18T20:00:00.000Z,13,Berlin,131,7287.637000000001
2025-11-18T20:00:00.000Z,14,Helsinki,132,8526.803
2025-11-18T20:00:00.000Z,15,Moscow,133,7320.9800000000005
2025-11-18T20:00:00.000Z,16,Jakarta,133,8379.137
2025-11-18T20:00:00.000Z,17,Karachi,134,8248.641
2025-11-18T20:00:00.000Z,18,Istanbul,135,8348.598
2025-11-18T20:00:00.000Z,19,Los Angeles,136,9328.473
2025-11-18T20:00:00.000Z,20,Mexico City,137,7469.454
2025-11-18T20:00:00.000Z,21,Doha,137,7868.132
2025-11-18T20:00:00.000Z,22,Tehran,137,8084.398
2025-11-18T20:00:00.000Z,23,Melbourne,138,7193.1669999999995
2025-11-18T20:00:00.000Z,24,Shanghai,138,7613.484
2025-11-18T20:00:00.000Z,25,Lagos,138,8365.219
2025-11-18T20:00:00.000Z,26,San Francisco,140,7158.021
2025-11-18T20:00:00.000Z,27,Dubai,140,7913.848
2025-11-18T20:00:00.000Z,28,Madrid,140,8073.058
2025-11-18T20:00:00.000Z,29,Osaka,141,9002.321
2025-11-18T20:00:00.000Z,30,São Paulo,142,7736.885
2025-11-18T20:00:00.000Z,31,Tokyo,143,9182.984
2025-11-18T20:00:00.000Z,32,Bengaluru,144,8054.177
2025-11-18T20:00:00.000Z,33,Kuala Lumpur,145,7200.807
2025-11-18T20:00:00.000Z,34,Stockholm,145,7313.357
2025-11-18T20:00:00.000Z,35,Manila,146,8366.234
2025-11-18T20:00:00.000Z,36,Houston,146,8515.478
2025-11-18T20:00:00.000Z,37,Cape Town,148,8114.067
2025-11-18T20:00:00.000Z,38,Bangkok,152,7242.436
2025-11-18T20:00:00.000Z,39,Ho Chi Minh City,152,7580.717000000001
2025-11-18T20:00:00.000Z,40,Beijing,152,8262.182
2025-11-18T20:00:00.000Z,41,Singapore,152,8561.738
2025-11-18T20:00:00.000Z,42,Chicago,153,7136.725
2025-11-18T20:00:00.000Z,43,Paris,153,9004.565999999999
2025-11-18T20:00:00.000Z,44,Auckland,155,7826.9619999999995
2025-11-18T20:00:00.000Z,45,New York,156,7383.325
2025-11-18T20:00:00.000Z,46,Mumbai,156,7658.544
2025-11-18T20:00:00.000Z,47,Rome,157,8228.164
2025-11-18T20:00:00.000Z,48,Riyadh,172,7330.409
2025-11-18T20:00:00.000Z,49,Cairo,174,6888.657999999999
2025-11-18T20:00:00.000Z,50,Delhi,181,7827.06
2025-11-18T21:00:00.000Z,1,London,115,9495.132
2025-11-18T21:00:00.000Z,2,Warsaw,121,7915.348
2025-11-18T21:00:00.000Z,3,Vancouver,121,8074.99
2025-11-18T21:00:00.000Z,4,Kolkata,123,7658.441
2025-11-18T21:00:00.000Z,5,Seoul,126,7202.42
2025-11-18T21:00:00.000Z,6,Zurich,126,7373.362999999999
2025-11-18T21:00:00.000Z,7,Hong Kong,127,8500.225
2025-11-18T21:00:00.000Z,8,Buenos Aires,129,8146.821
2025-11-18T21:00:00.000Z,9,Sydney,129,8479.369
2025-11-18T21:00:00.000Z,10,Helsinki,132,8136.829
2025-11-18T21:00:00.000Z,11,Moscow,133,7050.298
2025-11-18T21:00:00.000Z,12,Karachi,134,8015.785
2025-11-18T21:00:00.000Z,13,Istanbul,135,7696.563
2025-11-18T21:00:00.000Z,14,Los Angeles,136,9798.559
2025-11-18T21:00:00.000Z,15,Mexico City,137,7598.896000000001
2025-11-18T21:00:00.000Z,16,Tehran,137,8179.369000000001
2025-11-18T21:00:00.000Z,17,Melbourne,138,7000.807000000001
2025-11-18T21:00:00.000Z,18,Shanghai,138,7169.666
2025-11-18T21:00:00.000Z,19,Dubai,140,7563.295
2025-11-18T21:00:00.000Z,20,Delhi,140,7827.767
2025-11-18T21:00:00.000Z,21,Madrid,140,8028.729
2025-11-18T21:00:00.000Z,22,Osaka,141,8008.129999999999
2025-11-18T21:00:00.000Z,23,Berlin,142,7574.233
2025-11-18T21:00:00.000Z,24,São Paulo,142,7667.561
2025-11-18T21:00:00.000Z,25,Doha,142,7885.459
2025-11-18T21:00:00.000Z,26,Tokyo,143,8732.959
2025-11-18T21:00:00.000Z,27,Bengaluru,144,8207.785
2025-11-18T21:00:00.000Z,28,Stockholm,145,6826.969
2025-11-18T21:00:00.000Z,29,Kuala Lumpur,145,7444.446
2025-11-18T21:00:00.000Z,30,Nairobi,145,8571.974
2025-11-18T21:00:00.000Z,31,Houston,146,8310.551
2025-11-18T21:00:00.000Z,32,Manila,146,8482.491
2025-11-18T21:00:00.000Z,33,Auckland,147,7852.632
2025-11-18T21:00:00.000Z,34,Cape Town,148,7473.03
2025-11-18T21:00:00.000Z,35,Jakarta,150,8571.82
2025-11-18T21:00:00.000Z,36,Bangkok,152,7407.581
2025-11-18T21:00:00.000Z,37,Ho Chi Minh City,152,7635.528
2025-11-18T21:00:00.000Z,38,Beijing,152,8207.671
2025-11-18T21:00:00.000Z,39,Singapore,152,8484.948
2025-11-18T21:00:00.000Z,40,Chicago,153,6994.727
2025-11-18T21:00:00.000Z,41,Paris,153,9285.527
2025-11-18T21:00:00.000Z,42,New York,156,7720.5779999999995
2025-11-18T21:00:00.000Z,43,Mumbai,156,8098.3009999999995
2025-11-18T21:00:00.000Z,44,Rome,157,8201.381
2025-11-18T21:00:00.000Z,45,Lagos,158,9190.413
2025-11-18T21:00:00.000Z,46,San Francisco,162,6650.756
2025-11-18T21:00:00.000Z,47,Riyadh,172,7627.186
2025-11-18T21:00:00.000Z,48,Cairo,174,6884.48
2025-11-18T21:00:00.000Z,49,Toronto,174,8301.206
2025-11-18T21:00:00.000Z,50,Chennai,174,10143.468
2025-11-18T22:00:00.000Z,1,Sydney,105,7798.046
2025-11-18T22:00:00.000Z,2,London,115,8872.519
2025-11-18T22:00:00.000Z,3,Osaka,119,8139.017
2025-11-18T22:00:00.000Z,4,New York,121,6992.747
2025-11-18T22:00:00.000Z,5,Warsaw,121,7943.621999999999
2025-11-18T22:00:00.000Z,6,Vancouver,121,8042.287
2025-11-18T22:00:00.000Z,7,Moscow,122,7708.954
2025-11-18T22:00:00.000Z,8,Shanghai,122,7752.15
2025-11-18T22:00:00.000Z,9,Kolkata,123,7989.387
2025-11-18T22:00:00.000Z,10,Zurich,126,7510.137000000001
2025-11-18T22:00:00.000Z,11,Houston,126,8056.908
2025-11-18T22:00:00.000Z,12,Hong Kong,127,9023.591
2025-11-18T22:00:00.000Z,13,Buenos Aires,129,7891.389
2025-11-18T22:00:00.000Z,14,Helsinki,132,7964.776
2025-11-18T22:00:00.000Z,15,Karachi,134,7738.331
2025-11-18T22:00:00.000Z,16,Singapore,134,8017.9310000000005
2025-11-18T22:00:00.000Z,17,Istanbul,135,7789.127
2025-11-18T22:00:00.000Z,18,Los Angeles,136,9232.978
2025-11-18T22:00:00.000Z,19,Tehran,137,7773.106
2025-11-18T22:00:00.000Z,20,Mexico City,137,8000.97
2025-11-18T22:00:00.000Z,21,Melbourne,138,7064.277
2025-11-18T22:00:00.000Z,22,Madrid,139,7153.333
2025-11-18T22:00:00.000Z,23,Dubai,140,7121.832
2025-11-18T22:00:00.000Z,24,Delhi,140,7172.844
2025-11-18T22:00:00.000Z,25,Ho Chi Minh City,142,7121.805
2025-11-18T22:00:00.000Z,26,Doha,142,7719.005999999999
2025-11-18T22:00:00.000Z,27,São Paulo,142,8087.586
2025-11-18T22:00:00.000Z,28,Tokyo,143,9042.459
2025-11-18T22:00:00.000Z,29,Bengaluru,144,8145.684
2025-11-18T22:00:00.000Z,30,Stockholm,145,6617.021
2025-11-18T22:00:00.000Z,31,Kuala Lumpur,145,7486.344
2025-11-18T22:00:00.000Z,32,Nairobi,145,7901.494
2025-11-18T22:00:00.000Z,33,Manila,146,8128.157999999999
2025-11-18T22:00:00.000Z,34,Auckland,147,8352.642
2025-11-18T22:00:00.000Z,35,Cape Town,148,7259.058
2025-11-18T22:00:00.000Z,36,Jakarta,150,8499.703
2025-11-18T22:00:00.000Z,37,Bangkok,152,7644.489
2025-11-18T22:00:00.000Z,38,Beijing,152,8389.578
2025-11-18T22:00:00.000Z,39,Chicago,153,7479.396000000001
2025-11-18T22:00:00.000Z,40,Paris,153,9498.911
2025-11-18T22:00:00.000Z,41,Berlin,154,7480.447
2025-11-18T22:00:00.000Z,42,Mumbai,156,7966.393
2025-11-18T22:00:00.000Z,43,Rome,157,7838.927
2025-11-18T22:00:00.000Z,44,Lagos,158,8903.838
2025-11-18T22:00:00.000Z,45,Seoul,161,6969.174
2025-11-18T22:00:00.000Z,46,San Francisco,162,7239.075
2025-11-18T22:00:00.000Z,47,Riyadh,172,7863.866
2025-11-18T22:00:00.000Z,48,Cairo,174,7334.563
2025-11-18T22:00:00.000Z,49,Toronto,174,8424.780999999999
2025-11-18T22:00:00.000Z,50,Chennai,174,9964.415
2025-11-18T23:00:00.000Z,1,London,115,8854.896
2025-11-18T23:00:00.000Z,2,Osaka,119,7423.671
2025-11-18T23:00:00.000Z,3,New York,121,7163.963
2025-11-18T23:00:00.000Z,4,Vancouver,121,7827.682000000001
2025-11-18T23:00:00.000Z,5,Shanghai,121,8069.019
2025-11-18T23:00:00.000Z,6,Warsaw,121,8424.84
2025-11-18T23:00:00.000Z,7,Moscow,122,7782.835999999999
2025-11-18T23:00:00.000Z,8,Kolkata,123,7812.08
2025-11-18T23:00:00.000Z,9,Sydney,126,7783.735000000001
2025-11-18T23:00:00.000Z,10,Istanbul,126,8062.739
2025-11-18T23:00:00.000Z,11,Zurich,126,8196.244999999999
2025-11-18T23:00:00.000Z,12,Singapore,127,7618.483
2025-11-18T23:00:00.000Z,13,Buenos Aires,129,7728.098
2025-11-18T23:00:00.000Z,14,Hong Kong,130,8833.107
2025-11-18T23:00:00.000Z,15,Helsinki,132,7677.401
2025-11-18T23:00:00.000Z,16,Karachi,134,7813.231
2025-11-18T23:00:00.000Z,17,Los Angeles,136,9315.117
2025-11-18T23:00:00.000Z,18,Cape Town,137,7337.193
2025-11-18T23:00:00.000Z,19,Tehran,137,8037.427
2025-11-18T23:00:00.000Z,20,Mexico City,137,8587.414
2025-11-18T23:00:00.000Z,21,Melbourne,138,6775.374
2025-11-18T23:00:00.000Z,22,Madrid,139,7431.32
2025-11-18T23:00:00.000Z,23,Delhi,140,7186.5740000000005
2025-11-18T23:00:00.000Z,24,Dubai,140,7686.616
2025-11-18T23:00:00.000Z,25,Ho Chi Minh City,142,7116.134
2025-11-18T23:00:00.000Z,26,Doha,142,7698.471
2025-11-18T23:00:00.000Z,27,São Paulo,142,7778.832
2025-11-18T23:00:00.000Z,28,Tokyo,143,8778.716
2025-11-18T23:00:00.000Z,29,Bengaluru,144,7839.4619999999995
2025-11-18T23:00:00.000Z,30,Stockholm,145,6836.589
2025-11-18T23:00:00.000Z,31,Kuala Lumpur,145,7209.0070000000005
2025-11-18T23:00:00.000Z,32,Nairobi,145,7811.09
2025-11-18T23:00:00.000Z,33,Manila,146,7779.923
2025-11-18T23:00:00.000Z,34,Houston,147,8639.247
2025-11-18T23:00:00.000Z,35,Auckland,147,8956.144
2025-11-18T23:00:00.000Z,36,Jakarta,150,8159.8189999999995
2025-11-18T23:00:00.000Z,37,Bangkok,152,7560.725
2025-11-18T23:00:00.000Z,38,Beijing,152,8143.089
2025-11-18T23:00:00.000Z,39,Paris,153,9051.255000000001
2025-11-18T23:00:00.000Z,40,Berlin,154,7868.379
2025-11-18T23:00:00.000Z,41,Mumbai,156,7967.817
2025-11-18T23:00:00.000Z,42,Rome,157,7439.085
2025-11-18T23:00:00.000Z,43,Lagos,158,8890.869
2025-11-18T23:00:00.000Z,44,Chicago,161,7298.767
2025-11-18T23:00:00.000Z,45,Seoul,161,7313.687
2025-11-18T23:00:00.000Z,46,San Francisco,162,7266.511
2025-11-18T23:00:00.000Z,47,Riyadh,172,7861.48
2025-11-18T23:00:00.000Z,48,Cairo,174,7314.594999999999
2025-11-18T23:00:00.000Z,49,Toronto,174,8652.326000000001
2025-11-18T23:00:00.000Z,50,Chennai,174,9938.475
2025-11-19T00:00:00.000Z,1,Osaka,119,7402.443
2025-11-19T00:00:00.000Z,2,Mexico City,120,8223.938
2025-11-19T00:00:00.000Z,3,New York,121,7386.013
2025-11-19T00:00:00.000Z,4,Vancouver,121,7778.2
2025-11-19T00:00:00.000Z,5,Moscow,122,8047.555
2025-11-19T00:00:00.000Z,6,Kolkata,125,8149.977
2025-11-19T00:00:00.000Z,7,Sydney,126,7979.983
2025-11-19T00:00:00.000Z,8,Zurich,126,8801.896
2025-11-19T00:00:00.000Z,9,Singapore,127,7909.652
2025-11-19T00:00:00.000Z,10,Warsaw,127,8129.632
2025-11-19T00:00:00.000Z,11,London,127,8962.402
2025-11-19T00:00:00.000Z,12,Bengaluru,128,7960.257
2025-11-19T00:00:00.000Z,13,Buenos Aires,129,8258.712
2025-11-19T00:00:00.000Z,14,Hong Kong,130,9512.684
2025-11-19T00:00:00.000Z,15,Helsinki,133,7674.414
2025-11-19T00:00:00.000Z,16,Karachi,134,7467.595
2025-11-19T00:00:00.000Z,17,Los Angeles,136,9322.65
2025-11-19T00:00:00.000Z,18,Cape Town,137,7247.269
2025-11-19T00:00:00.000Z,19,Tehran,137,7446.439
2025-11-19T00:00:00.000Z,20,Istanbul,138,8213.681
2025-11-19T00:00:00.000Z,21,Madrid,139,7471.954
2025-11-19T00:00:00.000Z,22,Delhi,140,8080.623
2025-11-19T00:00:00.000Z,23,Dubai,140,8140.031
2025-11-19T00:00:00.000Z,24,Shanghai,141,8147.048
2025-11-19T00:00:00.000Z,25,Ho Chi Minh City,142,6727.067999999999
2025-11-19T00:00:00.000Z,26,Doha,142,7228.38
2025-11-19T00:00:00.000Z,27,São Paulo,142,7934.802
2025-11-19T00:00:00.000Z,28,Tokyo,143,9010.895
2025-11-19T00:00:00.000Z,29,Stockholm,145,6567.311
2025-11-19T00:00:00.000Z,30,Nairobi,145,7659.318
2025-11-19T00:00:00.000Z,31,Kuala Lumpur,145,7665.609
2025-11-19T00:00:00.000Z,32,Manila,146,7896.024
2025-11-19T00:00:00.000Z,33,Houston,147,8999.01
2025-11-19T00:00:00.000Z,34,Auckland,147,9551.199
2025-11-19T00:00:00.000Z,35,Melbourne,150,6247.132
2025-11-19T00:00:00.000Z,36,Jakarta,150,8729.891
2025-11-19T00:00:00.000Z,37,Bangkok,152,7692.136
2025-11-19T00:00:00.000Z,38,Beijing,152,8172.137
2025-11-19T00:00:00.000Z,39,Paris,153,9104.423999999999
2025-11-19T00:00:00.000Z,40,Berlin,154,7506.157999999999
2025-11-19T00:00:00.000Z,41,Mumbai,156,6799.551
2025-11-19T00:00:00.000Z,42,Rome,157,8299.931
2025-11-19T00:00:00.000Z,43,Lagos,158,9102.754
2025-11-19T00:00:00.000Z,44,Seoul,161,7291.101
2025-11-19T00:00:00.000Z,45,Chicago,161,7461.527
2025-11-19T00:00:00.000Z,46,San Francisco,162,7159.842000000001
2025-11-19T00:00:00.000Z,47,Riyadh,172,8260.93
2025-11-19T00:00:00.000Z,48,Cairo,174,8004.4349999999995
2025-11-19T00:00:00.000Z,49,Toronto,174,8200.297999999999
2025-11-19T00:00:00.000Z,50,Chennai,174,9759.637
2025-11-19T01:00:00.000Z,1,Rome,114,7450.876
2025-11-19T01:00:00.000Z,2,Osaka,115,7532.713
2025-11-19T01:00:00.000Z,3,Mexico City,120,8155.273999999999
2025-11-19T01:00:00.000Z,4,Vancouver,121,7341.981
2025-11-19T01:00:00.000Z,5,Moscow,122,7624.134
2025-11-19T01:00:00.000Z,6,Kolkata,125,7898.777
2025-11-19T01:00:00.000Z,7,New York,126,7630.471
2025-11-19T01:00:00.000Z,8,Sydney,126,8107.768
2025-11-19T01:00:00.000Z,9,Zurich,126,8133.0689999999995
2025-11-19T01:00:00.000Z,10,Singapore,127,7388.581
2025-11-19T01:00:00.000Z,11,Warsaw,127,7953.089
2025-11-19T01:00:00.000Z,12,London,127,8861.44
2025-11-19T01:00:00.000Z,13,Bengaluru,128,8042.619000000001
2025-11-19T01:00:00.000Z,14,Buenos Aires,129,8126.122
2025-11-19T01:00:00.000Z,15,Hong Kong,130,9205.712
2025-11-19T01:00:00.000Z,16,Helsinki,133,8360.426
2025-11-19T01:00:00.000Z,17,Karachi,134,7566.63
2025-11-19T01:00:00.000Z,18,Los Angeles,136,8998.484
2025-11-19T01:00:00.000Z,19,Madrid,139,7810.527
2025-11-19T01:00:00.000Z,20,Delhi,140,8168.436
2025-11-19T01:00:00.000Z,21,Dubai,140,8310.774000000001
2025-11-19T01:00:00.000Z,22,Ho Chi Minh City,142,7312.802
2025-11-19T01:00:00.000Z,23,São Paulo,142,7854.677
2025-11-19T01:00:00.000Z,24,Doha,142,7857.876
2025-11-19T01:00:00.000Z,25,Tokyo,143,8538.208
2025-11-19T01:00:00.000Z,26,Stockholm,145,7112.2029999999995
2025-11-19T01:00:00.000Z,27,Nairobi,145,7356.987
2025-11-19T01:00:00.000Z,28,Kuala Lumpur,145,8104.912
2025-11-19T01:00:00.000Z,29,Manila,146,8203.837
2025-11-19T01:00:00.000Z,30,Houston,147,8695.886
2025-11-19T01:00:00.000Z,31,Auckland,147,9893.252
2025-11-19T01:00:00.000Z,32,Melbourne,150,7028.77
2025-11-19T01:00:00.000Z,33,Jakarta,150,8531.147
2025-11-19T01:00:00.000Z,34,Beijing,152,7866.914
2025-11-19T01:00:00.000Z,35,Bangkok,152,7905.275
2025-11-19T01:00:00.000Z,36,Istanbul,153,8208.398
2025-11-19T01:00:00.000Z,37,Paris,153,8827.974
2025-11-19T01:00:00.000Z,38,Berlin,154,8120.585
2025-11-19T01:00:00.000Z,39,Cape Town,155,7372.633
2025-11-19T01:00:00.000Z,40,Mumbai,156,6941.819
2025-11-19T01:00:00.000Z,41,Lagos,158,8693.315
2025-11-19T01:00:00.000Z,42,Shanghai,159,8520.299
2025-11-19T01:00:00.000Z,43,Chicago,161,7082.02
2025-11-19T01:00:00.000Z,44,Seoul,161,7552.139
2025-11-19T01:00:00.000Z,45,San Francisco,162,7151.516
2025-11-19T01:00:00.000Z,46,Tehran,163,7694.619000000001
2025-11-19T01:00:00.000Z,47,Riyadh,172,7834.004
2025-11-19T01:00:00.000Z,48,Cairo,174,7919.11
2025-11-19T01:00:00.000Z,49,Toronto,174,8222.006
2025-11-19T01:00:00.000Z,50,Chennai,174,9649.262999999999
2025-11-19T02:00:00.000Z,1,Vancouver,106,7230.603999999999
2025-11-19T02:00:00.000Z,2,Rome,114,7275.26
2025-11-19T02:00:00.000Z,3,Manila,116,8457.149
2025-11-19T02:00:00.000Z,4,Kuala Lumpur,124,7623.925
2025-11-19T02:00:00.000Z,5,Kolkata,125,8072.258
2025-11-19T02:00:00.000Z,6,Osaka,126,7548.799
2025-11-19T02:00:00.000Z,7,New York,126,7968.865
2025-11-19T02:00:00.000Z,8,Sydney,126,8080.314
2025-11-19T02:00:00.000Z,9,Zurich,126,8399.055
2025-11-19T02:00:00.000Z,10,Singapore,127,6944.862
2025-11-19T02:00:00.000Z,11,London,127,8473.972
2025-11-19T02:00:00.000Z,12,Bengaluru,128,8100.21
2025-11-19T02:00:00.000Z,13,Hong Kong,130,9289.88
2025-11-19T02:00:00.000Z,14,Helsinki,133,8443.234
2025-11-19T02:00:00.000Z,15,Delhi,136,8234.318
2025-11-19T02:00:00.000Z,16,Los Angeles,136,8686.466
2025-11-19T02:00:00.000Z,17,Beijing,139,7641.398
2025-11-19T02:00:00.000Z,18,Karachi,139,7829.959
2025-11-19T02:00:00.000Z,19,Dubai,140,8182.339
2025-11-19T02:00:00.000Z,20,São Paulo,142,7534.1449999999995
2025-11-19T02:00:00.000Z,21,Ho Chi Minh City,142,7639.5830000000005
2025-11-19T02:00:00.000Z,22,Doha,142,8285.538
2025-11-19T02:00:00.000Z,23,Tokyo,143,9003.567
2025-11-19T02:00:00.000Z,24,Stockholm,145,7011.671
2025-11-19T02:00:00.000Z,25,Nairobi,145,7230.113
2025-11-19T02:00:00.000Z,26,Mexico City,146,8308.104
2025-11-19T02:00:00.000Z,27,Houston,147,8906.555
2025-11-19T02:00:00.000Z,28,Auckland,147,9478.681
2025-11-19T02:00:00.000Z,29,Warsaw,149,8371.494
2025-11-19T02:00:00.000Z,30,Melbourne,150,7606.7029999999995
2025-11-19T02:00:00.000Z,31,Jakarta,150,8261.358
2025-11-19T02:00:00.000Z,32,Buenos Aires,151,8601.161
2025-11-19T02:00:00.000Z,33,Bangkok,152,7204.987999999999
2025-11-19T02:00:00.000Z,34,Istanbul,153,8395.105
2025-11-19T02:00:00.000Z,35,Paris,153,8411.162
2025-11-19T02:00:00.000Z,36,Berlin,154,7895.989
2025-11-19T02:00:00.000Z,37,Cape Town,155,7707.154
2025-11-19T02:00:00.000Z,38,Mumbai,156,7336.134
2025-11-19T02:00:00.000Z,39,Madrid,158,7762.494000000001
2025-11-19T02:00:00.000Z,40,Lagos,158,8485.94
2025-11-19T02:00:00.000Z,41,Shanghai,159,8048.121999999999
2025-11-19T02:00:00.000Z,42,Chicago,161,7067.942
2025-11-19T02:00:00.000Z,43,Seoul,161,7537.229
2025-11-19T02:00:00.000Z,44,San Francisco,162,7486.304
2025-11-19T02:00:00.000Z,45,Tehran,163,7460.372
2025-11-19T02:00:00.000Z,46,Riyadh,172,8249.562
2025-11-19T02:00:00.000Z,47,Toronto,174,7988.332
2025-11-19T02:00:00.000Z,48,Cairo,174,8116.428
2025-11-19T02:00:00.000Z,49,Chennai,174,9277.08
2025-11-19T02:00:00.000Z,50,Moscow,175,8325.21
2025-11-19T03:00:00.000Z,1,Rome,111,7109.534
2025-11-19T03:00:00.000Z,2,Los Angeles,114,8379.003
2025-11-19T03:00:00.000Z,3,Manila,116,8398.896
2025-11-19T03:00:00.000Z,4,Ho Chi Minh City,123,7405.905
2025-11-19T03:00:00.000Z,5,Kuala Lumpur,124,7652.486
2025-11-19T03:00:00.000Z,6,Auckland,124,9497.841
2025-11-19T03:00:00.000Z,7,Vancouver,125,7467.518
2025-11-19T03:00:00.000Z,8,Kolkata,125,8324.676
2025-11-19T03:00:00.000Z,9,Osaka,126,7570.960999999999
2025-11-19T03:00:00.000Z,10,Sydney,126,7963.309
2025-11-19T03:00:00.000Z,11,Cairo,126,8624.511
2025-11-19T03:00:00.000Z,12,Zurich,126,8908.059
2025-11-19T03:00:00.000Z,13,Singapore,127,6674.119
2025-11-19T03:00:00.000Z,14,London,127,8781.104
2025-11-19T03:00:00.000Z,15,Hong Kong,130,9152.14
2025-11-19T03:00:00.000Z,16,Helsinki,133,8581.134
2025-11-19T03:00:00.000Z,17,Bangkok,135,7695.092000000001
2025-11-19T03:00:00.000Z,18,New York,135,8042.258
2025-11-19T03:00:00.000Z,19,Delhi,136,8063.307
2025-11-19T03:00:00.000Z,20,Karachi,139,7592.978
2025-11-19T03:00:00.000Z,21,Beijing,139,8054.855
2025-11-19T03:00:00.000Z,22,Dubai,140,8637.563
2025-11-19T03:00:00.000Z,23,Doha,142,8723.343
2025-11-19T03:00:00.000Z,24,Tokyo,143,8620.082
2025-11-19T03:00:00.000Z,25,Nairobi,145,7347.162
2025-11-19T03:00:00.000Z,26,Houston,147,8571.733
2025-11-19T03:00:00.000Z,27,Mexico City,147,8761.324
2025-11-19T03:00:00.000Z,28,Warsaw,149,8057.439
2025-11-19T03:00:00.000Z,29,Jakarta,150,7615.726000000001
2025-11-19T03:00:00.000Z,30,Melbourne,150,7799.352
2025-11-19T03:00:00.000Z,31,Stockholm,151,6895.474
2025-11-19T03:00:00.000Z,32,Buenos Aires,151,8363.131
2025-11-19T03:00:00.000Z,33,Paris,153,7701.365
2025-11-19T03:00:00.000Z,34,Bengaluru,153,8442.423999999999
2025-11-19T03:00:00.000Z,35,Istanbul,153,8615.16
2025-11-19T03:00:00.000Z,36,Berlin,154,8221.218
2025-11-19T03:00:00.000Z,37,Cape Town,155,7907.7119999999995
2025-11-19T03:00:00.000Z,38,Mumbai,156,7535.475
2025-11-19T03:00:00.000Z,39,Madrid,158,7851.904
2025-11-19T03:00:00.000Z,40,Lagos,158,9037.078
2025-11-19T03:00:00.000Z,41,Shanghai,159,8150.313
2025-11-19T03:00:00.000Z,42,Chicago,161,7193.5
2025-11-19T03:00:00.000Z,43,Seoul,161,8212.062
2025-11-19T03:00:00.000Z,44,San Francisco,162,7763.5740000000005
2025-11-19T03:00:00.000Z,45,Tehran,163,7638.798
2025-11-19T03:00:00.000Z,46,Riyadh,172,8067.293
2025-11-19T03:00:00.000Z,47,Toronto,174,7724.826999999999
2025-11-19T03:00:00.000Z,48,Chennai,174,9198.064
2025-11-19T03:00:00.000Z,49,Moscow,175,8107.148
2025-11-19T03:00:00.000Z,50,São Paulo,182,7081.489
2025-11-19T04:00:00.000Z,1,Cairo,118,8397.345
2025-11-19T04:00:00.000Z,2,Ho Chi Minh City,123,7956.8369999999995
2025-11-19T04:00:00.000Z,3,Kuala Lumpur,124,8272.95
2025-11-19T04:00:00.000Z,4,Auckland,124,8757.94
2025-11-19T04:00:00.000Z,5,Rome,125,7023.217000000001
2025-11-19T04:00:00.000Z,6,Vancouver,125,7491.893
2025-11-19T04:00:00.000Z,7,Kolkata,125,8545.512
2025-11-19T04:00:00.000Z,8,Osaka,126,7449.662
2025-11-19T04:00:00.000Z,9,Singapore,127,6955.378000000001
2025-11-19T04:00:00.000Z,10,London,127,7842.248
2025-11-19T04:00:00.000Z,11,Mumbai,127,7937.502
2025-11-19T04:00:00.000Z,12,Sydney,127,8192.536
2025-11-19T04:00:00.000Z,13,Riyadh,128,7513.091
2025-11-19T04:00:00.000Z,14,Hong Kong,130,8386.813
2025-11-19T04:00:00.000Z,15,Helsinki,133,8485.913
2025-11-19T04:00:00.000Z,16,New York,135,8211.155
2025-11-19T04:00:00.000Z,17,Bangkok,135,8370.408
2025-11-19T04:00:00.000Z,18,Delhi,136,8224.443
2025-11-19T04:00:00.000Z,19,Karachi,139,7155.908
2025-11-19T04:00:00.000Z,20,Beijing,139,7794.427
2025-11-19T04:00:00.000Z,21,Dubai,140,8654.261
2025-11-19T04:00:00.000Z,22,Doha,142,8768.353
2025-11-19T04:00:00.000Z,23,Tokyo,143,8111.9220000000005
2025-11-19T04:00:00.000Z,24,Nairobi,145,7599.995
2025-11-19T04:00:00.000Z,25,Houston,147,7982.551
2025-11-19T04:00:00.000Z,26,Mexico City,147,8443.42
2025-11-19T04:00:00.000Z,27,Warsaw,149,8299.466
2025-11-19T04:00:00.000Z,28,Jakarta,150,7357.7970000000005
2025-11-19T04:00:00.000Z,29,Melbourne,150,8850.163
2025-11-19T04:00:00.000Z,30,Stockholm,151,6744.183
2025-11-19T04:00:00.000Z,31,Buenos Aires,151,8501.089
2025-11-19T04:00:00.000Z,32,Paris,153,7454.121
2025-11-19T04:00:00.000Z,33,Bengaluru,153,8529.37
2025-11-19T04:00:00.000Z,34,Istanbul,153,8963.904
2025-11-19T04:00:00.000Z,35,Zurich,153,9440.883
2025-11-19T04:00:00.000Z,36,Berlin,154,8138.884
2025-11-19T04:00:00.000Z,37,Cape Town,155,8116.532999999999
2025-11-19T04:00:00.000Z,38,Madrid,158,8143.609
2025-11-19T04:00:00.000Z,39,Lagos,158,8858.587
2025-11-19T04:00:00.000Z,40,Shanghai,159,7832.786
2025-11-19T04:00:00.000Z,41,Chicago,161,7070.476000000001
2025-11-19T04:00:00.000Z,42,Seoul,161,8552.226
2025-11-19T04:00:00.000Z,43,San Francisco,162,8003.041
2025-11-19T04:00:00.000Z,44,Tehran,163,7787.693
2025-11-19T04:00:00.000Z,45,Los Angeles,167,7890.229
2025-11-19T04:00:00.000Z,46,Manila,172,8336.32
2025-11-19T04:00:00.000Z,47,Toronto,174,7505.974
2025-11-19T04:00:00.000Z,48,Chennai,174,9159.772
2025-11-19T04:00:00.000Z,49,Moscow,175,8259.773000000001
2025-11-19T04:00:00.000Z,50,São Paulo,182,7030.046
2025-11-19T05:00:00.000Z,1,Lagos,114,8366.734
2025-11-19T05:00:00.000Z,2,Singapore,115,7241.175
2025-11-19T05:00:00.000Z,3,Cairo,118,8249.515
2025-11-19T05:00:00.000Z,4,Ho Chi Minh City,123,8144.626
2025-11-19T05:00:00.000Z,5,Rome,125,6593.032
2025-11-19T05:00:00.000Z,6,Vancouver,125,7939.627
2025-11-19T05:00:00.000Z,7,Kolkata,125,8721.746
2025-11-19T05:00:00.000Z,8,Osaka,126,7980.9580000000005
2025-11-19T05:00:00.000Z,9,London,127,7564.544
2025-11-19T05:00:00.000Z,10,Sydney,127,7575.656999999999
2025-11-19T05:00:00.000Z,11,Mumbai,127,7754.214
2025-11-19T05:00:00.000Z,12,Riyadh,128,7121.302
2025-11-19T05:00:00.000Z,13,Hong Kong,130,8244.524
2025-11-19T05:00:00.000Z,14,Toronto,133,7130.4400000000005
2025-11-19T05:00:00.000Z,15,New York,135,7977.726000000001
2025-11-19T05:00:00.000Z,16,Bangkok,135,8032.802
2025-11-19T05:00:00.000Z,17,Delhi,136,8273.634
2025-11-19T05:00:00.000Z,18,Doha,136,8587.248
2025-11-19T05:00:00.000Z,19,Jakarta,137,6892.937
2025-11-19T05:00:00.000Z,20,Helsinki,139,8301.02
2025-11-19T05:00:00.000Z,21,Beijing,139,8314.259
2025-11-19T05:00:00.000Z,22,Dubai,140,9338.808
2025-11-19T05:00:00.000Z,23,Karachi,142,7252.957
2025-11-19T05:00:00.000Z,24,Nairobi,142,8125.432000000001
2025-11-19T05:00:00.000Z,25,Tokyo,143,7834.4529999999995
2025-11-19T05:00:00.000Z,26,San Francisco,143,8241.67
2025-11-19T05:00:00.000Z,27,Houston,147,7867.804
2025-11-19T05:00:00.000Z,28,Mexico City,147,7936.978999999999
2025-11-19T05:00:00.000Z,29,Auckland,148,8958.485
2025-11-19T05:00:00.000Z,30,Warsaw,149,8663.106
2025-11-19T05:00:00.000Z,31,Melbourne,150,8488.442
2025-11-19T05:00:00.000Z,32,Stockholm,151,7620.195
2025-11-19T05:00:00.000Z,33,Buenos Aires,151,8076.093
2025-11-19T05:00:00.000Z,34,Paris,153,7718.228999999999
2025-11-19T05:00:00.000Z,35,Bengaluru,153,8219.783
2025-11-19T05:00:00.000Z,36,Istanbul,153,9117.525
2025-11-19T05:00:00.000Z,37,Zurich,153,9543.314
2025-11-19T05:00:00.000Z,38,Berlin,154,7858.736
2025-11-19T05:00:00.000Z,39,Kuala Lumpur,154,7928.148
2025-11-19T05:00:00.000Z,40,Cape Town,155,7698.381
2025-11-19T05:00:00.000Z,41,Madrid,158,8418.887
2025-11-19T05:00:00.000Z,42,Chennai,158,9036.871
2025-11-19T05:00:00.000Z,43,Shanghai,159,8206.981
2025-11-19T05:00:00.000Z,44,Chicago,161,7148.92
2025-11-19T05:00:00.000Z,45,Seoul,161,8430.351999999999
2025-11-19T05:00:00.000Z,46,Tehran,163,7997.464
2025-11-19T05:00:00.000Z,47,Los Angeles,167,7290.058
2025-11-19T05:00:00.000Z,48,Manila,172,7717.134
2025-11-19T05:00:00.000Z,49,Moscow,175,7889.4310000000005
2025-11-19T05:00:00.000Z,50,São Paulo,182,7631.009
2025-11-19T06:00:00.000Z,1,Seoul,115,8422.584
2025-11-19T06:00:00.000Z,2,Cairo,118,7752.511
2025-11-19T06:00:00.000Z,3,Dubai,120,9509.713
2025-11-19T06:00:00.000Z,4,Ho Chi Minh City,123,8132.44
2025-11-19T06:00:00.000Z,5,Singapore,125,7538.243
2025-11-19T06:00:00.000Z,6,Vancouver,125,7922.52
2025-11-19T06:00:00.000Z,7,Osaka,126,7478.598
2025-11-19T06:00:00.000Z,8,Sydney,127,7688.117
2025-11-19T06:00:00.000Z,9,London,127,7962.059
2025-11-19T06:00:00.000Z,10,Mumbai,127,7988.505999999999
2025-11-19T06:00:00.000Z,11,Riyadh,128,7057.668
2025-11-19T06:00:00.000Z,12,Hong Kong,130,7902.031999999999
2025-11-19T06:00:00.000Z,13,Kolkata,130,8657.306
2025-11-19T06:00:00.000Z,14,Toronto,132,7294.424
2025-11-19T06:00:00.000Z,15,New York,135,8023.883
2025-11-19T06:00:00.000Z,16,Bangkok,135,8294.206
2025-11-19T06:00:00.000Z,17,Rome,138,6799.057000000001
2025-11-19T06:00:00.000Z,18,Beijing,139,8280.176
2025-11-19T06:00:00.000Z,19,Helsinki,139,8310.021
2025-11-19T06:00:00.000Z,20,Nairobi,142,7797.309
2025-11-19T06:00:00.000Z,21,Tokyo,143,7310.492
2025-11-19T06:00:00.000Z,22,San Francisco,143,8359.565
2025-11-19T06:00:00.000Z,23,Delhi,143,8516.843
2025-11-19T06:00:00.000Z,24,Jakarta,147,7323.496999999999
2025-11-19T06:00:00.000Z,25,Houston,147,7479.208
2025-11-19T06:00:00.000Z,26,Mexico City,147,8237.232
2025-11-19T06:00:00.000Z,27,Auckland,148,8528.758
2025-11-19T06:00:00.000Z,28,Warsaw,149,8646.844000000001
2025-11-19T06:00:00.000Z,29,Buenos Aires,151,7648.693
2025-11-19T06:00:00.000Z,30,Stockholm,151,7698.867
2025-11-19T06:00:00.000Z,31,Berlin,152,7457.847
2025-11-19T06:00:00.000Z,32,Paris,153,7376.87
2025-11-19T06:00:00.000Z,33,Bengaluru,153,8222.477
2025-11-19T06:00:00.000Z,34,Istanbul,153,8440.659
2025-11-19T06:00:00.000Z,35,Zurich,153,9599.56
2025-11-19T06:00:00.000Z,36,Kuala Lumpur,154,7796.338
2025-11-19T06:00:00.000Z,37,Cape Town,155,7473.945
2025-11-19T06:00:00.000Z,38,Madrid,158,8614.249
2025-11-19T06:00:00.000Z,39,Chennai,158,9507.439
2025-11-19T06:00:00.000Z,40,Shanghai,159,8306.376
2025-11-19T06:00:00.000Z,41,Melbourne,159,8329.338
2025-11-19T06:00:00.000Z,42,Chicago,161,7004.322
2025-11-19T06:00:00.000Z,43,Lagos,161,8420.962
2025-11-19T06:00:00.000Z,44,Tehran,163,8382.676
2025-11-19T06:00:00.000Z,45,Los Angeles,167,7977.77
2025-11-19T06:00:00.000Z,46,Manila,172,7732.298
2025-11-19T06:00:00.000Z,47,Karachi,174,6928.72
2025-11-19T06:00:00.000Z,48,Moscow,175,7379.976000000001
2025-11-19T06:00:00.000Z,49,Doha,179,9096.48
2025-11-19T06:00:00.000Z,50,São Paulo,182,7237.4619999999995
2025-11-19T07:00:00.000Z,1,Cairo,113,7812.745
2025-11-19T07:00:00.000Z,2,Seoul,115,8070.875
2025-11-19T07:00:00.000Z,3,Dubai,120,9085.02
2025-11-19T07:00:00.000Z,4,Ho Chi Minh City,123,7666.186
2025-11-19T07:00:00.000Z,5,Vancouver,125,7840.541
2025-11-19T07:00:00.000Z,6,Singapore,125,7980.928
2025-11-19T07:00:00.000Z,7,Hong Kong,125,8431.729
2025-11-19T07:00:00.000Z,8,Osaka,126,7774.382
2025-11-19T07:00:00.000Z,9,Mumbai,127,7965.860000000001
2025-11-19T07:00:00.000Z,10,Riyadh,128,6954.623
2025-11-19T07:00:00.000Z,11,Kolkata,130,8164.375
2025-11-19T07:00:00.000Z,12,Toronto,132,7124.847
2025-11-19T07:00:00.000Z,13,San Francisco,132,7946.555
2025-11-19T07:00:00.000Z,14,Houston,133,7101.859
2025-11-19T07:00:00.000Z,15,New York,137,7965.171
2025-11-19T07:00:00.000Z,16,Rome,138,6881.055
2025-11-19T07:00:00.000Z,17,Chicago,138,7146.999
2025-11-19T07:00:00.000Z,18,Beijing,139,8659.4
2025-11-19T07:00:00.000Z,19,Helsinki,139,8772.147
2025-11-19T07:00:00.000Z,20,Sydney,140,6936.262
2025-11-19T07:00:00.000Z,21,Nairobi,142,7104.5869999999995
2025-11-19T07:00:00.000Z,22,Tokyo,143,7467.117
2025-11-19T07:00:00.000Z,23,London,143,8052.1939999999995
2025-11-19T07:00:00.000Z,24,Bangkok,143,8344.114
2025-11-19T07:00:00.000Z,25,Delhi,143,8434.983
2025-11-19T07:00:00.000Z,26,Jakarta,147,7739.136
2025-11-19T07:00:00.000Z,27,Warsaw,149,8482.124
2025-11-19T07:00:00.000Z,28,Buenos Aires,151,8114.732
2025-11-19T07:00:00.000Z,29,Stockholm,151,8122.35
2025-11-19T07:00:00.000Z,30,Berlin,152,7478.105
2025-11-19T07:00:00.000Z,31,Paris,153,7832.733
2025-11-19T07:00:00.000Z,32,Istanbul,153,8128.5650000000005
2025-11-19T07:00:00.000Z,33,Bengaluru,153,8718.251
2025-11-19T07:00:00.000Z,34,Zurich,153,9107.544
2025-11-19T07:00:00.000Z,35,Kuala Lumpur,154,7779.262
2025-11-19T07:00:00.000Z,36,Cape Town,155,8091.188
2025-11-19T07:00:00.000Z,37,Madrid,158,8591.206
2025-11-19T07:00:00.000Z,38,Chennai,158,9728.778
2025-11-19T07:00:00.000Z,39,Shanghai,159,8342.375
2025-11-19T07:00:00.000Z,40,Melbourne,159,8792.806
2025-11-19T07:00:00.000Z,41,Lagos,161,8431.508
2025-11-19T07:00:00.000Z,42,Tehran,163,8652.445
2025-11-19T07:00:00.000Z,43,Los Angeles,167,7782.186
2025-11-19T07:00:00.000Z,44,Mexico City,168,7809.504
2025-11-19T07:00:00.000Z,45,Manila,172,7747.942
2025-11-19T07:00:00.000Z,46,Karachi,174,7224.403
2025-11-19T07:00:00.000Z,47,Moscow,175,6947.468
2025-11-19T07:00:00.000Z,48,Doha,179,9647.767
2025-11-19T07:00:00.000Z,49,São Paulo,182,7821.239
2025-11-19T07:00:00.000Z,50,Auckland,225,8339.207
2025-11-19T08:00:00.000Z,1,Cairo,115,7385.745
2025-11-19T08:00:00.000Z,2,Seoul,115,7734.208
2025-11-19T08:00:00.000Z,3,Mumbai,115,8564.023000000001
2025-11-19T08:00:00.000Z,4,Dubai,120,8795.094000000001
2025-11-19T08:00:00.000Z,5,Houston,123,6996.773
2025-11-19T08:00:00.000Z,6,Ho Chi Minh City,123,8101.705
2025-11-19T08:00:00.000Z,7,Vancouver,125,7482.197
2025-11-19T08:00:00.000Z,8,Hong Kong,125,8078.952
2025-11-19T08:00:00.000Z,9,Singapore,125,8375.487
2025-11-19T08:00:00.000Z,10,Osaka,126,7708.607
2025-11-19T08:00:00.000Z,11,Nairobi,127,6670.844
2025-11-19T08:00:00.000Z,12,Tokyo,127,8029.959
2025-11-19T08:00:00.000Z,13,Kolkata,130,7562.539000000001
2025-11-19T08:00:00.000Z,14,Toronto,132,7495.793
2025-11-19T08:00:00.000Z,15,San Francisco,132,7709.484
2025-11-19T08:00:00.000Z,16,New York,137,8044.4619999999995
2025-11-19T08:00:00.000Z,17,Rome,138,6684.653
2025-11-19T08:00:00.000Z,18,Chicago,138,7411.063999999999
2025-11-19T08:00:00.000Z,19,Beijing,139,8213.6
2025-11-19T08:00:00.000Z,20,Helsinki,139,8355.165
2025-11-19T08:00:00.000Z,21,Sydney,140,7025.987
2025-11-19T08:00:00.000Z,22,Delhi,143,7512.239
2025-11-19T08:00:00.000Z,23,London,143,7541.936
2025-11-19T08:00:00.000Z,24,Bangkok,143,7781.674
2025-11-19T08:00:00.000Z,25,Jakarta,147,7215.232
2025-11-19T08:00:00.000Z,26,Warsaw,149,8427.792
2025-11-19T08:00:00.000Z,27,Buenos Aires,151,7943.075
2025-11-19T08:00:00.000Z,28,Stockholm,151,9027.254
2025-11-19T08:00:00.000Z,29,Berlin,152,7696.628000000001
2025-11-19T08:00:00.000Z,30,Paris,153,7606.003
2025-11-19T08:00:00.000Z,31,Istanbul,153,8062.8099999999995
2025-11-19T08:00:00.000Z,32,Bengaluru,153,8447.465
2025-11-19T08:00:00.000Z,33,Zurich,153,8948.117
2025-11-19T08:00:00.000Z,34,Kuala Lumpur,154,7644.32
2025-11-19T08:00:00.000Z,35,Cape Town,155,7784.192999999999
2025-11-19T08:00:00.000Z,36,Riyadh,156,7164.35
2025-11-19T08:00:00.000Z,37,Madrid,158,8325.518
2025-11-19T08:00:00.000Z,38,Chennai,158,9318.321
2025-11-19T08:00:00.000Z,39,Shanghai,159,8320.242
2025-11-19T08:00:00.000Z,40,Melbourne,159,8645.761
2025-11-19T08:00:00.000Z,41,Lagos,161,8719.263
2025-11-19T08:00:00.000Z,42,Tehran,163,8869.882
2025-11-19T08:00:00.000Z,43,Los Angeles,167,7763.277
2025-11-19T08:00:00.000Z,44,Mexico City,168,7429.602
2025-11-19T08:00:00.000Z,45,Manila,172,8218.697
2025-11-19T08:00:00.000Z,46,Karachi,174,6895.674000000001
2025-11-19T08:00:00.000Z,47,Moscow,175,7197.710999999999
2025-11-19T08:00:00.000Z,48,Doha,179,9320.844000000001
2025-11-19T08:00:00.000Z,49,São Paulo,182,7563.004
2025-11-19T08:00:00.000Z,50,Auckland,225,7996.68
2025-11-19T09:00:00.000Z,1,Tokyo,111,8636.073
2025-11-19T09:00:00.000Z,2,Seoul,115,7843.0650000000005
2025-11-19T09:00:00.000Z,3,Mumbai,115,8643.375
2025-11-19T09:00:00.000Z,4,Dubai,120,8102.671
2025-11-19T09:00:00.000Z,5,Ho Chi Minh City,122,7663.552
2025-11-19T09:00:00.000Z,6,Houston,123,7209.76
2025-11-19T09:00:00.000Z,7,Cairo,123,7512.813
2025-11-19T09:00:00.000Z,8,Vancouver,125,8411.313
2025-11-19T09:00:00.000Z,9,Hong Kong,125,8427.274
2025-11-19T09:00:00.000Z,10,Nairobi,127,7255.358
2025-11-19T09:00:00.000Z,11,Istanbul,129,8230.065
2025-11-19T09:00:00.000Z,12,Kolkata,130,7864.2919999999995
2025-11-19T09:00:00.000Z,13,Singapore,130,8335.81
2025-11-19T09:00:00.000Z,14,Shanghai,131,8365.493
2025-11-19T09:00:00.000Z,15,Tehran,131,8561.954
2025-11-19T09:00:00.000Z,16,Toronto,132,7176.039
2025-11-19T09:00:00.000Z,17,San Francisco,132,7839.299
2025-11-19T09:00:00.000Z,18,Rome,138,7039.219
2025-11-19T09:00:00.000Z,19,Chicago,138,7407.32
2025-11-19T09:00:00.000Z,20,Beijing,139,8599.043
2025-11-19T09:00:00.000Z,21,Sydney,140,6910.002
2025-11-19T09:00:00.000Z,22,Bangkok,143,7240.471
2025-11-19T09:00:00.000Z,23,London,143,8440.092
2025-11-19T09:00:00.000Z,24,Cape Town,146,7812.968
2025-11-19T09:00:00.000Z,25,Jakarta,147,7237.29
2025-11-19T09:00:00.000Z,26,Helsinki,148,7461.855
2025-11-19T09:00:00.000Z,27,Warsaw,149,8387.468
2025-11-19T09:00:00.000Z,28,Buenos Aires,151,7856.773
2025-11-19T09:00:00.000Z,29,Stockholm,151,8332.43
2025-11-19T09:00:00.000Z,30,Berlin,152,7390.146
2025-11-19T09:00:00.000Z,31,Paris,153,7517.3279999999995
2025-11-19T09:00:00.000Z,32,Bengaluru,153,8037.124
2025-11-19T09:00:00.000Z,33,Zurich,153,9236.337
2025-11-19T09:00:00.000Z,34,Kuala Lumpur,154,7032.97
2025-11-19T09:00:00.000Z,35,Delhi,154,7583.902
2025-11-19T09:00:00.000Z,36,Riyadh,156,7485.575
2025-11-19T09:00:00.000Z,37,Osaka,157,7152.666
2025-11-19T09:00:00.000Z,38,Madrid,158,8042.647
2025-11-19T09:00:00.000Z,39,Chennai,158,9101.442
2025-11-19T09:00:00.000Z,40,Melbourne,159,8205.706
2025-11-19T09:00:00.000Z,41,Lagos,161,8359.982
2025-11-19T09:00:00.000Z,42,Los Angeles,167,8133.597
2025-11-19T09:00:00.000Z,43,Mexico City,168,7548.96
2025-11-19T09:00:00.000Z,44,New York,169,7809.552
2025-11-19T09:00:00.000Z,45,Manila,172,8188.504
2025-11-19T09:00:00.000Z,46,Karachi,174,6471.053
2025-11-19T09:00:00.000Z,47,Moscow,175,7569.585
2025-11-19T09:00:00.000Z,48,Doha,179,8627.221
2025-11-19T09:00:00.000Z,49,São Paulo,182,7696.896
2025-11-19T09:00:00.000Z,50,Auckland,225,8077.238
2025-11-19T10:00:00.000Z,1,Ho Chi Minh City,109,7632.941
2025-11-19T10:00:00.000Z,2,Tokyo,111,8529.717
2025-11-19T10:00:00.000Z,3,Nairobi,113,7512.757
2025-11-19T10:00:00.000Z,4,Seoul,115,7814.2
2025-11-19T10:00:00.000Z,5,San Francisco,118,7477.724
2025-11-19T10:00:00.000Z,6,Dubai,120,8021.859
2025-11-19T10:00:00.000Z,7,Mumbai,121,8199.962
2025-11-19T10:00:00.000Z,8,Houston,123,6796.35
2025-11-19T10:00:00.000Z,9,Cairo,123,7732.3150000000005
2025-11-19T10:00:00.000Z,10,Hong Kong,125,7884.026
2025-11-19T10:00:00.000Z,11,Vancouver,125,8525.51
2025-11-19T10:00:00.000Z,12,Buenos Aires,127,7352.359
2025-11-19T10:00:00.000Z,13,Istanbul,129,7970.5779999999995
2025-11-19T10:00:00.000Z,14,Kolkata,130,7935.549
2025-11-19T10:00:00.000Z,15,Singapore,130,8118.975
2025-11-19T10:00:00.000Z,16,Shanghai,131,7971.433
2025-11-19T10:00:00.000Z,17,Tehran,131,8724.744999999999
2025-11-19T10:00:00.000Z,18,Beijing,131,8761.969000000001
2025-11-19T10:00:00.000Z,19,Toronto,132,7450.991
2025-11-19T10:00:00.000Z,20,Rome,138,6885.924
2025-11-19T10:00:00.000Z,21,Chicago,138,7031.395
2025-11-19T10:00:00.000Z,22,Sydney,140,7146.416
2025-11-19T10:00:00.000Z,23,Moscow,142,7047.139999999999
2025-11-19T10:00:00.000Z,24,Madrid,142,8128.295
2025-11-19T10:00:00.000Z,25,Bangkok,143,7802.102
2025-11-19T10:00:00.000Z,26,London,143,8533.913
2025-11-19T10:00:00.000Z,27,Warsaw,145,8593.35
2025-11-19T10:00:00.000Z,28,Cape Town,146,7812.825
2025-11-19T10:00:00.000Z,29,Jakarta,147,7489.192
2025-11-19T10:00:00.000Z,30,Helsinki,148,7087.566
2025-11-19T10:00:00.000Z,31,Stockholm,151,8816.741
2025-11-19T10:00:00.000Z,32,Berlin,152,7726.201
2025-11-19T10:00:00.000Z,33,Paris,153,6830.249
2025-11-19T10:00:00.000Z,34,Bengaluru,153,8103.333
2025-11-19T10:00:00.000Z,35,Zurich,153,9162.229
2025-11-19T10:00:00.000Z,36,Kuala Lumpur,154,6934.648999999999
2025-11-19T10:00:00.000Z,37,Delhi,154,7435.225
2025-11-19T10:00:00.000Z,38,Riyadh,156,7844.63
2025-11-19T10:00:00.000Z,39,Osaka,157,6936.1669999999995
2025-11-19T10:00:00.000Z,40,Chennai,158,8962.613
2025-11-19T10:00:00.000Z,41,Melbourne,159,7210.114
2025-11-19T10:00:00.000Z,42,Lagos,161,8326.496
2025-11-19T10:00:00.000Z,43,Los Angeles,167,7698.436
2025-11-19T10:00:00.000Z,44,Mexico City,168,7264.048
2025-11-19T10:00:00.000Z,45,New York,169,7659.789000000001
2025-11-19T10:00:00.000Z,46,Manila,172,8495.519
2025-11-19T10:00:00.000Z,47,Karachi,174,6043.868
2025-11-19T10:00:00.000Z,48,Doha,179,8414.131
2025-11-19T10:00:00.000Z,49,São Paulo,182,7953.957
2025-11-19T10:00:00.000Z,50,Auckland,225,8395.419
2025-11-19T11:00:00.000Z,1,Tehran,101,7720.332
2025-11-19T11:00:00.000Z,2,Tokyo,106,7704.285
2025-11-19T11:00:00.000Z,3,Ho Chi Minh City,109,6963.008
2025-11-19T11:00:00.000Z,4,Seoul,111,6449.155
2025-11-19T11:00:00.000Z,5,San Francisco,111,6549.311
2025-11-19T11:00:00.000Z,6,Dubai,112,6718.236
2025-11-19T11:00:00.000Z,7,Nairobi,113,6401.0419999999995
2025-11-19T11:00:00.000Z,8,Vancouver,114,7456.6900000000005
2025-11-19T11:00:00.000Z,9,Berlin,115,6477.254
2025-11-19T11:00:00.000Z,10,Bengaluru,115,6870.008
2025-11-19T11:00:00.000Z,11,Paris,116,6042.055
2025-11-19T11:00:00.000Z,12,São Paulo,118,7481.3189999999995
2025-11-19T11:00:00.000Z,13,Mumbai,121,7260.716
2025-11-19T11:00:00.000Z,14,Stockholm,122,7941.24
2025-11-19T11:00:00.000Z,15,Houston,123,5951.796
2025-11-19T11:00:00.000Z,16,Cairo,123,6550.957
2025-11-19T11:00:00.000Z,17,Hong Kong,125,6592.506
2025-11-19T11:00:00.000Z,18,Buenos Aires,127,6493.512
2025-11-19T11:00:00.000Z,19,Istanbul,129,7013.331
2025-11-19T11:00:00.000Z,20,Kolkata,130,7052.12
2025-11-19T11:00:00.000Z,21,Singapore,130,7316.174999999999
2025-11-19T11:00:00.000Z,22,Shanghai,131,6806.334
2025-11-19T11:00:00.000Z,23,Beijing,131,7737.245
2025-11-19T11:00:00.000Z,24,Toronto,132,6761.779
2025-11-19T11:00:00.000Z,25,Chicago,138,5919.0689999999995
2025-11-19T11:00:00.000Z,26,Rome,138,6056.121999999999
2025-11-19T11:00:00.000Z,27,Sydney,140,6176.592
2025-11-19T11:00:00.000Z,28,Moscow,142,6291.827
2025-11-19T11:00:00.000Z,29,Madrid,142,7030.072999999999
2025-11-19T11:00:00.000Z,30,Bangkok,143,6632.234
2025-11-19T11:00:00.000Z,31,London,143,6945.405
2025-11-19T11:00:00.000Z,32,Warsaw,145,7521.657999999999
2025-11-19T11:00:00.000Z,33,Cape Town,146,6668.728
2025-11-19T11:00:00.000Z,34,Jakarta,147,6799.629
2025-11-19T11:00:00.000Z,35,Helsinki,148,6094.641
2025-11-19T11:00:00.000Z,36,Zurich,153,7747.327
2025-11-19T11:00:00.000Z,37,Kuala Lumpur,154,6093.575
2025-11-19T11:00:00.000Z,38,Delhi,154,6384.263
2025-11-19T11:00:00.000Z,39,Riyadh,156,6789.477
2025-11-19T11:00:00.000Z,40,Osaka,157,5816.608
2025-11-19T11:00:00.000Z,41,Chennai,158,7975.439
2025-11-19T11:00:00.000Z,42,Melbourne,159,6103.049
2025-11-19T11:00:00.000Z,43,Lagos,161,6976.133
2025-11-19T11:00:00.000Z,44,Los Angeles,167,6677.202
2025-11-19T11:00:00.000Z,45,Mexico City,168,6057.84
2025-11-19T11:00:00.000Z,46,New York,169,6738.597
2025-11-19T11:00:00.000Z,47,Manila,172,7525.696
2025-11-19T11:00:00.000Z,48,Karachi,174,5242.432
2025-11-19T11:00:00.000Z,49,Doha,179,7315.028
2025-11-19T11:00:00.000Z,50,Auckland,225,7090.342000000001
2025-11-19T12:00:00.000Z,1,Tehran,101,6708.004
2025-11-19T12:00:00.000Z,2,Tokyo,106,6816.432
2025-11-19T12:00:00.000Z,3,Ho Chi Minh City,109,5827.826
2025-11-19T12:00:00.000Z,4,Seoul,111,5300.726
2025-11-19T12:00:00.000Z,5,San Francisco,111,5542.85
2025-11-19T12:00:00.000Z,6,Dubai,112,5978.144
2025-11-19T12:00:00.000Z,7,Nairobi,113,5286.279
2025-11-19T12:00:00.000Z,8,Vancouver,114,6316.078
2025-11-19T12:00:00.000Z,9,Berlin,115,5697.018
2025-11-19T12:00:00.000Z,10,Bengaluru,115,6056.835
2025-11-19T12:00:00.000Z,11,Paris,116,5339.821
2025-11-19T12:00:00.000Z,12,São Paulo,118,6695.54
2025-11-19T12:00:00.000Z,13,Mumbai,121,6164.483
2025-11-19T12:00:00.000Z,14,Zurich,122,6438.096
2025-11-19T12:00:00.000Z,15,Stockholm,122,6873.113
2025-11-19T12:00:00.000Z,16,Houston,123,4945.034
2025-11-19T12:00:00.000Z,17,Cairo,123,5699.391
2025-11-19T12:00:00.000Z,18,Hong Kong,125,6042.365
2025-11-19T12:00:00.000Z,19,Buenos Aires,127,5285.103
2025-11-19T12:00:00.000Z,20,Madrid,127,6013.022
2025-11-19T12:00:00.000Z,21,Istanbul,129,5557.126
2025-11-19T12:00:00.000Z,22,Kolkata,130,5971.29
2025-11-19T12:00:00.000Z,23,Singapore,130,6319.2970000000005
2025-11-19T12:00:00.000Z,24,Shanghai,131,6131.897
2025-11-19T12:00:00.000Z,25,Beijing,131,6815.058
2025-11-19T12:00:00.000Z,26,Toronto,132,5749.567
2025-11-19T12:00:00.000Z,27,Los Angeles,137,5956.385
2025-11-19T12:00:00.000Z,28,Chicago,138,5107.588
2025-11-19T12:00:00.000Z,29,Rome,138,5196.5419999999995
2025-11-19T12:00:00.000Z,30,Sydney,140,5016.575
2025-11-19T12:00:00.000Z,31,Moscow,142,5174.246
2025-11-19T12:00:00.000Z,32,Bangkok,143,5520.588
2025-11-19T12:00:00.000Z,33,London,143,6510.01
2025-11-19T12:00:00.000Z,34,Warsaw,145,6264.513
2025-11-19T12:00:00.000Z,35,Cape Town,146,5475.405
2025-11-19T12:00:00.000Z,36,Jakarta,147,5801.482
2025-11-19T12:00:00.000Z,37,Helsinki,148,4881.009
2025-11-19T12:00:00.000Z,38,Manila,148,6484.189
2025-11-19T12:00:00.000Z,39,Kuala Lumpur,154,4823.504
2025-11-19T12:00:00.000Z,40,Delhi,154,5279.141
2025-11-19T12:00:00.000Z,41,Riyadh,156,6138.3330000000005
2025-11-19T12:00:00.000Z,42,Osaka,157,4847.588
2025-11-19T12:00:00.000Z,43,Chennai,158,6714.379
2025-11-19T12:00:00.000Z,44,Melbourne,159,4573.362
2025-11-19T12:00:00.000Z,45,Lagos,161,5931.248
2025-11-19T12:00:00.000Z,46,Mexico City,168,5165.1900000000005
2025-11-19T12:00:00.000Z,47,New York,169,5637.96
2025-11-19T12:00:00.000Z,48,Karachi,174,4527.044
2025-11-19T12:00:00.000Z,49,Doha,179,6224.262000000001
2025-11-19T12:00:00.000Z,50,Auckland,225,6442.067
2025-11-19T13:00:00.000Z,1,Tehran,101,5340.296
2025-11-19T13:00:00.000Z,2,Vancouver,103,5320.9
2025-11-19T13:00:00.000Z,3,Tokyo,106,6032.923
2025-11-19T13:00:00.000Z,4,Bengaluru,107,5371.933
2025-11-19T13:00:00.000Z,5,Ho Chi Minh City,109,4800.261
2025-11-19T13:00:00.000Z,6,San Francisco,111,4398.647
2025-11-19T13:00:00.000Z,7,Seoul,111,4543.974
2025-11-19T13:00:00.000Z,8,Dubai,111,4606.7
2025-11-19T13:00:00.000Z,9,Nairobi,113,4223.229
2025-11-19T13:00:00.000Z,10,Paris,115,3981.719
2025-11-19T13:00:00.000Z,11,Berlin,115,4989.954
2025-11-19T13:00:00.000Z,12,São Paulo,118,5466.386
2025-11-19T13:00:00.000Z,13,Mumbai,121,5428.911
2025-11-19T13:00:00.000Z,14,Zurich,122,5310.817
2025-11-19T13:00:00.000Z,15,Stockholm,122,5483.742
2025-11-19T13:00:00.000Z,16,Houston,123,3831.227
2025-11-19T13:00:00.000Z,17,Cairo,123,4966.697
2025-11-19T13:00:00.000Z,18,Hong Kong,125,5016.751
2025-11-19T13:00:00.000Z,19,Buenos Aires,127,4174.488
2025-11-19T13:00:00.000Z,20,Madrid,127,4702.3279999999995
2025-11-19T13:00:00.000Z,21,Istanbul,129,4716.946
2025-11-19T13:00:00.000Z,22,Singapore,130,4777.552
2025-11-19T13:00:00.000Z,23,Kolkata,130,4982.332
2025-11-19T13:00:00.000Z,24,Shanghai,131,4984.234
2025-11-19T13:00:00.000Z,25,Beijing,131,5172.006
2025-11-19T13:00:00.000Z,26,Toronto,132,5018.827
2025-11-19T13:00:00.000Z,27,Los Angeles,137,5280.5380000000005
2025-11-19T13:00:00.000Z,28,Chicago,138,4191.072
2025-11-19T13:00:00.000Z,29,Rome,138,4201.638
2025-11-19T13:00:00.000Z,30,Kuala Lumpur,140,4170.214
2025-11-19T13:00:00.000Z,31,Sydney,140,4229.054
2025-11-19T13:00:00.000Z,32,Moscow,142,4580.252
2025-11-19T13:00:00.000Z,33,Bangkok,143,4691.05
2025-11-19T13:00:00.000Z,34,London,143,5626.897
2025-11-19T13:00:00.000Z,35,Warsaw,145,4882.603
2025-11-19T13:00:00.000Z,36,Chennai,145,5541.9619999999995
2025-11-19T13:00:00.000Z,37,Cape Town,146,4860.073
2025-11-19T13:00:00.000Z,38,Jakarta,147,5104.718
2025-11-19T13:00:00.000Z,39,Helsinki,148,4147.568
2025-11-19T13:00:00.000Z,40,Manila,148,5647.2
2025-11-19T13:00:00.000Z,41,Delhi,154,4363.692
2025-11-19T13:00:00.000Z,42,Riyadh,156,5243.467000000001
2025-11-19T13:00:00.000Z,43,Osaka,157,3949.6040000000003
2025-11-19T13:00:00.000Z,44,Melbourne,159,4025.43
2025-11-19T13:00:00.000Z,45,Lagos,161,5039.894
2025-11-19T13:00:00.000Z,46,Mexico City,168,4592.111
2025-11-19T13:00:00.000Z,47,New York,169,4587.061
2025-11-19T13:00:00.000Z,48,Karachi,174,3636.219
2025-11-19T13:00:00.000Z,49,Doha,179,5376.2
2025-11-19T13:00:00.000Z,50,Auckland,225,5376.501
2025-11-19T14:00:00.000Z,1,Berlin,93,4098.487
2025-11-19T14:00:00.000Z,2,Tehran,101,3980.7
2025-11-19T14:00:00.000Z,3,Bengaluru,101,4227.976000000001
2025-11-19T14:00:00.000Z,4,Vancouver,103,4265.213
2025-11-19T14:00:00.000Z,5,Tokyo,106,5131.666
2025-11-19T14:00:00.000Z,6,Melbourne,109,3051.1040000000003
2025-11-19T14:00:00.000Z,7,Ho Chi Minh City,109,4082.183
2025-11-19T14:00:00.000Z,8,Lagos,110,3920.9700000000003
2025-11-19T14:00:00.000Z,9,San Francisco,111,3269.947
2025-11-19T14:00:00.000Z,10,Dubai,111,3452.995
2025-11-19T14:00:00.000Z,11,Seoul,111,3544.134
2025-11-19T14:00:00.000Z,12,Paris,113,3154.798
2025-11-19T14:00:00.000Z,13,Nairobi,113,3653.861
2025-11-19T14:00:00.000Z,14,Kolkata,113,3883.0789999999997
2025-11-19T14:00:00.000Z,15,Beijing,114,3999.2349999999997
2025-11-19T14:00:00.000Z,16,São Paulo,118,4576.5
2025-11-19T14:00:00.000Z,17,Doha,120,4086.948
2025-11-19T14:00:00.000Z,18,Mumbai,121,4463.09
2025-11-19T14:00:00.000Z,19,Zurich,122,4081.719
2025-11-19T14:00:00.000Z,20,Warsaw,122,4095.024
2025-11-19T14:00:00.000Z,21,Stockholm,122,4531.807
2025-11-19T14:00:00.000Z,22,Houston,123,3457.673
2025-11-19T14:00:00.000Z,23,Cairo,123,4210.845
2025-11-19T14:00:00.000Z,24,Cape Town,124,4124.429
2025-11-19T14:00:00.000Z,25,Hong Kong,125,4034.706
2025-11-19T14:00:00.000Z,26,Buenos Aires,127,3595.575
2025-11-19T14:00:00.000Z,27,Jakarta,127,3780.795
2025-11-19T14:00:00.000Z,28,Toronto,127,3888.3810000000003
2025-11-19T14:00:00.000Z,29,Madrid,127,4134.013
2025-11-19T14:00:00.000Z,30,Rome,128,3635.913
2025-11-19T14:00:00.000Z,31,Chicago,129,3156.939
2025-11-19T14:00:00.000Z,32,Istanbul,129,4053.864
2025-11-19T14:00:00.000Z,33,Singapore,130,4038.859
2025-11-19T14:00:00.000Z,34,Shanghai,131,3842.623
2025-11-19T14:00:00.000Z,35,Los Angeles,137,3879.06
2025-11-19T14:00:00.000Z,36,Kuala Lumpur,140,3166.615
2025-11-19T14:00:00.000Z,37,Sydney,140,3325.3540000000003
2025-11-19T14:00:00.000Z,38,Moscow,142,3804.2110000000002
2025-11-19T14:00:00.000Z,39,Bangkok,143,3454.807
2025-11-19T14:00:00.000Z,40,London,143,4335.148
2025-11-19T14:00:00.000Z,41,Chennai,145,4224.891
2025-11-19T14:00:00.000Z,42,Helsinki,148,3351.33
2025-11-19T14:00:00.000Z,43,Manila,148,4930.849
2025-11-19T14:00:00.000Z,44,Karachi,150,3145.513
2025-11-19T14:00:00.000Z,45,Delhi,154,3632.234
2025-11-19T14:00:00.000Z,46,Riyadh,156,4473.867
2025-11-19T14:00:00.000Z,47,Osaka,157,3293.478
2025-11-19T14:00:00.000Z,48,Mexico City,168,3343.553
2025-11-19T14:00:00.000Z,49,New York,169,3693.342
2025-11-19T14:00:00.000Z,50,Auckland,225,4468.9529999999995
2025-11-19T15:00:00.000Z,1,Mexico City,84,2304.374
2025-11-19T15:00:00.000Z,2,Bengaluru,91,2886.053
2025-11-19T15:00:00.000Z,3,San Francisco,93,2646.304
2025-11-19T15:00:00.000Z,4,Berlin,93,3000.611
2025-11-19T15:00:00.000Z,5,Nairobi,97,3099.944
2025-11-19T15:00:00.000Z,6,Tehran,101,2821.557
2025-11-19T15:00:00.000Z,7,Tokyo,102,3890.1549999999997
2025-11-19T15:00:00.000Z,8,Vancouver,103,3224.906
2025-11-19T15:00:00.000Z,9,Beijing,108,3042.4759999999997
2025-11-19T15:00:00.000Z,10,Melbourne,109,1826.708
2025-11-19T15:00:00.000Z,11,Hong Kong,109,2782.825
2025-11-19T15:00:00.000Z,12,Ho Chi Minh City,109,3274.423
2025-11-19T15:00:00.000Z,13,Lagos,110,2934.359
2025-11-19T15:00:00.000Z,14,Dubai,111,2689.186
2025-11-19T15:00:00.000Z,15,Seoul,111,2722.49
2025-11-19T15:00:00.000Z,16,Bangkok,112,2389.422
2025-11-19T15:00:00.000Z,17,Paris,113,2144.541
2025-11-19T15:00:00.000Z,18,Doha,113,2580.285
2025-11-19T15:00:00.000Z,19,Kolkata,113,3252.385
2025-11-19T15:00:00.000Z,20,Kuala Lumpur,118,2440.2690000000002
2025-11-19T15:00:00.000Z,21,São Paulo,118,3317.214
2025-11-19T15:00:00.000Z,22,Mumbai,121,3265.483
2025-11-19T15:00:00.000Z,23,Warsaw,122,2863.11
2025-11-19T15:00:00.000Z,24,Stockholm,122,3074.324
2025-11-19T15:00:00.000Z,25,Zurich,122,3306.174
2025-11-19T15:00:00.000Z,26,Houston,123,2582.297
2025-11-19T15:00:00.000Z,27,Cairo,123,3052.168
2025-11-19T15:00:00.000Z,28,Cape Town,124,2785.967
2025-11-19T15:00:00.000Z,29,Buenos Aires,127,2502.653
2025-11-19T15:00:00.000Z,30,Jakarta,127,2643.024
2025-11-19T15:00:00.000Z,31,Madrid,127,2923.556
2025-11-19T15:00:00.000Z,32,Toronto,127,3040.852
2025-11-19T15:00:00.000Z,33,Rome,128,2858.471
2025-11-19T15:00:00.000Z,34,Chicago,129,2235.23
2025-11-19T15:00:00.000Z,35,Istanbul,129,3098.591
2025-11-19T15:00:00.000Z,36,Singapore,130,2950.428
2025-11-19T15:00:00.000Z,37,Shanghai,131,2498.315
2025-11-19T15:00:00.000Z,38,London,134,3011.341
2025-11-19T15:00:00.000Z,39,Los Angeles,137,2733.841
2025-11-19T15:00:00.000Z,40,Sydney,137,2875.312
2025-11-19T15:00:00.000Z,41,Karachi,142,2075.904
2025-11-19T15:00:00.000Z,42,Moscow,142,3087.252
2025-11-19T15:00:00.000Z,43,Auckland,143,3373.505
2025-11-19T15:00:00.000Z,44,Chennai,145,2902.797
2025-11-19T15:00:00.000Z,45,Helsinki,148,2077.27
2025-11-19T15:00:00.000Z,46,Manila,148,3892.29
2025-11-19T15:00:00.000Z,47,Delhi,154,2731.859
2025-11-19T15:00:00.000Z,48,Riyadh,156,3716.946
2025-11-19T15:00:00.000Z,49,Osaka,157,2293.174
2025-11-19T15:00:00.000Z,50,New York,169,2711.1259999999997
2025-11-19T16:00:00.000Z,1,Berlin,66,2069.825
2025-11-19T16:00:00.000Z,2,Bengaluru,80,1989.99
2025-11-19T16:00:00.000Z,3,Istanbul,81,2009.127
2025-11-19T16:00:00.000Z,4,Nairobi,83,2483.781
2025-11-19T16:00:00.000Z,5,Mexico City,84,1761.4270000000001
2025-11-19T16:00:00.000Z,6,Stockholm,89,1925.181
2025-11-19T16:00:00.000Z,7,Kuala Lumpur,90,1337.721
2025-11-19T16:00:00.000Z,8,Hong Kong,92,1916.843
2025-11-19T16:00:00.000Z,9,San Francisco,93,1999.607
2025-11-19T16:00:00.000Z,10,Zurich,95,2105.688
2025-11-19T16:00:00.000Z,11,Paris,96,1324.676
2025-11-19T16:00:00.000Z,12,Beijing,100,2307.635
2025-11-19T16:00:00.000Z,13,Tehran,101,1838.174
2025-11-19T16:00:00.000Z,14,Tokyo,102,2339.962
2025-11-19T16:00:00.000Z,15,Kolkata,103,2526.866
2025-11-19T16:00:00.000Z,16,Vancouver,103,2740.482
2025-11-19T16:00:00.000Z,17,Melbourne,109,1116.703
2025-11-19T16:00:00.000Z,18,Ho Chi Minh City,109,2172.879
2025-11-19T16:00:00.000Z,19,Lagos,110,1713.79
2025-11-19T16:00:00.000Z,20,Dubai,110,1738.359
2025-11-19T16:00:00.000Z,21,Seoul,111,2067.291
2025-11-19T16:00:00.000Z,22,Bangkok,112,1568.02
2025-11-19T16:00:00.000Z,23,Houston,112,1666.911
2025-11-19T16:00:00.000Z,24,Doha,113,1677.726
2025-11-19T16:00:00.000Z,25,Riyadh,115,2464.536
2025-11-19T16:00:00.000Z,26,Rome,117,1830.946
2025-11-19T16:00:00.000Z,27,São Paulo,118,2308.417
2025-11-19T16:00:00.000Z,28,Shanghai,121,1530.915
2025-11-19T16:00:00.000Z,29,Mumbai,121,2077.962
2025-11-19T16:00:00.000Z,30,Warsaw,122,2244.323
2025-11-19T16:00:00.000Z,31,Cairo,123,2340.04
2025-11-19T16:00:00.000Z,32,Cape Town,124,2083.539
2025-11-19T16:00:00.000Z,33,London,125,2383.085
2025-11-19T16:00:00.000Z,34,Buenos Aires,127,1372.196
2025-11-19T16:00:00.000Z,35,Jakarta,127,1695.117
2025-11-19T16:00:00.000Z,36,Toronto,127,1804.129
2025-11-19T16:00:00.000Z,37,Madrid,127,2037.134
2025-11-19T16:00:00.000Z,38,Los Angeles,128,1818.6080000000002
2025-11-19T16:00:00.000Z,39,Manila,128,2539.006
2025-11-19T16:00:00.000Z,40,Chicago,129,1360.1689999999999
2025-11-19T16:00:00.000Z,41,Singapore,130,1609.077
2025-11-19T16:00:00.000Z,42,Auckland,133,2444.957
2025-11-19T16:00:00.000Z,43,Sydney,137,1805.766
2025-11-19T16:00:00.000Z,44,Karachi,142,1543.944
2025-11-19T16:00:00.000Z,45,Moscow,142,1944.8600000000001
2025-11-19T16:00:00.000Z,46,Chennai,145,1982.246
2025-11-19T16:00:00.000Z,47,Helsinki,148,1641.846
2025-11-19T16:00:00.000Z,48,Delhi,154,2128.622
2025-11-19T16:00:00.000Z,49,Osaka,157,1391.129
2025-11-19T16:00:00.000Z,50,New York,169,1708.091
2025-11-19T17:00:00.000Z,1,Istanbul,61,879.836
2025-11-19T17:00:00.000Z,2,Auckland,63,1045.8310000000001
2025-11-19T17:00:00.000Z,3,Osaka,64,713.8779999999999
2025-11-19T17:00:00.000Z,4,Berlin,65,1229.903
2025-11-19T17:00:00.000Z,5,Paris,69,184.107
2025-11-19T17:00:00.000Z,6,San Francisco,69,975.35
2025-11-19T17:00:00.000Z,7,Bengaluru,79,1132.791
2025-11-19T17:00:00.000Z,8,Kuala Lumpur,82,788.251
2025-11-19T17:00:00.000Z,9,Tehran,82,1096.823
2025-11-19T17:00:00.000Z,10,Hong Kong,83,866.048
2025-11-19T17:00:00.000Z,11,Nairobi,83,1224.729
2025-11-19T17:00:00.000Z,12,Mexico City,84,758.562
2025-11-19T17:00:00.000Z,13,Singapore,85,963.475
2025-11-19T17:00:00.000Z,14,Stockholm,86,1213.01
2025-11-19T17:00:00.000Z,15,Zurich,88,1010.14
2025-11-19T17:00:00.000Z,16,Sydney,88,1248.438
2025-11-19T17:00:00.000Z,17,Lagos,89,846.145
2025-11-19T17:00:00.000Z,18,Chicago,95,461.23199999999997
2025-11-19T17:00:00.000Z,19,Doha,95,976.663
2025-11-19T17:00:00.000Z,20,Moscow,96,955.034
2025-11-19T17:00:00.000Z,21,Los Angeles,97,779.674
2025-11-19T17:00:00.000Z,22,Beijing,100,1389.887
2025-11-19T17:00:00.000Z,23,Tokyo,102,1131.879
2025-11-19T17:00:00.000Z,24,Vancouver,103,1036.213
2025-11-19T17:00:00.000Z,25,Kolkata,103,1292.234
2025-11-19T17:00:00.000Z,26,Cairo,106,1273.6309999999999
2025-11-19T17:00:00.000Z,27,Melbourne,109,434.38
2025-11-19T17:00:00.000Z,28,Ho Chi Minh City,109,1259.264
2025-11-19T17:00:00.000Z,29,Dubai,110,1060.255
2025-11-19T17:00:00.000Z,30,Seoul,111,1310.298
2025-11-19T17:00:00.000Z,31,Houston,112,718.422
2025-11-19T17:00:00.000Z,32,Bangkok,112,953.857
2025-11-19T17:00:00.000Z,33,Riyadh,115,1343.223
2025-11-19T17:00:00.000Z,34,Madrid,116,1223.562
2025-11-19T17:00:00.000Z,35,Rome,117,985.1
2025-11-19T17:00:00.000Z,36,São Paulo,118,1266.122
2025-11-19T17:00:00.000Z,37,Shanghai,121,427.577
2025-11-19T17:00:00.000Z,38,Mumbai,121,821.9639999999999
2025-11-19T17:00:00.000Z,39,Warsaw,122,1363.27
2025-11-19T17:00:00.000Z,40,Delhi,124,1030.089
2025-11-19T17:00:00.000Z,41,Cape Town,124,1159.568
2025-11-19T17:00:00.000Z,42,London,125,1044.13
2025-11-19T17:00:00.000Z,43,Buenos Aires,127,636.6279999999999
2025-11-19T17:00:00.000Z,44,Jakarta,127,986.085
2025-11-19T17:00:00.000Z,45,Toronto,127,990.656
2025-11-19T17:00:00.000Z,46,New York,128,925.575
2025-11-19T17:00:00.000Z,47,Manila,128,1305.94
2025-11-19T17:00:00.000Z,48,Helsinki,132,783.896
2025-11-19T17:00:00.000Z,49,Karachi,142,1013.552
2025-11-19T17:00:00.000Z,50,Chennai,145,940.736
