Station Name,mean_duration,std_duration,median_duration,p95_duration,p99_duration,total_duration,n
.BAGHAJATIN,1.0,0.0,1.0,1.0,1.0,217.0,217
ABADA,1.0,0.0,1.0,1.0,1.0,90.0,90
ABHAIPUR,1.0,0.0,1.0,1.0,1.0,62.0,62
ABHANPUR JN.,6.916667,5.991787,7.5,15.0,15.0,83.0,12
ABHAYAPURI A,1.0,0.0,1.0,1.0,1.0,6.0,6
ABJUGANJ,1.0,0.0,1.0,1.0,1.0,6.0,6
ABOHAR,2.642857,3.860669,2.0,8.25,17.3,74.0,28
ABU ROAD,11.69,7.23026,10.0,20.0,55.0,1169.0,100
ABUTARA HALT,1.0,0.0,1.0,1.0,1.0,6.0,6
ACHAL GANJ,1.0,0.0,1.0,1.0,1.0,6.0,6
ACHALDA,1.4,0.516398,1.0,2.0,2.0,14.0,10
ACHARYA NARE,1.071429,0.267261,1.0,1.35,1.87,15.0,14
ACHEGAON,1.0,0.0,1.0,1.0,1.0,6.0,6
ACHHNERA JN.,34.961538,195.386792,2.0,25.0,706.1,1818.0,52
ADALPAHARI,1.0,,1.0,1.0,1.0,1.0,1
ADAPUR,2.0,0.0,2.0,2.0,2.0,16.0,8
ADARKI,1.0,0.0,1.0,1.0,1.0,4.0,4
ADARSH NAGAR,1.12,0.331662,1.0,2.0,2.0,28.0,25
ADARSHNAGAR,1.0,0.0,1.0,1.0,1.0,2.0,2
ADAS ROAD,1.055556,0.235702,1.0,1.15,1.83,19.0,18
ADAVALI,1.25,0.46291,1.0,2.0,2.0,10.0,8
ADESAR,2.0,0.0,2.0,2.0,2.0,12.0,6
ADHARTAL,1.666667,0.492366,2.0,2.0,2.0,20.0,12
ADHIKARI,1.625,0.517549,2.0,2.0,2.0,13.0,8
ADHINPUR,1.0,0.0,1.0,1.0,1.0,6.0,6
ADHYATMIK NA,1.0,0.0,1.0,1.0,1.0,6.0,6
ADI SAPTAGRA,1.0,0.0,1.0,1.0,1.0,65.0,65
ADICHUNCHUNA,1.0,0.0,1.0,1.0,1.0,2.0,2
ADIHALLI,1.0,0.0,1.0,1.0,1.0,8.0,8
ADILABAD,2.894737,3.034885,5.0,5.5,9.1,55.0,19
ADINA,1.5,0.518875,1.5,2.0,2.0,21.0,14
ADIPUR,2.0,0.0,2.0,2.0,2.0,28.0,14
ADITYAPUR,1.0,0.0,1.0,1.0,1.0,28.0,28
ADONI,1.631579,0.522069,2.0,2.0,2.44,93.0,57
ADRA,7.843137,9.264801,5.0,29.75,39.95,800.0,102
ADRAJ MOTI,853.75,269.949841,855.0,1089.25,1089.85,3415.0,4
ADRI ROAD,1.0,0.0,1.0,1.0,1.0,6.0,6
ADUTHURAI,1.0,0.0,1.0,1.0,1.0,20.0,20
AGARAM SIBBA,1.0,0.0,1.0,1.0,1.0,6.0,6
AGARPARA,1.0,0.0,1.0,1.0,1.0,210.0,210
AGARTALA,0.0,0.0,0.0,0.0,0.0,0.0,16
AGAS,1.0,0.0,1.0,1.0,1.0,16.0,16
AGASOD,2.0,0.0,2.0,2.0,2.0,8.0,4
AGAUTHAR HAL,1.0,0.0,1.0,1.0,1.0,4.0,4
AGHWANPUR,1.5,0.547723,1.5,2.0,2.0,9.0,6
AGOMONI,1.0,0.0,1.0,1.0,1.0,6.0,6
AGORI KHAS,2.0,0.0,2.0,2.0,2.0,16.0,8
AGRA  FORT,10.517241,9.304293,10.0,25.0,25.0,610.0,58
AGRA CANTT,10.528409,77.432878,5.0,7.5,26.25,1853.0,176
AGRA CITY,1.333333,0.516398,1.0,2.0,2.0,8.0,6
AGRADWIP,1.0,0.0,1.0,1.0,1.0,40.0,40
AGRAN DHULGA,1.0,0.0,1.0,1.0,1.0,4.0,4
AGSAULI,1.75,0.46291,2.0,2.0,2.0,14.0,8
AGTHORI,1.166667,0.408248,1.0,1.75,1.95,7.0,6
AHALYAPUR F,1.125,0.353553,1.0,1.65,1.93,9.0,8
AHERA,1.0,0.0,1.0,1.0,1.0,24.0,24
AHERWADI H,1.0,0.0,1.0,1.0,1.0,5.0,5
AHIMANPUR,1.666667,0.5,2.0,2.0,2.0,15.0,9
AHIRAN H,1.0,0.0,1.0,1.0,1.0,16.0,16
AHIRAULI (HA,1.0,0.0,1.0,1.0,1.0,10.0,10
AHJU,2.0,0.0,2.0,2.0,2.0,8.0,4
AHMADNAGAR,3.365079,0.866986,3.0,5.0,5.0,212.0,63
AHMADPUR JN.,1.130435,0.340503,1.0,2.0,2.0,52.0,46
AHMED GARH,1.947368,0.524265,2.0,3.0,3.0,37.0,19
AHMEDABAD,29.87541,141.185759,10.0,30.0,973.4,9112.0,305
AHMEDABAD JN,804.166667,382.680241,815.0,1250.0,1302.0,4825.0,6
AHRAURA ROAD,1.333333,0.516398,1.0,2.0,2.0,8.0,6
AIGAWAN,1.7,0.483046,2.0,2.0,2.0,17.0,10
AILAM HALT,72.9,321.546575,1.0,72.9,1165.78,1458.0,20
AISHBAGH,1.571429,0.534522,2.0,2.0,2.0,11.0,7
AIT JN,1.166667,1.00722,2.0,2.0,2.0,28.0,24
AITHAL,1.833333,0.389249,2.0,2.0,2.0,22.0,12
AIYANAPURAM,1.0,0.0,1.0,1.0,1.0,2.0,2
AJAIBPUR,1.045455,0.213201,1.0,1.0,1.79,23.0,22
AJAKOLLU HAL,1.0,0.0,1.0,1.0,1.0,6.0,6
AJAMPUR,1.0,0.0,1.0,1.0,1.0,16.0,16
AJARKA,1.0,0.0,1.0,1.0,1.0,6.0,6
AJGAIN,1.0,0.0,1.0,1.0,1.0,28.0,28
AJHAI,1.1,0.316228,1.0,1.55,1.91,11.0,10
AJHARAIL,1.0,0.0,1.0,1.0,1.0,7.0,7
AJIT,1.555556,0.527046,2.0,2.0,2.0,14.0,9
AJIT GILL MA,1.0,0.0,1.0,1.0,1.0,10.0,10
AJITWAL,1.666667,0.492366,2.0,2.0,2.0,20.0,12
AJMER JN.,19.139535,98.692051,10.0,30.0,296.8,2469.0,129
AJNI,45.0,228.831984,1.0,2.0,881.12,1215.0,27
AJNOD,2.0,0.0,2.0,2.0,2.0,16.0,8
AKAIPUR H,1.0,0.0,1.0,1.0,1.0,31.0,31
AKALKOT ROAD,1.333333,0.492366,1.0,2.0,2.0,16.0,12
AKALTARA,1.978261,0.147442,2.0,2.0,2.0,91.0,46
AKANAPET,1.0,0.0,1.0,1.0,1.0,24.0,24
AKASHI  PH,1.0,0.0,1.0,1.0,1.0,7.0,7
AKATHAMURI,1.0,0.0,1.0,1.0,1.0,8.0,8
AKBAR GANJ,1.071429,0.267261,1.0,1.35,1.87,15.0,14
AKBARNAGAR,1.0,0.0,1.0,1.0,1.0,30.0,30
AKBARPUR JN.,2.380952,0.794873,2.0,4.0,4.0,100.0,42
AKELA HANSPU,1.0,0.0,1.0,1.0,1.0,8.0,8
AKIVIDU,1.341463,0.480091,1.0,2.0,2.0,55.0,41
AKKAMPET,1.041667,0.204124,1.0,1.0,1.77,25.0,24
AKKARAIPPATT,1.0,0.0,1.0,1.0,1.0,6.0,6
AKKIHEBBALU,1.0,0.0,1.0,1.0,1.0,10.0,10
AKODIA,1.25,0.444262,1.0,2.0,2.0,25.0,20
AKOLA JN.,5.253731,2.373686,5.0,10.0,10.0,704.0,134
AKOLNER,1.833333,0.408248,2.0,2.0,2.0,11.0,6
AKONA,2.5,0.707107,2.5,2.95,2.99,5.0,2
AKRA,1.0,0.0,1.0,1.0,1.0,62.0,62
AKSHAYWAT RA,1.333333,0.485071,1.0,2.0,2.0,24.0,18
AKURDI,1.041667,0.201941,1.0,1.0,2.0,50.0,48
ALAI,1.0,0.0,1.0,1.0,1.0,4.0,4
ALAKKUDI,1.0,0.0,1.0,1.0,1.0,24.0,24
ALAL,1.5,0.534522,1.5,2.0,2.0,12.0,8
ALAM NAGAR,1.275862,0.454859,1.0,2.0,2.0,37.0,29
ALAM PUR ROA,1.0,0.0,1.0,1.0,1.0,6.0,6
ALAMANDA,1.526316,0.512989,2.0,2.0,2.0,29.0,19
ALAMPUR,1.0,0.0,1.0,1.0,1.0,12.0,12
ALANDI,1.0,0.0,1.0,1.0,1.0,4.0,4
ALAPPAKKAM,1.0,0.0,1.0,1.0,1.0,6.0,6
ALAWAL PUR,1.666667,0.516398,2.0,2.0,2.0,10.0,6
ALAWALPUR ID,1.0,0.0,1.0,1.0,1.0,20.0,20
ALEHPUR,1.25,0.5,1.0,1.85,1.97,5.0,4
ALER,1.0,0.0,1.0,1.0,1.0,24.0,24
ALEWAHI,1.875,0.353553,2.0,2.0,2.0,15.0,8
ALGAPUR,1.0,0.0,1.0,1.0,1.0,2.0,2
ALIGANJ,2.0,0.0,2.0,2.0,2.0,24.0,12
ALIGARH JN.,25.111111,127.085693,3.0,11.0,624.0,2486.0,99
ALINDRA ROAD,1.0,0.0,1.0,1.0,1.0,8.0,8
ALIPUR DUAR,2.586207,2.920193,1.0,10.0,10.0,150.0,58
ALIYAVADA,1.3,0.483046,1.0,2.0,2.0,13.0,10
ALLAHABAD CI,1.333333,0.957427,2.0,2.0,2.0,44.0,33
ALLAHABAD JN,30.365854,128.037976,10.0,32.0,881.4,6225.0,205
ALLEPPEY,16.264706,116.774386,3.0,3.0,320.46,1106.0,68
ALLURUROAD,1.0,0.0,1.0,1.0,1.0,6.0,6
ALMATTI,1.263158,0.452414,1.0,2.0,2.0,24.0,19
ALMAW (HALT),1.111111,0.333333,1.0,1.6,1.92,10.0,9
ALNAVAR JN.,1.576923,0.856648,1.0,2.0,4.25,41.0,26
ALNIYA,1.3,0.483046,1.0,2.0,2.0,13.0,10
ALTAGRAM,1.0,0.0,1.0,1.0,1.0,4.0,4
ALUABARI ROA,2.0,0.0,2.0,2.0,2.0,70.0,35
ALWAL HALT,1.0,0.0,1.0,1.0,1.0,34.0,34
ALWAR JN.,3.746032,4.507944,3.0,5.0,26.9,236.0,63
ALWAR TIRUNA,1.0,0.0,1.0,1.0,1.0,12.0,12
ALWAYE,2.006098,0.282342,2.0,2.0,2.37,329.0,164
AMAGURA,1.0,0.0,1.0,1.0,1.0,2.0,2
AMALNER,33.608696,211.669079,2.0,4.0,793.15,1546.0,46
AMALPUR,1.0,0.0,1.0,1.0,1.0,8.0,8
AMALSAD,1.5,0.57735,1.0,2.0,2.73,42.0,28
AMANVADI,1.0,0.0,1.0,1.0,1.0,6.0,6
AMAR SAHEED,1.0,,1.0,1.0,1.0,1.0,1
AMARAVATHI C,1.0,0.0,1.0,1.0,1.0,2.0,2
AMARAVILLA H,1.0,0.0,1.0,1.0,1.0,10.0,10
AMARDA ROAD,1.125,0.341565,1.0,2.0,2.0,18.0,16
AMARGARH,1.0,0.0,1.0,1.0,1.0,10.0,10
AMARGOL,1.125,0.353553,1.0,1.65,1.93,9.0,8
AMARPUR-JORA,1.0,0.0,1.0,1.0,1.0,6.0,6
AMARPURA,1.25,0.5,1.0,1.85,1.97,5.0,4
AMARPURA RAT,1.5,0.57735,1.5,2.0,2.0,6.0,4
AMARSAR,1.166667,0.408248,1.0,1.75,1.95,7.0,6
AMARUN,1.0,0.0,1.0,1.0,1.0,12.0,12
AMAUSI,1.0,0.0,1.0,1.0,1.0,28.0,28
AMB  ANDAURA,0.0,0.0,0.0,0.0,0.0,0.0,8
AMBAGAON,1.0,0.0,1.0,1.0,1.0,2.0,2
AMBALA CANTT,12.686131,81.952658,8.5,20.0,30.54,3476.0,274
AMBALA CITY,1.758621,0.539992,2.0,2.0,2.86,102.0,58
AMBALAPUZHA,1.0,0.0,1.0,1.0,1.0,32.0,32
AMBARI,1.0,0.0,1.0,1.0,1.0,4.0,4
AMBARI FALAK,1.0,0.0,1.0,1.0,1.0,12.0,12
AMBASAMUDRAM,1.0,0.0,1.0,1.0,1.0,8.0,8
AMBASSA,2.0,0.0,2.0,2.0,2.0,20.0,10
AMBATTUR,1.0,0.0,1.0,1.0,1.0,281.0,281
AMBATURAI,1.285714,1.069045,1.0,2.4,4.48,18.0,14
AMBERNATH,6.942222,88.206693,1.0,1.0,2.0,1562.0,225
AMBIAPUR,1.0,0.0,1.0,1.0,1.0,8.0,8
AMBIKA (ROHI,1.0,0.0,1.0,1.0,1.0,4.0,4
AMBIKA BHAWA,1.0,0.0,1.0,1.0,1.0,4.0,4
AMBIKA KALNA,1.160714,0.596255,1.0,2.0,3.35,65.0,56
AMBIKAPUR,0.0,0.0,0.0,0.0,0.0,0.0,10
AMBIKESHWAR,2.0,0.0,2.0,2.0,2.0,8.0,4
AMBIVLI,1.0,0.0,1.0,1.0,1.0,78.0,78
AMBLE,1.0,0.0,1.0,1.0,1.0,5.0,5
AMBLI ROAD,2.285714,0.755929,2.0,3.4,3.88,16.0,7
AMBLIYASAN J,277.611111,423.823234,2.0,1091.5,1098.3,4997.0,18
AMBODALA,2.545455,1.184313,2.0,5.0,5.0,56.0,22
AMBUR,1.6,0.498273,2.0,2.0,2.0,48.0,30
AMDARA,1.714286,0.82542,2.0,2.7,3.74,24.0,14
AMDI,1.0,0.0,1.0,1.0,1.0,6.0,6
AMETHI,1.910714,0.287736,2.0,2.0,2.0,107.0,56
AMGAON,1.92,0.276887,2.0,2.0,2.0,48.0,25
AMGURI,2.428571,1.08941,2.0,5.0,5.0,34.0,14
AMHERA  HALT,1.0,0.0,1.0,1.0,1.0,4.0,4
AMILA (HALT),1.0,0.0,1.0,1.0,1.0,8.0,8
AMIN,1.0,0.0,1.0,1.0,1.0,11.0,11
AMJONGA,1.0,0.0,1.0,1.0,1.0,6.0,6
AMLA JN.,32.277778,190.900094,2.0,36.75,710.7,1743.0,54
AMLAI,2.083333,0.408248,2.0,2.0,3.54,50.0,24
AMLETHA,1.0,0.0,1.0,1.0,1.0,2.0,2
AMLI,1.333333,0.516398,1.0,2.0,2.0,8.0,6
AMLO,1.333333,0.516398,1.0,2.0,2.0,8.0,6
AMLORI SARSA,1.625,0.5,2.0,2.0,2.0,26.0,16
AMMANABROLU,1.0,0.0,1.0,1.0,1.0,20.0,20
AMMAPALI,1.0,0.0,1.0,1.0,1.0,12.0,12
AMMAPET,1.0,0.0,1.0,1.0,1.0,9.0,9
AMMASANDRA,1.0,0.0,1.0,1.0,1.0,16.0,16
AMMUGUDA HAL,1.0,0.0,1.0,1.0,1.0,34.0,34
AMNAPUR,1.0,0.0,1.0,1.0,1.0,4.0,4
AMONI,2.0,0.0,2.0,2.0,2.0,8.0,4
AMRAVATI,63.0,262.286366,0.0,297.0,1115.1,1890.0,30
AMRELI,1.0,0.0,1.0,1.0,1.0,6.0,6
AMRELI PARA,1.0,0.0,1.0,1.0,1.0,6.0,6
AMRITHAPURA,1.0,0.0,1.0,1.0,1.0,8.0,8
AMRITSAR JN.,24.409449,150.531616,0.0,25.0,826.6,3100.0,127
AMROHA,2.509804,1.189497,2.0,5.0,5.0,128.0,51
AMRUTVEL,1.0,0.0,1.0,1.0,1.0,4.0,4
AMTA,0.0,0.0,0.0,0.0,0.0,0.0,6
ANAKAPALLE,1.472222,0.731046,1.0,2.0,3.16,106.0,72
ANAMALAI ROA,1.0,0.0,1.0,1.0,1.0,2.0,2
ANAND JN.,1.444444,0.852803,2.0,2.0,2.0,351.0,243
ANAND NAGAR,38.166667,220.79821,5.0,5.0,849.93,1603.0,42
ANAND VIHAR,21.907143,150.635531,0.0,1.0,965.0,3067.0,140
ANANDATANDAV,1.0,0.0,1.0,1.0,1.0,8.0,8
ANANDPUR SAH,2.090909,1.269011,2.0,5.0,5.0,46.0,22
ANANGUR,1.0,0.0,1.0,1.0,1.0,10.0,10
ANANTAPUR,1.761905,0.785701,2.0,2.0,5.0,148.0,84
ANANTAPURAM,1.5,0.534522,1.5,2.0,2.0,12.0,8
ANANTARAJUPE,1.25,0.5,1.0,1.85,1.97,5.0,4
ANANTNAG,2.181818,0.664499,2.0,2.95,4.58,48.0,22
ANANTPAITH,2.0,0.0,2.0,2.0,2.0,8.0,4
ANAPARTI,1.035714,0.188982,1.0,1.0,1.73,29.0,28
ANARA,1.333333,0.477119,1.0,2.0,2.0,56.0,42
ANAS,1.1,0.316228,1.0,1.55,1.91,11.0,10
ANCHELI,1.235294,0.562296,1.0,2.2,2.84,21.0,17
ANCHURI PH,1.0,0.0,1.0,1.0,1.0,15.0,15
ANDAL JN.,21.417722,135.488916,2.0,9.2,560.0,1692.0,79
ANDANAPETTAI,1.0,0.0,1.0,1.0,1.0,7.0,7
ANDHERI,2.222222,1.120897,2.0,3.0,5.22,60.0,27
ANDUL,1.034783,0.373002,1.0,1.0,1.0,119.0,115
ANEKAL ROAD,1.0,0.0,1.0,1.0,1.0,10.0,10
ANGADGERI H,1.0,0.0,1.0,1.0,1.0,5.0,5
ANGADI,1.0,0.0,1.0,1.0,1.0,9.0,9
ANGADIPURAM,1.071429,0.267261,1.0,1.35,1.87,15.0,14
ANGAI HALT,1.0,0.0,1.0,1.0,1.0,4.0,4
ANGALAKUDURU,1.0,0.0,1.0,1.0,1.0,15.0,15
ANGAMALI (FO,1.0,0.0,1.0,1.0,1.0,48.0,48
ANGAR,1.25,0.5,1.0,1.85,1.97,5.0,4
ANGAR GHAT,2.0,0.0,2.0,2.0,2.0,24.0,12
ANGUA PH,1.0,0.0,1.0,1.0,1.0,13.0,13
ANGUL,2.173913,0.973067,2.0,5.0,5.0,100.0,46
ANIPUR,1.0,0.0,1.0,1.0,1.0,4.0,4
ANJANI,1.0,0.0,1.0,1.0,1.0,4.0,4
ANJAR,2.0,0.0,2.0,2.0,2.0,24.0,12
ANJI SHAHABA,1.863636,0.35125,2.0,2.0,2.0,41.0,22
ANKAI,1.428571,0.513553,1.0,2.0,2.0,20.0,14
ANKLAV,1.0,0.0,1.0,1.0,1.0,4.0,4
ANKLESHWAR J,1.622222,0.610356,2.0,2.0,3.0,146.0,90
ANKLESHWAR U,1.0,0.0,1.0,1.0,1.0,2.0,2
ANKOLA,1.5,0.522233,1.5,2.0,2.0,18.0,12
ANKORAH (AKO,1.25,0.447214,1.0,2.0,2.0,20.0,16
ANKUSPUR,1.285714,0.468807,1.0,2.0,2.0,18.0,14
ANNANUR,1.01087,0.147442,1.0,1.0,1.0,186.0,184
ANNAVARAM,1.1,0.303822,1.0,2.0,2.0,44.0,40
ANNECHAKANAH,1.0,0.0,1.0,1.0,1.0,6.0,6
ANNIGERI,1.291667,0.858673,1.0,2.0,4.31,31.0,24
ANPARA,2.0,0.0,2.0,2.0,2.0,10.0,5
ANTAH,1.714286,0.48795,2.0,2.0,2.0,12.0,7
ANTRI,1.75,0.5,2.0,2.0,2.0,7.0,4
ANTU,1.222222,0.427793,1.0,2.0,2.0,22.0,18
ANUGRAH NARA,1.333333,0.477119,1.0,2.0,2.0,56.0,42
ANUP SHAHR,1.75,0.5,2.0,2.0,2.0,7.0,4
ANUPGANJ,1.0,0.0,1.0,1.0,1.0,6.0,6
ANUPGARH,0.0,0.0,0.0,0.0,0.0,0.0,8
ANUPPAMBATTU,1.0,0.0,1.0,1.0,1.0,78.0,78
ANUPPUR JN.,6.805556,6.808526,5.0,27.25,30.0,490.0,72
ANVARDIKANPE,1.214286,0.425815,1.0,2.0,2.0,17.0,14
AONLA,2.857143,1.380131,2.0,5.0,5.0,80.0,28
APPIKATLA,1.0,0.0,1.0,1.0,1.0,14.0,14
APTA,1.0,0.0,1.0,1.0,1.0,8.0,8
ARA,2.336283,1.527198,2.0,5.0,5.0,264.0,113
ARABAGATTA,1.0,0.0,1.0,1.0,1.0,6.0,6
ARAG,1.125,0.353553,1.0,1.65,1.93,9.0,8
ARAKKONAM JN,90.960352,284.213016,2.0,862.0,1299.8,20648.0,227
ARAKKONAM NO,1.142857,0.377964,1.0,1.7,1.94,8.0,7
ARAKKONAM WE,1.0,0.0,1.0,1.0,1.0,2.0,2
ARAKU,8.75,4.787136,7.5,14.25,14.85,35.0,4
ARALAGUPPE,1.0,0.0,1.0,1.0,1.0,10.0,10
ARALVAYMOLI,1.0,0.0,1.0,1.0,1.0,10.0,10
ARAMBAG,47.0,142.404939,0.0,278.0,542.2,1175.0,25
ARAMBAKKAM,1.029412,0.171499,1.0,1.0,1.67,35.0,34
ARAND,1.666667,0.516398,2.0,2.0,2.0,10.0,6
ARANGHATA,1.026316,0.162221,1.0,1.0,1.63,39.0,38
ARANGMAHANAD,1.666667,0.516398,2.0,2.0,2.0,10.0,6
ARAON,1.25,0.5,1.0,1.85,1.97,5.0,4
ARARIYA,2.2,0.774597,2.0,2.9,4.58,33.0,15
ARARIYA COUR,2.0,0.0,2.0,2.0,2.0,38.0,19
ARASALU,1.0,0.0,1.0,1.0,1.0,4.0,4
ARAUL MAKANP,1.666667,0.5,2.0,2.0,2.0,15.0,9
ARAVALI ROAD,1.333333,0.516398,1.0,2.0,2.0,8.0,6
ARAVALLI,1.0,0.0,1.0,1.0,1.0,12.0,12
ARAVANKADU,1.0,0.0,1.0,1.0,1.0,8.0,8
ARCHIPATHAR,1.0,0.0,1.0,1.0,1.0,8.0,8
ARELI (HALT),1.0,0.0,1.0,1.0,1.0,7.0,7
AREPALLI HAL,1.0,0.0,1.0,1.0,1.0,6.0,6
ARGORA  PH,1.0,0.0,1.0,1.0,1.0,7.0,7
ARGUL,1.0,0.0,1.0,1.0,1.0,10.0,10
ARIGADA,1.0,0.0,1.0,1.0,1.0,4.0,4
ARIYALUR,1.266667,0.449776,1.0,2.0,2.0,38.0,30
ARJANSAR,2.0,0.0,2.0,2.0,2.0,12.0,6
ARJUNAHALLI,1.0,0.0,1.0,1.0,1.0,6.0,6
ARJUNI,1.9,0.316228,2.0,2.0,2.0,19.0,10
ARKHA HALT,1.0,0.0,1.0,1.0,1.0,4.0,4
ARMOOR,1.0,0.0,1.0,1.0,1.0,2.0,2
ARNEJ,1.0,0.0,1.0,1.0,1.0,10.0,10
ARNETHA,1.166667,0.408248,1.0,1.75,1.95,7.0,6
ARNI ROAD,1.0625,0.25,1.0,1.25,1.85,17.0,16
ARNIYA,1.0,0.0,1.0,1.0,1.0,6.0,6
ARSENI,1.0,0.0,1.0,1.0,1.0,4.0,4
ARSIKERE JN.,35.571429,210.953399,5.0,5.0,1435.0,3237.0,91
ARTALAKATTA,1.0,0.0,1.0,1.0,1.0,2.0,2
ARTS COLLAGE,1.0,0.0,1.0,1.0,1.0,99.0,99
ARUMUGANERI,1.0,0.0,1.0,1.0,1.0,14.0,14
ARUN NAGAR H,1.0,0.0,1.0,1.0,1.0,8.0,8
ARUNACHAL,5.285714,9.474083,2.0,26.75,29.35,74.0,14
ARUPPUKKOTTA,1.0,0.0,1.0,1.0,1.0,6.0,6
ARUR H.,1.0,0.0,1.0,1.0,1.0,8.0,8
ASAFPUR,1.916667,0.288675,2.0,2.0,2.0,23.0,12
ASAIPUR JOBN,1.473684,0.512989,1.0,2.0,2.0,28.0,19
ASALODA,1.0,0.0,1.0,1.0,1.0,12.0,12
ASAN,1.0,0.0,1.0,1.0,1.0,6.0,6
ASANBONI,1.0,0.0,1.0,1.0,1.0,16.0,16
ASANGAON,116.141026,297.2893,1.0,900.15,1112.47,9059.0,78
ASANSOL MAIN,42.513308,191.772385,5.0,41.3,1259.2,11181.0,263
ASAOTI,1.020833,0.144338,1.0,1.0,1.53,49.0,48
ASARANADA,1.0,0.0,1.0,1.0,1.0,8.0,8
ASAUDAH,1.0,0.0,1.0,1.0,1.0,26.0,26
ASHAPURA GOM,2.0,0.0,2.0,2.0,2.0,24.0,12
ASHAPURNA DE,1.0,0.0,1.0,1.0,1.0,5.0,5
ASHOK NAGAR,2.0,0.0,2.0,2.0,2.0,72.0,36
ASHOKAPURAM,1.0,0.0,1.0,1.0,1.0,12.0,12
ASHOKNAGAR R,1.0,0.0,1.0,1.0,1.0,91.0,91
ASHTEGAON,1.5,0.57735,1.5,2.0,2.0,6.0,4
ASIFABAD ROA,1.0,0.0,1.0,1.0,1.0,12.0,12
ASIRGARH ROA,1.25,0.5,1.0,1.85,1.97,5.0,4
ASLANA,1.875,0.353553,2.0,2.0,2.0,15.0,8
ASLU,1.125,0.353553,1.0,1.65,1.93,9.0,8
ASNOTI,1.0,0.0,1.0,1.0,1.0,8.0,8
ASOKHAR,2.0,0.0,2.0,2.0,2.0,12.0,6
ASPARI,1.0,0.0,1.0,1.0,1.0,2.0,2
ASRA HALT,1.0,0.0,1.0,1.0,1.0,18.0,18
ASTHAL BOHAR,1.129032,0.718421,1.0,1.0,3.8,35.0,31
ASVALI,1.25,0.5,1.0,1.85,1.97,5.0,4
ASWAPURAM,1.0,0.0,1.0,1.0,1.0,4.0,4
ATA,2.0,0.0,2.0,2.0,2.0,8.0,4
ATAMANDA,1.0,0.0,1.0,1.0,1.0,8.0,8
ATARI JN,0.0,0.0,0.0,0.0,0.0,0.0,8
ATARRA,2.0,0.0,2.0,2.0,2.0,38.0,19
ATELI,1.0,0.0,1.0,1.0,1.0,8.0,8
ATGAON,1.0,0.0,1.0,1.0,1.0,38.0,38
ATHMAL GOLA,1.625,0.491869,2.0,2.0,2.0,52.0,32
ATHSARAI,1.0,0.0,1.0,1.0,1.0,2.0,2
ATRAMPUR,1.0,0.0,1.0,1.0,1.0,4.0,4
ATRAULI ROAD,1.75,0.46291,2.0,2.0,2.0,14.0,8
ATRAURA (HAL,1.111111,0.333333,1.0,1.6,1.92,10.0,9
ATRU,1.5,0.57735,1.5,2.0,2.0,6.0,4
ATTABIRA,2.0,0.0,2.0,2.0,2.0,16.0,8
ATTILI,1.0,0.0,1.0,1.0,1.0,26.0,26
ATTIPATTU,1.0,0.0,1.0,1.0,1.0,102.0,102
ATTIPATTU PU,1.009901,0.099504,1.0,1.0,1.0,102.0,101
ATTUR,1.583333,0.514929,2.0,2.0,2.0,19.0,12
ATUL,1.0,0.0,1.0,1.0,1.0,16.0,16
ATWA KURSATH,1.0,0.0,1.0,1.0,1.0,4.0,4
ATWA MUTHIA,1.0,0.0,1.0,1.0,1.0,4.0,4
AUJURI,1.5,0.57735,1.5,2.0,2.0,6.0,4
AULENDA,1.0,0.0,1.0,1.0,1.0,8.0,8
AUNG,1.285714,0.48795,1.0,2.0,2.0,9.0,7
AUNLAJORI JN,7.5,3.535534,7.5,9.75,9.95,15.0,2
AUNRIHAR JN.,2.894737,3.168928,2.0,5.0,12.5,220.0,76
AURANG NAGAR,1.3,0.483046,1.0,2.0,2.0,13.0,10
AURANGABAD,5.529412,6.907644,5.0,8.25,31.55,376.0,68
AUSA ROAD,1.0,0.0,1.0,1.0,1.0,4.0,4
AUVANEESWARA,1.0,0.0,1.0,1.0,1.0,16.0,16
AUWA,1.25,0.5,1.0,1.85,1.97,5.0,4
AVADI,57.460481,212.904789,1.0,567.5,1117.0,16721.0,291
AVATIHALLI,1.0,0.0,1.0,1.0,1.0,4.0,4
AVIDHA,1.0,0.0,1.0,1.0,1.0,2.0,2
AWA GARH,1.0,0.0,1.0,1.0,1.0,4.0,4
AWANTIPURA,1.090909,0.294245,1.0,1.95,2.0,24.0,22
AWAPUR F,1.0,,1.0,1.0,1.0,1.0,1
AWASANI,1.0,0.0,1.0,1.0,1.0,8.0,8
AWATARNAGAR,1.0,0.0,1.0,1.0,1.0,12.0,12
AYANDUR,1.0,,1.0,1.0,1.0,1.0,1
AYODHYA,3.827586,6.385669,2.0,25.0,27.15,222.0,58
AYODHYAPATTI,1.0,0.0,1.0,1.0,1.0,8.0,8
AYYALUR,1.0,0.0,1.0,1.0,1.0,6.0,6
AYYAMPET,1.0,0.0,1.0,1.0,1.0,12.0,12
AZAMGARH,7.558824,21.7328,5.0,5.0,88.75,257.0,34
AZAMNAGAR RO,1.809524,0.402374,2.0,2.0,2.0,38.0,21
AZARA,1.0,0.0,1.0,1.0,1.0,8.0,8
AZHWARKURUCH,1.0,0.0,1.0,1.0,1.0,8.0,8
AZIMGANJ  CI,1.0,0.0,1.0,1.0,1.0,30.0,30
AZIMGANJ JN.,3.1875,5.995977,0.0,10.0,21.3,255.0,80
B G NAGAR,1.0,0.0,1.0,1.0,1.0,8.0,8
BAAD,1.166667,0.408248,1.0,1.75,1.95,7.0,6
BABA BAKALA,1.0,0.0,1.0,1.0,1.0,6.0,6
BABA LAKSHMA,1.0,0.0,1.0,1.0,1.0,4.0,4
BABAGANJ HAL,2.0,0.0,2.0,2.0,2.0,12.0,6
BABARPUR,1.0,0.0,1.0,1.0,1.0,11.0,11
BABATPUR,1.148148,0.362014,1.0,2.0,2.0,31.0,27
BABHAN GAON,1.0,0.0,1.0,1.0,1.0,6.0,6
BABHANJYOTIY,1.333333,0.516398,1.0,2.0,2.0,8.0,6
BABHNAN,2.0,0.0,2.0,2.0,2.0,52.0,26
BABINA,1.928571,0.262265,2.0,2.0,2.0,54.0,28
BABLAD,1.142857,0.377964,1.0,1.7,1.94,8.0,7
BABRALA,3.25,1.544786,2.0,5.0,5.0,39.0,12
BABUGARH,1.5,0.547723,1.5,2.0,2.0,9.0,6
BABUPETH,1.0,0.0,1.0,1.0,1.0,4.0,4
BABUPUR (HAL,1.0,0.0,1.0,1.0,1.0,7.0,7
BACHELI,2.0,0.0,2.0,2.0,2.0,8.0,4
BACHHARPUR H,1.0,,1.0,1.0,1.0,1.0,1
BACHHRAWN,1.441176,0.503995,1.0,2.0,2.0,49.0,34
BACHWARA JN.,1.404762,0.543679,1.0,2.0,2.59,59.0,42
BADA PADAGAO,1.0,0.0,1.0,1.0,1.0,6.0,6
BADABANDHA R,1.0,0.0,1.0,1.0,1.0,8.0,8
BADAKHANDITA,1.0,0.0,1.0,1.0,1.0,4.0,4
BADALPUR PH,1.0,0.0,1.0,1.0,1.0,5.0,5
BADAMI,1.684211,2.056227,1.0,2.8,8.56,32.0,19
BADAMPAHAR,0.0,0.0,0.0,0.0,0.0,0.0,2
BADAMPUDI,1.3,0.674949,1.0,2.55,2.91,13.0,10
BADANAGUPPE,1.0,0.0,1.0,1.0,1.0,8.0,8
BADARPUR JN.,16.451613,10.89293,15.0,30.0,30.0,510.0,31
BADARWAS,2.0,0.0,2.0,2.0,2.0,20.0,10
BADAUN,3.428571,1.504572,3.0,5.0,5.0,48.0,14
BADAUSA,2.0,0.0,2.0,2.0,2.0,6.0,3
BADDOWAL,1.3,0.483046,1.0,2.0,2.0,13.0,10
BADEARAPUR,1.0,0.0,1.0,1.0,1.0,2.0,2
BADHADA,1.0,0.0,1.0,1.0,1.0,2.0,2
BADHAI BALAM,1.0,0.0,1.0,1.0,1.0,9.0,9
BADHAL,1.0,0.0,1.0,1.0,1.0,6.0,6
BADHARI KALA,1.666667,0.516398,2.0,2.0,2.0,10.0,6
BADKULLA,1.0,0.0,1.0,1.0,1.0,56.0,56
BADLA GHAT,2.0,0.0,2.0,2.0,2.0,36.0,18
BADLAPUR,28.054422,191.401099,1.0,1.0,1308.34,4124.0,147
BADLI,1.083333,0.28233,1.0,1.85,2.0,26.0,24
BADMAL,2.0,0.0,2.0,2.0,2.0,28.0,14
BADNAPUR,1.0,0.0,1.0,1.0,1.0,17.0,17
BADNERA JN.,5.647541,12.436232,5.0,5.0,73.45,689.0,122
BADODAR,1.0,0.0,1.0,1.0,1.0,8.0,8
BADSHAHNAGAR,2.195122,1.054028,2.0,5.0,5.0,90.0,41
BADSHAHPUR,1.375,0.5,1.0,2.0,2.0,22.0,16
BADULIPAR,1.0,0.0,1.0,1.0,1.0,4.0,4
BADWASI,1.25,0.5,1.0,1.85,1.97,5.0,4
BAGADIA  PH,1.0,0.0,1.0,1.0,1.0,4.0,4
BAGAHA,46.264706,245.386931,5.0,5.0,963.1,1573.0,34
BAGAHA BISHN,1.0,0.0,1.0,1.0,1.0,8.0,8
BAGAHAI ROAD,2.0,0.0,2.0,2.0,2.0,12.0,6
BAGALIA,1.0,0.0,1.0,1.0,1.0,24.0,24
BAGALKOT,1.461538,0.646886,2.0,2.0,2.0,38.0,26
BAGARPUR HAL,1.0,0.0,1.0,1.0,1.0,6.0,6
BAGAVATHIPUR,0.0,0.0,0.0,0.0,0.0,0.0,2
BAGBAHRA,2.6,1.231174,2.0,5.0,5.0,52.0,20
BAGDIHI,1.0,0.0,1.0,1.0,1.0,20.0,20
BAGDOGRA,2.166667,1.585923,2.0,4.25,6.45,26.0,12
BAGESHPURA,1.0,0.0,1.0,1.0,1.0,6.0,6
BAGEWADI H,1.1,0.316228,1.0,1.55,1.91,11.0,10
BAGH BAZAR,1.296296,1.102962,1.0,3.1,5.48,35.0,27
BAGHAULI,1.75,0.452267,2.0,2.0,2.0,21.0,12
BAGHMARA HAL,1.125,0.353553,1.0,1.65,1.93,9.0,8
BAGHNAPARA,1.0,0.0,1.0,1.0,1.0,40.0,40
BAGHOIKUSA,1.1,0.316228,1.0,1.55,1.91,11.0,10
BAGHORA,2.0,0.0,2.0,2.0,2.0,16.0,8
BAGHPAT ROAD,1.625,1.837117,1.0,2.0,8.16,39.0,24
BAGILA,1.0,0.0,1.0,1.0,1.0,62.0,62
BAGMAR,1.25,0.5,1.0,1.85,1.97,5.0,4
BAGNAN,1.0,0.222681,1.0,1.0,2.0,122.0,122
BAGRAKOT,1.0,0.0,1.0,1.0,1.0,8.0,8
BAGRATAWA,1.615385,0.50637,2.0,2.0,2.0,21.0,13
BAGRI NAGAR,1.0,0.0,1.0,1.0,1.0,4.0,4
BAGTHAR,1.0,0.0,1.0,1.0,1.0,2.0,2
BAGULA,1.026316,0.162221,1.0,1.0,1.63,39.0,38
BAGUMRA,1.2,0.447214,1.0,1.8,1.96,6.0,5
BAGWADA,1.166667,0.408248,1.0,1.75,1.95,7.0,6
BAGWALI,1.5,0.547723,1.5,2.0,2.0,9.0,6
BAH,2.0,0.0,2.0,2.0,2.0,4.0,2
BAHADUR SING,1.714286,0.468807,2.0,2.0,2.0,24.0,14
BAHADURGARH,1.677966,0.654972,2.0,2.0,3.26,99.0,59
BAHADURPUR,1.0,0.0,1.0,1.0,1.0,26.0,26
BAHAI HALT,1.0,0.0,1.0,1.0,1.0,10.0,10
BAHALDA ROAD,1.0,0.0,1.0,1.0,1.0,2.0,2
BAHANAGA BAZ,1.0,0.0,1.0,1.0,1.0,12.0,12
BAHARU F,1.017857,0.133631,1.0,1.0,1.45,57.0,56
BAHAWAL BASI,1.333333,0.5,1.0,2.0,2.0,12.0,9
BAHERI,2.0,0.0,2.0,2.0,2.0,36.0,18
BAHERWA (HAL,1.111111,0.333333,1.0,1.6,1.92,10.0,9
BAHILPURWA,2.0,0.0,2.0,2.0,2.0,6.0,3
BAHIR KHANDA,1.0,0.0,1.0,1.0,1.0,63.0,63
BAHIRA KALIB,1.022727,0.150756,1.0,1.0,1.57,45.0,44
BAHIRGACHHI,1.0,0.0,1.0,1.0,1.0,38.0,38
BAHIRPUYA HA,1.023256,0.152499,1.0,1.0,1.58,44.0,43
BAHJOI,1.818182,0.40452,2.0,2.0,2.0,20.0,11
BAHMAN DIWAN,1.111111,0.333333,1.0,1.6,1.92,10.0,9
BAHMNIWALA,1.0,0.0,1.0,1.0,1.0,10.0,10
BAHORA CHAND,1.285714,0.48795,1.0,2.0,2.0,9.0,7
BAHRAICH,498.333333,486.016219,397.5,1341.75,1372.35,8970.0,18
BAHRAM,1.666667,0.516398,2.0,2.0,2.0,10.0,6
BAHUARA(HALT,1.5,0.57735,1.5,2.0,2.0,6.0,4
BAIDYABATI,1.0,0.0,1.0,1.0,1.0,144.0,144
BAIDYANATHDH,752.25,469.211194,842.5,1386.25,1405.25,15045.0,20
BAIGUDA,2.0,0.0,2.0,2.0,2.0,12.0,6
BAIHATA,1.0,0.0,1.0,1.0,1.0,6.0,6
BAIHATOLA,1.666667,0.485071,2.0,2.0,2.0,30.0,18
BAIJNATH MAN,1.0,0.0,1.0,1.0,1.0,4.0,4
BAIJNATH PAP,26.25,45.433518,0.0,116.75,123.35,315.0,12
BAIJNATHPUR,2.0,0.0,2.0,2.0,2.0,16.0,8
BAIKUNTH,1.625,0.517549,2.0,2.0,2.0,13.0,8
BAIKUNTH WES,1.333333,0.516398,1.0,2.0,2.0,8.0,6
BAIKUNTHPUR,2.6,1.264911,2.0,5.0,5.0,26.0,10
BAILEY ROAD,1.0,0.0,1.0,1.0,1.0,4.0,4
BAINCHI,1.0,0.0,1.0,1.0,1.0,66.0,66
BAINCHI GRAM,1.0,0.0,1.0,1.0,1.0,62.0,62
BAIRAGARH,36.166667,221.583428,2.0,2.0,849.24,1519.0,42
BAIRAGNIA,2.0,0.0,2.0,2.0,2.0,36.0,18
BAIRI HALT,1.0,0.0,1.0,1.0,1.0,8.0,8
BAISWARA,1.0,0.0,1.0,1.0,1.0,6.0,6
BAITALPUR,2.0,0.0,2.0,2.0,2.0,16.0,8
BAITARANI RO,1.133333,0.351866,1.0,2.0,2.0,17.0,15
BAIYYAPPANAH,44.972973,199.627777,1.0,102.6,898.6,1664.0,37
BAJAKARE,1.0,0.0,1.0,1.0,1.0,2.0,2
BAJALTA,2.0,0.0,2.0,2.0,2.0,16.0,8
BAJEKHAN HAL,1.125,0.353553,1.0,1.65,1.93,9.0,8
BAJPATTI,2.0,0.0,2.0,2.0,2.0,20.0,10
BAJRANJGARH,1.25,0.46291,1.0,2.0,2.0,10.0,8
BAJUD,1.0,0.0,1.0,1.0,1.0,6.0,6
BAJVA,1.041667,0.204124,1.0,1.0,1.77,25.0,24
BAKAINA HALT,1.0,0.0,1.0,1.0,1.0,6.0,6
BAKAL,1.066667,0.258199,1.0,1.3,1.86,16.0,15
BAKANIAN BHA,1.25,0.5,1.0,1.85,1.97,5.0,4
BAKARKUDI,1.0,0.0,1.0,1.0,1.0,3.0,3
BAKASPUR,1.0,0.0,1.0,1.0,1.0,4.0,4
BAKAYANWALA,1.333333,0.516398,1.0,2.0,2.0,8.0,6
BAKHLETA,2.0,0.0,2.0,2.0,2.0,12.0,6
BAKHOTI KHAS,1.0,0.0,1.0,1.0,1.0,7.0,7
BAKHRABAD,1.0,0.0,1.0,1.0,1.0,15.0,15
BAKHRI,1.0,0.0,1.0,1.0,1.0,8.0,8
BAKHSHA,1.0,0.0,1.0,1.0,1.0,4.0,4
BAKHTIYARPUR,2.675439,4.395282,2.0,5.0,29.35,305.0,114
BAKKAS,1.0,0.0,1.0,1.0,1.0,6.0,6
BAKRA ROAD,1.75,0.5,2.0,2.0,2.0,7.0,4
BAKROL,1.0,0.0,1.0,1.0,1.0,8.0,8
BAKTAL,1.0,0.0,1.0,1.0,1.0,4.0,4
BAKUDI,1.0,0.0,1.0,1.0,1.0,18.0,18
BAKULHA,1.666667,0.516398,2.0,2.0,2.0,10.0,6
BALA GARH,1.0,0.0,1.0,1.0,1.0,42.0,42
BALABHADRAPU,1.333333,0.816497,1.0,2.5,2.9,8.0,6
BALAGHAT JN.,5.0,0.0,5.0,5.0,5.0,60.0,12
BALAMAU JN.,74.243243,241.842511,2.0,491.0,1059.8,2747.0,37
BALANAGAR,1.0,0.0,1.0,1.0,1.0,16.0,16
BALANGIR,4.652174,1.177896,5.0,5.0,5.0,214.0,46
BALANGIR ROA,2.0,0.0,2.0,2.0,2.0,8.0,4
BALAPALLE,1.0,0.0,1.0,1.0,1.0,4.0,4
BALARAMAPURA,1.0,0.0,1.0,1.0,1.0,13.0,13
BALARAMBATI,1.0,0.0,1.0,1.0,1.0,64.0,64
BALAROAD,1.25,0.5,1.0,1.85,1.97,5.0,4
BALASIRING,1.0,0.0,1.0,1.0,1.0,4.0,4
BALASORE,3.164474,1.885617,2.0,5.0,10.0,481.0,152
BALAWALI,1.75,0.46291,2.0,2.0,2.0,14.0,8
BALE,1.5,0.57735,1.5,2.0,2.0,6.0,4
BALENAHALLI,1.0,0.0,1.0,1.0,1.0,4.0,4
BALGONA,0.166667,0.389249,0.0,1.0,1.0,2.0,12
BALHARSHAH,10.064935,5.362269,10.0,20.0,30.0,1550.0,154
BALIAKHERI,1.6,0.516398,2.0,2.0,2.0,16.0,10
BALICHAK,1.0,0.256074,1.0,1.0,2.0,62.0,62
BALIKOTIA,1.0,0.0,1.0,1.0,1.0,2.0,2
BALIMARA,1.5,0.57735,1.5,2.0,2.0,6.0,4
BALIPARA,1.3,0.483046,1.0,2.0,2.0,13.0,10
BALLABGARH,1.26087,0.504456,1.0,2.0,2.0,87.0,69
BALLALPURE,1.0,0.0,1.0,1.0,1.0,6.0,6
BALLE-DA-PIR,1.0,0.0,1.0,1.0,1.0,12.0,12
BALLEKERE,1.0,0.0,1.0,1.0,1.0,10.0,10
BALLI,1.0,0.0,1.0,1.0,1.0,8.0,8
BALLIA,4.631579,2.874449,5.0,8.5,12.5,352.0,76
BALLUPUR FLA,1.25,0.46291,1.0,2.0,2.0,10.0,8
BALLY,7.042017,93.211831,1.0,1.0,1.0,1676.0,238
BALLY GHAT,1.0,0.0,1.0,1.0,1.0,46.0,46
BALLY HALT,1.0,0.0,1.0,1.0,1.0,46.0,46
BALLYGUNGE J,1.273333,2.345983,1.0,1.0,13.01,382.0,300
BALOD,5.0,0.0,5.0,5.0,5.0,40.0,8
BALOTRA JN.,5.076923,0.27735,5.0,5.4,5.88,66.0,13
BALPUR,1.0,0.0,1.0,1.0,1.0,12.0,12
BALRAI,1.0,0.0,1.0,1.0,1.0,8.0,8
"BALRAMPUR,",1.818182,0.58849,2.0,2.0,2.0,40.0,22
BALSAMAND,1.0,0.0,1.0,1.0,1.0,6.0,6
BALUGAN,2.253333,0.987672,2.0,5.0,5.0,169.0,75
BALURGHAT,192.5,360.03968,0.0,798.5,851.7,1540.0,8
BALWA,1.0,0.0,1.0,1.0,1.0,4.0,4
BALWANTPURA,1.0,0.0,1.0,1.0,1.0,2.0,2
BALWARA,1.5,0.57735,1.5,2.0,2.0,6.0,4
BAMANGACHHI,1.008929,0.094491,1.0,1.0,1.0,113.0,112
BAMANGRAM,1.0,0.0,1.0,1.0,1.0,8.0,8
BAMANHAT,0.0,0.0,0.0,0.0,0.0,0.0,6
BAMANHERI,1.071429,0.267261,1.0,1.35,1.87,15.0,14
BAMANI,1.0,,1.0,1.0,1.0,1.0,1
BAMANWALI,1.25,0.5,1.0,1.85,1.97,5.0,4
BAMHANI,1.0,0.0,1.0,1.0,1.0,8.0,8
BAMHRAULI,2.75,2.872281,1.5,6.25,6.85,11.0,4
BAMIANA,2.0,0.0,2.0,2.0,2.0,16.0,8
BAMLA,2.0,0.0,2.0,2.0,2.0,20.0,10
BAMNIA,1.444444,0.51131,1.0,2.0,2.0,26.0,18
BAMOUR GAON,2.0,0.0,2.0,2.0,2.0,12.0,6
BAMRA,1.0,0.0,1.0,1.0,1.0,34.0,34
BAMSIN,1.0,0.0,1.0,1.0,1.0,4.0,4
BAMUNIGAON,1.0,0.0,1.0,1.0,1.0,8.0,8
BAMUR,2.0,0.0,2.0,2.0,2.0,8.0,4
BANAGALAPALL,1.166667,0.408248,1.0,1.75,1.95,7.0,6
BANAHI,1.461538,0.508391,1.0,2.0,2.0,38.0,26
BANAPURA,1.5625,0.512348,2.0,2.0,2.0,25.0,16
BANAR,1.0,0.0,1.0,1.0,1.0,8.0,8
BANARHAT,1.0,0.0,1.0,1.0,1.0,10.0,10
BANAS,1.0,0.0,1.0,1.0,1.0,4.0,4
BANASANDRA,1.0,0.0,1.0,1.0,1.0,12.0,12
BANASANKARI,1.0,0.0,1.0,1.0,1.0,8.0,8
BANASTHALI N,2.0,0.666667,2.0,2.0,4.19,56.0,28
BANASWADI,20.363636,107.64694,2.0,2.0,422.24,672.0,33
BANAVAR,1.0,0.0,1.0,1.0,1.0,16.0,16
BANBIHARI -,1.0,0.0,1.0,1.0,1.0,6.0,6
BANCHARI,1.0,0.0,1.0,1.0,1.0,16.0,16
BAND HAMIRPU,1.0,0.0,1.0,1.0,1.0,6.0,6
BANDA JN,7.916667,5.123829,8.0,18.5,20.0,190.0,24
BANDAKPUR,1.909091,0.301511,2.0,2.0,2.0,21.0,11
BANDANWARA,1.5,0.57735,1.5,2.0,2.0,6.0,4
BANDAR PH,1.0,0.0,1.0,1.0,1.0,8.0,8
BANDARKHAL,1.0,0.0,1.0,1.0,1.0,2.0,2
BANDARUPALLE,1.0,0.0,1.0,1.0,1.0,7.0,7
BANDEL JN.,1.436923,1.87409,1.0,5.0,9.52,467.0,325
BANDH BARETH,1.0,0.0,1.0,1.0,1.0,8.0,8
BANDHUA,1.75,0.5,2.0,2.0,2.0,7.0,4
BANDHUA KALA,1.0,0.0,1.0,1.0,1.0,6.0,6
BANDIKUI JN.,14.153846,88.961584,2.0,6.0,272.64,920.0,65
BANDNATH,1.0,0.0,1.0,1.0,1.0,4.0,4
BANDRA,1.0,,1.0,1.0,1.0,1.0,1
BANDRA TERMI,16.27551,101.882566,0.0,0.0,486.55,1595.0,98
BANESWAR,1.0,0.0,1.0,1.0,1.0,6.0,6
BANGA,1.666667,0.516398,2.0,2.0,2.0,10.0,6
BANGALBAREE,1.5,0.534522,1.5,2.0,2.0,12.0,8
BANGALORE CA,1.89899,1.625655,2.0,4.1,10.04,188.0,99
BANGALORE EA,1.186047,0.39375,1.0,2.0,2.0,51.0,43
BANGAON JN.,6.333333,62.05374,0.0,0.0,30.4,608.0,96
BANGARI,1.0,0.0,1.0,1.0,1.0,3.0,3
BANGARMAU,4.25,1.5,5.0,5.0,5.0,17.0,4
BANGARPET JN,6.153846,39.660328,2.0,10.0,23.4,720.0,117
BANGI NIHAL,1.0,0.0,1.0,1.0,1.0,8.0,8
BANGRIPOSI,0.0,0.0,0.0,0.0,0.0,0.0,6
BANGROD,1.071429,0.267261,1.0,1.35,1.87,15.0,14
BANGURGRAM H,1.0,0.0,1.0,1.0,1.0,3.0,3
BANGURKELA,1.0,0.0,1.0,1.0,1.0,4.0,4
BANI,1.0,0.0,1.0,1.0,1.0,10.0,10
BANI BIHAR,1.0,0.0,1.0,1.0,1.0,15.0,15
BANIHAL,0.0,0.0,0.0,0.0,0.0,0.0,22
BANIYA SANDA,1.2,0.447214,1.0,1.8,1.96,6.0,5
BANKA,210.625,422.191878,0.0,933.25,1102.65,1685.0,8
BANKA GHAT,1.433333,0.504007,1.0,2.0,2.0,43.0,30
BANKAPASI,1.0,0.0,1.0,1.0,1.0,2.0,2
BANKATA,1.875,0.341565,2.0,2.0,2.0,30.0,16
BANKHEDI,1.692308,0.480384,2.0,2.0,2.0,22.0,13
BANKIMNAGAR,1.0,0.0,1.0,1.0,1.0,37.0,37
BANKODA,2.0,0.0,2.0,2.0,2.0,8.0,4
BANKRA NAYAB,1.0,0.0,1.0,1.0,1.0,6.0,6
BANKURA,2.333333,2.049179,2.0,5.0,10.0,182.0,78
BANMANKHI JN,2.0,0.0,2.0,2.0,2.0,24.0,12
BANMORE,1.875,0.353553,2.0,2.0,2.0,15.0,8
BANNI MAHAMM,1.0,0.0,1.0,1.0,1.0,4.0,4
BANNIKOPPA,1.0,0.0,1.0,1.0,1.0,2.0,2
BANO,1.0,0.0,1.0,1.0,1.0,12.0,12
BANPAS,1.0,0.0,1.0,1.0,1.0,20.0,20
BANPUR,1.026316,0.162221,1.0,1.0,1.63,39.0,38
BANSADHARA P,1.0,0.0,1.0,1.0,1.0,4.0,4
BANSDIH ROAD,1.714286,0.48795,2.0,2.0,2.0,12.0,7
BANSH BARIA,1.0,0.0,1.0,1.0,1.0,42.0,42
BANSHLAI BRI,1.0,0.0,1.0,1.0,1.0,19.0,19
BANSI PAHARP,1.0,0.0,1.0,1.0,1.0,8.0,8
BANSINALA HA,1.25,0.5,1.0,1.85,1.97,5.0,4
BANSIPUR,1.461538,0.508391,1.0,2.0,2.0,38.0,26
BANSKHO,1.0,0.0,1.0,1.0,1.0,6.0,6
BANSPANI,1.333333,0.516398,1.0,2.0,2.0,8.0,6
BANSTOLA P.H,1.0,0.0,1.0,1.0,1.0,18.0,18
BANTA RUGHNA,4.0,6.0,1.0,11.2,12.64,16.0,4
BANTANAHAL,1.1,0.316228,1.0,1.55,1.91,11.0,10
BANTAWALA,1.916667,0.288675,2.0,2.0,2.0,23.0,12
BANTHRA,1.4,0.516398,1.0,2.0,2.0,14.0,10
BANWALI,1.875,1.726888,1.0,4.6,5.72,15.0,8
BAP,2.0,0.0,2.0,2.0,2.0,4.0,2
BAPATIA,1.261538,0.442893,1.0,2.0,2.0,82.0,65
BAPUDHAM MOT,5.0,0.0,5.0,5.0,5.0,220.0,44
BAR,1.25,0.5,1.0,1.85,1.97,5.0,4
BAR LONGFER,2.25,1.892969,1.5,4.55,4.91,9.0,4
BARA,2.0,0.0,2.0,2.0,2.0,6.0,3
BARA BANI,1.0,0.0,1.0,1.0,1.0,2.0,2
BARA BANKI J,1.915888,0.8481,2.0,2.0,5.0,205.0,107
BARA GUDHA,1.875,0.353553,2.0,2.0,2.0,15.0,8
BARA HAPJAN,2.0,0.0,2.0,2.0,2.0,4.0,2
BARA JAMADA,3.5,3.176619,2.0,10.0,10.0,42.0,12
BARA-GOPAL,1.166667,0.389249,1.0,2.0,2.0,14.0,12
BARABAMBO,1.416667,1.1645,1.0,3.35,4.67,17.0,12
BARABAR HALT,1.0,0.0,1.0,1.0,1.0,10.0,10
BARABHATI,1.0,0.0,1.0,1.0,1.0,8.0,8
BARABHUM,1.375,0.707107,1.5,2.0,2.0,44.0,32
BARACHAK JN.,1.0,0.0,1.0,1.0,1.0,30.0,30
BARADEV,1.0,0.0,1.0,1.0,1.0,4.0,4
BARADWAR,1.888889,0.323381,2.0,2.0,2.0,34.0,18
BARAGAON,1.0,0.0,1.0,1.0,1.0,6.0,6
BARAHAT,1.833333,1.696699,1.0,4.25,6.45,22.0,12
BARAHU,1.4,0.547723,1.0,2.0,2.0,7.0,5
BARAIGRAM JN,1.75,0.46291,2.0,2.0,2.0,14.0,8
BARAIPURA  H,1.0,0.0,1.0,1.0,1.0,6.0,6
BARAKALAN,1.0,0.0,1.0,1.0,1.0,5.0,5
BARAKAR,1.258065,0.444803,1.0,2.0,2.0,39.0,31
BARAL,1.888889,0.333333,2.0,2.0,2.0,17.0,9
BARALA,1.0,0.0,1.0,1.0,1.0,12.0,12
BARAMATI,0.0,0.0,0.0,0.0,0.0,0.0,8
BARAMULLA,0.0,0.0,0.0,0.0,0.0,0.0,18
BARAN,3.294118,2.257341,2.0,6.0,9.2,56.0,17
BARANAGAR RO,1.0,0.0,1.0,1.0,1.0,46.0,46
BARANG JN.,1.083333,0.28233,1.0,1.85,2.0,26.0,24
BARAPALASI,1.0,0.0,1.0,1.0,1.0,2.0,2
BARARA,1.44,0.506623,1.0,2.0,2.0,36.0,25
BARARA BUZUR,1.0,0.0,1.0,1.0,1.0,4.0,4
BARASAT JN.,32.511236,177.912542,1.0,3.0,1112.31,5787.0,178
BARAUNI FLAG,1.0,0.0,1.0,1.0,1.0,24.0,24
BARAUNI JN.,37.094972,169.086099,10.0,32.0,1054.5,6640.0,179
BARAUT,1.12,0.525991,1.0,2.0,2.0,28.0,25
BARAW MORE,1.0,0.0,1.0,1.0,1.0,8.0,8
BARAWAHA,2.0,0.0,2.0,2.0,2.0,16.0,8
BARAYLA CHAU,1.0,0.0,1.0,1.0,1.0,6.0,6
BARBATPUR,1.0,0.0,1.0,1.0,1.0,6.0,6
BARBIL,0.0,0.0,0.0,0.0,0.0,0.0,8
BARCHHI ROAD,1.333333,0.57735,1.0,1.9,1.98,4.0,3
BARDA,1.0,0.0,1.0,1.0,1.0,8.0,8
BARDDHAMAN J,22.54232,149.064263,2.0,8.0,1059.8,7191.0,319
BARDOLI,2.111111,0.333333,2.0,2.6,2.92,19.0,9
BAREILLY CAN,1.666667,0.516398,2.0,2.0,2.0,10.0,6
BAREILLY CIT,2.236842,5.567445,0.0,16.6,21.26,85.0,38
BAREILLY JN,5.214286,1.476929,5.0,6.75,9.35,73.0,14
BAREILLY JN.,25.464706,152.279257,5.0,7.0,740.25,4329.0,170
BAREJADI NAN,1.09375,0.296145,1.0,2.0,2.0,35.0,32
BARELIPAR,1.2,0.447214,1.0,1.8,1.96,6.0,5
BARETA,1.538462,0.518875,2.0,2.0,2.0,20.0,13
BARETH,1.4,0.547723,1.0,2.0,2.0,7.0,5
BARGACHIA,1.0,0.0,1.0,1.0,1.0,6.0,6
BARGAON GUJA,1.25,0.5,1.0,1.85,1.97,5.0,4
BARGARH,1.714286,0.48795,2.0,2.0,2.0,12.0,7
BARGARH ROAD,2.913043,1.395645,2.0,5.0,5.0,134.0,46
BARGAWAN,2.0,0.0,2.0,2.0,2.0,22.0,11
BARGI,2.0,0.0,2.0,2.0,2.0,10.0,5
BARGOLAI,1.75,0.5,2.0,2.0,2.0,7.0,4
BARH,1.875,0.33304,2.0,2.0,2.0,135.0,72
BARHAJ BAZAR,0.0,0.0,0.0,0.0,0.0,0.0,8
BARHAN JN.,1.4,0.516398,1.0,2.0,2.0,14.0,10
BARHARAGANJ,1.625,0.517549,2.0,2.0,2.0,13.0,8
BARHARWA JN.,3.611111,2.784165,4.0,10.0,10.0,195.0,54
BARHI,1.0,0.0,1.0,1.0,1.0,4.0,4
BARHIYA,1.90625,0.683566,2.0,2.0,5.0,122.0,64
BARHNI,3.153846,2.166884,5.0,5.0,5.0,82.0,26
BARI,0.666667,0.516398,1.0,1.0,1.0,4.0,6
BARI BRAHMAN,1.727273,0.467099,2.0,2.0,2.0,19.0,11
BARIARPUR,1.0,0.0,1.0,1.0,1.0,44.0,44
BARIPADA PH,0.5625,0.629153,0.5,1.25,1.85,9.0,16
BARIPURA,1.5,0.547723,1.5,2.0,2.0,9.0,6
BARITHEN GAR,1.0,0.0,1.0,1.0,1.0,7.0,7
BARIWALA,1.75,0.452267,2.0,2.0,2.0,21.0,12
BARKA HALT,1.0,0.0,1.0,1.0,1.0,20.0,20
BARKAKANA,10.76087,9.886432,10.0,25.0,27.75,495.0,46
BARKAKANA AV,1.0,0.0,1.0,1.0,1.0,2.0,2
BARKHEDA,1.5,0.57735,1.5,2.0,2.0,6.0,4
BARKICHANPI,1.0,0.0,1.0,1.0,1.0,2.0,2
BARKIPONA,1.0,0.0,1.0,1.0,1.0,4.0,4
BARKISALAIYA,1.3,0.674949,1.0,2.55,2.91,13.0,10
BARKUR,1.2,0.421637,1.0,2.0,2.0,12.0,10
BARLAI,1.125,0.353553,1.0,1.65,1.93,9.0,8
BARLANGA,1.0,0.0,1.0,1.0,1.0,4.0,4
BARMASIA,1.0,,1.0,1.0,1.0,1.0,1
BARMER,74.0,286.600768,0.0,333.0,954.6,1110.0,15
BARNAGAR,2.0,0.0,2.0,2.0,2.0,18.0,9
BARNALA,1.875,0.448427,2.0,2.0,2.77,45.0,24
BAROG,8.1,1.911951,8.0,10.0,10.0,81.0,10
BARPALI,2.0,0.0,2.0,2.0,2.0,32.0,16
BARPATHAR,2.2,1.549193,2.0,5.0,5.0,22.0,10
BARPETA ROAD,35.386364,216.375343,2.0,5.0,821.81,1557.0,44
BARRA BAZAR,1.0,0.0,1.0,1.0,1.0,27.0,27
BARRACKPORE,5.261364,70.724038,1.0,1.0,2.0,1389.0,264
BARRAJPUR,1.769231,0.438529,2.0,2.0,2.0,23.0,13
BARSALI,1.125,0.353553,1.0,1.65,1.93,9.0,8
BARSATHI,1.0,0.0,1.0,1.0,1.0,4.0,4
BARSHI,1.866667,0.351866,2.0,2.0,2.0,28.0,15
BARSI TAKLI,1.0,0.0,1.0,1.0,1.0,6.0,6
BARSOI JN.,2.206522,1.330439,2.0,3.35,10.0,203.0,92
BARSOLA,1.130435,0.34435,1.0,2.0,2.0,26.0,23
BARSUAN,0.0,0.0,0.0,0.0,0.0,0.0,2
BARTARA  HAL,2.0,,2.0,2.0,2.0,2.0,1
BARUA BAMUNG,2.0,0.0,2.0,2.0,2.0,12.0,6
BARUA CHAK,2.0,0.0,2.0,2.0,2.0,8.0,4
BARUA NAGAR,1.5,0.57735,1.5,2.0,2.0,6.0,4
BARUD,1.666667,0.516398,2.0,2.0,2.0,10.0,6
BARUI PARA,10.4,78.049483,1.0,1.0,210.33,728.0,70
BARUIPUR JN.,0.737179,0.557786,1.0,1.0,2.0,115.0,156
BARUNA,1.0,0.0,1.0,1.0,1.0,12.0,12
BARUNDNI,1.25,0.5,1.0,1.85,1.97,5.0,4
BARUVA,1.0,0.0,1.0,1.0,1.0,7.0,7
BARWA KALAN,1.0,0.0,1.0,1.0,1.0,10.0,10
BARWA SAGAR,1.9,0.316228,2.0,2.0,2.0,19.0,10
BARWADIH JN,4.0,3.339388,5.0,10.0,10.0,136.0,34
BARWALA,1.25,0.452267,1.0,2.0,2.0,15.0,12
BARWALAROAD,1.0,0.0,1.0,1.0,1.0,2.0,2
BARWASNI HAL,1.0,0.0,1.0,1.0,1.0,4.0,4
BARYA RAM,1.166667,0.408248,1.0,1.75,1.95,7.0,6
BARYAL HIMAC,1.0,0.0,1.0,1.0,1.0,13.0,13
BASAI,1.9,0.316228,2.0,2.0,2.0,19.0,10
BASAI DHANKO,1.0,0.0,1.0,1.0,1.0,24.0,24
BASAMPALLE,1.0,0.0,1.0,1.0,1.0,2.0,2
BASANTAPUR,1.0,0.0,1.0,1.0,1.0,4.0,4
BASAR,1.744186,0.441481,2.0,2.0,2.0,75.0,43
BASARI,1.5,0.707107,1.5,1.95,1.99,3.0,2
BASAVANA BAG,1.2,0.414039,1.0,2.0,2.0,18.0,15
BASBARI,1.0,0.0,1.0,1.0,1.0,6.0,6
BASERI,1.0,0.0,1.0,1.0,1.0,2.0,2
BASHARATGANJ,2.25,0.866025,2.0,3.35,4.67,27.0,12
BASI KIRATPU,2.0,0.0,2.0,2.0,2.0,16.0,8
BASIN BRIDGE,1.003731,0.061085,1.0,1.0,1.0,269.0,268
BASIRHAT,1.477273,1.109968,1.0,3.85,5.14,65.0,44
BASKATWA BH,1.0,0.0,1.0,1.0,1.0,4.0,4
BASMAT,1.681818,2.124379,1.0,2.0,9.11,37.0,22
BASNI,1.857143,0.363137,2.0,2.0,2.0,26.0,14
BASSI,1.125,0.353553,1.0,1.65,1.93,9.0,8
BASSI BERISA,2.25,1.892969,1.5,4.55,4.91,9.0,4
BASSI PATHAN,1.4,0.516398,1.0,2.0,2.0,14.0,10
BASTA,1.208333,0.414851,1.0,2.0,2.0,29.0,24
BASTI,2.902913,0.747736,3.0,3.0,5.0,299.0,103
BASTOI (HALT,1.0,0.0,1.0,1.0,1.0,8.0,8
BASUCHAK HAL,1.0,0.0,1.0,1.0,1.0,14.0,14
BASUDEBPUR H,1.0,0.0,1.0,1.0,1.0,12.0,12
BASUDEOPUR C,1.0,0.0,1.0,1.0,1.0,12.0,12
BASUGAON,1.4,1.264911,1.0,3.2,4.64,14.0,10
BASUKINATH,1.125,0.353553,1.0,1.65,1.93,9.0,8
BASULDANGA,1.0,0.0,1.0,1.0,1.0,54.0,54
BASULYA SUTA,1.0,0.0,1.0,1.0,1.0,8.0,8
BASWA,1.428571,0.513553,1.0,2.0,2.0,20.0,14
BATADRAWA RO,1.0,0.0,1.0,1.0,1.0,2.0,2
BATALA JN.,4.875,10.91195,2.0,10.0,44.65,117.0,24
BATALA SUGAR,1.111111,0.333333,1.0,1.6,1.92,10.0,9
BATASI,1.0,0.0,1.0,1.0,1.0,4.0,4
BATASPUR,1.0,0.0,1.0,1.0,1.0,19.0,19
BATESAR,1.0,0.0,1.0,1.0,1.0,2.0,2
BATHINDA CAN,1.75,0.452267,2.0,2.0,2.0,21.0,12
BATHINDA JN,30.939024,154.281637,10.0,64.25,386.55,2537.0,82
BATHNA KRITT,1.0,0.0,1.0,1.0,1.0,17.0,17
BATHNAHA,1.0,0.0,1.0,1.0,1.0,15.0,15
BATHUA BAZAR,0.0,0.0,0.0,0.0,0.0,0.0,2
BATTULAPURAM,1.0,0.0,1.0,1.0,1.0,2.0,2
BATUVA. P.H.,1.0,0.0,1.0,1.0,1.0,7.0,7
BAUDPUR,1.0,0.0,1.0,1.0,1.0,9.0,9
BAURIA JN,1.008772,0.093659,1.0,1.0,1.0,115.0,114
BAVLA,1.0,0.0,1.0,1.0,1.0,10.0,10
BAWAL,1.3,0.483046,1.0,2.0,2.0,13.0,10
BAWANI KHERA,1.6875,0.478714,2.0,2.0,2.0,27.0,16
BAWLI HALT,1.0,0.0,1.0,1.0,1.0,18.0,18
BAYAD,1.0,0.0,1.0,1.0,1.0,4.0,4
BAYANA,2.5,1.777745,2.0,5.0,5.0,135.0,54
BAYTU,1.909091,0.301511,2.0,2.0,2.0,21.0,11
BAYYAVARAM,2.571429,3.735289,1.0,8.3,10.46,18.0,7
BAZARASU,1.052632,0.226294,1.0,1.15,2.0,40.0,38
BAZARGHAT,1.0,0.0,1.0,1.0,1.0,4.0,4
BAZIDA JATAN,1.090909,0.301511,1.0,1.5,1.9,12.0,11
BAZPUR,1.875,0.341565,2.0,2.0,2.0,30.0,16
BEAS JN,1.87037,0.612832,2.0,2.0,2.0,202.0,108
BEAWAR,2.243902,1.280244,2.0,2.0,7.6,92.0,41
BEBEJIA,1.0,0.0,1.0,1.0,1.0,4.0,4
BECHRAJI,2.0,0.0,2.0,2.0,2.0,8.0,4
BEDETTI,1.0,0.0,1.0,1.0,1.0,6.0,6
BEDHAM,1.0,0.0,1.0,1.0,1.0,6.0,6
BEGAMPET,1.11875,0.32451,1.0,2.0,2.0,179.0,160
BEGAMPUR,1.0,0.0,1.0,1.0,1.0,70.0,70
BEGDAEWAI,1.022222,0.149071,1.0,1.0,1.56,46.0,45
BEGU SARAI,2.246575,0.982921,2.0,5.0,5.0,164.0,73
BEGUNIA,1.0,0.0,1.0,1.0,1.0,4.0,4
BEGUNKODAR,1.0,0.0,1.0,1.0,1.0,10.0,10
BEHAJ,1.0,0.0,1.0,1.0,1.0,6.0,6
BEHTA HAZIPU,1.0,0.0,1.0,1.0,1.0,22.0,22
BEHTAGOKAL,1.7,0.483046,2.0,2.0,2.0,17.0,10
BEHULA,1.0,0.0,1.0,1.0,1.0,39.0,39
BEJNAL,1.0,0.0,1.0,1.0,1.0,4.0,4
BELA,1.157895,0.369537,1.0,2.0,2.0,44.0,38
BELA NAGAR,1.030303,0.246183,1.0,1.0,1.7,68.0,66
BELA TAL,1.875,0.353553,2.0,2.0,2.0,15.0,8
BELAGULA,1.0,0.0,1.0,1.0,1.0,8.0,8
BELAKOBA,1.090909,0.294245,1.0,1.95,2.0,24.0,22
BELANDUR ROA,1.0,0.0,1.0,1.0,1.0,10.0,10
BELANKI,1.0,0.0,1.0,1.0,1.0,4.0,4
BELAPUR,2.0,1.521772,2.0,3.2,8.1,78.0,39
BELAPUR C.B.,803.444444,332.875665,800.0,1307.3,1403.72,79541.0,99
BELASAR  HAL,1.125,0.353553,1.0,1.65,1.93,9.0,8
BELBONI PH,1.0,0.0,1.0,1.0,1.0,11.0,11
BELDA,1.451613,0.888396,1.0,2.0,4.1,45.0,31
BELDANGA,1.064516,0.249731,1.0,1.5,2.0,33.0,31
BELERHAT,1.0,0.0,1.0,1.0,1.0,34.0,34
BELGAHNA,1.944444,0.235702,2.0,2.0,2.0,35.0,18
BELGAUM,2.622642,2.030786,2.0,5.0,7.4,139.0,53
BELGHARIA,1.013699,0.202721,1.0,1.0,1.0,222.0,219
BELHA,1.678571,0.475595,2.0,2.0,2.0,47.0,28
BELIAGHATA R,1.0,0.0,1.0,1.0,1.0,44.0,44
BELIATOR PH,1.0,0.0,1.0,1.0,1.0,11.0,11
BELKHEDA,1.555556,0.527046,2.0,2.0,2.0,14.0,9
BELLAM KONDA,1.0,0.0,1.0,1.0,1.0,6.0,6
BELLAMPALLI,1.163265,0.373438,1.0,2.0,2.0,57.0,49
BELLARY JN.,3.631579,2.685507,5.0,5.0,11.3,138.0,38
BELLARYCANTT,1.0,0.0,1.0,1.0,1.0,4.0,4
BELMURI,1.017544,0.132453,1.0,1.0,1.44,58.0,57
BELPAHAR,2.0,0.0,2.0,2.0,2.0,32.0,16
BELRAYAN,2.0,0.0,2.0,2.0,2.0,28.0,14
BELSIRI,1.0,0.0,1.0,1.0,1.0,12.0,12
BELSONDA,1.666667,0.516398,2.0,2.0,2.0,10.0,6
BELTHARA ROA,2.0,0.0,2.0,2.0,2.0,52.0,26
BELUR,1.0,0.0,1.0,1.0,1.0,295.0,295
BELURMATH,0.0,0.0,0.0,0.0,0.0,0.0,12
BELVANDI,1.833333,0.408248,2.0,2.0,2.0,11.0,6
BEML NAGAR,1.136364,0.35125,1.0,2.0,2.0,25.0,22
BENAL H,1.0,0.0,1.0,1.0,1.0,5.0,5
BENAPUR,1.0,0.0,1.0,1.0,1.0,13.0,13
BENDI,1.0,0.0,1.0,1.0,1.0,8.0,8
BENIGANJ,2.0,0.0,2.0,2.0,2.0,8.0,4
BENIPATTI PI,1.0,0.0,1.0,1.0,1.0,7.0,7
BENIPURGRAM,1.0,0.0,1.0,1.0,1.0,2.0,2
BENISAR,1.375,0.517549,1.0,2.0,2.0,11.0,8
BENODA,1.333333,0.57735,1.0,1.9,1.98,4.0,3
BENOY BADAL,4.0,6.204837,1.0,16.4,23.8,132.0,33
BEOHARI,4.384615,2.873397,5.0,10.0,10.0,57.0,13
BERAWANYA,1.166667,0.389249,1.0,2.0,2.0,14.0,12
BERCHHA,1.727273,0.450511,2.0,2.0,2.0,76.0,44
BERHAMPORE C,1.580645,0.564163,2.0,2.0,2.7,49.0,31
BERHAMPUR,24.351724,156.067139,5.0,5.0,885.4,3531.0,145
BERIA DAULAT,1.0,0.0,1.0,1.0,1.0,8.0,8
BERMO,1.375,0.517549,1.0,2.0,2.0,11.0,8
BERO,1.0,0.0,1.0,1.0,1.0,19.0,19
BERORE,1.0,0.0,1.0,1.0,1.0,4.0,4
BERUGRAM,1.0,0.0,1.0,1.0,1.0,9.0,9
BES,1.0,0.0,1.0,1.0,1.0,4.0,4
BESROLI,1.5,0.707107,1.5,1.95,1.99,3.0,2
BETAMCHERLA,1.3,0.470162,1.0,2.0,2.0,26.0,20
BETAWAD,1.5,0.57735,1.5,2.0,2.0,6.0,4
BETGARA,1.0,0.0,1.0,1.0,1.0,4.0,4
BETHAMPURDI,1.0,0.0,1.0,1.0,1.0,12.0,12
BETHERIA GHO,1.0,0.0,1.0,1.0,1.0,52.0,52
BETHUADAHARI,1.032258,0.179605,1.0,1.0,1.7,32.0,31
BETNOTI PH,1.0,0.0,1.0,1.0,1.0,12.0,12
BETTADANAGEN,1.0,0.0,1.0,1.0,1.0,6.0,6
BETTAHALASUR,1.0,0.0,1.0,1.0,1.0,6.0,6
BETTIAH,4.375,1.426624,5.0,5.0,5.0,175.0,40
BETUL,2.045455,0.94576,2.0,3.0,3.0,180.0,88
BETUR PH,1.0,0.0,1.0,1.0,1.0,9.0,9
BEVINAHALU,1.1,0.316228,1.0,1.55,1.91,11.0,10
BEWAR BHOJAN,1.125,0.353553,1.0,1.65,1.93,9.0,8
BHABHAR,2.0,0.0,2.0,2.0,2.0,12.0,6
BHABTA,1.0,0.0,1.0,1.0,1.0,25.0,25
BHABUA ROAD,1.265625,0.570218,1.0,2.0,2.0,81.0,64
BHACHAU,2.0,0.0,2.0,2.0,2.0,64.0,32
BHACHHBAR,2.0,0.0,2.0,2.0,2.0,4.0,2
BHADAIYAN,1.0,0.0,1.0,1.0,1.0,4.0,4
BHADAN,1.111111,0.333333,1.0,1.6,1.92,10.0,9
BHADANPUR,1.5,0.547723,1.5,2.0,2.0,9.0,6
BHADAURA,2.125,2.786809,2.0,2.0,12.01,51.0,24
BHADBHUNJA,1.2,0.447214,1.0,1.8,1.96,6.0,5
BHADER,1.166667,0.408248,1.0,1.75,1.95,7.0,6
BHADLI,1.6,0.516398,2.0,2.0,2.0,16.0,10
BHADOHI,1.846154,0.365518,2.0,2.0,2.0,72.0,39
BHADRACHALAM,5.583333,8.54356,0.5,19.5,23.9,67.0,12
BHADRAKH,2.038462,0.983617,2.0,5.0,5.0,265.0,130
BHADRAULI,1.0,0.0,1.0,1.0,1.0,2.0,2
BHADRAVATI,1.75,0.444262,2.0,2.0,2.0,35.0,20
BHADRESHWAR,1.006944,0.083333,1.0,1.0,1.0,145.0,144
BHADRI,1.0,0.0,1.0,1.0,1.0,4.0,4
BHADROLI HAL,2.0,0.0,2.0,2.0,2.0,12.0,6
BHADUTOLA PH,1.0,0.0,1.0,1.0,1.0,6.0,6
BHADWA PARA,1.625,0.517549,2.0,2.0,2.0,13.0,8
BHAGA JN,1.833333,1.749459,2.0,5.0,5.0,22.0,12
BHAGALPUR,43.153846,174.870867,5.0,143.75,1025.7,3366.0,78
BHAGAT-KI-KO,66.805556,244.032529,1.0,476.25,1047.25,2405.0,36
BHAGEGA,1.0,0.0,1.0,1.0,1.0,6.0,6
BHAGIRATHPUR,1.0,0.0,1.0,1.0,1.0,10.0,10
BHAGSAR,1.0,0.0,1.0,1.0,1.0,9.0,9
BHAGTANWALA,1.0,1.069045,1.0,2.0,2.0,8.0,8
BHAGUAPAL,1.0,0.0,1.0,1.0,1.0,4.0,4
BHAGWANGOLA,1.034483,0.185695,1.0,1.0,1.72,30.0,29
BHAGWANPUR,1.636364,0.492366,2.0,2.0,2.0,36.0,22
BHAGWANPUR D,2.0,0.0,2.0,2.0,2.0,24.0,12
BHAGWANSAR,1.428571,0.513553,1.0,2.0,2.0,20.0,14
BHAINA H,1.0,0.0,1.0,1.0,1.0,38.0,38
BHAINI KHURD,1.0,0.0,1.0,1.0,1.0,11.0,11
BHAINSA,1.0,0.0,1.0,1.0,1.0,6.0,6
BHAIRABI,0.0,0.0,0.0,0.0,0.0,0.0,2
BHAIRANAYAKA,1.0,0.0,1.0,1.0,1.0,12.0,12
BHAIRONGARH,1.1,0.316228,1.0,1.55,1.91,11.0,10
BHAIRONPUR,1.5,0.57735,1.5,2.0,2.0,6.0,4
BHAJERA,1.0,0.0,1.0,1.0,1.0,6.0,6
BHAKARAPET,1.0,0.0,1.0,1.0,1.0,4.0,4
BHAKRAULI,1.0,0.0,1.0,1.0,1.0,6.0,6
BHAKTINAGAR,1.952381,1.909874,2.0,2.0,8.4,41.0,21
BHALEJ,1.0,0.0,1.0,1.0,1.0,13.0,13
BHALKI,1.666667,2.394438,1.0,2.0,10.0,35.0,21
BHALOJALA  H,1.0,0.0,1.0,1.0,1.0,8.0,8
BHALUA,1.0,0.0,1.0,1.0,1.0,2.0,2
BHALUI,1.181818,0.394771,1.0,2.0,2.0,26.0,22
BHALUKA ROAD,2.0,0.0,2.0,2.0,2.0,44.0,22
BHALUKMARA,2.0,0.0,2.0,2.0,2.0,8.0,4
BHALUKPONG,0.0,0.0,0.0,0.0,0.0,0.0,2
BHALULATA,1.0,0.0,1.0,1.0,1.0,6.0,6
BHALUMASKA,2.0,0.0,2.0,2.0,2.0,12.0,6
BHALWANI,1.5,0.57735,1.5,2.0,2.0,6.0,4
BHAMBHEWA,1.0,0.0,1.0,1.0,1.0,4.0,4
BHAN KARI,1.0,0.0,1.0,1.0,1.0,4.0,4
BHANAPUR,1.142857,0.377964,1.0,1.7,1.94,8.0,7
BHANAUR,1.0,0.0,1.0,1.0,1.0,4.0,4
BHANDAI,1.5,0.755929,1.0,2.65,2.93,12.0,8
BHANDAK,1.166667,0.408248,1.0,1.75,1.95,7.0,6
BHANDARA RD,1.978261,0.257262,2.0,2.0,2.55,91.0,46
BHANDARIDAH,1.375,0.517549,1.0,2.0,2.0,11.0,8
BHANDARTIKUR,1.0,0.0,1.0,1.0,1.0,39.0,39
BHANDEWADI H,1.0,0.0,1.0,1.0,1.0,8.0,8
BHANDU MOTI,1.5,0.547723,1.5,2.0,2.0,9.0,6
BHANDUP,1.002681,0.051778,1.0,1.0,1.0,374.0,373
BHANGA,1.6,0.516398,2.0,2.0,2.0,16.0,10
BHANGALA,2.0,0.0,2.0,2.0,2.0,12.0,6
BHANJPUR,0.4,0.516398,0.0,1.0,1.0,4.0,10
BHANKALA,1.0,0.0,1.0,1.0,1.0,10.0,10
BHANOHAD PUN,1.0,0.0,1.0,1.0,1.0,8.0,8
BHANSI,1.0,0.0,1.0,1.0,1.0,2.0,2
BHANVAD,0.733333,0.457738,1.0,1.0,1.0,11.0,15
BHANWAR TONK,1.666667,0.492366,2.0,2.0,2.0,20.0,12
BHARAT KHAND,1.0,0.0,1.0,1.0,1.0,6.0,6
BHARAT KUP,2.0,0.0,2.0,2.0,2.0,10.0,5
BHARATGARH,1.5,0.522233,1.5,2.0,2.0,18.0,12
BHARATKUND,1.0,0.0,1.0,1.0,1.0,4.0,4
BHARATNAGAR,1.0,0.0,1.0,1.0,1.0,108.0,108
BHARATPUR JN,4.768421,22.895439,2.0,5.0,22.9,453.0,95
BHARATWADA,1.0,0.0,1.0,1.0,1.0,4.0,4
BHARMAR,1.0,0.0,1.0,1.0,1.0,13.0,13
BHAROLI,1.611111,0.501631,2.0,2.0,2.0,29.0,18
BHARSENDI,2.0,0.0,2.0,2.0,2.0,6.0,3
BHARTHANA,2.090909,1.659291,2.0,6.75,7.0,46.0,22
BHARUCH JN.,11.0,115.366046,2.0,2.0,5.0,1705.0,155
BHARUR HALT,1.5,0.522233,1.5,2.0,2.0,18.0,12
BHARWA-SUMER,1.75,0.46291,2.0,2.0,2.0,14.0,8
BHARWARI,1.8,0.421637,2.0,2.0,2.0,18.0,10
BHASILA,1.0,0.0,1.0,1.0,1.0,44.0,44
BHATAPARA,19.095238,156.681368,2.0,2.0,248.61,1604.0,84
BHATAR,1.0,0.0,1.0,1.0,1.0,12.0,12
BHATASA (HAL,1.0,0.0,1.0,1.0,1.0,6.0,6
BHATEL,1.5,0.547723,1.5,2.0,2.0,9.0,6
BHATIA,1.8,0.421637,2.0,2.0,2.0,18.0,10
BHATIEL,1.0,0.0,1.0,1.0,1.0,16.0,16
BHATISUDA,1.0,0.0,1.0,1.0,1.0,12.0,12
BHATKAL,1.666667,0.479463,2.0,2.0,2.0,50.0,30
BHATNI JN.,6.351351,8.265181,5.0,25.0,36.86,470.0,74
BHATPAR RANI,1.88,0.331662,2.0,2.0,2.0,47.0,25
BHATPURA,2.0,0.0,2.0,2.0,2.0,8.0,4
BHATTIAN,1.0,0.0,1.0,1.0,1.0,2.0,2
BHATTIPROLU,1.0,0.0,1.0,1.0,1.0,14.0,14
BHATTU,1.928571,0.267261,2.0,2.0,2.0,27.0,14
BHAUPUR,2.555556,4.304391,1.0,9.2,13.04,23.0,9
BHAVANI NAGA,1.0,0.0,1.0,1.0,1.0,6.0,6
BHAVDHARI,1.0,0.0,1.0,1.0,1.0,2.0,2
BHAVNAGAR PA,1.0,0.0,1.0,1.0,1.0,24.0,24
BHAVNAGAR TE,0.0,0.0,0.0,0.0,0.0,0.0,32
BHAWANI MAND,1.913043,0.783896,2.0,2.0,5.0,88.0,46
BHAWANIPATNA,5.0,0.0,5.0,5.0,5.0,30.0,6
BHAWANIPUR B,1.0,0.0,1.0,1.0,1.0,6.0,6
BHAWANIPUR K,1.125,0.353553,1.0,1.65,1.93,9.0,8
BHAWI,1.0,0.0,1.0,1.0,1.0,2.0,2
BHAYANDAR,1.666667,0.57735,2.0,2.0,2.0,5.0,3
BHAYAVADAR,1.0,0.0,1.0,1.0,1.0,4.0,4
BHEDIA,1.0,0.0,1.0,1.0,1.0,22.0,22
BHEDUASOL,1.0,0.0,1.0,1.0,1.0,19.0,19
BHEEMPURA,1.5,0.57735,1.5,2.0,2.0,6.0,4
BHEERPUR,1.125,0.353553,1.0,1.65,1.93,9.0,8
BHEJA,1.0,0.0,1.0,1.0,1.0,2.0,2
BHENSWADI,1.0,0.0,1.0,1.0,1.0,4.0,4
BHERAGHAT,1.555556,0.527046,2.0,2.0,2.0,14.0,9
BHESLANA,1.0,0.0,1.0,1.0,1.0,6.0,6
BHESTAN,1.058824,0.242536,1.0,1.2,1.84,18.0,17
BHETAGURI,1.0,0.0,1.0,1.0,1.0,8.0,8
BHETASI,1.0,0.0,1.0,1.0,1.0,4.0,4
BHIGVAN,1.6875,0.478714,2.0,2.0,2.0,27.0,16
BHIKAMKOR,2.0,0.0,2.0,2.0,2.0,4.0,2
BHIKNUR,1.0,0.0,1.0,1.0,1.0,12.0,12
BHILAD,1.724138,1.830233,1.0,4.0,8.32,50.0,29
BHILAI,1.225806,0.425024,1.0,2.0,2.0,38.0,31
BHILAI POWER,1.596491,0.494962,2.0,2.0,2.0,91.0,57
BHILAINAGAR,1.677419,3.048356,1.0,2.0,13.2,52.0,31
BHILAVDI,1.1,0.316228,1.0,1.55,1.91,11.0,10
BHILDI JN,79.95,315.080687,6.0,94.65,1153.33,1599.0,20
BHILGAON,1.5,0.57735,1.5,2.0,2.0,6.0,4
BHILUPUR,1.0,0.0,1.0,1.0,1.0,8.0,8
BHILWARA,4.809524,2.441891,5.0,8.0,12.95,202.0,42
BHIMADOLU,1.0625,0.25,1.0,1.25,1.85,17.0,16
BHIMAL,1.0,0.0,1.0,1.0,1.0,6.0,6
BHIMANA,1.0,0.0,1.0,1.0,1.0,4.0,4
BHIMARLAI,1.0,0.0,1.0,1.0,1.0,5.0,5
BHIMASAR,2.0,0.0,2.0,2.0,2.0,8.0,4
BHIMAVARAM J,3.809524,8.175627,1.0,9.75,38.85,160.0,42
BHIMAVARAM T,1.25,0.750968,1.0,2.0,3.71,55.0,44
BHIMGARA JN.,1.0,0.0,1.0,1.0,1.0,12.0,12
BHIMKHOJ,1.666667,0.516398,2.0,2.0,2.0,10.0,6
BHIMNATH,1.0,0.0,1.0,1.0,1.0,8.0,8
BHIMRANA,1.2,0.447214,1.0,1.8,1.96,6.0,5
BHIMSEN,2.444444,1.91656,2.0,4.05,8.81,44.0,18
BHIND,0.333333,0.778499,0.0,2.0,2.0,4.0,12
BHINWALIYA,1.0,0.0,1.0,1.0,1.0,4.0,4
BHIRA KHERI,2.0,0.0,2.0,2.0,2.0,28.0,14
BHIRINGI,1.75,0.5,2.0,2.0,2.0,7.0,4
BHISA HALT,1.0,0.0,1.0,1.0,1.0,2.0,2
BHITAURA,2.0,0.0,2.0,2.0,2.0,12.0,6
BHITI,1.666667,0.5,2.0,2.0,2.0,15.0,9
BHITONI,1.727273,0.467099,2.0,2.0,2.0,19.0,11
BHIVPURI ROA,1.0,0.0,1.0,1.0,1.0,73.0,73
BHIWANDI ROA,1.708333,0.45934,2.0,2.0,2.0,82.0,48
BHIWANI CITY,1.8,0.421637,2.0,2.0,2.0,18.0,10
BHIWANI JN.,9.0,10.050891,5.0,25.0,27.55,450.0,50
BHIWAPUR,2.0,0.0,2.0,2.0,2.0,16.0,8
BHODWAL MAJR,1.0,0.0,1.0,1.0,1.0,19.0,19
BHOGPUR,1.0,0.0,1.0,1.0,1.0,87.0,87
BHOGPUR SIRW,1.75,0.46291,2.0,2.0,2.0,14.0,8
BHOJIPURA JN,2.125,0.612372,2.0,2.0,4.31,51.0,24
BHOJO,3.0,1.477098,2.0,5.0,5.0,36.0,12
BHOJRAS,1.0,0.0,1.0,1.0,1.0,2.0,2
BHOJUDIH JN.,1.731707,1.096002,2.0,2.0,5.0,71.0,41
BHOKAR,1.076923,0.27735,1.0,1.4,1.88,14.0,13
BHOKE,1.0,0.0,1.0,1.0,1.0,4.0,4
BHOLIDIH,1.0,0.0,1.0,1.0,1.0,4.0,4
BHONE,1.5,0.57735,1.5,2.0,2.0,6.0,4
BHONGAON,1.75,0.46291,2.0,2.0,2.0,14.0,8
BHONGIR,0.964286,0.331343,1.0,1.0,1.73,27.0,28
BHONRA,1.25,0.5,1.0,1.85,1.97,5.0,4
BHOPAL,31.414226,182.924147,10.0,15.0,1430.0,7508.0,239
BHOPALKA,1.5,0.547723,1.5,2.0,2.0,9.0,6
BHOPATPUR,2.0,0.0,2.0,2.0,2.0,20.0,10
BHORAS BUDRU,1.0,0.0,1.0,1.0,1.0,6.0,6
BHORTEX,1.75,0.5,2.0,2.0,2.0,7.0,4
BHOTEPATTI,1.0,0.0,1.0,1.0,1.0,4.0,4
BHOWRA BH,1.0,0.0,1.0,1.0,1.0,10.0,10
BHOYANI,1.25,0.5,1.0,1.85,1.97,5.0,4
BHUA,2.0,0.0,2.0,2.0,2.0,8.0,4
BHUBANESWAR,17.967742,115.034192,5.0,6.3,578.25,4456.0,248
BHUCHCHU,1.75,0.447214,2.0,2.0,2.0,28.0,16
BHUDA,1.0,0.0,1.0,1.0,1.0,6.0,6
BHUDPUR,1.055556,0.235702,1.0,1.15,1.83,19.0,18
BHUGAON,1.0,0.0,1.0,1.0,1.0,4.0,4
BHUKARKA,1.0,0.0,1.0,1.0,1.0,2.0,2
BHULANPUR F,1.388889,0.501631,1.0,2.0,2.0,25.0,18
BHULI,1.142857,0.363137,1.0,2.0,2.0,16.0,14
BHULON,1.5,0.57735,1.5,2.0,2.0,6.0,4
BHUPADEOPUR,1.5,0.522233,1.5,2.0,2.0,18.0,12
BHUPAL SAGAR,1.0,0.0,1.0,1.0,1.0,6.0,6
BHUPIA MAU,1.0,0.0,1.0,1.0,1.0,8.0,8
BHURKUNDA,1.5,0.527046,1.5,2.0,2.0,15.0,10
BHUSANDPUR,1.176471,0.392953,1.0,2.0,2.0,20.0,17
BHUSAVAL JN.,15.033557,85.208196,10.0,10.0,15.0,4480.0,298
BHUTESHWAR,1.0625,0.25,1.0,1.25,1.85,17.0,16
BHUTKIYA BHI,2.0,0.0,2.0,2.0,2.0,4.0,2
BHUYAR,1.0,0.0,1.0,1.0,1.0,8.0,8
BHYABLA,1.0,0.0,1.0,1.0,1.0,44.0,44
BIBHUTI BHUS,1.0,0.0,1.0,1.0,1.0,38.0,38
BIBINAGAR,1.086957,0.288104,1.0,1.9,2.0,25.0,23
BICHIA,2.0,0.0,2.0,2.0,2.0,24.0,12
BICHPURI,1.0,0.0,1.0,1.0,1.0,12.0,12
BIDADI,1.029412,0.171499,1.0,1.0,1.67,35.0,34
BIDANPUR,1.0,0.0,1.0,1.0,1.0,2.0,2
BIDAR,51.515152,209.010036,2.0,225.0,915.4,1700.0,33
BIDHANNAGAR,1.014851,0.171917,1.0,1.0,1.0,410.0,404
BIDIYAD,1.0,0.0,1.0,1.0,1.0,2.0,2
BIDYADABRI,1.25,0.5,1.0,1.85,1.97,5.0,4
BIDYADHARPUR,1.0,0.0,1.0,1.0,1.0,60.0,60
BIGGA,1.375,0.517549,1.0,2.0,2.0,11.0,8
BIGGABAS RAM,1.0,0.0,1.0,1.0,1.0,8.0,8
BIGHAPUR,1.6,0.516398,2.0,2.0,2.0,16.0,10
BIHAIROGANJ,2.0,0.0,2.0,2.0,2.0,28.0,14
BIHAR SHARIF,2.5,1.543487,2.0,5.0,5.0,45.0,18
BIHARA,2.0,0.0,2.0,2.0,2.0,4.0,2
BIHAT HALT,1.0,0.0,1.0,1.0,1.0,6.0,6
BIHIYA,1.611111,0.494413,2.0,2.0,2.0,58.0,36
BIHTA,1.659091,0.479495,2.0,2.0,2.0,73.0,44
BIJAINAGAR,1.961538,0.196116,2.0,2.0,2.0,51.0,26
BIJAIPUR ROA,2.0,0.0,2.0,2.0,2.0,8.0,4
BIJAPUR JN,3.083333,3.05544,2.0,10.0,10.0,111.0,36
BIJAULI,1.833333,0.408248,2.0,2.0,2.0,11.0,6
BIJAURIA,2.0,0.0,2.0,2.0,2.0,20.0,10
BIJBIARA,1.05,0.223607,1.0,1.05,1.81,21.0,20
BIJNI,1.1875,0.403113,1.0,2.0,2.0,19.0,16
BIJNOR,3.5,1.566699,3.5,5.0,5.0,42.0,12
BIJOOR,1.25,0.46291,1.0,2.0,2.0,10.0,8
BIJORA,1.25,0.5,1.0,1.85,1.97,5.0,4
BIJROTHA,2.0,0.0,2.0,2.0,2.0,12.0,6
BIJULI HALT,1.0,0.0,1.0,1.0,1.0,3.0,3
BIJURI,12.380952,6.636838,10.0,25.0,29.0,260.0,21
BIJWASAN,1.04,0.2,1.0,1.0,1.76,26.0,25
BIKANER JN.,41.769231,153.575691,0.0,296.0,804.0,2715.0,65
BIKKAVOLU,1.090909,0.301511,1.0,1.5,1.9,12.0,11
BIKNAPH,1.0,0.0,1.0,1.0,1.0,11.0,11
BIKRAM GANJ,1.833333,0.389249,2.0,2.0,2.0,22.0,12
BIKRAMPUR,1.777778,0.440959,2.0,2.0,2.0,16.0,9
BIKRAMSHILA,1.0,0.0,1.0,1.0,1.0,16.0,16
BILARA,0.0,0.0,0.0,0.0,0.0,0.0,2
BILASPUR JN.,32.455621,141.953965,15.0,25.0,919.8,5485.0,169
BILASPUR ROA,1.833333,0.389249,2.0,2.0,2.0,22.0,12
BILDI,1.111111,0.333333,1.0,1.6,1.92,10.0,9
BILESHWAR,1.0,0.0,1.0,1.0,1.0,5.0,5
BILGA,1.545455,0.522233,2.0,2.0,2.0,17.0,11
BILHAR GHAT,1.0,0.0,1.0,1.0,1.0,5.0,5
BILHAUR,1.923077,0.27735,2.0,2.0,2.0,25.0,13
BILIMORA JN.,2.317073,1.60373,2.0,6.0,8.2,95.0,41
BILKHA,1.0,0.0,1.0,1.0,1.0,4.0,4
BILLI,1.666667,0.5,2.0,2.0,2.0,15.0,9
BILOCHPURA (,1.166667,0.408248,1.0,1.75,1.95,7.0,6
BILPUR,2.0,0.0,2.0,2.0,2.0,28.0,14
BILWAI,1.0,0.0,1.0,1.0,1.0,10.0,10
BIMALGARH JN,1.0,0.0,1.0,1.0,1.0,2.0,2
BIMBARI,1.0,0.0,1.0,1.0,1.0,4.0,4
BINA,43.37415,229.174134,5.0,18.5,1415.0,6376.0,147
BINAIKI,2.0,0.0,2.0,2.0,2.0,10.0,5
BINAUR,2.0,0.0,2.0,2.0,2.0,8.0,4
BINDADKATTI,1.0,0.0,1.0,1.0,1.0,6.0,6
BINDAURA,2.0,0.0,2.0,2.0,2.0,8.0,4
BINDAYAKA,1.0,0.0,1.0,1.0,1.0,2.0,2
BINDKI ROAD,2.545455,3.8305,1.0,8.0,12.8,28.0,11
BINDUBASINI,1.0,0.0,1.0,1.0,1.0,8.0,8
BINDUKURI,1.0,0.0,1.0,1.0,1.0,10.0,10
BINJHOL,1.0,0.0,1.0,1.0,1.0,6.0,6
BINNAGURI,1.875,1.310216,1.5,5.0,5.0,30.0,16
BIR,0.0,0.0,0.0,0.0,0.0,0.0,4
BIRA,1.010989,0.104828,1.0,1.0,1.1,92.0,91
BIRADHWAL,1.75,0.46291,2.0,2.0,2.0,14.0,8
BIRAHALLI,1.0,0.0,1.0,1.0,1.0,9.0,9
BIRAMBAD,1.0,0.0,1.0,1.0,1.0,8.0,8
BIRAMDIH,1.0,0.0,1.0,1.0,1.0,12.0,12
BIRANG KHERA,1.833333,0.408248,2.0,2.0,2.0,11.0,6
BIRAPATTI,1.0,0.0,1.0,1.0,1.0,13.0,13
BIRARAJPUR,1.0,0.0,1.0,1.0,1.0,11.0,11
BIRARI,2.0,0.0,2.0,2.0,2.0,4.0,2
BIRATI,1.0,0.0,1.0,1.0,1.0,159.0,159
BIRAUL,0.0,0.0,0.0,0.0,0.0,0.0,6
BIRBANS,1.0,0.0,1.0,1.0,1.0,9.0,9
BIRLANAGAR,1.916667,0.288675,2.0,2.0,2.0,23.0,12
BIRMITRAPUR,0.0,0.0,0.0,0.0,0.0,0.0,2
BIRNAGAR,1.0,0.0,1.0,1.0,1.0,56.0,56
BIROHE,1.0,0.0,1.0,1.0,1.0,8.0,8
BIROLIYA,1.0,0.0,1.0,1.0,1.0,4.0,4
BIRPUR,2.0,0.0,2.0,2.0,2.0,8.0,4
BIRPURUSOTHA,1.0,0.0,1.0,1.0,1.0,14.0,14
BIRSHIBPUR,1.0,0.0,1.0,1.0,1.0,98.0,98
BIRSINGHPUR,1.884615,0.325813,2.0,2.0,2.0,49.0,26
BIRSOAL,2.0,0.0,2.0,2.0,2.0,24.0,12
BIRUR JN.,1.972603,0.763264,2.0,2.0,5.0,144.0,73
BISALPUR,2.0,0.0,2.0,2.0,2.0,20.0,10
BISANATTAM,1.0,0.0,1.0,1.0,1.0,8.0,8
BISHALGARH,2.0,0.0,2.0,2.0,2.0,8.0,4
BISHANPUR HA,1.0,0.0,1.0,1.0,1.0,24.0,24
BISHARPARA-K,1.0,0.0,1.0,1.0,1.0,137.0,137
BISHENGARH,1.5,0.57735,1.5,2.0,2.0,6.0,4
BISHNATH GAN,1.0,0.0,1.0,1.0,1.0,10.0,10
BISHNUPUR,1.490566,0.60836,2.0,2.0,2.0,79.0,53
BISHRAMGANJ,2.0,0.0,2.0,2.0,2.0,8.0,4
BISHRAMPUR,3.2,1.549193,2.0,5.0,5.0,32.0,10
BISLAWASKALA,1.25,0.46291,1.0,2.0,2.0,10.0,8
BISNUPRIYA H,1.0,0.0,1.0,1.0,1.0,28.0,28
BISRA,1.0,0.0,1.0,1.0,1.0,10.0,10
BISSAM  CUTT,2.0,0.0,2.0,2.0,2.0,20.0,10
BISSAU,1.0,0.0,1.0,1.0,1.0,2.0,2
BISUGIR SHAR,1.125,0.353553,1.0,1.65,1.93,9.0,8
BISWA BRIDGE,1.0,0.0,1.0,1.0,1.0,6.0,6
BISWAN,3.3,1.418136,3.0,5.0,5.0,33.0,10
BITHAULI F,1.0,0.0,1.0,1.0,1.0,8.0,8
BITRAGUNTA,1.09375,0.856074,1.0,2.0,4.07,35.0,32
BITROI,2.0,0.0,2.0,2.0,2.0,16.0,8
BIWAI,1.0,0.0,1.0,1.0,1.0,6.0,6
BIYAVRA RAJG,2.0,0.0,2.0,2.0,2.0,54.0,27
BJP,,,,,,,0
BLGANUR,1.125,0.353553,1.0,1.65,1.93,9.0,8
BLOCK HUT 'C,1.166667,0.408248,1.0,1.75,1.95,7.0,6
BLOCK HUT B,1.0,0.0,1.0,1.0,1.0,4.0,4
BLOCK HUT(A),1.0,0.0,1.0,1.0,1.0,6.0,6
BMVR,1.0,0.0,1.0,1.0,1.0,4.0,4
BMY A CABIN,1.0,0.0,1.0,1.0,1.0,8.0,8
BMY C CABIN,1.083333,0.288675,1.0,1.45,1.89,13.0,12
BMY D CABIN,1.0,0.0,1.0,1.0,1.0,10.0,10
BMY G CABIN,1.5,0.522233,1.5,2.0,2.0,18.0,12
BMY H CABIN,1.461538,0.660225,1.0,2.4,2.88,19.0,13
BOBAS,1.0,0.0,1.0,1.0,1.0,5.0,5
BOBBILI JN.,160.173913,326.612601,2.0,997.5,1079.5,7368.0,46
BOCHASAN JN.,1.0,0.0,1.0,1.0,1.0,4.0,4
BODARWAR,1.95,0.510418,2.0,3.0,3.0,39.0,20
BODDAVARA,1.0,0.0,1.0,1.0,1.0,2.0,2
BODELI,1.125,0.353553,1.0,1.65,1.93,9.0,8
BODHADI BUJR,1.0,0.0,1.0,1.0,1.0,10.0,10
BODHAN,0.0,0.0,0.0,0.0,0.0,0.0,6
BODWAD,1.5,0.518875,1.5,2.0,2.0,21.0,14
BOGINADI,1.0,0.0,1.0,1.0,1.0,8.0,8
BOGOLU,1.0,0.0,1.0,1.0,1.0,8.0,8
BOGRI ROAD,1.0,0.0,1.0,1.0,1.0,16.0,16
BOHANI,1.555556,0.527046,2.0,2.0,2.0,14.0,9
BOINDA,2.0,0.0,2.0,2.0,2.0,48.0,24
BOISAR,1.838235,1.166834,2.0,2.65,5.31,125.0,68
BOJAWAS HALT,1.0,0.0,1.0,1.0,1.0,12.0,12
BOKAJAN,1.8,1.196486,1.5,5.0,5.0,36.0,20
BOKARO STEEL,5.439394,3.235043,5.0,10.0,10.0,359.0,66
BOKARO THERM,1.25,0.46291,1.0,2.0,2.0,10.0,8
BOKO,1.0,0.0,1.0,1.0,1.0,6.0,6
BOLAGARH ROA,1.0,0.0,1.0,1.0,1.0,4.0,4
BOLAI,1.166667,0.408248,1.0,1.75,1.95,7.0,6
BOLARUM,15.446429,107.429117,1.0,2.0,365.0,865.0,56
BOLARUM BAZA,1.0,0.0,1.0,1.0,1.0,34.0,34
BOLDA,1.0,0.0,1.0,1.0,1.0,6.0,6
BOLINNA DOAB,1.0,0.0,1.0,1.0,1.0,14.0,14
BOLPUR,3.168539,1.582834,2.0,5.0,5.0,282.0,89
BOLSA,1.0,0.0,1.0,1.0,1.0,12.0,12
BOLWAD,1.0,,1.0,1.0,1.0,1.0,1
BOMADRA,1.333333,0.57735,1.0,1.9,1.98,4.0,3
BOMMAGUNDANA,1.0,0.0,1.0,1.0,1.0,4.0,4
BOMMASAMUDRA,1.0,0.0,1.0,1.0,1.0,10.0,10
BOMMIDI,1.125,0.341565,1.0,2.0,2.0,18.0,16
BONA KALU,1.0,0.0,1.0,1.0,1.0,12.0,12
BONDAMUNDA J,1.0,0.0,1.0,1.0,1.0,23.0,23
BONGAIGAON,1.4375,0.512348,1.0,2.0,2.0,23.0,16
BONIDANGA,1.0,0.0,1.0,1.0,1.0,12.0,12
BORABANDA,1.0,0.0,1.0,1.0,1.0,108.0,108
BORADIGHI,1.0,0.0,1.0,1.0,1.0,2.0,2
BORAKI HALT,1.0,0.0,1.0,1.0,1.0,22.0,22
BORAWAR,1.0,0.0,1.0,1.0,1.0,2.0,2
BORDHAI,1.1,0.737865,1.0,2.0,2.0,11.0,10
BORDI,1.0,0.0,1.0,1.0,1.0,10.0,10
BORDI ROAD,1.25,0.5,1.0,1.85,1.97,5.0,4
BORDOLANI,1.0,0.0,1.0,1.0,1.0,10.0,10
BORDUBI ROAD,1.5,0.57735,1.5,2.0,2.0,6.0,4
BORGAON,1.0,0.0,1.0,1.0,1.0,6.0,6
BORHAT,2.75,1.38873,2.0,5.0,5.0,22.0,8
BORIBIAL,1.25,0.5,1.0,1.85,1.97,5.0,4
BORIDAND,1.789474,0.418854,2.0,2.0,2.0,34.0,19
BORIDRA,1.0,0.0,1.0,1.0,1.0,2.0,2
BORIVLI,13.41958,119.894461,3.0,6.8,9.58,1919.0,143
BORKHEDI,1.0,0.0,1.0,1.0,1.0,6.0,6
BOROTI,1.142857,0.377964,1.0,1.7,1.94,8.0,7
BORRAGUHALU,5.0,0.0,5.0,5.0,5.0,10.0,2
BORSAD,1.0,0.0,1.0,1.0,1.0,4.0,4
BORTALAO,1.307692,0.480384,1.0,2.0,2.0,17.0,13
BORVIHIR,1.0,0.0,1.0,1.0,1.0,6.0,6
BOTAD,4.548387,8.44527,2.0,28.5,31.4,141.0,31
BOTAD JN (MG,817.5,402.362813,815.0,1327.75,1365.55,8175.0,10
BOWAICHANDI,1.0,0.0,1.0,1.0,1.0,9.0,9
BOXIRHAT,1.0,0.0,1.0,1.0,1.0,6.0,6
BRACE BRIDGE,1.0,0.0,1.0,1.0,1.0,62.0,62
BRAHMAJAN,1.0,0.0,1.0,1.0,1.0,6.0,6
BRAHMANA GUD,1.0,0.0,1.0,1.0,1.0,10.0,10
BRAHMANI,1.0,0.0,1.0,1.0,1.0,7.0,7
BRAHMANPALLI,1.0,0.0,1.0,1.0,1.0,10.0,10
BRAJARAJNAGA,2.076923,0.627572,2.0,2.0,4.25,54.0,26
BRAMHPURI,1.875,0.353553,2.0,2.0,2.0,15.0,8
BRAR SQUARE,1.0,0.0,1.0,1.0,1.0,10.0,10
BRIJ KISHOR,1.0,0.0,1.0,1.0,1.0,4.0,4
BRIJ NAGAR,1.0,0.0,1.0,1.0,1.0,6.0,6
BRIJMANGANJ,1.857143,0.363137,2.0,2.0,2.0,26.0,14
BRINDABANPUR,1.0,0.0,1.0,1.0,1.0,11.0,11
BRUNDAMAL,1.4,0.516398,1.0,2.0,2.0,14.0,10
BUDA BHARTHA,1.0,0.0,1.0,1.0,1.0,4.0,4
BUDALUR,1.0,0.0,1.0,1.0,1.0,32.0,32
BUDDIREDDIPP,1.0,0.0,1.0,1.0,1.0,10.0,10
BUDGAM,2.2,5.121961,0.0,10.0,20.65,66.0,30
BUDGE BUDGE,0.0,0.0,0.0,0.0,0.0,0.0,62
BUDHA KHERA,1.0,0.0,1.0,1.0,1.0,6.0,6
BUDHA PUSHKA,1.0,0.0,1.0,1.0,1.0,2.0,2
BUDHI,2.0,2.44949,1.0,5.5,6.7,12.0,6
BUDHLADA,1.666667,0.48795,2.0,2.0,2.0,25.0,15
BUDHMA,2.0,0.0,2.0,2.0,2.0,12.0,6
BUDHSINGHWAL,1.0,0.0,1.0,1.0,1.0,7.0,7
BUDNI,1.666667,0.516398,2.0,2.0,2.0,10.0,6
BUDORA,1.0,0.0,1.0,1.0,1.0,2.0,2
BUDVEL,1.0,0.0,1.0,1.0,1.0,31.0,31
BUGGANAPALLI,1.071429,0.267261,1.0,1.35,1.87,15.0,14
BUGIA,1.0,0.0,1.0,1.0,1.0,5.0,5
BUGLANWALI,1.0,0.0,1.0,1.0,1.0,7.0,7
BULANDSHAHR,2.916667,1.975225,2.0,5.0,5.0,35.0,12
BULBULCHANDI,1.0,0.0,1.0,1.0,1.0,2.0,2
BULLUANA,1.666667,0.492366,2.0,2.0,2.0,20.0,12
BUNDI,2.25,1.125463,2.0,5.0,5.0,36.0,16
BUNDKI,1.666667,0.516398,2.0,2.0,2.0,10.0,6
BUNIYADPUR,4.0,2.108185,5.0,5.0,5.0,40.0,10
BURAMARA,1.0,0.0,1.0,1.0,1.0,4.0,4
BURGULA HALT,1.0,0.0,1.0,1.0,1.0,6.0,6
BURHA PANKA,1.0,0.0,1.0,1.0,1.0,6.0,6
BURHANPUR,1.923077,0.588989,2.0,2.0,3.98,100.0,52
BURHAR,2.107143,0.566947,2.0,2.0,4.19,59.0,28
BURHPURA,1.833333,0.408248,2.0,2.0,2.0,11.0,6
BURHWAL JN.,50.433333,261.508447,2.0,5.0,1020.3,1513.0,30
BURMI  HALT,1.0,0.0,1.0,1.0,1.0,4.0,4
BURNPUR,1.435897,0.502356,1.0,2.0,2.0,56.0,39
BUTANA HALT,1.0,0.0,1.0,1.0,1.0,4.0,4
BUTARI,1.8,0.421637,2.0,2.0,2.0,18.0,10
BUTEWALA,1.0,0.0,1.0,1.0,1.0,10.0,10
BUTI BORI JN,1.125,0.353553,1.0,1.65,1.93,9.0,8
BUXAR,2.910891,3.003661,2.0,5.0,15.0,294.0,101
BYADARA HALL,1.0,0.0,1.0,1.0,1.0,10.0,10
BYADGI,1.25,1.0,1.0,2.0,4.4,20.0,16
BYATRAYANHAL,1.0,0.0,1.0,1.0,1.0,20.0,20
BYNDOOR,1.566667,0.626062,2.0,2.0,2.0,47.0,30
BYREE,1.0,0.0,1.0,1.0,1.0,7.0,7
Bolagarh tow,1.0,0.0,1.0,1.0,1.0,4.0,4
CALICUT,4.938596,3.67793,5.0,5.0,10.0,563.0,114
CAMPIERGANJ,1.826087,0.387553,2.0,2.0,2.0,42.0,23
CANACONA,1.5625,0.813941,1.0,2.5,3.7,25.0,16
CANDRABANDA,1.0,0.0,1.0,1.0,1.0,4.0,4
CANNING,0.0,0.0,0.0,0.0,0.0,0.0,58
CANSAULIM,1.0,0.0,1.0,1.0,1.0,5.0,5
CAPPER QUARR,1.0,0.0,1.0,1.0,1.0,6.0,6
CARANZOL,1.0,,1.0,1.0,1.0,1.0,1
CARMELARAM,1.117647,0.332106,1.0,2.0,2.0,19.0,17
CARRON,1.0,0.0,1.0,1.0,1.0,6.0,6
CASTLE ROCK,3.888889,2.541164,5.0,5.75,9.15,70.0,18
CAUVERY,1.0,0.0,1.0,1.0,1.0,10.0,10
CAVALRY BARR,1.0,0.0,1.0,1.0,1.0,36.0,36
CHABUA,2.0,0.0,2.0,2.0,2.0,20.0,10
CHACHER,1.333333,0.492366,1.0,2.0,2.0,16.0,12
CHACHURA BIN,2.0,0.0,2.0,2.0,2.0,26.0,13
CHAF HALT,1.375,0.744024,1.0,2.65,2.93,11.0,8
CHAGALLU,1.055556,0.235702,1.0,1.15,1.83,19.0,18
CHAIBASA,0.9375,0.442531,1.0,1.25,1.85,15.0,16
CHAINPUR,1.5,0.534522,1.5,2.0,2.0,12.0,8
CHAINWA,1.789474,0.418854,2.0,2.0,2.0,34.0,19
CHAJLI,1.642857,0.497245,2.0,2.0,2.0,23.0,14
CHAK BANWALA,1.0,0.0,1.0,1.0,1.0,10.0,10
CHAK PAKHEWA,1.0,0.0,1.0,1.0,1.0,10.0,10
CHAK SIKANDA,1.0,0.0,1.0,1.0,1.0,12.0,12
CHAKAND,1.0,0.0,1.0,1.0,1.0,22.0,22
CHAKARADHARP,5.102564,5.623674,5.0,10.0,25.75,398.0,78
CHAKARBHATHA,1.142857,0.363137,1.0,2.0,2.0,16.0,14
CHAKARIAPALL,1.0,0.0,1.0,1.0,1.0,4.0,4
CHAKDAHA,1.0,0.0,1.0,1.0,1.0,133.0,133
CHAKDAYALA,1.0,0.0,1.0,1.0,1.0,10.0,10
CHAKERI,1.0,0.0,1.0,1.0,1.0,5.0,5
CHAKIA,2.0,0.0,2.0,2.0,2.0,72.0,36
CHAKITING,2.0,0.0,2.0,2.0,2.0,4.0,2
CHAKKALI LAI,1.0,0.0,1.0,1.0,1.0,10.0,10
CHAKMAKRAND,1.0,0.0,1.0,1.0,1.0,12.0,12
CHAKRA ROAD,1.0,0.0,1.0,1.0,1.0,6.0,6
CHAKRAJ MAL,1.333333,0.516398,1.0,2.0,2.0,8.0,6
CHAKRAKWALA,1.666667,0.57735,2.0,2.0,2.0,5.0,3
CHAKROD,1.0,0.0,1.0,1.0,1.0,4.0,4
CHAKSAFAURA,1.0,0.0,1.0,1.0,1.0,8.0,8
CHAKSU,1.0,0.0,1.0,1.0,1.0,2.0,2
CHAKULIA,1.352941,0.597081,1.0,2.0,2.0,46.0,34
CHAKUR,1.0,0.0,1.0,1.0,1.0,4.0,4
CHALAKUDI,1.021277,0.145865,1.0,1.0,1.54,48.0,47
CHALALA,1.0,0.0,1.0,1.0,1.0,6.0,6
CHALAMA,1.0,0.0,1.0,1.0,1.0,8.0,8
CHALGERI,1.0,0.0,1.0,1.0,1.0,12.0,12
CHALISGAON J,1.9375,1.118629,2.0,4.3,5.0,93.0,48
CHALKHOWA,2.0,0.0,2.0,2.0,2.0,8.0,4
CHALLAKERE,1.0,0.0,1.0,1.0,1.0,6.0,6
CHALLAVARIPA,1.0,0.0,1.0,1.0,1.0,2.0,2
CHALSA,1.0,0.0,1.0,1.0,1.0,8.0,8
CHALTHAN,1.714286,0.48795,2.0,2.0,2.0,12.0,7
CHAMAGRAM,1.0,0.0,1.0,1.0,1.0,8.0,8
CHAMARAJ,1.25,0.5,1.0,1.85,1.97,5.0,4
CHAMARAJAPUR,1.083333,0.288675,1.0,1.45,1.89,13.0,12
CHAMARDIGHI,1.0,0.0,1.0,1.0,1.0,12.0,12
CHAMPA JN.,3.694444,1.700364,5.0,5.0,7.16,266.0,72
CHAMPAHATI,0.983333,0.129099,1.0,1.0,1.0,59.0,60
CHAMPAJHARAN,1.0,0.0,1.0,1.0,1.0,2.0,2
CHAMPANER RO,1.1,0.316228,1.0,1.55,1.91,11.0,10
CHAMPAPUKUR,1.022727,0.150756,1.0,1.0,1.57,45.0,44
CHAMPION,1.0,0.0,1.0,1.0,1.0,22.0,22
CHAMRAJANAGA,0.0,0.0,0.0,0.0,0.0,0.0,10
CHAMROLA,1.0,0.0,1.0,1.0,1.0,6.0,6
CHAMRUA,2.0,0.0,2.0,2.0,2.0,4.0,2
CHAMUA F,2.0,0.0,2.0,2.0,2.0,18.0,9
CHAMUNDA MAR,1.0,0.0,1.0,1.0,1.0,11.0,11
CHANAKYAPURI,1.0,0.0,1.0,1.0,1.0,10.0,10
CHANASMA JN.,1.0,0.0,1.0,1.0,1.0,4.0,4
CHANCHAI,1.0,0.0,1.0,1.0,1.0,36.0,36
CHANCHELAV,1.0,0.0,1.0,1.0,1.0,8.0,8
CHAND BHAN,1.357143,0.497245,1.0,2.0,2.0,19.0,14
CHAND KHIRA,1.0,0.0,1.0,1.0,1.0,4.0,4
CHANDAFORT,10.583333,20.8739,3.5,46.6,67.72,127.0,12
CHANDAGIRI K,1.0,0.0,1.0,1.0,1.0,7.0,7
CHANDAN,1.0,0.0,1.0,1.0,1.0,2.0,2
CHANDAN NAGA,1.040462,0.249613,1.0,1.0,2.28,180.0,173
CHANDANAGAR,1.0,0.0,1.0,1.0,1.0,108.0,108
CHANDANATTOP,1.0,0.0,1.0,1.0,1.0,10.0,10
CHANDANPAHAR,1.0,0.0,1.0,1.0,1.0,6.0,6
CHANDANPUR,67.703125,237.641365,1.0,693.05,1004.16,4333.0,64
CHANDAR,1.0,0.0,1.0,1.0,1.0,6.0,6
CHANDARI,1.0,0.0,1.0,1.0,1.0,5.0,5
CHANDAULI MA,1.1875,0.403113,1.0,2.0,2.0,19.0,16
CHANDAUNA HA,1.0,0.0,1.0,1.0,1.0,2.0,2
CHANDAUSI JN,80.285714,298.560799,5.0,250.0,1389.75,3372.0,42
CHANDAWAL,1.0,0.0,1.0,1.0,1.0,4.0,4
CHANDER NAGA,1.0,0.0,1.0,1.0,1.0,41.0,41
CHANDERA HAL,1.0,0.0,1.0,1.0,1.0,4.0,4
CHANDERIYA J,3.941176,6.823403,2.0,11.6,26.32,67.0,17
CHANDI MANDI,1.6,0.516398,2.0,2.0,2.0,16.0,10
CHANDIA ROAD,1.666667,0.685994,2.0,2.0,2.0,30.0,18
CHANDIGARH,42.0,199.469836,1.0,48.75,1025.25,2772.0,66
CHANDIL JN.,2.540541,1.215515,2.0,5.0,5.0,94.0,37
CHANDIPOSHI,1.0,0.0,1.0,1.0,1.0,2.0,2
CHANDISAR,2.0,0.0,2.0,2.0,2.0,8.0,4
CHANDKHEDA R,1.0,0.0,1.0,1.0,1.0,6.0,6
CHANDLODIYA,1.947368,0.229416,2.0,2.0,2.0,37.0,19
CHANDLODIYA(,2.0,0.0,2.0,2.0,2.0,16.0,8
CHANDNI,1.25,0.5,1.0,1.85,1.97,5.0,4
CHANDOK,1.75,0.452267,2.0,2.0,2.0,21.0,12
CHANDPARA,1.030769,0.174036,1.0,1.0,2.0,67.0,65
CHANDPUR SIA,2.75,1.356801,2.0,5.0,5.0,33.0,12
CHANDRAGIRI,1.5,1.286019,1.0,4.35,4.87,21.0,14
CHANDRAKONA,1.333333,0.479463,1.0,2.0,2.0,40.0,30
CHANDRANATHP,1.0,0.0,1.0,1.0,1.0,2.0,2
CHANDRAPUR (,2.182927,0.833378,2.0,3.0,3.0,179.0,82
CHANDRAPURA,2.232143,1.04431,2.0,5.0,5.0,125.0,56
CHANDRESAL,1.0,0.0,1.0,1.0,1.0,3.0,3
CHANDSARA HA,1.166667,0.408248,1.0,1.75,1.95,7.0,6
CHANDUR,3.111111,6.729119,2.0,6.2,25.24,56.0,18
CHANDUR BAZA,2.2,1.135292,2.0,4.1,4.82,22.0,10
CHANERA,2.0,0.0,2.0,2.0,2.0,28.0,14
CHANGANACHER,1.320755,0.995636,1.0,2.0,6.0,70.0,53
CHANGRABANDH,10.0,0.0,10.0,10.0,10.0,20.0,2
CHANGSARI,1.142857,0.363137,1.0,2.0,2.0,16.0,14
CHANNA PATNA,1.064516,0.442379,1.0,2.0,2.0,33.0,31
CHANNANI,1.0,0.0,1.0,1.0,1.0,2.0,2
CHANNASANDRA,1.25,0.5,1.0,1.85,1.97,5.0,4
CHANOL,1.5,0.57735,1.5,2.0,2.0,6.0,4
CHANPATIA,2.0,0.0,2.0,2.0,2.0,44.0,22
CHAPAGURI,1.0,0.0,1.0,1.0,1.0,4.0,4
CHAPARMUKH J,3.02439,1.440274,2.0,5.0,5.0,124.0,41
CHAPPI,1.9,0.316228,2.0,2.0,2.0,19.0,10
CHAPRAKATA,1.0,0.0,1.0,1.0,1.0,8.0,8
CHAPRAWAT HA,1.0,0.0,1.0,1.0,1.0,8.0,8
CHAR BATIA,1.0,0.0,1.0,1.0,1.0,6.0,6
CHARALI,1.75,0.5,2.0,2.0,2.0,7.0,4
CHARAMULA KU,1.5,0.57735,1.5,2.0,2.0,6.0,4
CHARAUD,1.1,0.316228,1.0,1.55,1.91,11.0,10
CHARBHUJA RO,1.5,0.57735,1.5,2.0,2.0,6.0,4
CHARDUAR,1.0,0.0,1.0,1.0,1.0,2.0,2
CHAREWAN HAL,1.0,0.0,1.0,1.0,1.0,9.0,9
CHARGOLA,1.0,0.0,1.0,1.0,1.0,10.0,10
CHARHI,1.0,0.0,1.0,1.0,1.0,4.0,4
CHARKEDA KHU,1.75,0.5,2.0,2.0,2.0,7.0,4
CHARKHARI RO,1.25,0.5,1.0,1.85,1.97,5.0,4
CHARKHEDA,1.5,0.57735,1.5,2.0,2.0,6.0,4
CHARKHI DADR,1.95,0.223607,2.0,2.0,2.0,39.0,20
CHARLAPALLI,1.172414,0.384426,1.0,2.0,2.0,34.0,29
CHARMAL,2.0,0.0,2.0,2.0,2.0,4.0,2
CHARPOKHARI,1.0,0.0,1.0,1.0,1.0,8.0,8
CHARTRAPUR C,1.0,0.0,1.0,1.0,1.0,10.0,10
CHAS ROAD PH,1.0,0.0,1.0,1.0,1.0,14.0,14
CHATA,1.55,0.510418,2.0,2.0,2.0,31.0,20
CHATAUD,1.0,0.0,1.0,1.0,1.0,6.0,6
CHATENI,2.0,0.0,2.0,2.0,2.0,8.0,4
CHATRA,1.0,0.0,1.0,1.0,1.0,19.0,19
CHATRAPPATTI,1.0,0.0,1.0,1.0,1.0,6.0,6
CHATRAPUR,1.816327,0.634871,2.0,2.0,3.56,89.0,49
CHATTAR HAT,1.0,0.0,1.0,1.0,1.0,2.0,2
CHAU MAHLA,1.85,0.875094,2.0,2.15,4.43,37.0,20
CHAUBE,1.5,0.547723,1.5,2.0,2.0,9.0,6
CHAUBEPUR,1.428571,0.534522,1.0,2.0,2.0,10.0,7
CHAUBISI,1.0,0.0,1.0,1.0,1.0,6.0,6
CHAUDHURIBAN,1.5,0.57735,1.5,2.0,2.0,6.0,4
CHAUHANI,2.0,0.0,2.0,2.0,2.0,4.0,2
CHAUK,1.5,0.707107,1.5,1.95,1.99,3.0,2
CHAUKHANDI,1.111111,0.333333,1.0,1.6,1.92,10.0,9
CHAUKI MAN,1.3,0.483046,1.0,2.0,2.0,13.0,10
CHAUNRAH,2.0,0.0,2.0,2.0,2.0,8.0,4
CHAUNTRA BHA,1.25,0.5,1.0,1.85,1.97,5.0,4
CHAUPALE,1.5,0.707107,1.5,1.95,1.99,3.0,2
CHAURA BH,1.222222,0.427793,1.0,2.0,2.0,22.0,18
CHAURADANO,2.0,0.0,2.0,2.0,2.0,16.0,8
CHAURAKHERI,1.0,0.0,1.0,1.0,1.0,3.0,3
CHAURE BAZAR,1.0,0.0,1.0,1.0,1.0,4.0,4
CHAURI CHAUR,1.904762,0.436436,2.0,2.0,2.8,40.0,21
CHAUSA,1.636364,0.726731,2.0,2.0,3.58,36.0,22
CHAUTARA,1.0,0.0,1.0,1.0,1.0,8.0,8
CHAVADIPALAY,1.0,0.0,1.0,1.0,1.0,6.0,6
CHAVAJ (BLOC,1.1,0.316228,1.0,1.55,1.91,11.0,10
CHAVALKHEDE,2.25,0.5,2.0,2.85,2.97,9.0,4
CHAWAPAIL,1.285714,0.48795,1.0,2.0,2.0,9.0,7
CHAYGAON,1.0,0.0,1.0,1.0,1.0,8.0,8
CHEBROL,1.166667,0.57735,1.0,1.9,2.78,14.0,12
CHEDHABANNI,1.0,0.0,1.0,1.0,1.0,8.0,8
CHEEKATEEGAL,1.0,0.0,1.0,1.0,1.0,10.0,10
CHEGRO,1.0,0.0,1.0,1.0,1.0,4.0,4
CHEGUNTA,1.0,0.0,1.0,1.0,1.0,4.0,4
CHEMANCHERI,1.0,0.0,1.0,1.0,1.0,8.0,8
CHEMBUR,547.5,2.12132,547.5,548.85,548.97,1095.0,2
CHENGALPATTU,1.46063,3.421108,0.0,5.0,10.0,371.0,254
CHENGANNUR,2.342593,1.103622,2.0,5.0,5.0,253.0,108
CHENGEL,1.019417,0.197066,1.0,1.0,1.0,105.0,103
CHENNAI BEAC,3.271003,54.158366,0.0,5.0,11.89,2414.0,738
CHENNAI CENT,27.083333,132.938333,0.0,30.0,634.3,5200.0,192
CHENNAI CHET,1.0,0.0,1.0,1.0,1.0,169.0,169
CHENNAI EGMO,8.92233,65.618143,1.0,20.0,196.0,2757.0,309
CHENNAI FORT,1.0,0.0,1.0,1.0,1.0,169.0,169
CHENNAI PARK,1.0,0.0,1.0,1.0,1.0,169.0,169
CHENNRAYAPAT,1.0,0.0,1.0,1.0,1.0,8.0,8
CHEPPAD,1.0,0.0,1.0,1.0,1.0,10.0,10
CHERAGRAM BH,1.0,0.0,1.0,1.0,1.0,7.0,7
CHERANMAHADE,1.0,0.0,1.0,1.0,1.0,8.0,8
CHERIYANAD,1.0,0.0,1.0,1.0,1.0,16.0,16
CHERUKARA HA,1.0,0.0,1.0,1.0,1.0,14.0,14
CHERUKUVADA,1.0,0.0,1.0,1.0,1.0,6.0,6
CHERUVU MADH,1.0,0.0,1.0,1.0,1.0,6.0,6
CHERVATTUR,1.391304,0.656376,1.0,2.0,2.0,32.0,23
CHETAR,1.0,0.0,1.0,1.0,1.0,8.0,8
CHETTINAD,1.071429,0.267261,1.0,1.35,1.87,15.0,14
CHETTIYAPATT,1.0,0.0,1.0,1.0,1.0,2.0,2
CHHABRAGUGOR,2.363636,1.361817,2.0,5.0,5.0,26.0,11
CHHADA,1.5,0.534522,1.5,2.0,2.0,12.0,8
CHHAJAWA,1.75,0.5,2.0,2.0,2.0,7.0,4
CHHALESAR,1.0,0.0,1.0,1.0,1.0,6.0,6
CHHAN ARORIA,1.5,0.534522,1.5,2.0,2.0,12.0,8
CHHANDRAULI,1.0,0.0,1.0,1.0,1.0,6.0,6
CHHANSARA,2.0,0.0,2.0,2.0,2.0,4.0,2
CHHANUA,1.0,0.0,1.0,1.0,1.0,2.0,2
CHHAPRA JN.,26.012903,124.867982,10.0,20.0,602.1,4032.0,155
CHHAPRA KACH,1.444444,0.855585,2.0,2.0,2.0,26.0,18
CHHARODI,2.0,0.0,2.0,2.0,2.0,14.0,7
CHHARRA,1.0,0.0,1.0,1.0,1.0,24.0,24
CHHATA-ASCHA,1.0,0.0,1.0,1.0,1.0,6.0,6
CHHATARIPUT,1.0,0.0,1.0,1.0,1.0,2.0,2
CHHATNA,1.111111,0.320256,1.0,2.0,2.0,30.0,27
CHHATRAPATI,93.714286,318.256609,0.0,926.5,1256.7,3280.0,35
CHHAYAPURI,1.0,0.0,1.0,1.0,1.0,7.0,7
CHHEHARTA,1.5,0.57735,1.5,2.0,2.0,6.0,4
CHHEOKI,6.654545,7.321248,5.0,28.6,30.0,366.0,55
CHHINA,1.833333,0.389249,2.0,2.0,2.0,22.0,12
CHHINTANWALA,1.666667,0.516398,2.0,2.0,2.0,10.0,6
CHHINWARA JN,120.5,254.104637,0.0,603.75,612.75,1205.0,10
CHHIPADOHAR,1.416667,0.514929,1.0,2.0,2.0,17.0,12
CHHIT MAKAND,1.0,0.0,1.0,1.0,1.0,10.0,10
CHHOTA AMBAN,1.0,0.0,1.0,1.0,1.0,16.0,16
CHHOTA UDEPU,0.0,0.0,0.0,0.0,0.0,0.0,8
CHHOTAKI MAS,1.0,,1.0,1.0,1.0,1.0,1
CHHOTI KHATU,1.8125,0.403113,2.0,2.0,2.0,29.0,16
CHHOTI ODAI,1.0,0.0,1.0,1.0,1.0,8.0,8
CHHUCHHAPURA,1.0,0.0,1.0,1.0,1.0,8.0,8
CHHULHA,1.9,0.316228,2.0,2.0,2.0,19.0,10
CHIANKI,1.166667,0.389249,1.0,2.0,2.0,14.0,12
CHICHAKI,1.666667,0.516398,2.0,2.0,2.0,10.0,6
CHICHOLI,1.0,0.0,1.0,1.0,1.0,8.0,8
CHICHOLIBUZU,1.0,0.0,1.0,1.0,1.0,8.0,8
CHICHONDA,1.25,0.5,1.0,1.85,1.97,5.0,4
CHIDAMBARAM,1.657143,0.764771,2.0,2.0,3.98,58.0,35
CHIGICHERIA,1.5,1.414214,1.0,3.6,4.72,12.0,8
CHIHERU,1.416667,0.514929,1.0,2.0,2.0,17.0,12
CHIKALTHAN,1.0,0.0,1.0,1.0,1.0,15.0,15
CHIKASANA,1.0,0.0,1.0,1.0,1.0,12.0,12
CHIKBALLAPUR,1.75,0.5,2.0,2.0,2.0,7.0,4
CHIKBANAVAR,1.066667,0.253708,1.0,1.55,2.0,32.0,30
CHIKHLI,1.0,0.0,1.0,1.0,1.0,2.0,2
CHIKJAJUR JN,1.942857,3.514197,1.0,5.0,14.9,68.0,35
CHIKKADAVADI,1.0,,1.0,1.0,1.0,1.0,1
CHIKMAGALURU,536.25,539.310903,430.0,1161.25,1260.25,2145.0,4
CHIKNI ROAD,1.0,0.0,1.0,1.0,1.0,4.0,4
CHIKODI ROAD,2.0,2.860388,1.0,6.05,10.01,24.0,12
CHIKSUGUR,1.0,0.0,1.0,1.0,1.0,4.0,4
CHILAKALPUDI,1.0,0.0,1.0,1.0,1.0,22.0,22
CHILBILA JN,1.0,0.0,1.0,1.0,1.0,18.0,18
CHILHIA,1.916667,0.288675,2.0,2.0,2.0,23.0,12
CHILIKDARA,1.0,0.0,1.0,1.0,1.0,4.0,4
CHILKA,1.294118,0.469668,1.0,2.0,2.0,22.0,17
CHILKAHAR,2.0,0.0,2.0,2.0,2.0,18.0,9
CHILO,1.0,0.0,1.0,1.0,1.0,4.0,4
CHILUVUR,1.0,0.0,1.0,1.0,1.0,15.0,15
CHIMALPAHAD,1.0,0.0,1.0,1.0,1.0,12.0,12
CHIMIDIPALLI,1.0,0.0,1.0,1.0,1.0,2.0,2
CHINCHLI,1.142857,0.363137,1.0,2.0,2.0,16.0,14
CHINCHPADA,3.0,3.109126,2.0,7.6,9.52,21.0,7
CHINCHVAD,1.171875,0.380254,1.0,2.0,2.0,75.0,64
CHINGAVANAM,1.0,0.0,1.0,1.0,1.0,10.0,10
CHINNADAGUDI,1.0,0.0,1.0,1.0,1.0,8.0,8
CHINNAGANJAM,1.0,0.0,1.0,1.0,1.0,24.0,24
CHINNARAVURU,1.0,0.0,1.0,1.0,1.0,14.0,14
CHINNASALEM,1.5,0.522233,1.5,2.0,2.0,18.0,12
CHINNE KUNTA,1.25,0.5,1.0,1.85,1.97,5.0,4
CHINNNABABU,1.25,0.866025,1.0,2.35,3.67,15.0,12
CHINPAI,1.0,0.0,1.0,1.0,1.0,12.0,12
CHINTA KANI,1.0,0.0,1.0,1.0,1.0,8.0,8
CHINTA PARRU,1.0,0.0,1.0,1.0,1.0,5.0,5
CHINTAMANI,1.25,0.5,1.0,1.85,1.97,5.0,4
CHIPLUN,2.745455,2.05677,2.0,6.5,10.0,151.0,55
CHIPURUPALLE,1.75,0.442326,2.0,2.0,2.0,42.0,24
CHIRAI,2.0,0.0,2.0,2.0,2.0,4.0,2
CHIRAILLA PA,1.0,0.0,1.0,1.0,1.0,10.0,10
CHIRAKKAL HA,1.0,0.0,1.0,1.0,1.0,6.0,6
CHIRALA,1.37234,0.486021,1.0,2.0,2.0,129.0,94
CHIRAWA,1.625,0.517549,2.0,2.0,2.0,13.0,8
CHIRAYINKIL,1.0,0.0,1.0,1.0,1.0,22.0,22
CHIRGAON,2.0,0.0,2.0,2.0,2.0,28.0,14
CHIRMIRI,0.0,0.0,0.0,0.0,0.0,0.0,10
CHIT BARAGAO,1.583333,0.514929,2.0,2.0,2.0,19.0,12
CHITAHARA,1.5,0.547723,1.5,2.0,2.0,9.0,6
CHITAL,1.0,0.0,1.0,1.0,1.0,4.0,4
CHITALI,1.666667,0.516398,2.0,2.0,2.0,10.0,6
CHITGIDDA,1.0,0.0,1.0,1.0,1.0,16.0,16
CHITHARI HAL,1.5,0.57735,1.5,2.0,2.0,6.0,4
CHITODA,1.0,,1.0,1.0,1.0,1.0,1
CHITRADURG,1.214286,0.892582,1.5,2.0,2.0,17.0,14
CHITRAKUTDHA,2.380952,1.359272,2.0,5.0,5.0,50.0,21
CHITRAPUR (H,1.0,0.0,1.0,1.0,1.0,4.0,4
CHITRASANI,1.0,0.0,1.0,1.0,1.0,6.0,6
CHITRAWAD,1.0,0.0,1.0,1.0,1.0,6.0,6
CHITROD,2.0,0.0,2.0,2.0,2.0,8.0,4
CHITTA HALT,1.0,0.0,1.0,1.0,1.0,2.0,2
CHITTAPUR,1.25,0.762001,1.0,2.0,4.07,40.0,32
CHITTARANJAN,1.733333,0.746528,2.0,2.55,4.22,156.0,90
CHITTAURGARH,104.046154,339.017765,20.0,1143.0,1426.8,6763.0,65
CHITTERI,1.181818,0.40452,1.0,2.0,2.0,13.0,11
CHITTOOR,1.5,0.57462,2.0,2.0,2.0,81.0,54
CHITYALA,1.0,0.0,1.0,1.0,1.0,11.0,11
CHODIALA,1.7,0.483046,2.0,2.0,2.0,17.0,10
CHOKI SORATH,1.0,0.0,1.0,1.0,1.0,4.0,4
CHOLA,1.142857,0.358569,1.0,2.0,2.0,24.0,21
CHOLANG,1.666667,0.516398,2.0,2.0,2.0,10.0,6
CHONDI,1.0,0.0,1.0,1.0,1.0,6.0,6
CHONGAJAN,1.5,0.57735,1.5,2.0,2.0,6.0,4
CHOPAN,11.081081,10.745486,10.0,30.0,30.0,410.0,37
CHORAL,1.875,0.353553,2.0,2.0,2.0,15.0,8
CHORGHAT PIP,1.0,0.0,1.0,1.0,1.0,5.0,5
CHORGI H,1.0,0.0,1.0,1.0,1.0,5.0,5
CHORVAD,1.0,0.0,1.0,1.0,1.0,11.0,11
CHOTIPADOLI,1.0,,1.0,1.0,1.0,1.0,1
CHOUTH-KA-BA,1.7,0.483046,2.0,2.0,2.0,17.0,10
CHOVVARA,1.0,0.0,1.0,1.0,1.0,12.0,12
CHOWKA GHAT,2.0,0.0,2.0,2.0,2.0,16.0,8
CHOWRIGACHA,1.0,0.0,1.0,1.0,1.0,26.0,26
CHROMEPET,1.0,0.0,1.0,1.0,1.0,168.0,168
CHUCHELA KAL,1.0,0.0,1.0,1.0,1.0,6.0,6
CHUCHURA,1.017544,0.170594,1.0,1.0,1.3,174.0,171
CHUDA,1.0,0.0,1.0,1.0,1.0,12.0,12
CHUDAWA,1.0,0.0,1.0,1.0,1.0,16.0,16
CHUNAR JN.,49.35,210.964397,2.0,51.75,937.3,1974.0,40
CHURAIBARI,1.25,0.5,1.0,1.85,1.97,5.0,4
CHURARU TAKA,1.375,0.517549,1.0,2.0,2.0,11.0,8
CHURCHGATE,179.076923,385.877023,0.0,982.0,1140.4,2328.0,13
CHUREB,2.0,0.0,2.0,2.0,2.0,12.0,6
CHURIWALA,2.0,0.0,2.0,2.0,2.0,8.0,4
CHURK,2.0,0.0,2.0,2.0,2.0,24.0,12
CHURKI,1.25,0.5,1.0,1.85,1.97,5.0,4
CHURU,7.722222,4.123876,10.0,10.0,14.55,278.0,36
CINNAMARA,2.0,0.0,2.0,2.0,2.0,12.0,6
CINTALPALLI,1.0,0.0,1.0,1.0,1.0,12.0,12
CLUTTERBUCKG,1.833333,0.408248,2.0,2.0,2.0,11.0,6
COIMBATORE,20.462366,119.582703,3.0,5.0,828.5,3806.0,186
COIMBATORE N,1.086957,0.288104,1.0,1.9,2.0,25.0,23
COLONELGANJ,2.0,0.0,2.0,2.0,2.0,48.0,24
COOCH BEHAR,1.0,0.0,1.0,1.0,1.0,8.0,8
COONOOR,2.5,4.6291,0.0,10.0,10.0,20.0,8
COOPERS HALT,1.0,0.0,1.0,1.0,1.0,11.0,11
COROMANDEL,1.0,0.0,1.0,1.0,1.0,22.0,22
COSSIMBAZAR,1.0,0.0,1.0,1.0,1.0,27.0,27
CST-MUMBAI,761.793574,409.09552,775.0,1352.0,1423.0,782362.0,1027
CUDDALORE PO,1.714286,2.386026,1.0,7.2,10.0,48.0,28
CUDDAPAH,1.824561,1.103935,2.0,2.2,5.88,104.0,57
CUMBUM,1.055556,0.235702,1.0,1.15,1.83,19.0,18
CUTTACK JN.,7.925926,47.057059,5.0,5.0,25.6,1498.0,189
D Samudraval,1.0,0.0,1.0,1.0,1.0,2.0,2
D.A.V. COLLE,1.333333,0.492366,1.0,2.0,2.0,16.0,12
D.A.V.COLLEG,1.0,0.0,1.0,1.0,1.0,10.0,10
DABHAURA,1.933333,0.258199,2.0,2.0,2.0,29.0,15
DABHOI JN.,1.0,0.0,1.0,1.0,1.0,8.0,8
DABILPUR HAL,1.0,0.0,1.0,1.0,1.0,18.0,18
DABIR PURA,1.0,0.0,1.0,1.0,1.0,101.0,101
DABLA,1.0,0.0,1.0,1.0,1.0,6.0,6
DABLI RATHAN,2.0,0.0,2.0,2.0,2.0,12.0,6
DABOLIM H,1.166667,0.408248,1.0,1.75,1.95,7.0,6
DABPAL,1.0,0.0,1.0,1.0,1.0,2.0,2
DABRA,1.886364,0.321038,2.0,2.0,2.0,83.0,44
DABTARA,2.428571,1.08941,2.0,5.0,5.0,34.0,14
DADAR,104.752508,318.830866,1.0,1078.3,1307.48,62642.0,598
DADHAL INAM,1.0,0.0,1.0,1.0,1.0,2.0,2
DADHAPARA,1.153846,0.375534,1.0,2.0,2.0,15.0,13
DADHDEVI,1.333333,0.5,1.0,2.0,2.0,12.0,9
DADPUR BH,1.25,0.447214,1.0,2.0,2.0,20.0,16
DADRI,1.291667,1.232853,1.0,1.85,5.85,31.0,24
DAGARKHEDI,1.75,0.5,2.0,2.0,2.0,7.0,4
DAGHORA,1.625,0.517549,2.0,2.0,2.0,13.0,8
DAGMAGPUR,1.125,0.353553,1.0,1.65,1.93,9.0,8
DAGORI,1.230769,0.438529,1.0,2.0,2.0,16.0,13
DAGRU,1.5,0.527046,1.5,2.0,2.0,15.0,10
DAHANU ROAD,36.93617,144.203173,1.0,417.2,652.15,3472.0,94
DAHEGAON,1.166667,0.408248,1.0,1.75,1.95,7.0,6
DAHEJ,0.0,0.0,0.0,0.0,0.0,0.0,2
DAHGAON,1.0,0.0,1.0,1.0,1.0,2.0,2
DAHINA-ZAINA,1.4375,0.512348,1.0,2.0,2.0,23.0,16
DAHINSARA,3.0,2.828427,3.0,4.8,4.96,6.0,2
DAHOD,1.636364,0.74559,2.0,2.0,2.0,144.0,88
DAILWARA,2.0,0.0,2.0,2.0,2.0,12.0,6
DAINHAT,1.0,0.0,1.0,1.0,1.0,40.0,40
DAKANIYA TAL,2.05,1.099043,2.0,5.0,5.0,41.0,20
DAKHINESWAR,1.109375,0.314576,1.0,2.0,2.0,71.0,64
DAKOR,0.769231,0.599145,1.0,1.4,1.88,10.0,13
DAKSHIN BARA,1.0,0.0,1.0,1.0,1.0,56.0,56
DAKSHIN DURG,1.0,0.0,1.0,1.0,1.0,56.0,56
DAKSHINBARI,1.0,0.0,1.0,1.0,1.0,6.0,6
DAL CHAPRA F,1.0,0.0,1.0,1.0,1.0,6.0,6
DALADI,1.5,0.534522,1.5,2.0,2.0,12.0,8
DALAJI-KA-KH,1.0,0.0,1.0,1.0,1.0,4.0,4
DALAN,1.066667,0.258199,1.0,1.3,1.86,16.0,15
DALAUDA,1.111111,0.333333,1.0,1.6,1.92,10.0,9
DALBHUMGARH,1.15,0.366348,1.0,2.0,2.0,23.0,20
DALDALI,2.0,0.0,2.0,2.0,2.0,4.0,2
DALELNAGAR,1.4,0.516398,1.0,2.0,2.0,14.0,10
DALGAON,1.5,0.512989,1.5,2.0,2.0,30.0,20
DALHOUSI ROA,1.857143,0.363137,2.0,2.0,2.0,26.0,14
DALIGANJ JN,1.0,0.707107,1.0,2.0,2.0,9.0,9
DALIMGAON,1.0,0.0,1.0,1.0,1.0,8.0,8
DALKOLHA,2.04878,0.312348,2.0,2.0,3.2,84.0,41
DALLI-RAJHAR,1.25,2.31455,0.0,5.0,5.0,10.0,8
DALMAU JN.,2.0,0.960769,2.0,3.05,4.61,28.0,14
DALPAT SINGH,1.4,0.547723,1.0,2.0,2.0,7.0,5
DALPATPUR,1.833333,0.408248,2.0,2.0,2.0,11.0,6
DALSANUR,1.0,0.0,1.0,1.0,1.0,4.0,4
DALSINGH SAR,1.666667,0.476731,2.0,2.0,2.0,75.0,45
DALTONGANJ,4.325,1.268706,5.0,5.0,5.0,173.0,40
DAM DIM,1.0,0.0,1.0,1.0,1.0,8.0,8
DAMALACHERUV,1.0,0.0,1.0,1.0,1.0,4.0,4
DAMAN JODI,2.0,0.0,2.0,2.0,2.0,24.0,12
DAMAY,1.75,0.5,2.0,2.0,2.0,7.0,4
DAMCHARA,1.0,0.0,1.0,1.0,1.0,2.0,2
DAMNAGAR,1.0,0.0,1.0,1.0,1.0,4.0,4
DAMODAR JN.,1.0,0.0,1.0,1.0,1.0,19.0,19
DAMOH,2.352941,1.218816,2.0,5.0,5.0,160.0,68
DAMRUGHUTU,1.0,0.0,1.0,1.0,1.0,4.0,4
DANAPUR,23.921739,135.682495,2.0,10.0,729.9,2751.0,115
DANAULI PHUL,1.142857,0.363137,1.0,2.0,2.0,16.0,14
DANDHERA,1.7,0.483046,2.0,2.0,2.0,17.0,10
DANDI MAL,1.0,0.0,1.0,1.0,1.0,6.0,6
DANDKHORA,1.0,0.0,1.0,1.0,1.0,10.0,10
DANDU GOPALA,1.0,0.0,1.0,1.0,1.0,6.0,6
DANDUPUR,1.166667,0.389249,1.0,2.0,2.0,14.0,12
DANEA,1.333333,0.516398,1.0,2.0,2.0,8.0,6
DANGARI,0.0,0.0,0.0,0.0,0.0,0.0,2
DANGARWA,1.416667,0.514929,1.0,2.0,2.0,17.0,12
DANGIDAHAR,1.666667,0.516398,2.0,2.0,2.0,10.0,6
DANGOAPOSI,8.0,9.223159,5.0,30.0,30.0,128.0,16
DANGTAL,1.0,0.0,1.0,1.0,1.0,6.0,6
DANISHPET,1.125,0.353553,1.0,1.65,1.93,9.0,8
DANIYAWAN BA,1.75,0.452267,2.0,2.0,2.0,21.0,12
DANIYAWAN FL,2.0,0.0,2.0,2.0,2.0,12.0,6
DANKAUR,0.863636,0.467563,1.0,1.0,1.79,19.0,22
DANKUNI JN.,5.20354,48.388524,1.0,1.0,2.0,588.0,113
DANSI PH,1.0,0.0,1.0,1.0,1.0,6.0,6
DANTAN,1.157895,0.374634,1.0,2.0,2.0,22.0,19
DANTE WARA,1.5,0.57735,1.5,2.0,2.0,6.0,4
DANTIA,1.0,0.0,1.0,1.0,1.0,6.0,6
DANTRA,1.0,0.0,1.0,1.0,1.0,2.0,2
DANWAR,1.0,0.0,1.0,1.0,1.0,14.0,14
DAOTUHAJA,5.0,0.0,5.0,5.0,5.0,10.0,2
DAPODI,1.041667,0.201941,1.0,1.0,2.0,50.0,48
DAPPER,1.6,0.516398,2.0,2.0,2.0,16.0,10
DAPSAURA,1.5,0.707107,1.5,1.95,1.99,3.0,2
DARA,1.642857,0.497245,2.0,2.0,2.0,23.0,14
DARAGANJ,1.777778,0.440959,2.0,2.0,2.0,16.0,9
DARASURAM,1.0,0.0,1.0,1.0,1.0,12.0,12
DARAULI,1.25,0.452267,1.0,2.0,2.0,15.0,12
DARAZPUR,1.133333,0.351866,1.0,2.0,2.0,17.0,15
DARBHANGA JN,9.673913,41.917006,5.0,10.0,45.55,890.0,92
DAREKASA,1.230769,0.438529,1.0,2.0,2.0,16.0,13
DARIMETA,1.5,0.707107,1.5,1.95,1.99,3.0,2
DARIYAGANJ,2.0,0.0,2.0,2.0,2.0,4.0,2
DARJEELING,0.0,0.0,0.0,0.0,0.0,0.0,24
DARLIPUT,1.0,0.0,1.0,1.0,1.0,2.0,2
DAROJI,1.1,0.316228,1.0,1.55,1.91,11.0,10
DARRITOLA,2.0,0.0,2.0,2.0,2.0,16.0,8
DARSHANNAGAR,1.0,0.0,1.0,1.0,1.0,4.0,4
DARYABAD,1.384615,0.496139,1.0,2.0,2.0,36.0,26
DARYAOGANJ,1.833333,0.389249,2.0,2.0,2.0,22.0,12
DARYAPUR,1.071429,0.267261,1.0,1.35,1.87,15.0,14
DASAMPATTI,1.0,0.0,1.0,1.0,1.0,8.0,8
DASARA,1.0,0.0,1.0,1.0,1.0,4.0,4
DASHARATHPUR,1.0,0.0,1.0,1.0,1.0,24.0,24
DASHNAGAR,1.0,0.0,1.0,1.0,1.0,95.0,95
DASNA,1.444444,0.527046,1.0,2.0,2.0,13.0,9
DASUA,1.96875,0.176777,2.0,2.0,2.0,63.0,32
DATARDA KALA,2.0,0.0,2.0,2.0,2.0,8.0,4
DATEWAS,1.0,0.0,1.0,1.0,1.0,6.0,6
DATIA,2.0,0.0,2.0,2.0,2.0,80.0,40
DATIVLI,1.0,0.0,1.0,1.0,1.0,16.0,16
DATTAPUKUR,0.830357,0.44293,1.0,1.0,1.0,93.0,112
DAUD KHAN,1.0,0.0,1.0,1.0,1.0,8.0,8
DAUDPUR,1.6875,0.478714,2.0,2.0,2.0,27.0,16
DAULATABAD,1.0,0.0,1.0,1.0,1.0,15.0,15
DAULATPUR HA,1.142857,0.363137,1.0,2.0,2.0,16.0,14
DAULTA,2.0,0.0,2.0,2.0,2.0,12.0,6
DAUN KALAN,1.571429,0.534522,2.0,2.0,2.0,11.0,7
DAUND JN.,9.123188,6.59955,10.0,15.0,20.0,1259.0,138
DAUNDAJ,1.0,0.0,1.0,1.0,1.0,4.0,4
DAURAI,1.0,0.0,1.0,1.0,1.0,4.0,4
DAURALA,1.125,0.341565,1.0,2.0,2.0,18.0,16
DAURAM MADHE,1.714286,0.726273,2.0,2.0,2.0,24.0,14
DAUSA,1.959184,0.199915,2.0,2.0,2.0,96.0,49
DAUSNI,1.4,0.516398,1.0,2.0,2.0,14.0,10
DAVANGERE,2.0,0.467707,2.0,2.0,3.72,130.0,65
DAVOL,1.0,0.0,1.0,1.0,1.0,4.0,4
DAYA BASTI,1.0,0.0,1.0,1.0,1.0,56.0,56
DAYANANDNAGA,1.0,0.0,1.0,1.0,1.0,34.0,34
DEBAGRAM,1.037037,0.19245,1.0,1.0,1.74,28.0,27
DEBARI,1.0,0.0,1.0,1.0,1.0,6.0,6
DEBIPUR,1.0,0.0,1.0,1.0,1.0,62.0,62
DEBRABANDHAU,1.0,0.0,1.0,1.0,1.0,2.0,2
DEEDAR GANJ,1.25,0.5,1.0,1.85,1.97,5.0,4
DEEG,1.0,0.0,1.0,1.0,1.0,6.0,6
DEGANA JN.,3.45,2.102662,3.0,10.0,11.64,207.0,60
DEHRA DUN,71.447368,193.750006,0.0,523.5,719.7,2715.0,38
DEHRI-ON-SON,2.243902,3.736906,2.0,2.0,25.0,184.0,82
DEHU ROAD,1.076923,0.269069,1.0,2.0,2.0,56.0,52
DEKARGAON,0.0,0.0,0.0,0.0,0.0,0.0,12
DELANG,1.181818,0.394771,1.0,2.0,2.0,26.0,22
DELHI CANTT,1.879121,0.327793,2.0,2.0,2.0,171.0,91
DELHI INDRAP,1.0,0.0,1.0,1.0,1.0,10.0,10
DELHI JN.,38.929167,190.57407,0.0,40.25,1234.7,9343.0,240
DELHI-AZADPU,1.0,0.0,1.0,1.0,1.0,19.0,19
DELHI-KISHAN,1.24,0.429959,1.0,2.0,2.0,93.0,75
DELHI-SAFDAR,31.16,133.216515,1.0,22.0,515.2,779.0,25
DELHI-SARAI,47.185185,224.591302,0.0,2.0,1305.0,3822.0,81
DELHI-SHAHDA,1.460784,0.500921,1.0,2.0,2.0,149.0,102
DELVADA,836.25,291.100641,832.5,1145.5,1185.1,3345.0,4
DEMU,1.125,0.353553,1.0,1.65,1.93,9.0,8
DENDULURU,1.111111,0.333333,1.0,1.6,1.92,10.0,9
DEO ROAD,1.0,0.0,1.0,1.0,1.0,10.0,10
DEOBAND,1.809524,0.397437,2.0,2.0,2.0,76.0,42
DEOGAN ROAD,2.0,0.0,2.0,2.0,2.0,8.0,4
DEOGHAR,0.833333,0.389249,1.0,1.0,1.0,10.0,12
DEOJHAR,1.0,0.0,1.0,1.0,1.0,2.0,2
DEORAGRAM,2.0,0.0,2.0,2.0,2.0,8.0,4
DEORAHA BABA,1.0,0.0,1.0,1.0,1.0,8.0,8
DEORAKOT,1.0,0.0,1.0,1.0,1.0,6.0,6
DEORANIAN,2.0,0.0,2.0,2.0,2.0,16.0,8
DEORI,1.533333,0.516398,2.0,2.0,2.0,23.0,15
DEORIA SADAR,2.678161,1.466639,2.0,5.0,5.0,233.0,87
DEOTALA,1.5,0.57735,1.5,2.0,2.0,6.0,4
DEPALSAR,1.166667,0.389249,1.0,2.0,2.0,14.0,12
DEPUR PH,1.666667,0.516398,2.0,2.0,2.0,10.0,6
DERABABA NAN,0.0,0.0,0.0,0.0,0.0,0.0,8
DEROL,1.416667,0.50361,1.0,2.0,2.0,34.0,24
DEROWAN PH,1.0,0.0,1.0,1.0,1.0,6.0,6
DESANG,1.0,0.0,1.0,1.0,1.0,2.0,2
DESARI,1.454545,0.509647,1.0,2.0,2.0,32.0,22
DESHAPRAN PH,1.285714,0.48795,1.0,2.0,2.0,9.0,7
DESHNOKE,1.944444,0.235702,2.0,2.0,2.0,35.0,18
DESUR,1.4,0.516398,1.0,2.0,2.0,14.0,10
DESWAL  HALT,1.0,0.0,1.0,1.0,1.0,4.0,4
DET,1.0,0.0,1.0,1.0,1.0,4.0,4
DETHLI,1.0,0.0,1.0,1.0,1.0,4.0,4
DETROJ,2.0,0.0,2.0,2.0,2.0,8.0,4
DEULA,1.018519,0.136083,1.0,1.0,1.47,55.0,54
DEULTI,1.0,0.0,1.0,1.0,1.0,100.0,100
DEVAKOTTAI R,1.05,0.223607,1.0,1.05,1.81,21.0,20
DEVALGANAUCH,1.0,0.0,1.0,1.0,1.0,9.0,9
DEVAN GONTHI,1.0,0.0,1.0,1.0,1.0,22.0,22
DEVANHALLI,247.333333,383.200035,1.0,767.5,789.5,1484.0,6
DEVANUR,1.0,0.0,1.0,1.0,1.0,16.0,16
DEVARAPALLE,1.25,0.5,1.0,1.85,1.97,5.0,4
DEVARAYI,1.5,0.547723,1.5,2.0,2.0,9.0,6
DEVARGUDDA,1.0,0.0,1.0,1.0,1.0,12.0,12
DEVARKADRE,1.0,0.0,1.0,1.0,1.0,10.0,10
DEVBALODA CH,1.4,0.547723,1.0,2.0,2.0,7.0,5
DEVGADH MADA,1.0,0.0,1.0,1.0,1.0,4.0,4
DEVGAM,2.0,0.0,2.0,2.0,2.0,4.0,2
DEVLALI,1.818182,0.724095,2.0,2.0,3.71,80.0,44
DEVPURA,1.0,0.0,1.0,1.0,1.0,2.0,2
DEVRI P.H,1.0,0.0,1.0,1.0,1.0,5.0,5
DEVTHANA HAL,1.0,0.0,1.0,1.0,1.0,4.0,4
DEWALGAON,1.875,0.353553,2.0,2.0,2.0,15.0,8
DEWAN HAT,1.0,0.0,1.0,1.0,1.0,8.0,8
DEWANGANJ,1.333333,0.516398,1.0,2.0,2.0,8.0,6
DEWAS,2.086957,0.722315,2.0,2.0,3.92,144.0,69
DHABAN,1.875,0.353553,2.0,2.0,2.0,15.0,8
DHABLAN,1.666667,0.516398,2.0,2.0,2.0,10.0,6
DHACHNA,1.0,0.0,1.0,1.0,1.0,8.0,8
DHAIPUKHURI,2.0,0.0,2.0,2.0,2.0,4.0,2
DHAKIA TIWAR,1.0,0.0,1.0,1.0,1.0,8.0,8
DHAKURIA,1.013825,0.203653,1.0,1.0,1.0,220.0,217
DHALAIBI,1.0,0.0,1.0,1.0,1.0,6.0,6
DHALGAON,1.416667,0.514929,1.0,2.0,2.0,17.0,12
DHAMALGAON,2.0,0.0,2.0,2.0,2.0,8.0,4
DHAMANGAON,1.666667,0.525759,2.0,2.0,2.59,70.0,42
DHAMARA GHAT,2.0,0.0,2.0,2.0,2.0,44.0,22
DHAMDHAMIA,1.0,0.0,1.0,1.0,1.0,15.0,15
DHAMNI HALT,1.0,0.0,1.0,1.0,1.0,6.0,6
DHAMORA,1.5,0.57735,1.5,2.0,2.0,6.0,4
DHAMPUR,2.9,2.44734,2.0,5.35,10.67,58.0,20
DHAMTAN SAHI,1.0,0.0,1.0,1.0,1.0,8.0,8
DHAMTARI,0.0,0.0,0.0,0.0,0.0,0.0,6
DHAMUA,1.0,0.0,1.0,1.0,1.0,54.0,54
DHANA KHERLI,1.0,0.0,1.0,1.0,1.0,8.0,8
DHANA LADANP,1.0,0.0,1.0,1.0,1.0,7.0,7
DHANAKWADA,2.0,0.0,2.0,2.0,2.0,4.0,2
DHANAKYA,1.0,0.0,1.0,1.0,1.0,5.0,5
DHANAPUR-ORI,1.0,0.0,1.0,1.0,1.0,2.0,2
DHANARI,1.666667,0.516398,2.0,2.0,2.0,10.0,6
DHANAURI,141.8,327.983994,1.0,994.0,1079.2,3545.0,25
DHANBAD JN.,11.441441,68.112565,5.0,10.0,47.0,1270.0,111
DHANDARI KAL,1.642857,0.497245,2.0,2.0,2.0,23.0,14
DHANDHUKA,1.5,0.527046,1.5,2.0,2.0,15.0,10
DHANERA,120.75,408.527984,3.0,639.75,1262.35,1449.0,12
DHANETA,1.5,0.57735,1.5,2.0,2.0,6.0,4
DHANG,2.0,0.0,2.0,2.0,2.0,16.0,8
DHANGARIA PH,1.0,0.0,1.0,1.0,1.0,9.0,9
DHANIACHHA,1.0,0.0,1.0,1.0,1.0,8.0,8
DHANIOIAKHAL,1.0,0.0,1.0,1.0,1.0,47.0,47
DHANMANDAL,1.076923,0.27735,1.0,1.4,1.88,14.0,13
DHANOLI,1.0,0.0,1.0,1.0,1.0,11.0,11
DHANORA (DEC,1.0,0.0,1.0,1.0,1.0,4.0,4
DHANPURA,1.0,0.0,1.0,1.0,1.0,4.0,4
DHANSIMLA PH,1.0,0.0,1.0,1.0,1.0,9.0,9
DHANSIRI,1.5,0.57735,1.5,2.0,2.0,6.0,4
DHANSU,1.25,0.452267,1.0,2.0,2.0,15.0,12
DHANSURA,1.0,0.0,1.0,1.0,1.0,4.0,4
DHANUVACHAPU,1.071429,0.267261,1.0,1.35,1.87,15.0,14
DHANWAR,1.75,0.5,2.0,2.0,2.0,7.0,4
DHAPARA DHAM,1.0,0.0,1.0,1.0,1.0,11.0,11
DHAPDHAPI,1.0,0.0,1.0,1.0,1.0,56.0,56
DHARAKOH,1.0,0.0,1.0,1.0,1.0,2.0,2
DHARAM KUNDI,1.75,0.5,2.0,2.0,2.0,7.0,4
DHARAMPUR  H,1.166667,0.408248,1.0,1.75,1.95,7.0,6
DHARAMPUR HI,3.2,1.643168,2.0,5.0,5.0,16.0,5
DHARAMTUL,1.833333,1.169045,1.5,3.5,3.9,11.0,6
DHARANGAON,1.9,0.316228,2.0,2.0,2.0,19.0,10
DHARESHWAR,1.0,0.0,1.0,1.0,1.0,4.0,4
DHAREWADA,1.666667,0.516398,2.0,2.0,2.0,10.0,6
DHARHARA,1.0,0.0,1.0,1.0,1.0,34.0,34
DHARI,3.833333,3.600926,3.0,8.75,9.75,23.0,6
DHARIWAL,2.4,1.788854,2.0,2.4,8.48,48.0,20
DHARMABAD,7.648649,39.262094,1.0,2.0,154.32,283.0,37
DHARMADAM HA,1.0,0.0,1.0,1.0,1.0,8.0,8
DHARMANAGAR,2.0,2.148345,2.0,5.0,5.0,28.0,14
DHARMAPURI,1.72,0.936305,2.0,2.0,4.28,43.0,25
DHARMAVARAM,3.978261,1.938495,5.0,5.0,5.9,366.0,92
DHARMINIYA,1.0,0.0,1.0,1.0,1.0,9.0,9
DHARNAODA,1.0,0.0,1.0,1.0,1.0,4.0,4
DHARODI,1.0,0.0,1.0,1.0,1.0,8.0,8
DHARUADIHI,1.0,0.0,1.0,1.0,1.0,12.0,12
DHARUR,1.0,0.0,1.0,1.0,1.0,10.0,10
DHARWAD,1.71875,1.302851,2.0,5.0,5.0,110.0,64
DHASA,1.777778,1.301708,1.0,3.8,4.76,16.0,9
DHASA JN (MG,778.125,461.317504,865.0,1306.0,1345.2,6225.0,8
DHATRI GRAM,1.0,0.0,1.0,1.0,1.0,41.0,41
DHAULIMUHAN,1.0,0.0,1.0,1.0,1.0,10.0,10
DHAULPUR,1.952381,0.582358,2.0,2.0,3.77,82.0,42
DHAUNI,1.0,0.0,1.0,1.0,1.0,12.0,12
DHAURA,2.0,0.0,2.0,2.0,2.0,28.0,14
DHAURMUI JAG,1.0,0.0,1.0,1.0,1.0,6.0,6
DHAURSALAR H,1.0,0.0,1.0,1.0,1.0,7.0,7
DHAVALAS,1.5,0.57735,1.5,2.0,2.0,6.0,4
DHEENA,1.285714,0.468807,1.0,2.0,2.0,18.0,14
DHEKIAJULI R,1.25,0.447214,1.0,2.0,2.0,20.0,16
DHEKWAD,1.4,0.547723,1.0,2.0,2.0,7.0,5
DHEMAJI,1.8,0.421637,2.0,2.0,2.0,18.0,10
DHENGLI PIMP,1.0,0.0,1.0,1.0,1.0,8.0,8
DHENKANAL,2.291667,0.944375,2.0,5.0,5.0,110.0,48
DHIGAWARA,1.0,0.0,1.0,1.0,1.0,6.0,6
DHILWAN,1.777778,0.440959,2.0,2.0,2.0,16.0,9
DHIMSIRI,1.0,0.0,1.0,1.0,1.0,2.0,2
DHINDA,1.0,0.0,1.0,1.0,1.0,5.0,5
DHINDSA,1.0,0.0,1.0,1.0,1.0,7.0,7
DHING,1.0,0.0,1.0,1.0,1.0,2.0,2
DHING BAZAR,1.0,0.0,1.0,1.0,1.0,2.0,2
DHINOJ,1.214286,0.425815,1.0,2.0,2.0,17.0,14
DHIRERA,1.625,0.517549,2.0,2.0,2.0,13.0,8
DHIRGANJ,1.0,0.0,1.0,1.0,1.0,6.0,6
DHIRPUR,1.0,0.0,1.0,1.0,1.0,14.0,14
DHOBHI,2.266667,1.222799,2.0,4.6,5.72,34.0,15
DHODA KHERI,1.0,0.0,1.0,1.0,1.0,14.0,14
DHODHAR,1.222222,0.440959,1.0,2.0,2.0,11.0,9
DHODRAMOHAR,1.0,0.0,1.0,1.0,1.0,4.0,4
DHOKI,1.5,0.57735,1.5,2.0,2.0,6.0,4
DHOLA JN,3.354839,5.913535,1.0,20.0,21.4,104.0,31
DHOLA MAJRA,1.0,0.0,1.0,1.0,1.0,14.0,14
DHOLBAZA,1.0,0.0,1.0,1.0,1.0,10.0,10
DHOLI,1.666667,0.479463,2.0,2.0,2.0,50.0,30
DHOLI (BHAL),1.0,0.0,1.0,1.0,1.0,6.0,6
DHOLIPAL,1.75,0.46291,2.0,2.0,2.0,14.0,8
DHOLKA,1.9,0.316228,2.0,2.0,2.0,19.0,10
DHOLPUR (NG),0.0,0.0,0.0,0.0,0.0,0.0,4
DHONDHA DIH,1.4,0.516398,1.0,2.0,2.0,14.0,10
DHONDI HALT,1.0,0.0,1.0,1.0,1.0,12.0,12
DHONE JN,6.315068,6.796398,5.0,22.0,31.4,461.0,73
DHORAJI,1.0,0.0,1.0,1.0,1.0,4.0,4
DHRANGADHRA,1.571429,0.835711,2.0,2.0,2.0,44.0,28
DHUANKHEDI,1.166667,0.408248,1.0,1.75,1.95,7.0,6
DHUBRI,13.75,21.339099,5.0,49.5,57.9,110.0,8
DHUBULIA,1.04,0.2,1.0,1.0,1.76,26.0,25
DHULE,0.0,0.0,0.0,0.0,0.0,0.0,6
DHULIAN GANG,1.0,0.0,1.0,1.0,1.0,22.0,22
DHULKOT,1.555556,0.527046,2.0,2.0,2.0,14.0,9
DHUPDHARA,1.0,0.0,1.0,1.0,1.0,6.0,6
DHUPGURI,3.4,1.645507,3.5,5.0,5.0,136.0,40
DHURANA,1.0,0.0,1.0,1.0,1.0,6.0,6
DHURANT JWAS,1.5,0.707107,1.5,1.95,1.99,3.0,2
DHURI JN.,8.746032,10.054638,5.0,25.0,41.9,551.0,63
DHURWASIN  H,1.5,0.514496,1.5,2.0,2.0,27.0,18
DHUTRA,1.0,0.0,1.0,1.0,1.0,12.0,12
DHUVA,1.0,0.0,1.0,1.0,1.0,3.0,3
DHUWALA,1.0,0.0,1.0,1.0,1.0,2.0,2
DIAMOND HARB,0.0,0.0,0.0,0.0,0.0,0.0,54
DIARA,1.0,0.0,1.0,1.0,1.0,69.0,69
DIBAI,2.125,1.246423,2.0,3.95,4.79,17.0,8
DIBNAPUR  HA,1.0,0.0,1.0,1.0,1.0,8.0,8
DIBRUGARH,21.290323,111.152806,0.0,10.0,437.0,660.0,31
DIBRUGARH TO,0.0,0.0,0.0,0.0,0.0,0.0,12
DICHPALLI,1.0,0.0,1.0,1.0,1.0,10.0,10
DIDARGANJ RO,2.0,0.0,2.0,2.0,2.0,12.0,6
DIDWANA,2.388889,0.777544,3.0,3.0,3.0,43.0,18
DIGARU,1.363636,0.504525,1.0,2.0,2.0,15.0,11
DIGBOI,2.0,0.0,2.0,2.0,2.0,16.0,8
DIGHA BRIDGE,2.0,0.0,2.0,2.0,2.0,24.0,12
DIGHA FS,47.142857,216.035711,0.0,0.0,792.0,990.0,21
DIGHA GHAT,0.0,0.0,0.0,0.0,0.0,0.0,4
DIGHAL,1.0,0.0,1.0,1.0,1.0,5.0,5
DIGHORI BUZU,1.0,0.0,1.0,1.0,1.0,8.0,8
DIGHWA DUBAU,2.0,0.0,2.0,2.0,2.0,8.0,4
DIGHWARA,1.761905,0.431081,2.0,2.0,2.0,74.0,42
DIGOD,1.0,0.0,1.0,1.0,1.0,4.0,4
DIGSAR,1.333333,0.516398,1.0,2.0,2.0,8.0,6
DIGUVAMETTA,1.0,0.0,1.0,1.0,1.0,20.0,20
DIHAKHO,1.0,0.0,1.0,1.0,1.0,2.0,2
DIJAOBRA,1.0,0.0,1.0,1.0,1.0,2.0,2
DIKOM,1.75,0.5,2.0,2.0,2.0,7.0,4
DILAWARNAGAR,1.416667,0.514929,1.0,2.0,2.0,17.0,12
DILDARNAGAR,1.913793,1.096797,2.0,5.0,5.0,111.0,58
DILLIDEWANGA,1.0,0.0,1.0,1.0,1.0,8.0,8
DILMILI,1.5,0.57735,1.5,2.0,2.0,6.0,4
DILWA,1.25,0.5,1.0,1.85,1.97,5.0,4
DIMAPUR,6.755556,3.736525,7.0,10.0,15.0,304.0,45
DINANAGAR,2.0,0.0,2.0,2.0,2.0,36.0,18
DINDIGUL JN,3.688889,3.593516,2.0,5.0,16.65,332.0,90
DING,1.928571,0.267261,2.0,2.0,2.0,27.0,14
DINGWAI,2.0,0.0,2.0,2.0,2.0,6.0,3
DINHATA,0.75,0.46291,1.0,1.0,1.0,6.0,8
DINHATA COLL,1.0,0.0,1.0,1.0,1.0,8.0,8
DIPA,1.0,0.0,1.0,1.0,1.0,8.0,8
DIPHU,2.139535,0.639248,2.0,2.0,5.0,92.0,43
DIPLANA,1.25,0.5,1.0,1.85,1.97,5.0,4
DIPORE,1.0,0.0,1.0,1.0,1.0,3.0,3
DISA,1.928571,0.267261,2.0,2.0,2.0,27.0,14
DITOKCHERRA,1.0,0.0,1.0,1.0,1.0,2.0,2
DIVA JN,8.290566,80.332326,1.0,1.0,131.6,2197.0,265
DIVINE NAGAR,1.0,0.0,1.0,1.0,1.0,18.0,18
DIVITPALLI H,1.0,0.0,1.0,1.0,1.0,12.0,12
DIWAN KHAVAT,1.0,0.0,1.0,1.0,1.0,4.0,4
DIWANA,1.0,0.0,1.0,1.0,1.0,20.0,20
DIYATRA,2.0,0.0,2.0,2.0,2.0,4.0,2
DIYODAR,2.0,0.0,2.0,2.0,2.0,16.0,8
DIYURI  HALT,1.0,0.0,1.0,1.0,1.0,8.0,8
DOBBSPET,1.0,0.0,1.0,1.0,1.0,12.0,12
DODBALLAPUR,1.125,0.341565,1.0,2.0,2.0,18.0,16
DODBELE,1.045455,0.213201,1.0,1.0,1.79,23.0,22
DODDAGHATTA,1.0,0.0,1.0,1.0,1.0,4.0,4
DODDAMPATTI,1.0,0.0,1.0,1.0,1.0,8.0,8
DODH,1.0,0.0,1.0,1.0,1.0,10.0,10
DODJALA,1.0,0.0,1.0,1.0,1.0,6.0,6
DOHRIGHAT,0.0,0.0,0.0,0.0,0.0,0.0,8
DOHRU,1.5,0.707107,1.5,1.95,1.99,3.0,2
DOIWALA,2.0,0.0,2.0,2.0,2.0,24.0,12
DOKRA HALT,1.05,0.223607,1.0,1.05,1.81,21.0,20
DOKUR,1.0,0.0,1.0,1.0,1.0,2.0,2
DOKWA,1.125,0.353553,1.0,1.65,1.93,9.0,8
DOLKALLU,2.0,0.0,2.0,2.0,2.0,12.0,6
DOMBIVLI,224.089888,426.819307,1.0,1214.3,1342.42,59832.0,267
DOMBIVLI CTL,0.0,,0.0,0.0,0.0,0.0,1
DOMINGARH,2.0,0.0,2.0,2.0,2.0,16.0,8
DOMJUR,1.0,0.0,1.0,1.0,1.0,6.0,6
DOMJUR ROAD,1.0,0.0,1.0,1.0,1.0,6.0,6
DOMOHNI,1.0,0.0,1.0,1.0,1.0,2.0,2
DONAKONDA,1.5,0.511766,1.5,2.0,2.0,33.0,22
DONDAICHA,6.928571,14.188101,2.0,28.35,49.67,97.0,14
DONGAR GARH,29.68,106.339549,2.0,186.0,493.0,1484.0,50
DONGARGAON,1.25,0.5,1.0,1.85,1.97,5.0,4
DONGRIBUZURG,2.0,0.0,2.0,2.0,2.0,16.0,8
DONKINAVALAS,1.7,0.483046,2.0,2.0,2.0,17.0,10
DORAHA,1.333333,0.48795,1.0,2.0,2.0,20.0,15
DORAVARICHAT,1.75,1.752549,1.0,4.6,5.72,14.0,8
DORNAHALLI,1.0,0.0,1.0,1.0,1.0,6.0,6
DORNAKAL JN.,32.404255,207.562841,1.0,10.0,774.1,1523.0,47
DOSAPADU,1.0,0.0,1.0,1.0,1.0,18.0,18
DOSVADA,1.25,0.5,1.0,1.85,1.97,5.0,4
DR SHRI KRIS,2.0,0.0,2.0,2.0,2.0,24.0,12
DRAKSHARAMA,1.0,0.0,1.0,1.0,1.0,2.0,2
DUAN,1.0,0.0,1.0,1.0,1.0,38.0,38
DUBAHA,1.166667,0.389249,1.0,2.0,2.0,14.0,12
DUBIA,1.0,0.0,1.0,1.0,1.0,6.0,6
DUBRAJPUR,1.0,0.0,1.0,1.0,1.0,14.0,14
DUBRIKALAN,2.0,0.0,2.0,2.0,2.0,8.0,4
DUDAHI,2.4,1.837873,2.0,5.65,6.73,24.0,10
DUDH SAGAR,1.0,,1.0,1.0,1.0,1.0,1
DUDHANI,1.388889,0.501631,1.0,2.0,2.0,25.0,18
DUDHAUNDA (H,1.0,0.0,1.0,1.0,1.0,6.0,6
DUDHIA KHURD,2.0,0.0,2.0,2.0,2.0,20.0,10
DUDHINAGAR,1.785714,0.425815,2.0,2.0,2.0,25.0,14
DUDHNOI,8.25,13.687847,1.0,31.5,34.3,66.0,8
DUDHWAKHARA,1.75,0.46291,2.0,2.0,2.0,14.0,8
DUDIA,1.333333,0.5,1.0,2.0,2.0,12.0,9
DUDWA,2.0,0.0,2.0,2.0,2.0,28.0,14
DUDWINDI,1.0,0.0,1.0,1.0,1.0,11.0,11
DUGANPUR,1.0,0.0,1.0,1.0,1.0,4.0,4
DUGDA WASHAR,1.0,0.0,1.0,1.0,1.0,4.0,4
DUGDOL HALT,1.25,0.5,1.0,1.85,1.97,5.0,4
DUGGIRALA,1.0,0.0,1.0,1.0,1.0,21.0,21
DUHAI,1.0,0.0,1.0,1.0,1.0,16.0,16
DUKHERI,1.2,0.414039,1.0,2.0,2.0,18.0,15
DULAKHAPATNA,1.0,0.0,1.0,1.0,1.0,9.0,9
DULARIYA,1.75,0.5,2.0,2.0,2.0,7.0,4
DULIAJAN,2.6,1.264911,2.0,5.0,5.0,26.0,10
DULLABCHERRA,0.0,0.0,0.0,0.0,0.0,0.0,4
DULLAHAPUR,1.642857,0.48795,2.0,2.0,2.0,46.0,28
DULMERA,1.5,0.547723,1.5,2.0,2.0,9.0,6
DULRASAR,1.0,0.0,1.0,1.0,1.0,6.0,6
DUM DUM JN.,1.012959,0.301232,1.0,1.0,2.0,469.0,463
DUM DUMA TOW,2.0,0.0,2.0,2.0,2.0,4.0,2
DUMARA,2.0,0.0,2.0,2.0,2.0,8.0,4
DUMARI HALT,1.25,0.452267,1.0,2.0,2.0,15.0,12
DUMARIYA,1.125,0.353553,1.0,1.65,1.93,9.0,8
DUMDANGI,1.0,0.0,1.0,1.0,1.0,2.0,2
DUMDUM CANTO,1.0,0.193649,1.0,1.0,1.0,161.0,161
DUMETRA,1.0,0.0,1.0,1.0,1.0,2.0,2
DUMKA,71.818182,238.193962,0.0,395.0,711.0,790.0,11
DUMMURIPUT,2.0,0.0,2.0,2.0,2.0,12.0,6
DUMRAON,1.714286,0.45723,2.0,2.0,2.0,72.0,42
DUMRI BIHAR,1.333333,0.516398,1.0,2.0,2.0,8.0,6
DUMRI JUARA,1.0,0.0,1.0,1.0,1.0,12.0,12
DUMRIKHURD,1.833333,0.408248,2.0,2.0,2.0,11.0,6
DUMURDAHA,1.0,0.0,1.0,1.0,1.0,40.0,40
DUNDARA,1.555556,0.527046,2.0,2.0,2.0,14.0,9
DUNDI,1.5,0.522233,1.5,2.0,2.0,18.0,12
DUNDLOD MUKA,1.625,0.517549,2.0,2.0,2.0,13.0,8
DUNGAR ROAD,1.0,0.0,1.0,1.0,1.0,6.0,6
DUNGRI,1.263158,0.452414,1.0,2.0,2.0,24.0,19
DUNGRIPALI,2.0,0.0,2.0,2.0,2.0,12.0,6
DUPADU,1.0,0.0,1.0,1.0,1.0,8.0,8
DURAUNDHA JN,1.075,0.944281,1.0,2.0,2.0,43.0,40
DURG,18.122699,111.697717,5.0,10.0,514.1,2954.0,163
DURGACHAK,1.0,0.0,1.0,1.0,1.0,8.0,8
DURGACHAK TO,1.2,0.421637,1.0,2.0,2.0,12.0,10
DURGADA GATE,1.125,0.353553,1.0,1.65,1.93,9.0,8
DURGANAGAR,1.0,0.0,1.0,1.0,1.0,144.0,144
DURGAPUR,21.177215,146.326375,2.0,25.0,560.35,3346.0,158
DURGAPURA,4.666667,15.581965,3.0,5.0,55.6,266.0,57
DURGAPURI,2.0,0.0,2.0,2.0,2.0,8.0,4
DURGAUTI,1.222222,0.427793,1.0,2.0,2.0,22.0,18
DUSI,1.444444,0.527046,1.0,2.0,2.0,13.0,9
DUSKHEDA,1.25,0.5,1.0,1.85,1.97,5.0,4
DUVVADA,1.930693,1.07942,2.0,2.0,2.0,195.0,101
DWARAPUDI,1.035714,0.188982,1.0,1.0,1.73,29.0,28
DWARKA,3.5625,2.513672,2.0,10.0,10.0,114.0,32
DWARKAGANJ,1.0,0.0,1.0,1.0,1.0,4.0,4
EDAMANN,0.0,0.0,0.0,0.0,0.0,0.0,6
EDAVAI,1.0,0.0,1.0,1.0,1.0,8.0,8
EDDULADODDI,1.0,0.0,1.0,1.0,1.0,8.0,8
EDEN GARDENS,1.0,0.0,1.0,1.0,1.0,29.0,29
EGATTUR,1.0,0.0,1.0,1.0,1.0,52.0,52
EKAMBARAKUPP,2.0,0.365148,2.0,2.25,2.85,32.0,16
EKANGAR SARA,1.9,0.316228,2.0,2.0,2.0,19.0,10
EKCHARI,1.0,0.0,1.0,1.0,1.0,24.0,24
EKDIL,1.0,0.0,1.0,1.0,1.0,6.0,6
EKLAKHI,3.75,5.075517,2.0,17.75,20.0,90.0,24
EKMA,1.72,0.458258,2.0,2.0,2.0,43.0,25
ELAMANCHILI,1.0625,0.245935,1.0,1.45,2.0,34.0,32
ELAMANUR,1.0,0.0,1.0,1.0,1.0,10.0,10
ELATTUR,1.0,0.0,1.0,1.0,1.0,8.0,8
ELAVUR,1.0,0.0,1.0,1.0,1.0,34.0,34
ELIMALA,1.0,0.0,1.0,1.0,1.0,8.0,8
ELLENABAD,2.25,0.5,2.0,2.85,2.97,9.0,4
ELURU,1.371622,0.484879,1.0,2.0,2.0,203.0,148
ENNORE,8.576923,54.032657,1.0,1.0,373.63,892.0,104
ERALIGUL,1.0,0.0,1.0,1.0,1.0,4.0,4
ERANIEL,1.0,0.0,1.0,1.0,1.0,24.0,24
ERICH ROAD,2.0,0.0,2.0,2.0,2.0,8.0,4
ERIODU,1.0,0.0,1.0,1.0,1.0,4.0,4
ERNAKULAM TO,4.173554,1.492636,5.0,5.0,5.0,505.0,121
ERNAKULAM. J,34.416058,192.646111,0.0,10.0,1221.6,4715.0,137
ERODE JN.,28.635514,154.706531,5.0,20.0,1092.05,6128.0,214
ERRUPALEM,1.0,0.0,1.0,1.0,1.0,14.0,14
ETAH,0.0,0.0,0.0,0.0,0.0,0.0,4
ETAWAH,19.561644,144.278953,2.0,5.0,367.4,1428.0,73
ETMADPUR,1.0,0.0,1.0,1.0,1.0,6.0,6
ETTAKKOT,1.0,0.0,1.0,1.0,1.0,8.0,8
ETTAPUR ROAD,1.0,0.0,1.0,1.0,1.0,8.0,8
ETTIMADAI,1.0,0.0,1.0,1.0,1.0,12.0,12
ETTUMANUR,1.0,0.0,1.0,1.0,1.0,18.0,18
EZHUKONE,1.0,0.0,1.0,1.0,1.0,16.0,16
EZHUPUNNA,1.0,0.0,1.0,1.0,1.0,8.0,8
FAIZABAD JN.,11.060976,58.796436,5.0,10.0,130.0,907.0,82
FAIZULLAPUR,1.0,0.0,1.0,1.0,1.0,3.0,3
FAKHARPUR HA,1.0,0.0,1.0,1.0,1.0,24.0,24
FAKHRABAD HA,1.0,0.0,1.0,1.0,1.0,9.0,9
FAKIRAGRAM J,2.129032,1.203936,2.0,5.0,5.0,66.0,31
FALAKATA,2.111111,1.131833,2.0,5.0,5.0,38.0,18
FALAKNUMA,352.542373,497.143596,1.0,1250.75,1354.39,41600.0,118
FALIMARI,1.0,0.0,1.0,1.0,1.0,6.0,6
FALNA,2.126582,0.539874,2.0,3.0,5.0,168.0,79
FAQARSAR,1.333333,0.5,1.0,2.0,2.0,12.0,9
FARAH,1.166667,0.408248,1.0,1.75,1.95,7.0,6
FARAH TOWN,1.0,0.0,1.0,1.0,1.0,8.0,8
FARHANTNAGAR,1.0,0.0,1.0,1.0,1.0,4.0,4
FARHEDI HALT,1.0,0.0,1.0,1.0,1.0,14.0,14
FARIDABAD,1.5625,0.498308,2.0,2.0,2.0,175.0,112
FARIDABAD NE,1.0,0.0,1.0,1.0,1.0,49.0,49
FARIDAHA,1.166667,0.408248,1.0,1.75,1.95,7.0,6
FARIDKOT,2.041667,0.204124,2.0,2.0,2.77,49.0,24
FARRUKHABAD,35.511111,186.277118,5.0,39.0,724.8,1598.0,45
FARUKHNAGAR,0.0,0.0,0.0,0.0,0.0,0.0,12
FATEH NAGAR,1.352941,0.606339,1.0,2.2,2.84,23.0,17
FATEH SINGHW,1.142857,0.377964,1.0,1.7,1.94,8.0,7
FATEHABAD,2.0,0.0,2.0,2.0,2.0,4.0,2
FATEHABAD JN,2.0,0.0,2.0,2.0,2.0,18.0,9
FATEHGARH,3.130435,5.251012,2.0,4.7,22.16,72.0,23
FATEHGARH CH,1.0,0.0,1.0,1.0,1.0,8.0,8
FATEHGARH HA,1.285714,0.48795,1.0,2.0,2.0,9.0,7
FATEHGARH SA,1.3,0.483046,1.0,2.0,2.0,13.0,10
FATEHNAGAR,1.0,0.0,1.0,1.0,1.0,108.0,108
FATEHPUR,41.030303,217.087322,2.0,15.0,859.6,1354.0,33
FATEHPUR CHA,1.0,0.0,1.0,1.0,1.0,4.0,4
FATEHPUR-SHE,1.0,1.154701,1.0,2.0,2.0,4.0,4
FATEHPUR-SIK,1.5,0.522233,1.5,2.0,2.0,18.0,12
FATEHSINGHPU,1.428571,0.513553,1.0,2.0,2.0,20.0,14
FATUHA,1.788235,0.674257,2.0,2.0,2.48,152.0,85
FATUHI,1.125,0.353553,1.0,1.65,1.93,9.0,8
FAZALPUR,1.5,0.522233,1.5,2.0,2.0,18.0,12
FAZILKA JN.,0.307692,1.123182,0.0,2.25,4.5,8.0,26
FEROK,1.314286,0.471008,1.0,2.0,2.0,46.0,35
FEROZESHAH,1.5,0.527046,1.5,2.0,2.0,15.0,10
FIROZABAD,2.477273,1.731898,2.0,5.0,8.0,109.0,44
FIROZPUR CAN,3.712121,8.914578,0.0,25.0,26.75,245.0,66
FIROZPUR CIT,2.0,0.0,2.0,2.0,2.0,24.0,12
FORBESGANJ J,2.315789,0.945905,2.0,5.0,5.0,44.0,19
FULESWAR,1.0,0.0,1.0,1.0,1.0,109.0,109
FUNGO HALT,1.0,0.0,1.0,1.0,1.0,7.0,7
FURKATING JN,3.666667,5.924877,2.0,7.0,27.0,121.0,33
FURSATGANJ,1.071429,0.267261,1.0,1.35,1.87,15.0,14
G.RAMACHANDR,1.666667,0.516398,2.0,2.0,2.0,10.0,6
GACHHIPURA,1.666667,0.516398,2.0,2.0,2.0,10.0,6
GADADHARPUR,1.0,0.0,1.0,1.0,1.0,23.0,23
GADAG JN.,4.108696,4.311371,2.0,10.0,18.25,189.0,46
GADARWARA,1.818182,0.391675,2.0,2.0,2.0,60.0,33
GADHAKADA,1.0,0.0,1.0,1.0,1.0,4.0,4
GADHWALA,1.0,0.0,1.0,1.0,1.0,8.0,8
GADIGANURU,1.0,0.0,1.0,1.0,1.0,4.0,4
GADRA ROAD,2.0,0.0,2.0,2.0,2.0,4.0,2
GADWAL,1.22807,0.500626,1.0,2.0,2.0,70.0,57
GAGARIYA,2.0,0.0,2.0,2.0,2.0,4.0,2
GAHLOTA,1.0,0.0,1.0,1.0,1.0,2.0,2
GAHMAR,1.625,0.491869,2.0,2.0,2.0,52.0,32
GAHNDRAN HAL,1.0,0.0,1.0,1.0,1.0,8.0,8
GAHRI BHAGI,1.0,0.0,1.0,1.0,1.0,8.0,8
GAIGAON,1.0,0.0,1.0,1.0,1.0,6.0,6
GAIGHAT HALT,1.0,0.0,1.0,1.0,1.0,2.0,2
GAINJAHWA,2.0,0.0,2.0,2.0,2.0,16.0,8
GAINSARI JN,2.0,0.0,2.0,2.0,2.0,16.0,8
GAIPURA,1.125,0.353553,1.0,1.65,1.93,9.0,8
GAISAL,1.0,0.0,1.0,1.0,1.0,6.0,6
GAJAPATI NAG,1.833333,0.389249,2.0,2.0,2.0,22.0,12
GAJARA BAHAR,2.0,0.0,2.0,2.0,2.0,8.0,4
GAJJELAKONDA,1.0,0.0,1.0,1.0,1.0,12.0,12
GAJNER,2.0,0.0,2.0,2.0,2.0,4.0,2
GAJRAULA JN.,5.09375,7.502083,2.0,25.0,25.0,163.0,32
GAJSINGHPUR,2.222222,1.092906,2.0,3.8,4.76,20.0,9
GAJU HALT,1.0,0.0,1.0,1.0,1.0,4.0,4
GAJULAGUDEN,1.0,0.0,1.0,1.0,1.0,4.0,4
GAJUWALA HAL,1.2,0.421637,1.0,2.0,2.0,12.0,10
GALAN,1.0,0.0,1.0,1.0,1.0,4.0,4
GALGALIA,1.0,0.0,1.0,1.0,1.0,8.0,8
GALSI,1.0,0.0,1.0,1.0,1.0,24.0,24
GALUDIH,1.2,0.410391,1.0,2.0,2.0,24.0,20
GAMANI,1.0,0.0,1.0,1.0,1.0,2.0,2
GAMBHIR ROAD,1.0,0.0,1.0,1.0,1.0,8.0,8
GAMHARIA,1.0,0.0,1.0,1.0,1.0,25.0,25
GANAUR,1.428571,0.502096,1.0,2.0,2.0,50.0,35
GANDHIDHAM J,11.125,12.531371,0.0,25.0,28.05,445.0,40
GANDHIGRAM,657.5,423.328412,615.0,1138.75,1147.75,6575.0,10
GANDHINAGAR,5.636364,29.304049,2.0,3.0,85.95,372.0,66
GANDHIPURAM,1.0,0.0,1.0,1.0,1.0,12.0,12
GANESHGANJ,2.0,0.0,2.0,2.0,2.0,22.0,11
GANGA KHER,1.178571,0.390021,1.0,2.0,2.0,33.0,28
GANGA YAPALL,1.0,0.0,1.0,1.0,1.0,2.0,2
GANGADHARA,1.0,0.0,1.0,1.0,1.0,6.0,6
GANGADHARPUR,1.133333,0.351866,1.0,2.0,2.0,17.0,15
GANGADHRA,1.4,0.547723,1.0,2.0,2.0,7.0,5
GANGAGANJ,1.0,0.0,1.0,1.0,1.0,12.0,12
GANGAGARH (H,1.0,0.0,1.0,1.0,1.0,8.0,8
GANGAGHAT,1.0,0.0,1.0,1.0,1.0,11.0,11
GANGAIKONDAN,1.142857,0.377964,1.0,1.7,1.94,8.0,7
GANGAJHARI,1.2,0.421637,1.0,2.0,2.0,12.0,10
GANGANIA,1.0,0.0,1.0,1.0,1.0,15.0,15
GANGANPALLE,1.0,0.0,1.0,1.0,1.0,2.0,2
GANGAPUR CIT,3.857143,1.741771,5.0,5.0,6.8,216.0,56
GANGAPUR ROA,1.45,0.510418,1.0,2.0,2.0,29.0,20
GANGARAMPUR,1.75,0.46291,2.0,2.0,2.0,14.0,8
GANGATIKURI,1.0,0.0,1.0,1.0,1.0,26.0,26
GANGAULI (HA,1.0,0.0,1.0,1.0,1.0,6.0,6
GANGAVARAM H,1.0,0.0,1.0,1.0,1.0,2.0,2
GANGINENI,1.0,0.0,1.0,1.0,1.0,8.0,8
GANGIWARA,1.0,0.0,1.0,1.0,1.0,7.0,7
GANGNAPUR,1.0,0.0,1.0,1.0,1.0,31.0,31
GANGPUR,1.0,0.0,1.0,1.0,1.0,97.0,97
GANGRAR,1.166667,0.408248,1.0,1.75,1.95,7.0,6
GANGRAUL HAL,1.0,0.0,1.0,1.0,1.0,18.0,18
GANGSAR JAIT,1.892857,0.31497,2.0,2.0,2.0,53.0,28
GANGUWADA,1.0,0.0,1.0,1.0,1.0,4.0,4
GANGWA PUR (,1.0,0.0,1.0,1.0,1.0,7.0,7
GANI DHAM HA,1.0,0.0,1.0,1.0,1.0,10.0,10
GANJ  KHWAJA,1.0,0.0,1.0,1.0,1.0,8.0,8
GANJ BASODA,1.673469,0.473804,2.0,2.0,2.0,82.0,49
GANJ DUNDWAR,2.0,0.0,2.0,2.0,2.0,28.0,14
GANJ MURADAB,1.0,0.0,1.0,1.0,1.0,4.0,4
GANJAM,1.176471,0.392953,1.0,2.0,2.0,20.0,17
GANKAR,1.0,0.0,1.0,1.0,1.0,18.0,18
GANKHERA HAL,1.0,0.0,1.0,1.0,1.0,8.0,8
GANNAVARAM,1.166667,0.57735,1.0,1.9,2.78,14.0,12
GARAHANI,1.833333,0.389249,2.0,2.0,2.0,22.0,12
GARBETA,3.5,13.970014,1.0,2.0,55.82,112.0,32
GAREA BIHAR,1.25,0.5,1.0,1.85,1.97,5.0,4
GARH BANALI,1.0,0.0,1.0,1.0,1.0,15.0,15
GARH-DHRUBBE,1.0,0.0,1.0,1.0,1.0,24.0,24
GARHA,2.0,0.0,2.0,2.0,2.0,8.0,4
GARHA GOODS,1.8,0.447214,2.0,2.0,2.0,9.0,5
GARHARA,1.0,0.0,1.0,1.0,1.0,4.0,4
GARHI HARSAR,1.275,0.640012,1.0,2.0,2.0,51.0,40
GARHI MANIKP,1.0,0.0,1.0,1.0,1.0,16.0,16
GARHI SANDRA,1.0,0.0,1.0,1.0,1.0,4.0,4
GARHMAU,2.0,0.0,2.0,2.0,2.0,8.0,4
GARHMUKTESAR,1.785714,0.832539,2.0,2.65,4.46,50.0,28
GARHNOKHA,1.833333,0.389249,2.0,2.0,2.0,22.0,12
GARHSHANKAR,1.0,0.0,1.0,1.0,1.0,6.0,6
GARHWA,1.8125,0.403113,2.0,2.0,2.0,29.0,16
GARIA,1.013825,0.117034,1.0,1.0,1.84,220.0,217
GARIFA,1.0,0.0,1.0,1.0,1.0,45.0,45
GARIVIDI,1.545455,0.522233,2.0,2.0,2.0,17.0,11
GARJAIPUR,1.0,0.0,1.0,1.0,1.0,18.0,18
GARKHA F,1.0,0.0,1.0,1.0,1.0,6.0,6
GARLA,1.0,0.0,1.0,1.0,1.0,16.0,16
GARLADINNE,1.125,0.353553,1.0,1.65,1.93,9.0,8
GARMADI,2.0,0.0,2.0,2.0,2.0,4.0,2
GARNA SAHIB,1.0,0.0,1.0,1.0,1.0,6.0,6
GAROPARA HAL,1.0,0.0,1.0,1.0,1.0,6.0,6
GAROTH,1.642857,0.497245,2.0,2.0,2.0,23.0,14
GARPOS,1.0,0.0,1.0,1.0,1.0,20.0,20
GARRA,1.0,0.0,1.0,1.0,1.0,12.0,12
GARUDABILLI,1.8,0.421637,2.0,2.0,2.0,18.0,10
GARWA ROAD J,7.119048,4.696664,5.0,10.0,21.8,299.0,42
GATORA,1.5,0.511766,1.5,2.0,2.0,33.0,22
GATRA HALT,1.083333,0.288675,1.0,1.45,1.89,13.0,12
GAUCHHARI,1.0,0.0,1.0,1.0,1.0,8.0,8
GAUDGAON,1.285714,0.48795,1.0,2.0,2.0,9.0,7
GAUNTRA,1.0,0.0,1.0,1.0,1.0,4.0,4
GAUR,2.0,0.0,2.0,2.0,2.0,18.0,9
GAURA,1.2,0.447214,1.0,1.8,1.96,6.0,5
GAURI BAZAR,1.9,0.307794,2.0,2.0,2.0,38.0,20
GAURI SHRI R,1.125,0.353553,1.0,1.65,1.93,9.0,8
GAURIBIDANUR,1.458333,0.508977,1.0,2.0,2.0,35.0,24
GAURIGANJ,1.447368,0.503897,1.0,2.0,2.0,55.0,38
GAURIPUR,2.0,0.0,2.0,2.0,2.0,16.0,8
GAURIYAMAU,1.0,0.0,1.0,1.0,1.0,6.0,6
GAUSHALA F,1.0,0.0,1.0,1.0,1.0,12.0,12
GAUTAM STHAN,1.428571,0.534522,1.0,2.0,2.0,10.0,7
GAUTAMDHARA,1.0,0.0,1.0,1.0,1.0,6.0,6
GAUTAMPURA R,2.0,0.0,2.0,2.0,2.0,16.0,8
GAYA JN.,8.867089,53.713572,5.0,25.0,25.0,1401.0,158
GAYABARI,1.5,0.707107,1.5,1.95,1.99,3.0,2
GAZOLE,1.8,0.421637,2.0,2.0,2.0,18.0,10
GAZULAPALLI,1.0,0.0,1.0,1.0,1.0,10.0,10
GEDE,0.0,0.0,0.0,0.0,0.0,0.0,40
GEGAL AKHRI,1.0,0.0,1.0,1.0,1.0,2.0,2
GEONG  HALT,1.0,0.0,1.0,1.0,1.0,9.0,9
GERATPUR,1.1,0.307794,1.0,2.0,2.0,22.0,20
GETOR JAGATP,1.7,0.470162,2.0,2.0,2.0,34.0,20
GEVRA-ROAD,0.0,0.0,0.0,0.0,0.0,0.0,12
GHAGGHAR,1.25,0.46291,1.0,2.0,2.0,10.0,8
GHAGHARA GHA,2.0,0.0,2.0,2.0,2.0,16.0,8
GHAGWAL,1.636364,0.504525,2.0,2.0,2.0,18.0,11
GHAL KALAN,1.0,0.0,1.0,1.0,1.0,7.0,7
GHANAULI,1.285714,0.468807,1.0,2.0,2.0,18.0,14
GHANDHI SMRU,1.0,0.0,1.0,1.0,1.0,5.0,5
GHANPUR,1.0,0.0,1.0,1.0,1.0,18.0,18
GHANTIKAL NI,1.0,0.0,1.0,1.0,1.0,6.0,6
GHARAUNDA,1.35,0.48936,1.0,2.0,2.0,27.0,20
GHASARA HALT,1.0,0.0,1.0,1.0,1.0,3.0,3
GHASO,1.0,0.0,1.0,1.0,1.0,20.0,20
GHAT KOPAR,6.600985,56.235338,1.0,1.0,1.0,2680.0,406
GHATALA,1.0,0.0,1.0,1.0,1.0,4.0,4
GHATAMPUR,2.0,0.0,2.0,2.0,2.0,16.0,8
GHATERA,2.0,0.0,2.0,2.0,2.0,12.0,6
GHATIGAON,2.0,0.0,2.0,2.0,2.0,8.0,4
GHATKAVARANA,1.0,0.0,1.0,1.0,1.0,6.0,6
GHATKESAR,1.0,0.0,1.0,1.0,1.0,18.0,18
GHATNANDUR,1.125,0.353553,1.0,1.65,1.93,9.0,8
GHATPINDRAI,1.5,0.534522,1.5,2.0,2.0,12.0,8
GHATPRABHA,1.382353,0.49327,1.0,2.0,2.0,47.0,34
GHATPURI,2.0,0.0,2.0,2.0,2.0,16.0,8
GHATSILA,1.325,0.572332,1.0,2.0,2.0,53.0,40
GHATWAD,1.0,0.0,1.0,1.0,1.0,2.0,2
GHAUSGANJ,1.0,0.0,1.0,1.0,1.0,4.0,4
GHAZIABAD JN,3.469466,29.566553,2.0,2.0,5.0,909.0,262
GHAZIPUR CIT,4.135593,3.598168,5.0,5.1,16.3,244.0,59
GHAZIPUR GHA,1.1,0.316228,1.0,1.55,1.91,11.0,10
GHEVRA,1.0,0.0,1.0,1.0,1.0,26.0,26
GHIALA,1.166667,0.408248,1.0,1.75,1.95,7.0,6
GHOGHA,1.0,0.0,1.0,1.0,1.0,26.0,26
GHOGI BARIAR,1.0,0.0,1.0,1.0,1.0,6.0,6
GHOGRAPAR,1.0,0.0,1.0,1.0,1.0,10.0,10
GHOKSADANGA,1.333333,0.516398,1.0,2.0,2.0,8.0,6
GHOLVAD,1.380952,0.804748,1.0,3.0,3.8,29.0,21
GHONSOR,2.0,0.0,2.0,2.0,2.0,10.0,5
GHORADONGRI,1.613636,0.492545,2.0,2.0,2.0,71.0,44
GHORAGHATA,1.0,0.0,1.0,1.0,1.0,93.0,93
GHORASAHAN,2.0,0.0,2.0,2.0,2.0,20.0,10
GHORAWADI,1.021739,0.147442,1.0,1.0,1.55,47.0,46
GHORGHAT HAL,1.0,0.0,1.0,1.0,1.0,8.0,8
GHORI  HALT,1.0,0.0,1.0,1.0,1.0,4.0,4
GHORMARA,1.0,0.0,1.0,1.0,1.0,8.0,8
GHORPURI,1.0,0.0,1.0,1.0,1.0,9.0,9
GHOSHAWAR,1.0,0.0,1.0,1.0,1.0,4.0,4
GHOSI,1.125,0.353553,1.0,1.65,1.93,9.0,8
GHOSIPURA,2.5,1.224745,2.0,4.25,4.85,15.0,6
GHOSRANA,1.0,0.0,1.0,1.0,1.0,6.0,6
GHOSUNDA,1.0,0.0,1.0,1.0,1.0,6.0,6
GHOTI,1.0,0.0,1.0,1.0,1.0,4.0,4
GHOVARASH GH,1.0,0.0,1.0,1.0,1.0,44.0,44
GHUGHULI,2.5,1.75119,2.0,4.5,8.1,40.0,16
GHUM,21.333333,12.315302,30.0,31.5,34.3,320.0,15
GHUNAS HALT,1.333333,0.516398,1.0,2.0,2.0,8.0,6
GHUNDANKHAPA,1.5,0.707107,1.5,1.95,1.99,3.0,2
GHUNGHUTI,1.833333,0.408248,2.0,2.0,2.0,11.0,6
GHUSIA HALT,1.0,0.0,1.0,1.0,1.0,8.0,8
GHUTAI,1.5,0.57735,1.5,2.0,2.0,6.0,4
GHUTIARI SHA,0.983051,0.130189,1.0,1.0,1.0,58.0,59
GHUTKU,1.666667,0.492366,2.0,2.0,2.0,20.0,12
GIANI ZAIL S,1.625,0.517549,2.0,2.0,2.0,13.0,8
GIDAM,1.0,0.0,1.0,1.0,1.0,2.0,2
GIDANAHALLI,1.0,0.0,1.0,1.0,1.0,4.0,4
GIDARPINDI,1.666667,0.492366,2.0,2.0,2.0,20.0,12
GIDDALUR,1.454545,0.509647,1.0,2.0,2.0,32.0,22
GIDDARBAHA,1.666667,0.481543,2.0,2.0,2.0,40.0,24
GIDHAUR,1.59375,0.498991,2.0,2.0,2.0,51.0,32
GIDHNI,1.166667,0.383482,1.0,2.0,2.0,21.0,18
GILL,1.666667,0.492366,2.0,2.0,2.0,20.0,12
GINIGERA,1.0,0.0,1.0,1.0,1.0,7.0,7
GIR GADHADA,1.0,0.0,1.0,1.0,1.0,6.0,6
GIR GADHARA,1.5,0.57735,1.5,2.0,2.0,6.0,4
GIRDHARPUR,2.0,0.0,2.0,2.0,2.0,8.0,4
GIRDIH,56.0,177.087549,0.0,308.0,509.6,560.0,10
GIRI MAIDAN,1.02,0.141421,1.0,1.0,1.51,51.0,50
GIRWAR,1.875,0.353553,2.0,2.0,2.0,15.0,8
GOALDIH,1.0,0.0,1.0,1.0,1.0,2.0,2
GOALPARA  TO,1.891892,0.3148,2.0,2.0,2.0,70.0,37
GOBARDANGA,0.906667,0.335846,1.0,1.0,1.26,68.0,75
GOBERWAHI,2.0,0.0,2.0,2.0,2.0,16.0,8
GOBINDPUR DU,1.0,0.0,1.0,1.0,1.0,6.0,6
GOBRA,1.0,0.0,1.0,1.0,1.0,70.0,70
GOCHARAN,1.0,0.0,1.0,1.0,1.0,56.0,56
GODAMGURA,1.0,0.0,1.0,1.0,1.0,10.0,10
GODAPEASAL,1.0,0.0,1.0,1.0,1.0,14.0,14
GODAVRI,1.142857,0.358569,1.0,2.0,2.0,24.0,21
GODBHAGA,2.0,0.0,2.0,2.0,2.0,8.0,4
GODHA,1.166667,0.408248,1.0,1.75,1.95,7.0,6
GODHANI,1.0,0.0,1.0,1.0,1.0,4.0,4
GODHNESHWAR,1.0,0.0,1.0,1.0,1.0,6.0,6
GODHRA JN.,39.714286,229.35389,2.0,6.2,1435.0,3058.0,77
GOGAMERI,2.0,0.0,2.0,2.0,2.0,8.0,4
GOGAMUKH,1.2,0.421637,1.0,2.0,2.0,12.0,10
GOGI POTHIA,1.1,0.316228,1.0,1.55,1.91,11.0,10
GOHAD ROAD H,2.0,0.0,2.0,2.0,2.0,16.0,8
GOHANA,1.714286,0.468807,2.0,2.0,2.0,24.0,14
GOHPUR,1.4,0.516398,1.0,2.0,2.0,14.0,10
GOILKERA,1.0,0.0,1.0,1.0,1.0,16.0,16
GOINDWAL SAH,2.0,0.0,2.0,2.0,2.0,16.0,8
GOKAK ROAD,1.5,1.167748,1.0,3.35,4.67,18.0,12
GOKARNA ROAD,1.5,0.522233,1.5,2.0,2.0,18.0,12
GOKULGARH,1.0,0.0,1.0,1.0,1.0,5.0,5
GOKULPUR,1.0,0.0,1.0,1.0,1.0,48.0,48
GOLA ROAD,1.0,0.0,1.0,1.0,1.0,4.0,4
GOLABAI,1.0,0.0,1.0,1.0,1.0,10.0,10
GOLAGHAT,2.0,0.0,2.0,2.0,2.0,12.0,6
GOLAKGANJ,14.5,11.526367,17.5,25.0,25.0,116.0,8
GOLANA  HALT,1.0,0.0,1.0,1.0,1.0,6.0,6
GOLANTHRA,1.0,0.0,1.0,1.0,1.0,7.0,7
GOLAPATTI,2.0,0.0,2.0,2.0,2.0,8.0,4
GOLDEENGANJ,1.25,0.452267,1.0,2.0,2.0,15.0,12
GOLE,1.2,0.447214,1.0,1.8,1.96,6.0,5
GOLEHWALA,1.75,0.46291,2.0,2.0,2.0,14.0,8
GOLHALLI,1.0,0.0,1.0,1.0,1.0,14.0,14
GOLLAPALLI,1.0,0.0,1.0,1.0,1.0,16.0,16
GOLLAPROLU,1.142857,0.363137,1.0,2.0,2.0,16.0,14
GOLSAR,1.0,0.0,1.0,1.0,1.0,6.0,6
GOMANGALAM,1.0,0.0,1.0,1.0,1.0,4.0,4
GOMTA,1.0,0.0,1.0,1.0,1.0,4.0,4
GOMTINAGAR F,1.526316,0.611775,2.0,2.0,2.0,29.0,19
GOND UMRI,1.0,0.0,1.0,1.0,1.0,8.0,8
GONDA JN.,14.859259,78.036459,5.0,15.0,109.7,2006.0,135
GONDA KACHAH,2.0,0.0,2.0,2.0,2.0,16.0,8
GONDAL,1.0,0.0,1.0,1.0,1.0,23.0,23
GONDIA JN.,20.134752,146.607602,2.0,10.0,737.0,2839.0,141
GONGALI,1.875,0.353553,2.0,2.0,2.0,15.0,8
GONIANA,1.75,0.444262,2.0,2.0,2.0,35.0,20
GOONDA (BIHA,1.0,0.0,1.0,1.0,1.0,3.0,3
GOOTY JN.,2.11236,1.734923,2.0,5.0,10.0,188.0,89
GOP JAM,1.0,0.0,1.0,1.0,1.0,7.0,7
GOPAL NAGAR,1.032258,0.179605,1.0,1.0,1.7,32.0,31
GOPALGANJ,2.0,0.0,2.0,2.0,2.0,8.0,4
GOPALPUR BAL,1.071429,0.267261,1.0,1.35,1.87,15.0,14
GOPINATHJEW,1.0,0.0,1.0,1.0,1.0,6.0,6
GOPINATHPUR,1.0,0.0,1.0,1.0,1.0,9.0,9
GORAKHNATH,1.0,0.0,1.0,1.0,1.0,8.0,8
GORAKHPUR CA,1.909091,0.291937,2.0,2.0,2.0,63.0,33
GORAKHPUR JN,27.899543,130.358254,0.0,25.0,755.3,6110.0,219
GORAM GHAT,1.0,0.0,1.0,1.0,1.0,4.0,4
GORAPUR,1.0,0.0,1.0,1.0,1.0,2.0,2
GORAUL,1.555556,0.51131,2.0,2.0,2.0,28.0,18
GORAYA,1.666667,0.492366,2.0,2.0,2.0,20.0,12
GOREGAON ROA,1.0,0.0,1.0,1.0,1.0,4.0,4
GORESWAR,1.0,0.0,1.0,1.0,1.0,16.0,16
GORINJA,1.5,0.57735,1.5,2.0,2.0,6.0,4
GORPHAR,1.0,0.0,1.0,1.0,1.0,10.0,10
GORUMAHISANI,10.0,0.0,10.0,10.0,10.0,20.0,2
GOSAI GAON H,1.555556,0.51131,2.0,2.0,2.0,28.0,18
GOSAINGRAM,1.0,0.0,1.0,1.0,1.0,11.0,11
GOSALPUR,2.266667,2.737743,2.0,5.0,10.6,34.0,15
GOSHAINGANJ,1.5,0.509902,1.5,2.0,2.0,39.0,26
GOT (HALT),1.0,0.0,1.0,1.0,1.0,6.0,6
GOTAN,1.911765,0.287902,2.0,2.0,2.0,65.0,34
GOTHAJ,1.142857,0.358569,1.0,2.0,2.0,24.0,21
GOTHAN GAM,1.0,0.0,1.0,1.0,1.0,14.0,14
GOTLAM,1.75,0.46291,2.0,2.0,2.0,14.0,8
GOTRA,1.0,0.0,1.0,1.0,1.0,24.0,24
GOUR MALDA,1.0,0.0,1.0,1.0,1.0,8.0,8
GOURDAHA (HA,1.0,0.0,1.0,1.0,1.0,57.0,57
GOURINATHDHA,1.0,0.0,1.0,1.0,1.0,16.0,16
GOVERDHAN,1.0,0.0,1.0,1.0,1.0,6.0,6
GOVINDGARH,1.0,0.0,1.0,1.0,1.0,6.0,6
GOVINDGARH K,1.416667,0.514929,1.0,2.0,2.0,17.0,12
GOVINDI MARW,1.5,0.707107,1.5,1.95,1.99,3.0,2
GOVINDNAGAR,2.0,0.0,2.0,2.0,2.0,12.0,6
GOVINDPUR PH,1.0,0.0,1.0,1.0,1.0,11.0,11
GOVINDPUR RO,1.0,0.0,1.0,1.0,1.0,10.0,10
GOVINDPURI,1.545455,0.509647,2.0,2.0,2.0,34.0,22
GOWDAVALLI H,1.0,0.0,1.0,1.0,1.0,33.0,33
GRAM KHARIKA,1.0,0.0,1.0,1.0,1.0,12.0,12
GRAM MASAGRA,0.0,0.0,0.0,0.0,0.0,0.0,9
GRAMDADPUR,1.0,0.0,1.0,1.0,1.0,9.0,9
GUA,0.0,0.0,0.0,0.0,0.0,0.0,4
GUAGACHHA,1.0,0.0,1.0,1.0,1.0,6.0,6
GUBBI,1.071429,0.267261,1.0,1.35,1.87,15.0,14
GUD MARKET,1.0,0.0,1.0,1.0,1.0,3.0,3
GUDAPARTI,1.166667,0.408248,1.0,1.75,1.95,7.0,6
GUDDA,1.5,0.707107,1.5,1.95,1.99,3.0,2
GUDGERI,1.0,0.0,1.0,1.0,1.0,12.0,12
GUDIATTAM,1.55,0.510418,2.0,2.0,2.0,31.0,20
GUDIMETTA HA,1.0,0.0,1.0,1.0,1.0,8.0,8
GUDIPUDI,1.0,0.0,1.0,1.0,1.0,6.0,6
GUDIVADA JN.,2.507246,5.802188,1.0,10.0,31.6,173.0,69
GUDLAVALLERU,1.0,0.0,1.0,1.0,1.0,22.0,22
GUDMA,1.230769,0.438529,1.0,2.0,2.0,16.0,13
GUDUM,0.0,0.0,0.0,0.0,0.0,0.0,2
GUDUPALLI,1.0,0.0,1.0,1.0,1.0,9.0,9
GUDUR JN.,9.330049,99.15956,2.0,5.0,6.98,1894.0,203
GUDUVANCHERI,1.027027,0.164399,1.0,1.0,1.64,38.0,37
GUGALWA KIRT,1.0,0.0,1.0,1.0,1.0,8.0,8
GUINDY,1.005882,0.076696,1.0,1.0,1.0,171.0,170
GUIR SARANG,1.0,0.0,1.0,1.0,1.0,9.0,9
GUJHANDI,2.0,1.154701,2.0,3.65,4.73,20.0,10
GUJRAN-BALWA,1.0,0.0,1.0,1.0,1.0,17.0,17
GULABGANJ,1.555556,0.527046,2.0,2.0,2.0,14.0,9
GULABPURA,1.5,0.57735,1.5,2.0,2.0,6.0,4
GULAOTHI,2.0,0.0,2.0,2.0,2.0,16.0,8
GULAPALAYAMU,1.0,0.0,1.0,1.0,1.0,4.0,4
GULARBHOJ,2.0,0.0,2.0,2.0,2.0,20.0,10
GULBARGA,2.869048,1.619012,3.0,5.0,7.51,241.0,84
GULDHAR,1.055556,0.235702,1.0,1.15,1.83,19.0,18
GULEDAGUDDA,1.25,0.452267,1.0,2.0,2.0,15.0,12
GULER,1.928571,0.267261,2.0,2.0,2.0,27.0,14
GULLAGUDA,1.0,0.0,1.0,1.0,1.0,16.0,16
GULLIPADU,1.125,0.353553,1.0,1.65,1.93,9.0,8
GULMA,1.125,0.353553,1.0,1.65,1.93,9.0,8
GULZARBAGH,1.5,0.507093,1.5,2.0,2.0,54.0,36
GUMA,1.0,0.0,1.0,1.0,1.0,91.0,91
GUMADA,1.8,0.421637,2.0,2.0,2.0,18.0,10
GUMANDEV,1.0,0.0,1.0,1.0,1.0,2.0,2
GUMANI,1.05,0.223607,1.0,1.05,1.81,21.0,20
GUMANIHAT,1.0,0.0,1.0,1.0,1.0,4.0,4
GUMGAON,1.0,0.0,1.0,1.0,1.0,6.0,6
GUMIA,1.8,1.229273,1.5,3.65,4.73,18.0,10
GUMMAN,1.5,0.707107,1.5,1.95,1.99,3.0,2
GUMMIDIPUNDI,249.510204,420.273849,2.0,1157.25,1395.9,24452.0,98
GUMTALI,1.111111,0.333333,1.0,1.6,1.92,10.0,9
GUMTHAL,1.4,0.516398,1.0,2.0,2.0,14.0,10
GUMTO,2.0,0.0,2.0,2.0,2.0,4.0,2
GUNA,11.5,12.963443,10.0,15.25,60.75,690.0,60
GUNDARDEHI,2.0,0.0,2.0,2.0,2.0,16.0,8
GUNDLA POCHA,1.0,0.0,1.0,1.0,1.0,31.0,31
GUNDLAKAMMA,1.0,0.0,1.0,1.0,1.0,10.0,10
GUNDRATIMADU,1.0,0.0,1.0,1.0,1.0,11.0,11
GUNERU BAMOR,1.8,0.421637,2.0,2.0,2.0,18.0,10
GUNJARIA,1.0,0.0,1.0,1.0,1.0,6.0,6
GUNJI,1.444444,1.013794,1.0,3.2,3.84,13.0,9
GUNRAJPUR DH,1.0,0.0,1.0,1.0,1.0,4.0,4
GUNTAKAL JN.,18.694215,129.537501,5.0,20.0,47.0,2262.0,121
GUNTAKODURU,1.0,0.0,1.0,1.0,1.0,8.0,8
GUNTUR JN.,20.305556,137.185014,5.0,20.0,170.2,2193.0,108
GUNUPUR,106.875,302.288149,0.0,555.75,795.15,855.0,8
GUPTIPARA,1.0,0.0,1.0,1.0,1.0,42.0,42
GURAMKHEDI,1.555556,0.527046,2.0,2.0,2.0,14.0,9
GURAP,0.964912,0.185637,1.0,1.0,1.0,55.0,57
GURARU,1.181818,0.394771,1.0,2.0,2.0,26.0,22
GURDASPUR,2.0,0.0,2.0,2.0,2.0,44.0,22
GURGAON,1.842697,0.366149,2.0,2.0,2.0,164.0,89
GURHA KEMLA,1.0,0.0,1.0,1.0,1.0,12.0,12
GURIYA,1.0,0.0,1.0,1.0,1.0,4.0,4
GURLA,1.2,0.421637,1.0,2.0,2.0,12.0,10
GURLI RAMGAR,1.333333,0.5,1.0,2.0,2.0,12.0,9
GURMURA,1.5,0.57735,1.5,2.0,2.0,6.0,4
GURNAY,1.571429,0.513553,2.0,2.0,2.0,22.0,14
GURPA,1.5,0.534522,1.5,2.0,2.0,12.0,8
GURRA,1.555556,0.527046,2.0,2.0,2.0,14.0,9
GURSAHAIGANJ,1.8,0.414039,2.0,2.0,2.0,27.0,15
GURTHURI,1.0,0.0,1.0,1.0,1.0,9.0,9
GURU HARSAHA,2.0,0.0,2.0,2.0,2.0,24.0,12
GURUDAS NAGA,1.0,0.0,1.0,1.0,1.0,53.0,53
GURUDIJHATIA,1.0,0.0,1.0,1.0,1.0,6.0,6
GURUJALA,1.0,0.0,1.0,1.0,1.0,6.0,6
GURUSAR SEHN,2.0,0.0,2.0,2.0,2.0,12.0,6
GURUVAYUR,0.0,0.0,0.0,0.0,0.0,0.0,14
GUSKARA,1.225,0.891196,1.0,2.15,5.0,49.0,40
GUWAHATI,31.302521,144.088988,0.0,35.0,744.9,3725.0,119
GUWARI GHAT,1.8,0.447214,2.0,2.0,2.0,9.0,5
GWALIOR (NG),0.0,0.0,0.0,0.0,0.0,0.0,6
GWALIOR JN,15.15,98.984098,5.0,10.15,215.07,2424.0,160
GYANPUR ROAD,1.765957,0.427976,2.0,2.0,2.0,83.0,47
HABAIPUR,2.0,0.0,2.0,2.0,2.0,4.0,2
HABANGHATTA,1.0,0.0,1.0,1.0,1.0,6.0,6
HABIBGANJ,3.65,8.135686,2.0,10.0,10.7,365.0,100
HABIBPUR,1.0,0.0,1.0,1.0,1.0,40.0,40
HABIBWALA,1.5,0.547723,1.5,2.0,2.0,9.0,6
HABRA,0.846154,0.445298,1.0,1.0,1.2,77.0,91
HADALA BHAL,1.666667,1.632993,1.0,4.0,4.8,10.0,6
HADAPSAR,1.0,0.0,1.0,1.0,1.0,20.0,20
HADDINGAUNDU,1.142857,0.377964,1.0,1.7,1.94,8.0,7
HADGAON ROAD,1.0,0.0,1.0,1.0,1.0,6.0,6
HADIAYA,1.625,0.517549,2.0,2.0,2.0,13.0,8
HADMADIYA,1.0,0.0,1.0,1.0,1.0,4.0,4
HADMATIYA,1.25,0.46291,1.0,2.0,2.0,10.0,8
HADOBHANGI P,1.0,0.0,1.0,1.0,1.0,4.0,4
HADYAL,1.125,0.353553,1.0,1.65,1.93,9.0,8
HAFIZPETA,1.0,0.0,1.0,1.0,1.0,124.0,124
HAFIZPUR,2.0,0.0,2.0,2.0,2.0,16.0,8
HAGARI,1.0,0.0,1.0,1.0,1.0,10.0,10
HAIAGHAT,2.0,0.0,2.0,2.0,2.0,64.0,32
HAIBARGAON,2.5,2.886751,2.5,5.0,5.0,10.0,4
HAIDARNAGAR,1.25,0.447214,1.0,2.0,2.0,20.0,16
HAIDERGARH,1.076923,0.27735,1.0,1.4,1.88,14.0,13
HAILAKANDI,5.5,0.707107,5.5,5.95,5.99,11.0,2
HAJIGARH,1.0,0.0,1.0,1.0,1.0,56.0,56
HAJIPUR JN.,15.428571,124.030195,5.0,5.0,5.0,2052.0,133
HAKIMPUR,1.636364,0.504525,2.0,2.0,2.0,18.0,11
HALAKATTA,1.5,0.707107,1.5,1.95,1.99,3.0,2
HALBARGA,1.0,0.0,1.0,1.0,1.0,2.0,2
HALDAUR,2.0,0.0,2.0,2.0,2.0,24.0,12
HALDHARPUR F,1.166667,0.408248,1.0,1.75,1.95,7.0,6
HALDI ROAD,2.0,0.0,2.0,2.0,2.0,12.0,6
HALDIA,0.0,0.0,0.0,0.0,0.0,0.0,14
HALDIA BIHAR,1.0,0.0,1.0,1.0,1.0,10.0,10
HALDIBARI,0.0,0.0,0.0,0.0,0.0,0.0,10
HALDIPADA,1.05,0.223607,1.0,1.05,1.81,21.0,20
HALDWANI,4.35,1.926956,5.0,5.25,9.05,87.0,20
HALISAHAR,1.006757,0.082199,1.0,1.0,1.0,149.0,148
HALIYURU,1.0,0.0,1.0,1.0,1.0,6.0,6
HALLIKHED,2.666667,4.082483,1.0,8.5,10.5,16.0,6
HALLIKHERK,1.0,0.0,1.0,1.0,1.0,4.0,4
HALUDPUKUR,1.0,0.0,1.0,1.0,1.0,2.0,2
HALVAD,2.0,0.0,2.0,2.0,2.0,12.0,6
HAMARAPUR,1.0,0.0,1.0,1.0,1.0,5.0,5
HAMILTONGANJ,1.2,0.421637,1.0,2.0,2.0,12.0,10
HAMIR GARH,1.4,0.547723,1.0,2.0,2.0,7.0,5
HAMIRA,1.6,0.516398,2.0,2.0,2.0,16.0,10
HAMIRATTI PH,1.0,0.0,1.0,1.0,1.0,11.0,11
HAMIRPUR ROA,2.0,0.0,2.0,2.0,2.0,12.0,6
HAMPAPURA,1.0,0.0,1.0,1.0,1.0,6.0,6
HAMRE,1.0,0.0,1.0,1.0,1.0,16.0,16
HAMSAVARAM,1.25,0.707107,1.0,2.3,2.86,10.0,8
HANAKERE,1.1,0.316228,1.0,1.55,1.91,11.0,10
HANDAPA,2.0,0.0,2.0,2.0,2.0,4.0,2
HANDIA KHAS,1.666667,0.492366,2.0,2.0,2.0,20.0,12
HANSARA,2.0,0.0,2.0,2.0,2.0,4.0,2
HANSDIHA,116.25,328.804653,0.0,604.5,864.9,930.0,8
HANSI,1.722222,0.460889,2.0,2.0,2.0,31.0,18
HANSIAWAS,1.0,0.0,1.0,1.0,1.0,2.0,2
HANSPURA,1.25,0.5,1.0,1.85,1.97,5.0,4
HANUMAN CIRC,1.25,0.5,1.0,1.85,1.97,5.0,4
HANUMANAHALL,1.0,0.0,1.0,1.0,1.0,10.0,10
HANUMANGARH,13.678571,16.613367,10.0,52.75,65.0,383.0,28
HANWANT,1.25,0.452267,1.0,2.0,2.0,15.0,12
HAPA,49.952381,251.630902,2.0,34.4,1428.0,3147.0,63
HAPUR JN.,7.15493,11.381248,5.0,27.5,52.0,508.0,71
HARANGUL,1.0,0.0,1.0,1.0,1.0,5.0,5
HARAUNI,1.0,0.0,1.0,1.0,1.0,28.0,28
HARCHANDPUR,1.083333,0.28233,1.0,1.85,2.0,26.0,24
HARDA,2.0,0.0,2.0,2.0,2.0,116.0,58
HARDAS BIGHA,1.0,0.0,1.0,1.0,1.0,5.0,5
HARDATTPUR F,1.555556,0.527046,2.0,2.0,2.0,14.0,9
HARDOI,3.277778,1.980342,2.0,5.0,7.9,236.0,72
HARDORAWAL,1.0,0.0,1.0,1.0,1.0,8.0,8
HARDUA,2.0,0.0,2.0,2.0,2.0,12.0,6
HARDUAGANJ,1.625,0.517549,2.0,2.0,2.0,13.0,8
HARHAR FATEH,1.0,0.0,1.0,1.0,1.0,10.0,10
HARI PAL,0.969231,0.174036,1.0,1.0,1.0,63.0,65
HARI SHANKAR,2.25,1.125463,2.0,5.0,5.0,36.0,16
HARICHANDANP,1.333333,0.516398,1.0,2.0,2.0,8.0,6
HARIDAS PUR,1.0,0.0,1.0,1.0,1.0,7.0,7
HARIDWAR JN,50.180723,187.90768,5.0,60.0,1129.5,4165.0,83
HARIHAR JN.,2.264151,1.607087,2.0,5.0,7.4,120.0,53
HARINAGAR,2.0,0.0,2.0,2.0,2.0,52.0,26
HARIPAD,1.0,0.0,1.0,1.0,1.0,32.0,32
HARIPUR,1.571429,0.534522,2.0,2.0,2.0,11.0,7
HARIPUR GRAM,1.0,0.0,1.0,1.0,1.0,14.0,14
HARISCHANDRA,1.0,0.0,1.0,1.0,1.0,6.0,6
HARISH NAGAR,1.0,0.0,1.0,1.0,1.0,37.0,37
HARISHCHANDR,1.96875,0.176777,2.0,2.0,2.0,63.0,32
HARISHDADPUR,1.0,0.0,1.0,1.0,1.0,6.0,6
HARISING,1.0,,1.0,1.0,1.0,1.0,1
HARISINGA,1.0,0.0,1.0,1.0,1.0,14.0,14
HARKIA KHAL,1.166667,0.408248,1.0,1.75,1.95,7.0,6
HARLA PUR,1.0,0.0,1.0,1.0,1.0,2.0,2
HARMUTI,2.642857,1.081818,2.0,5.0,5.0,37.0,14
HARNAUT,1.75,0.447214,2.0,2.0,2.0,28.0,16
HARPALGANJ,1.0,0.0,1.0,1.0,1.0,8.0,8
HARPALPUR,1.9375,0.25,2.0,2.0,2.0,31.0,16
HARPALU,1.1,0.316228,1.0,1.55,1.91,11.0,10
HARPUR BOCHA,1.0,0.0,1.0,1.0,1.0,9.0,9
HARPUR NAG,1.0,0.0,1.0,1.0,1.0,7.0,7
HARRAD,1.833333,0.383482,2.0,2.0,2.0,33.0,18
HARRAWALA,2.0,0.0,2.0,2.0,2.0,10.0,5
HARRI,1.8,0.421637,2.0,2.0,2.0,18.0,10
HARSANA KALA,1.0,0.0,1.0,1.0,1.0,21.0,21
HARSAR DEHRI,2.0,0.0,2.0,2.0,2.0,28.0,14
HARSAULI,1.1,0.316228,1.0,1.55,1.91,11.0,10
HARSINGHPUR,1.0,0.0,1.0,1.0,1.0,6.0,6
HARTHALA,1.5,0.83666,1.0,2.75,2.95,9.0,6
HARUA ROAD,1.0,0.0,1.0,1.0,1.0,44.0,44
HARUBERA,1.0,0.0,1.0,1.0,1.0,4.0,4
HARWADA,1.0,0.0,1.0,1.0,1.0,4.0,4
HASANABAD,356.431818,482.52222,0.0,1260.25,1368.14,15683.0,44
HASANBAZAR H,1.0,0.0,1.0,1.0,1.0,8.0,8
HASANPARTI R,1.1,0.316228,1.0,1.55,1.91,11.0,10
HASANPUR ROA,2.0,0.0,2.0,2.0,2.0,36.0,18
HASIMARA,1.5,0.512989,1.5,2.0,2.0,30.0,20
HASSAN JN.,3.538462,3.396831,2.0,10.0,13.75,92.0,26
HASTAVARAMU,1.0,0.0,1.0,1.0,1.0,4.0,4
HATHBANDH,1.555556,0.51131,2.0,2.0,2.0,28.0,18
HATHIDAH JN,1.722222,0.610293,2.0,2.0,2.87,124.0,72
HATHIGADH,1.0,0.0,1.0,1.0,1.0,4.0,4
HATHRAS CITY,2.333333,0.922266,2.0,5.0,5.0,70.0,30
HATHRAS JN.,2.266667,1.362891,2.0,5.0,5.0,68.0,30
HATHRAS QILA,0.0,0.0,0.0,0.0,0.0,0.0,4
HATHRAS ROAD,1.3,0.483046,1.0,2.0,2.0,13.0,10
HATHUA,1.875,0.341565,2.0,2.0,2.0,30.0,16
HATHURAN,1.285714,0.468807,1.0,2.0,2.0,18.0,14
HATI,1.5,0.57735,1.5,2.0,2.0,6.0,4
HATIA,35.744681,190.240062,0.0,10.0,850.6,1680.0,47
HATIBARI,2.0,0.0,2.0,2.0,2.0,4.0,2
HATIKHALI,1.0,0.0,1.0,1.0,1.0,2.0,2
HATKANANGALE,1.291667,0.550033,1.0,2.0,2.77,31.0,24
HATNAPUR,1.333333,0.57735,1.0,1.9,1.98,4.0,3
HATPURAINI H,1.0,0.0,1.0,1.0,1.0,12.0,12
HATTA ROAD,2.0,0.0,2.0,2.0,2.0,24.0,12
HATUNDI,1.0,0.0,1.0,1.0,1.0,2.0,2
HATWAR,1.0,0.0,1.0,1.0,1.0,6.0,6
HAUR,1.0,0.0,1.0,1.0,1.0,58.0,58
HAVERI,1.88,0.593846,2.0,2.0,3.53,94.0,50
HAZARIBAGH R,1.967742,0.752058,2.0,2.0,4.1,61.0,31
HAZARIBAGH T,5.0,0.0,5.0,5.0,5.0,20.0,4
HAZRAT NIZAM,22.493976,135.840814,0.0,25.0,751.8,5601.0,249
HAZRATNAGAR,1.0,0.0,1.0,1.0,1.0,8.0,8
HBL NAGAR H,1.0,0.0,1.0,1.0,1.0,6.0,6
HEBBAL,1.666667,1.21106,1.0,3.5,3.9,10.0,6
HEBSUR,1.0,0.0,1.0,1.0,1.0,8.0,8
HEELALIGE,1.0,0.0,1.0,1.0,1.0,10.0,10
HEGGERE,1.0,0.0,1.0,1.0,1.0,8.0,8
HEHEGARA HAL,1.0,0.0,1.0,1.0,1.0,8.0,8
HEJJALA,1.058824,0.242536,1.0,1.2,1.84,18.0,17
HELAK,1.0,0.0,1.0,1.0,1.0,6.0,6
HELEM,180.75,508.005835,1.0,935.4,1337.48,1446.0,8
HEMPUR,1.75,0.5,2.0,2.0,2.0,7.0,4
HENDEGIR,1.125,0.353553,1.0,1.65,1.93,9.0,8
HER,1.0,0.0,1.0,1.0,1.0,4.0,4
HERIA PH,1.0,0.0,1.0,1.0,1.0,5.0,5
HESALONG  FS,1.0,0.0,1.0,1.0,1.0,3.0,3
HETAMPUR,1.833333,0.408248,2.0,2.0,2.0,11.0,6
HIJLI,1.780488,1.255233,2.0,5.0,5.0,73.0,41
HILARA,1.0,0.0,1.0,1.0,1.0,2.0,2
HILLAR SHAHA,1.0,0.0,1.0,1.0,1.0,20.0,20
HILSA BLOCK,1.9,0.316228,2.0,2.0,2.0,19.0,10
HIMAYATNAGAR,1.058824,0.242536,1.0,1.2,1.84,18.0,17
HIMGIR,1.625,0.517549,2.0,2.0,2.0,13.0,8
HIMMATANA,1.833333,0.389249,2.0,2.0,2.0,22.0,12
HIMMATPURA,1.0,0.0,1.0,1.0,1.0,8.0,8
HIND,1.071429,0.267261,1.0,1.35,1.87,15.0,14
HINDAUN CITY,1.85,0.662164,2.0,2.0,3.83,74.0,40
HINDMOTOR,1.0,0.0,1.0,1.0,1.0,231.0,231
HINDOL ROAD,1.0,0.0,1.0,1.0,1.0,6.0,6
HINDU COLLEG,1.0,0.0,1.0,1.0,1.0,155.0,155
HINDUMALKOTE,1.25,0.46291,1.0,2.0,2.0,10.0,8
HINDUPUR,1.621212,0.601668,2.0,2.0,2.0,107.0,66
HINGANGHAT,1.555556,0.503953,2.0,2.0,2.0,56.0,36
HINGOLI(DECC,1.205882,0.410426,1.0,2.0,2.0,41.0,34
HINOTA RAMBA,2.0,0.0,2.0,2.0,2.0,4.0,2
HINOTIA-PIPA,1.7,0.483046,2.0,2.0,2.0,17.0,10
HIRA NAGAR,1.722222,0.460889,2.0,2.0,2.0,31.0,18
HIRAKUND,2.0,0.0,2.0,2.0,2.0,28.0,14
HIRANGAON,1.0,0.0,1.0,1.0,1.0,8.0,8
HIRAPUR,1.0,0.0,1.0,1.0,1.0,4.0,4
HIRDAGARH,1.375,0.517549,1.0,2.0,2.0,11.0,8
HIRDAMALI,1.75,0.46291,2.0,2.0,2.0,14.0,8
HIREHALLI,1.0,0.0,1.0,1.0,1.0,14.0,14
HIRENANDURU,1.166667,0.389249,1.0,2.0,2.0,14.0,12
HIRISAVE,1.0,0.0,1.0,1.0,1.0,4.0,4
HIRNAWALI,1.0,0.0,1.0,1.0,1.0,7.0,7
HIRNODA,1.0,0.0,1.0,1.0,1.0,8.0,8
HIRODIH,1.5,0.547723,1.5,2.0,2.0,9.0,6
HISAR JN,35.827586,183.65415,5.0,50.0,644.05,2078.0,58
HISVAHAL,1.0,0.0,1.0,1.0,1.0,4.0,4
HITECH CITY,1.0,0.0,1.0,1.0,1.0,108.0,108
HITNAL H,1.0,0.0,1.0,1.0,1.0,2.0,2
HODAL,1.166667,0.383482,1.0,2.0,2.0,21.0,18
HOGLAHALT E,1.0,0.0,1.0,1.0,1.0,55.0,55
HOJAI,2.152174,1.397894,2.0,4.25,7.75,99.0,46
HOL,1.75,0.957427,1.5,2.85,2.97,7.0,4
HOLALKERE,1.0,0.0,1.0,1.0,1.0,10.0,10
HOLAMBI KALA,1.0,0.0,1.0,1.0,1.0,22.0,22
HOLDING LINE,2.0,0.0,2.0,2.0,2.0,4.0,2
HOLE-ALUR,1.142857,0.363137,1.0,2.0,2.0,16.0,14
HOLENARSIPUR,1.5,0.514496,1.5,2.0,2.0,27.0,18
HOMBAL,1.0,0.0,1.0,1.0,1.0,8.0,8
HONAGANAHALL,1.0,0.0,1.0,1.0,1.0,5.0,5
HONNAVALLI R,1.0,0.0,1.0,1.0,1.0,12.0,12
HONNAVAR,1.625,0.5,2.0,2.0,2.0,26.0,16
HOODI,1.0,0.0,1.0,1.0,1.0,25.0,25
HOOGHLY,1.0,0.0,1.0,1.0,1.0,143.0,143
HOOGHLY GHAT,1.0,0.0,1.0,1.0,1.0,45.0,45
HOSA AGRAHAR,1.0,0.0,1.0,1.0,1.0,8.0,8
HOSDURGA ROA,1.25,0.866025,1.0,2.35,3.67,15.0,12
HOSHANGABAD,2.0,0.0,2.0,2.0,2.0,100.0,50
HOSHIARPUR,0.0,0.0,0.0,0.0,0.0,0.0,16
HOSPET JN.,3.192308,1.918734,3.5,5.0,5.0,83.0,26
HOSUR,35.172414,125.304506,2.0,288.8,490.8,1020.0,29
HOTAR,1.017857,0.133631,1.0,1.0,1.45,57.0,56
HOTGI JN.,3.071429,4.135918,2.0,10.45,18.65,86.0,28
HOWRAH JN.,33.187411,181.700281,0.0,20.0,1155.7,23198.0,699
HRIDAYPUR,1.007194,0.084819,1.0,1.0,1.0,140.0,139
HUBLI EAST C,1.0,0.0,1.0,1.0,1.0,2.0,2
HUBLI JN.,42.559633,201.732791,5.0,20.0,1097.6,4639.0,109
HUBLI SOUTH,1.0,0.0,1.0,1.0,1.0,2.0,2
HUGRAJULI,1.0,0.0,1.0,1.0,1.0,12.0,12
HULKOTI,1.1,0.316228,1.0,1.55,1.91,11.0,10
HUMMA,1.0,0.0,1.0,1.0,1.0,10.0,10
HUMNABAD,0.666667,0.516398,1.0,1.0,1.0,4.0,6
HUNSENAHALLI,1.0,0.0,1.0,1.0,1.0,4.0,4
HUNSIHADGIL,1.285714,0.48795,1.0,2.0,2.0,9.0,7
HUPPUGUDA,1.0,0.0,1.0,1.0,1.0,101.0,101
HURMUJPUR (H,1.076923,0.27735,1.0,1.4,1.88,14.0,13
HUSAINPUR,1.75,0.452267,2.0,2.0,2.0,21.0,12
HYDERABAD DE,2.711864,26.815642,0.0,0.0,24.9,320.0,118
IB,1.5,0.534522,1.5,2.0,2.0,12.0,8
IBRAHIMPUR H,1.0,0.0,1.0,1.0,1.0,5.0,5
ICHAULI,2.0,0.0,2.0,2.0,2.0,8.0,4
ICHCHA PURAM,1.764706,0.430562,2.0,2.0,2.0,60.0,34
ICHCHANGADU,1.0,0.0,1.0,1.0,1.0,6.0,6
ICHHAPUR,1.0,0.0,1.0,1.0,1.0,188.0,188
IDALHOND H,1.625,1.407886,1.0,3.95,4.79,13.0,8
IDAPPALLI,1.058824,0.242536,1.0,1.2,1.84,18.0,17
IDGAH,4.945946,10.066297,2.0,30.0,42.8,183.0,37
IGATPURI,5.330189,2.31649,5.0,5.0,15.0,565.0,106
IKDORI,2.0,0.0,2.0,2.0,2.0,8.0,4
IKKAR HALT,1.777778,0.440959,2.0,2.0,2.0,16.0,9
IKLEHRA,1.5,0.534522,1.5,2.0,2.0,12.0,8
IKRAN,1.0,0.0,1.0,1.0,1.0,12.0,12
ILLOO,1.0,0.0,1.0,1.0,1.0,3.0,3
IMLI,2.0,0.0,2.0,2.0,2.0,24.0,12
INCHHAPURI,1.0,0.0,1.0,1.0,1.0,18.0,18
INDALVAI,1.0,0.0,1.0,1.0,1.0,10.0,10
INDAPUR,1.0,0.0,1.0,1.0,1.0,4.0,4
INDARA JN.,1.875,1.244217,2.0,5.0,5.0,75.0,40
INDAS PH,1.0,0.0,1.0,1.0,1.0,9.0,9
INDEMAU,1.0,0.0,1.0,1.0,1.0,6.0,6
INDI ROAD,1.5,1.14208,1.0,4.55,5.0,36.0,24
INDIA PAPER,1.0,0.0,1.0,1.0,1.0,12.0,12
INDORE BG,25.425532,148.098448,0.0,6.75,688.85,2390.0,94
INDRABIL,1.0,0.0,1.0,1.0,1.0,21.0,21
INDRAGARH SU,1.852941,0.359491,2.0,2.0,2.0,63.0,34
INDUPALLI,1.0,0.0,1.0,1.0,1.0,17.0,17
INGORALA,1.0,0.0,1.0,1.0,1.0,4.0,4
INGUR,1.0,0.0,1.0,1.0,1.0,7.0,7
INNANJE,1.833333,2.041241,1.0,4.75,5.75,11.0,6
INTEKANNE,1.0,0.0,1.0,1.0,1.0,10.0,10
INTIYATHOK,2.0,0.0,2.0,2.0,2.0,16.0,8
IQBAL GADH,1.166667,0.408248,1.0,1.75,1.95,7.0,6
IQBALPUR,1.8,0.421637,2.0,2.0,2.0,18.0,10
IRADATGANJ,2.0,0.0,2.0,2.0,2.0,6.0,3
IRANAGALU,1.0,0.0,1.0,1.0,1.0,2.0,2
IRAVIPURAM H,1.0,0.0,1.0,1.0,1.0,8.0,8
IRGAON P.H.,1.0,0.0,1.0,1.0,1.0,7.0,7
IRINGAL HALT,1.0,0.0,1.0,1.0,1.0,8.0,8
IRINJALAKUDA,1.021739,0.147442,1.0,1.0,1.55,47.0,46
IRUGUR,1.0,0.0,1.0,1.0,1.0,10.0,10
ISAND,1.5,0.707107,1.5,1.95,1.99,3.0,2
ISARDA,1.75,0.46291,2.0,2.0,2.0,14.0,8
ISARWARA,2.0,0.0,2.0,2.0,2.0,16.0,8
ISHANAGAR,2.0,0.0,2.0,2.0,2.0,4.0,2
ISHAPUR KHER,1.0,0.0,1.0,1.0,1.0,4.0,4
ISHARDASPUR,1.0,0.0,1.0,1.0,1.0,4.0,4
ISIVI,1.0,0.0,1.0,1.0,1.0,2.0,2
ISLAMPUR,0.0,0.0,0.0,0.0,0.0,0.0,10
ISMAILA HARY,1.037037,0.19245,1.0,1.0,1.74,28.0,27
ISMAILPUR,1.0,0.0,1.0,1.0,1.0,12.0,12
ISRANA HALT,1.0,0.0,1.0,1.0,1.0,10.0,10
ITARSI,15.147766,84.422228,10.0,15.0,26.0,4408.0,291
ITEHAR,2.0,0.0,2.0,2.0,2.0,12.0,6
ITIKYALA,1.0,0.0,1.0,1.0,1.0,6.0,6
ITKY PH,1.0,0.0,1.0,1.0,1.0,8.0,8
ITOLA,1.133333,0.351866,1.0,2.0,2.0,17.0,15
ITWARI JN.,0.46875,0.841825,0.0,2.0,2.0,15.0,32
IZZATNAGAR J,2.4,1.037238,2.0,5.0,5.0,72.0,30
JABALPUR,11.921348,69.351593,10.0,10.0,10.0,2122.0,178
JABRI,1.166667,0.408248,1.0,1.75,1.95,7.0,6
JABUGAM,1.0,0.0,1.0,1.0,1.0,8.0,8
JADABPUR,1.004608,0.067884,1.0,1.0,1.0,218.0,217
JADARAMA KUN,1.142857,0.377964,1.0,1.7,1.94,8.0,7
JADCHARLA,1.25641,0.442359,1.0,2.0,2.0,49.0,39
JADOLI KA BA,1.0,0.0,1.0,1.0,1.0,6.0,6
JAFARGANJ,1.0,0.0,1.0,1.0,1.0,4.0,4
JAGADAL,1.0,0.0,1.0,1.0,1.0,158.0,158
JAGADALPUR,6.0,10.219806,0.0,25.0,25.0,60.0,10
JAGADHRI WOR,1.567568,0.502247,2.0,2.0,2.0,58.0,37
JAGADISPUR,1.0,0.0,1.0,1.0,1.0,10.0,10
JAGAN NATHAP,1.0,0.0,1.0,1.0,1.0,10.0,10
JAGANNATH JI,1.5,0.57735,1.5,2.0,2.0,6.0,4
JAGANNATH TE,1.0,0.0,1.0,1.0,1.0,8.0,8
JAGATBELA,2.0,0.0,2.0,2.0,2.0,18.0,9
JAGDEVWALA,1.5,0.547723,1.5,2.0,2.0,9.0,6
JAGDISHPUR,1.0,0.0,1.0,1.0,1.0,10.0,10
JAGESHARGANJ,1.0,0.0,1.0,1.0,1.0,10.0,10
JAGGAMBHOTLA,1.0,0.0,1.0,1.0,1.0,10.0,10
JAGI ROAD,2.457143,1.80429,2.0,5.0,9.62,86.0,35
JAGITYAL,0.333333,0.516398,0.0,1.0,1.0,2.0,6
JAGJVAN HALT,1.0,0.0,1.0,1.0,1.0,7.0,7
JAGRAON,1.833333,0.383482,2.0,2.0,2.0,33.0,18
JAGUDAN,1.5,0.522233,1.5,2.0,2.0,18.0,12
JAHANABAD  C,1.0,0.0,1.0,1.0,1.0,11.0,11
JAHANGIRABAD,2.0,0.0,2.0,2.0,2.0,8.0,4
JAHANIKHERA,1.75,0.5,2.0,2.0,2.0,7.0,4
JAI JAI WANT,1.0,0.0,1.0,1.0,1.0,14.0,14
JAIJON DOABA,0.0,0.0,0.0,0.0,0.0,0.0,6
JAINTIPURA,2.0,0.0,2.0,2.0,2.0,28.0,14
JAIPUR JN.,18.186813,110.184467,10.0,15.0,261.6,3310.0,182
JAIRAMNAGAR,1.653846,0.485165,2.0,2.0,2.0,43.0,26
JAIS,1.384615,0.496139,1.0,2.0,2.0,36.0,26
JAISALMER,72.352941,246.431517,0.0,381.0,880.2,1230.0,17
JAISINDER,2.0,0.0,2.0,2.0,2.0,4.0,2
JAITHARI,1.833333,0.389249,2.0,2.0,2.0,22.0,12
JAITIPUR,1.0,0.0,1.0,1.0,1.0,28.0,28
JAITPUR KALA,1.0,0.0,1.0,1.0,1.0,2.0,2
JAITPURA,1.0,0.0,1.0,1.0,1.0,2.0,2
JAITSAR,1.888889,0.333333,2.0,2.0,2.0,17.0,9
JAITWAR,1.833333,0.383482,2.0,2.0,2.0,33.0,18
JAJANPATTI,1.0,0.0,1.0,1.0,1.0,6.0,6
JAJAU,1.333333,0.516398,1.0,2.0,2.0,8.0,6
JAJIWAL,1.0,0.0,1.0,1.0,1.0,8.0,8
JAJPUR KEONJ,2.058824,0.755489,2.0,2.0,5.0,210.0,102
JAKANUR H,1.0,0.0,1.0,1.0,1.0,2.0,2
JAKHAL JN.,5.963636,7.015759,5.0,16.5,31.5,328.0,55
JAKHALABANDH,1.75,0.5,2.0,2.0,2.0,7.0,4
JAKHANIAN,1.72,0.458258,2.0,2.0,2.0,43.0,25
JAKHAPURA JN,2.769231,2.74329,1.0,7.0,9.4,36.0,13
JAKHAURA,2.0,0.0,2.0,2.0,2.0,12.0,6
JAKHIM,1.166667,0.383482,1.0,2.0,2.0,21.0,18
JAKHLAUN,2.0,0.0,2.0,2.0,2.0,24.0,12
JAKHOD KHERA,1.8,0.421637,2.0,2.0,2.0,18.0,10
JAKHVADA,2.0,0.0,2.0,2.0,2.0,14.0,7
JAKKALACHERU,1.0,0.0,1.0,1.0,1.0,2.0,2
JAKLAIR,0.0,0.0,0.0,0.0,0.0,0.0,2
JAKOLARI,1.916667,0.288675,2.0,2.0,2.0,23.0,12
JAKPUR,1.041667,0.288675,1.0,1.0,2.06,50.0,48
JAKSI,2.0,0.0,2.0,2.0,2.0,8.0,4
JALALABAD,2.0,0.0,2.0,2.0,2.0,24.0,12
JALALGANJ,1.24,0.597216,1.0,2.8,3.0,31.0,25
JALALGARH,2.0,0.0,2.0,2.0,2.0,30.0,15
JALALKHALI H,1.0,0.0,1.0,1.0,1.0,15.0,15
JALALPUR,1.5,0.534522,1.5,2.0,2.0,12.0,8
JALALPUR-DHA,1.375,0.517549,1.0,2.0,2.0,11.0,8
JALALPUR-PAN,1.0,0.0,1.0,1.0,1.0,7.0,7
JALALSI PH,1.0,0.0,1.0,1.0,1.0,6.0,6
JALAMB JN.,1.5,0.514496,1.5,2.0,2.0,27.0,18
JALANDHAR CA,3.718519,2.538221,3.0,5.0,8.3,502.0,135
JALANDHAR CI,4.35,5.093096,5.0,10.0,25.0,696.0,160
JALESAR CITY,1.25,0.5,1.0,1.85,1.97,5.0,4
JALESAR ROAD,1.4,0.516398,1.0,2.0,2.0,14.0,10
JALESWAR,1.326531,0.554818,1.0,2.0,2.52,65.0,49
JALGAON JN.,13.537931,119.150291,2.0,5.0,20.0,1963.0,145
JALIADEWANI,1.0,0.0,1.0,1.0,1.0,6.0,6
JALILA ROAD,1.0,0.0,1.0,1.0,1.0,8.0,8
JALINDRI,1.0,0.0,1.0,1.0,1.0,2.0,2
JALIYA,1.0,0.0,1.0,1.0,1.0,4.0,4
JALNA,14.865672,106.676642,2.0,2.0,300.8,996.0,67
JALOR,5.25,3.519427,3.0,10.0,10.0,63.0,12
JALPAIGURI,2.6,1.264911,2.0,5.0,5.0,26.0,10
JALPAIGURI R,1.769231,0.429669,2.0,2.0,2.0,46.0,26
JALPUR  HALT,1.0,0.0,1.0,1.0,1.0,9.0,9
JALSU,1.25,0.46291,1.0,2.0,2.0,10.0,8
JALSU NANAK,1.125,0.353553,1.0,1.65,1.93,9.0,8
JAM JODHPUR,1.0,0.0,1.0,1.0,1.0,6.0,6
JAMA,1.0,0.0,1.0,1.0,1.0,8.0,8
JAMADOBA PH,1.0,0.0,1.0,1.0,1.0,10.0,10
JAMAI-OSMANI,1.0,0.0,1.0,1.0,1.0,99.0,99
JAMALPUR JN.,80.010101,241.140635,5.0,736.8,1165.0,7921.0,99
JAMALPUR SHA,1.333333,0.492366,1.0,2.0,2.0,16.0,12
JAMBARA,1.333333,0.516398,1.0,2.0,2.0,8.0,6
JAMBHALI  HA,1.0,0.0,1.0,1.0,1.0,4.0,4
JAMBUR,1.0,0.0,1.0,1.0,1.0,4.0,4
JAMDHA,2.0,0.0,2.0,2.0,2.0,12.0,6
JAMES STREET,1.0,0.0,1.0,1.0,1.0,68.0,68
JAMGA,1.625,0.517549,2.0,2.0,2.0,13.0,8
JAMGURI,1.5,0.57735,1.5,2.0,2.0,6.0,4
JAMIKUNTA,1.111111,0.320256,1.0,2.0,2.0,30.0,27
JAMIRA,1.0,0.0,1.0,1.0,1.0,2.0,2
JAMIRA HALT,1.0,0.0,1.0,1.0,1.0,8.0,8
JAMIRGHATA,1.0,0.0,1.0,1.0,1.0,8.0,8
JAMMALAMADUG,1.0,0.0,1.0,1.0,1.0,6.0,6
JAMMU TAWI,16.165138,86.579712,0.0,25.0,278.4,1762.0,109
JAMNAGAR,3.381818,2.164451,5.0,5.0,7.84,186.0,55
JAMSAR,1.666667,0.516398,2.0,2.0,2.0,10.0,6
JAMTARA,1.184211,0.392859,1.0,2.0,2.0,45.0,38
JAMUA,2.0,0.0,2.0,2.0,2.0,8.0,4
JAMUI,2.04,1.484065,2.0,2.0,7.1,102.0,50
JAMUNAMUKH,1.5,0.534522,1.5,2.0,2.0,12.0,8
JAMUNIATANR,1.333333,0.516398,1.0,2.0,2.0,8.0,6
JAMWALA,1.0,0.0,1.0,1.0,1.0,4.0,4
JAMWANTHALI,1.3,0.483046,1.0,2.0,2.0,13.0,10
JANAI ROAD,1.0,0.0,1.0,1.0,1.0,71.0,71
JANAKINAGAR,181.5,507.702669,2.0,935.4,1337.48,1452.0,8
JANAKPUR ROA,2.0,0.0,2.0,2.0,2.0,44.0,22
JANDIALA,1.944444,0.235702,2.0,2.0,2.0,35.0,18
JANDRAPETA H,1.0,0.0,1.0,1.0,1.0,14.0,14
JANGAON,1.054054,0.404554,1.0,2.0,2.0,39.0,37
JANGHAI JN.,2.711538,2.823824,2.0,5.0,14.39,141.0,52
JANGIGANJ,1.555556,0.527046,2.0,2.0,2.0,14.0,9
JANGIPUR ROA,1.0,0.359211,1.0,1.45,2.0,32.0,32
JANIYANA,1.0,0.0,1.0,1.0,1.0,5.0,5
JANKAMPET JN,1.0,0.0,1.0,1.0,1.0,18.0,18
JANKIDAIPUR,1.0,0.0,1.0,1.0,1.0,14.0,14
JANNAGHATTA,1.0,0.0,1.0,1.0,1.0,4.0,4
JANWAL,1.1,0.316228,1.0,1.55,1.91,11.0,10
JAPLA,1.444444,0.983524,1.0,2.45,4.49,26.0,18
JARAIKELA,1.0,0.0,1.0,1.0,1.0,8.0,8
JARANDESHWAR,1.0,0.0,1.0,1.0,1.0,6.0,6
JARANGDIH,1.333333,0.516398,1.0,2.0,2.0,8.0,6
JARAPADA,2.0,0.0,2.0,2.0,2.0,8.0,4
JARATI,1.0,0.0,1.0,1.0,1.0,2.0,2
JARAUDA NARA,1.071429,0.267261,1.0,1.35,1.87,15.0,14
JARAUNA,1.0,0.0,1.0,1.0,1.0,4.0,4
JARGAON,1.4,0.516398,1.0,2.0,2.0,14.0,10
JARI,1.5,0.57735,1.5,2.0,2.0,6.0,4
JAROLI,2.75,1.5,2.0,4.55,4.91,11.0,4
JARWAL ROAD,2.0,0.0,2.0,2.0,2.0,48.0,24
JASAI,2.0,0.0,2.0,2.0,2.0,4.0,2
JASALI,2.0,0.0,2.0,2.0,2.0,4.0,2
JASHAPUR,1.0,0.0,1.0,1.0,1.0,6.0,6
JASIA  HALT,1.0,0.0,1.0,1.0,1.0,6.0,6
JASIDIH JN.,114.858974,316.90887,4.0,1012.5,1304.0,17918.0,156
JASODA,1.428571,0.534522,1.0,2.0,2.0,10.0,7
JASRA,2.0,0.0,2.0,2.0,2.0,8.0,4
JASSOWAL HAL,1.4,0.516398,1.0,2.0,2.0,14.0,10
JASWANTNAGAR,1.333333,0.492366,1.0,2.0,2.0,16.0,12
JATAULA JORI,1.0,0.0,1.0,1.0,1.0,18.0,18
JATDUMRI HAL,1.0,0.0,1.0,1.0,1.0,14.0,14
JATH ROAD,1.25,0.46291,1.0,2.0,2.0,10.0,8
JATINGA,3.5,2.12132,3.5,4.85,4.97,7.0,2
JATKANHAR,1.235294,0.437237,1.0,2.0,2.0,21.0,17
JATUSANA,1.625,0.5,2.0,2.0,2.0,26.0,16
JATWARA,1.0,0.0,1.0,1.0,1.0,4.0,4
JAUGRAM,1.0,0.0,1.0,1.0,1.0,54.0,54
JAULKA HALT,1.0,0.0,1.0,1.0,1.0,6.0,6
JAULKHERA,1.0,0.0,1.0,1.0,1.0,4.0,4
JAUNPUR CITY,2.096774,0.70023,2.0,4.0,4.0,65.0,31
JAUNPUR JN.,3.757576,4.816831,2.0,9.5,26.75,248.0,66
JAVALE,1.0,0.0,1.0,1.0,1.0,4.0,4
JAWAD ROAD,1.4,0.507093,1.0,2.0,2.0,21.0,15
JAWAHAR NAGA,1.0,0.0,1.0,1.0,1.0,6.0,6
JAWAHARPUR K,1.0,0.0,1.0,1.0,1.0,4.0,4
JAWAI BANDH,1.85,0.366348,2.0,2.0,2.0,37.0,20
JAWALAMUKHI,1.714286,0.726273,2.0,2.0,2.0,24.0,14
JAWALI,1.333333,0.516398,1.0,2.0,2.0,8.0,6
JAWANWALA SH,2.0,0.0,2.0,2.0,2.0,28.0,14
JAYASINGPUR,1.111111,0.323381,1.0,2.0,2.0,20.0,18
JAYNAGAR,105.789474,326.10628,0.0,887.25,1296.75,4020.0,38
JAYNAGAR MAJ,1.017857,0.133631,1.0,1.0,1.45,57.0,56
JEHANABAD,2.205882,1.094875,2.0,5.0,5.0,75.0,34
JEJURI,1.1,0.316228,1.0,1.55,1.91,11.0,10
JEKOT,1.25,0.46291,1.0,2.0,2.0,10.0,8
JENAL,1.75,0.5,2.0,2.0,2.0,7.0,4
JENAPUR,1.0,0.0,1.0,1.0,1.0,7.0,7
JENAPUR ROAD,1.0,0.0,1.0,1.0,1.0,14.0,14
JEONARA,1.2,0.447214,1.0,1.8,1.96,6.0,5
JEONATHPUR,1.0,0.0,1.0,1.0,1.0,4.0,4
JERTHI DADHI,1.0,0.0,1.0,1.0,1.0,2.0,2
JERUWAKHERA,2.0,0.0,2.0,2.0,2.0,18.0,9
JETALSAR JN,118.259259,330.709795,5.0,1004.5,1209.8,3193.0,27
JETALVAD,1.0,0.0,1.0,1.0,1.0,6.0,6
JETHA CHANDA,2.0,0.0,2.0,2.0,2.0,4.0,2
JETHA HALT,1.222222,0.440959,1.0,2.0,2.0,11.0,9
JETHI,1.0,0.0,1.0,1.0,1.0,6.0,6
JETHIAN,1.25,0.5,1.0,1.85,1.97,5.0,4
JETHUKE,1.5,0.547723,1.5,2.0,2.0,9.0,6
JETPUR,1.0,0.0,1.0,1.0,1.0,4.0,4
JEUR,1.55,0.510418,2.0,2.0,2.0,31.0,20
JEYPORE (ORI,2.5,1.080123,2.0,4.55,4.91,25.0,10
JHABELWALI,1.0,0.0,1.0,1.0,1.0,9.0,9
JHADUPUDI,1.0,0.0,1.0,1.0,1.0,7.0,7
JHAGADIYA JN,1.0,0.0,1.0,1.0,1.0,2.0,2
JHAJHA,5.333333,2.925828,5.0,10.0,10.0,608.0,114
JHALAWAR CIT,0.0,0.0,0.0,0.0,0.0,0.0,6
JHALAWAR ROA,1.714286,0.468807,2.0,2.0,2.0,24.0,14
JHALIDA,38.868421,233.103523,1.0,2.0,906.68,1477.0,38
JHALRA  HALT,1.0,0.0,1.0,1.0,1.0,2.0,2
JHALUARBAR,1.0,0.0,1.0,1.0,1.0,6.0,6
JHALWARA,1.75,0.46291,2.0,2.0,2.0,14.0,8
JHAMAT (HALT,1.0,0.0,1.0,1.0,1.0,10.0,10
JHAMATPUR BA,1.0,0.0,1.0,1.0,1.0,24.0,24
JHANKAD SARA,1.0,0.0,1.0,1.0,1.0,6.0,6
JHANSI A CAB,2.0,,2.0,2.0,2.0,2.0,1
JHANSI JN,15.247967,90.681904,10.0,15.0,25.0,3751.0,246
JHANTIPAHARI,1.08,0.276887,1.0,1.8,2.0,27.0,25
JHAPANDANGA,1.0,0.0,1.0,1.0,1.0,54.0,54
JHAPATERDHAL,1.0,0.0,1.0,1.0,1.0,19.0,19
JHARGRAM,0.886364,0.841259,1.0,2.0,2.0,39.0,44
JHARKHANDI F,2.0,0.0,2.0,2.0,2.0,34.0,17
JHARLI,1.6875,0.478714,2.0,2.0,2.0,27.0,16
JHAROKHAS,1.75,0.5,2.0,2.0,2.0,7.0,4
JHARRADIH,1.5,0.522233,1.5,2.0,2.0,18.0,12
JHARSUGUDA J,6.935484,7.991603,5.0,20.0,38.85,860.0,124
JHARSUGUDA R,2.0,1.632993,1.0,5.0,5.0,20.0,10
JHARWASA,1.0,0.0,1.0,1.0,1.0,2.0,2
JHAUA,1.7,0.483046,2.0,2.0,2.0,17.0,10
JHAWAR HALT,1.0,0.0,1.0,1.0,1.0,12.0,12
JHEJHAR,2.285714,1.253566,2.0,4.1,4.82,16.0,7
JHILAHI,2.0,0.0,2.0,2.0,2.0,8.0,4
JHILO,1.0,0.0,1.0,1.0,1.0,6.0,6
JHIMRI,1.0,0.0,1.0,1.0,1.0,3.0,3
JHINGURA,1.0,0.0,1.0,1.0,1.0,8.0,8
JHINJHAK,1.636364,0.726731,2.0,2.0,3.58,36.0,22
JHINKPANI,1.0,0.0,1.0,1.0,1.0,6.0,6
JHIR,1.0,0.0,1.0,1.0,1.0,4.0,4
JHITKIA,1.0,0.0,1.0,1.0,1.0,8.0,8
JHOK TAHAL S,1.5,0.527046,1.5,2.0,2.0,15.0,10
JHULASAN,1.5,0.522233,1.5,2.0,2.0,18.0,12
JHUNJUNU,2.25,1.164965,2.5,3.65,3.93,18.0,8
JHUNPA,1.0,0.0,1.0,1.0,1.0,10.0,10
JHUSI,1.916667,0.288675,2.0,2.0,2.0,23.0,12
JIADHAL,1.0,0.0,1.0,1.0,1.0,8.0,8
JIAGANJ,1.0,0.0,1.0,1.0,1.0,31.0,31
JIBANTI,1.0,0.0,1.0,1.0,1.0,20.0,20
JIGNA,1.125,0.353553,1.0,1.65,1.93,9.0,8
JIGNI KHAS (,1.333333,0.516398,1.0,2.0,2.0,8.0,6
JIMIDIPETA,1.8,0.421637,2.0,2.0,2.0,18.0,10
JIND CITY,1.6,0.516398,2.0,2.0,2.0,16.0,10
JIND JN,3.114286,5.182308,2.0,14.1,25.17,218.0,70
JINTI ROAD,1.25,0.5,1.0,1.85,1.97,5.0,4
JIRA ROAD,1.0,0.0,1.0,1.0,1.0,4.0,4
JIRADEI,1.928571,0.267261,2.0,2.0,2.0,27.0,14
JIRAT,1.0,0.0,1.0,1.0,1.0,42.0,42
JIRIBAM,1.0,1.414214,1.0,1.9,1.98,2.0,2
JIRIGHAT,1.5,0.707107,1.5,1.95,1.99,3.0,2
JIRINIA,2.0,0.0,2.0,2.0,2.0,12.0,6
JIRON,2.0,0.0,2.0,2.0,2.0,8.0,4
JIRONA HALT,1.0,0.0,1.0,1.0,1.0,4.0,4
JITA KHERI,1.785714,0.425815,2.0,2.0,2.0,25.0,14
JITE,1.0,0.0,1.0,1.0,1.0,8.0,8
JIWA ARAIN,1.0,0.0,1.0,1.0,1.0,10.0,10
JIWDHARA,2.0,0.0,2.0,2.0,2.0,28.0,14
JIYAPURAM HA,1.0,0.0,1.0,1.0,1.0,10.0,10
JMTRA PARASW,1.2,0.447214,1.0,1.8,1.96,6.0,5
JNANA BHARAT,1.0,0.0,1.0,1.0,1.0,14.0,14
JOARA,1.882353,0.332106,2.0,2.0,2.0,32.0,17
JOBA,2.0,0.0,2.0,2.0,2.0,8.0,4
JODHKA,1.166667,0.408248,1.0,1.75,1.95,7.0,6
JODHPUR CANT,1.0,0.0,1.0,1.0,1.0,2.0,2
JODHPUR JN.,31.428571,150.146906,0.0,20.0,824.4,3300.0,105
JOGAL,1.0,0.0,1.0,1.0,1.0,10.0,10
JOGBANI,0.0,0.0,0.0,0.0,0.0,0.0,19
JOGENDRA NAG,1.0,0.0,1.0,1.0,1.0,6.0,6
JOGESWAR BIH,1.166667,0.408248,1.0,1.75,1.95,7.0,6
JOGIARA,2.0,0.0,2.0,2.0,2.0,24.0,12
JOGIDIH,1.25,0.5,1.0,1.85,1.97,5.0,4
JOGIGHOPA,1.0,0.0,1.0,1.0,1.0,8.0,8
JOGIMAGRA,1.5,0.547723,1.5,2.0,2.0,9.0,6
JOGINDER NAG,0.0,0.0,0.0,0.0,0.0,0.0,4
JOGIWALA,1.0,0.0,1.0,1.0,1.0,10.0,10
JOHNA,1.0,0.0,1.0,1.0,1.0,5.0,5
JOJWA,1.125,0.353553,1.0,1.65,1.93,9.0,8
JOLARPETTAI,11.64467,84.374745,2.0,5.0,130.8,2294.0,197
JONEKARANG H,1.0,0.0,1.0,1.0,1.0,8.0,8
JORA ALAPUR,2.0,0.0,2.0,2.0,2.0,12.0,6
JORAI,1.0,0.0,1.0,1.0,1.0,6.0,6
JORAMOW,1.0,0.0,1.0,1.0,1.0,12.0,12
JORANDA ROAD,1.0,0.0,1.0,1.0,1.0,6.0,6
JORAVARNAGAR,1.0,0.0,1.0,1.0,1.0,21.0,21
JORAWASAN,1.0,0.0,1.0,1.0,1.0,15.0,15
JORHAT TOWN,3.1,2.685351,5.0,5.55,5.91,31.0,10
JORKIAN,1.0,0.0,1.0,1.0,1.0,7.0,7
JOTANA,2.0,0.0,2.0,2.0,2.0,8.0,4
JOYCHANDI PA,32.122449,205.205957,2.0,2.0,777.52,1574.0,49
JUBBASAHANI,2.0,0.0,2.0,2.0,2.0,8.0,4
JUCHANDRA,1.0,0.0,1.0,1.0,1.0,12.0,12
JUGAUR,1.0,0.0,1.0,1.0,1.0,21.0,21
JUGIJAN,1.5,0.57735,1.5,2.0,2.0,6.0,4
JUGPURA PH,1.0,0.0,1.0,1.0,1.0,12.0,12
JUHARPURA,1.0,0.0,1.0,1.0,1.0,12.0,12
JUJOMURA,2.0,0.0,2.0,2.0,2.0,8.0,4
JUKEHI,1.818182,0.501081,2.0,2.0,2.79,40.0,22
JULANA,1.333333,0.483046,1.0,2.0,2.0,28.0,21
JULGAON(DECC,1.0,0.0,1.0,1.0,1.0,4.0,4
JULMI,1.333333,0.516398,1.0,2.0,2.0,8.0,6
JUMNAL,1.0,0.0,1.0,1.0,1.0,6.0,6
JUNA RAJUVAD,1.0,0.0,1.0,1.0,1.0,2.0,2
JUNAGADH JN,128.37037,329.391648,5.0,942.0,1194.7,3466.0,27
JUNAGARH ROA,0.0,0.0,0.0,0.0,0.0,0.0,6
JUNETA,1.125,0.353553,1.0,1.65,1.93,9.0,8
JUNG BAHADUR,1.833333,0.408248,2.0,2.0,2.0,11.0,6
JUNICHAVAND,1.0,0.0,1.0,1.0,1.0,4.0,4
JUNNORDEO,1.4,0.516398,1.0,2.0,2.0,14.0,10
JUNONA HALT,1.0,0.0,1.0,1.0,1.0,6.0,6
JURIAGAON,1.0,0.0,1.0,1.0,1.0,2.0,2
JUTOGH,1.166667,0.408248,1.0,1.75,1.95,7.0,6
JUTURU,1.0,0.0,1.0,1.0,1.0,2.0,2
JWALAPUR,1.954545,0.213201,2.0,2.0,2.0,43.0,22
K-CABIN BNDM,1.0,0.0,1.0,1.0,1.0,12.0,12
KABAKA PUTTU,1.25,0.965307,2.0,2.0,2.0,15.0,12
KABRAI,1.666667,0.516398,2.0,2.0,2.0,10.0,6
KACHCHANAVIL,1.0,0.0,1.0,1.0,1.0,12.0,12
KACHEGUDA,27.672043,164.92919,1.0,18.75,1164.25,5147.0,186
KACHERA,1.0,0.0,1.0,1.0,1.0,6.0,6
KACHEWANI,1.3,0.483046,1.0,2.0,2.0,13.0,10
KACHHLA,1.0,0.0,1.0,1.0,1.0,10.0,10
KACHHLA BRID,1.0,0.0,1.0,1.0,1.0,8.0,8
KACHHWA ROAD,1.555556,0.527046,2.0,2.0,2.0,14.0,9
KACHNA,1.125,0.353553,1.0,1.65,1.93,9.0,8
KACHNARA,1.0,0.0,1.0,1.0,1.0,5.0,5
KACHUJOR  FL,1.0,0.0,1.0,1.0,1.0,12.0,12
KADABARI HAT,1.0,0.0,1.0,1.0,1.0,6.0,6
KADAKAVUR,1.0,0.0,1.0,1.0,1.0,22.0,22
KADAKOLA,1.0,0.0,1.0,1.0,1.0,12.0,12
KADALUNDI,1.083333,0.288675,1.0,1.45,1.89,13.0,12
KADAMBATTUR,21.322581,116.749096,1.0,2.2,722.2,1983.0,93
KADAMBUR,1.0,0.0,1.0,1.0,1.0,15.0,15
KADAVAKUDURU,1.0,0.0,1.0,1.0,1.0,14.0,14
KADAYANALLUR,1.1,0.316228,1.0,1.55,1.91,11.0,10
KADETHAN,1.0,0.0,1.0,1.0,1.0,19.0,19
KADI,2.0,0.0,2.0,2.0,2.0,8.0,4
KADIPUR,1.56,0.506623,2.0,2.0,2.0,39.0,25
KADIRI,1.416667,0.514929,1.0,2.0,2.0,17.0,12
KADIYAM,1.3,0.674949,1.0,2.55,2.91,13.0,10
KADLIMATTI H,1.0,0.0,1.0,1.0,1.0,5.0,5
KADUR,2.042553,2.042563,2.0,2.0,10.4,96.0,47
KADUTURUTTY,1.0,0.0,1.0,1.0,1.0,8.0,8
KAFURPUR,1.727273,0.467099,2.0,2.0,2.0,19.0,11
KAGANKARAI,1.0,0.0,1.0,1.0,1.0,8.0,8
KAHALGAON,1.0,0.0,1.0,1.0,1.0,38.0,38
KAHANGARH HA,1.0,0.0,1.0,1.0,1.0,6.0,6
KAHER,1.0,0.0,1.0,1.0,1.0,5.0,5
KAHILIA,1.6,0.516398,2.0,2.0,2.0,16.0,10
KAICHAR,1.0,0.0,1.0,1.0,1.0,2.0,2
KAIKALA,1.015873,0.125988,1.0,1.0,1.38,64.0,63
KAIKALUR,1.121951,0.331295,1.0,2.0,2.0,46.0,41
KAIKORAM,1.111111,0.333333,1.0,1.6,1.92,10.0,9
KAILAHAT,1.6,0.894427,1.0,2.8,2.96,8.0,5
KAILARAS,2.0,0.0,2.0,2.0,2.0,12.0,6
KAILASAPURAM,1.0,0.0,1.0,1.0,1.0,3.0,3
KAILI,1.166667,0.408248,1.0,1.75,1.95,7.0,6
KAILSA,1.727273,0.467099,2.0,2.0,2.0,19.0,11
KAIMA,2.0,0.0,2.0,2.0,2.0,4.0,2
KAIMARAKALAN,2.0,0.0,2.0,2.0,2.0,8.0,4
KAIMGANJ,2.285714,0.82542,2.0,3.7,4.74,32.0,14
KAIPADAR ROA,1.0,0.0,1.0,1.0,1.0,10.0,10
KAIRLA,1.0,0.0,1.0,1.0,1.0,3.0,3
KAITHAL,1.666667,0.492366,2.0,2.0,2.0,20.0,12
KAITHALKUCHI,1.0,0.0,1.0,1.0,1.0,12.0,12
KAIYAR PH,1.0,0.0,1.0,1.0,1.0,9.0,9
KAJGAON,1.166667,0.408248,1.0,1.75,1.95,7.0,6
KAJGAON TERH,1.0,0.0,1.0,1.0,1.0,4.0,4
KAJORA GRAM,1.0,0.0,1.0,1.0,1.0,12.0,12
KAJRA,1.0,0.0,1.0,1.0,1.0,36.0,36
KAJRAT NAWAD,1.214286,0.425815,1.0,2.0,2.0,17.0,14
KAJRI,1.083333,0.288675,1.0,1.45,1.89,13.0,12
KAKAPORA,1.1,0.307794,1.0,2.0,2.0,22.0,20
KAKARGHATTI,2.0,0.0,2.0,2.0,2.0,40.0,20
KAKBARA,1.0,0.0,1.0,1.0,1.0,2.0,2
KAKINADA POR,0.0,0.0,0.0,0.0,0.0,0.0,19
KAKINADA TOW,34.405405,198.645617,1.0,5.0,776.2,1273.0,37
KAKLUR,1.5,0.57735,1.5,2.0,2.0,6.0,4
KAKORI,1.416667,0.514929,1.0,2.0,2.0,17.0,12
KAKRAHA REST,1.0,0.0,1.0,1.0,1.0,8.0,8
KAKRALA HALT,1.666667,0.516398,2.0,2.0,2.0,10.0,6
KAKRI GUMA,4.625,5.040904,2.0,13.25,14.65,37.0,8
KALA AKHAR,1.0,0.0,1.0,1.0,1.0,4.0,4
KALA BAKRA,1.666667,0.516398,2.0,2.0,2.0,10.0,6
KALA KUND,3.25,3.535534,2.0,8.5,11.3,26.0,8
KALA PIPAL,1.25,0.444262,1.0,2.0,2.0,25.0,20
KALACHAND,1.0,0.0,1.0,1.0,1.0,2.0,2
KALADEHI,1.0,0.0,1.0,1.0,1.0,5.0,5
KALAIKUNDA,1.0,0.0,1.0,1.0,1.0,21.0,21
KALAMALLA,1.0,0.0,1.0,1.0,1.0,2.0,2
KALAMASSERI,1.0,0.0,1.0,1.0,1.0,10.0,10
KALAMB ROAD,1.0,0.0,1.0,1.0,1.0,4.0,4
KALAMBHA,1.25,0.5,1.0,1.85,1.97,5.0,4
KALAMBOLI,1.0,0.0,1.0,1.0,1.0,16.0,16
KALANA,1.0,0.0,1.0,1.0,1.0,2.0,2
KALANAD HALT,1.0,0.0,1.0,1.0,1.0,6.0,6
KALANAUR KAL,2.0,0.0,2.0,2.0,2.0,32.0,16
KALANGANI,1.0,0.0,1.0,1.0,1.0,4.0,4
KALANOUR,1.266667,0.457738,1.0,2.0,2.0,19.0,15
KALANWALI,2.0,0.0,2.0,2.0,2.0,24.0,12
KALAS,1.0,0.0,1.0,1.0,1.0,12.0,12
KALASAMUDRAM,1.25,0.5,1.0,1.85,1.97,5.0,4
KALAVUR H.,1.0,0.0,1.0,1.0,1.0,8.0,8
KALAYAT,1.2,0.421637,1.0,2.0,2.0,12.0,10
KALCHINI,1.0,0.0,1.0,1.0,1.0,10.0,10
KALDHARI,1.0,0.0,1.0,1.0,1.0,14.0,14
KALEM,1.5,0.83666,1.0,2.75,2.95,9.0,6
KALGUPUR,1.0,0.0,1.0,1.0,1.0,4.0,4
KALGURKI H,,,,,,,0
KALHAR,1.428571,0.534522,1.0,2.0,2.0,10.0,7
KALI PAHARI,1.035714,0.188982,1.0,1.0,1.73,29.0,28
KALIAN CHAK,1.0,0.0,1.0,1.0,1.0,18.0,18
KALIANPUR,1.333333,0.840168,2.0,2.0,2.0,24.0,18
KALIJAI,1.0,0.0,1.0,1.0,1.0,10.0,10
KALIKAPUR,1.0,0.0,1.0,1.0,1.0,60.0,60
KALIKIRI,1.0,0.0,1.0,1.0,1.0,8.0,8
KALINAGAR,1.0,0.0,1.0,1.0,1.0,38.0,38
KALINARAYANP,1.020408,0.202031,1.0,1.0,1.06,100.0,98
KALISEN PH,1.0,0.0,1.0,1.0,1.0,9.0,9
KALISINDH,1.1875,0.403113,1.0,2.0,2.0,19.0,16
KALITALAVADI,1.0,0.0,1.0,1.0,1.0,16.0,16
KALIYAGANJ,2.0,0.0,2.0,2.0,2.0,24.0,12
KALKA,38.0,208.134572,0.0,0.0,809.4,1140.0,30
KALKALIGHAT,1.5,0.57735,1.5,2.0,2.0,6.0,4
KALLAGAM,1.0,0.0,1.0,1.0,1.0,6.0,6
KALLAKKUDI-P,1.0,0.0,1.0,1.0,1.0,8.0,8
KALLAL,1.0,0.0,1.0,1.0,1.0,8.0,8
KALLAYI,1.1,0.316228,1.0,1.55,1.91,11.0,10
KALLIDAIKURU,1.0,0.0,1.0,1.0,1.0,8.0,8
KALLIGUDI,1.0,0.0,1.0,1.0,1.0,8.0,8
KALLUR YEDAH,1.0,0.0,1.0,1.0,1.0,6.0,6
KALLURU,1.9,1.197219,2.0,3.65,4.73,19.0,10
KALMESHWAR,1.333333,0.516398,1.0,2.0,2.0,8.0,6
KALMITAR,1.666667,0.492366,2.0,2.0,2.0,20.0,12
KALOL,2.409091,1.402688,2.0,4.85,7.37,53.0,22
KALPATTICHAT,1.0,0.0,1.0,1.0,1.0,4.0,4
KALPI,2.230769,0.83205,2.0,3.2,4.64,29.0,13
KALSUR,1.0,0.0,1.0,1.0,1.0,12.0,12
KALUBATHAN,1.0,0.0,1.0,1.0,1.0,16.0,16
KALUMNA,2.0,0.0,2.0,2.0,2.0,36.0,18
KALUNGA,1.0,0.0,1.0,1.0,1.0,14.0,14
KALUPARA GHA,1.285714,0.46291,1.0,2.0,2.0,27.0,21
KALVA,1.0,0.0,1.0,1.0,1.0,248.0,248
KALWAN HALT,1.0,0.0,1.0,1.0,1.0,8.0,8
KALYAN JN,227.251208,414.095182,3.0,1180.6,1379.65,188164.0,828
KALYANI GHOS,1.0,0.0,1.0,1.0,1.0,33.0,33
KALYANI JN.,1.0,0.0,1.0,1.0,1.0,166.0,166
KALYANI SILP,1.0,0.0,1.0,1.0,1.0,33.0,33
KALYANI SIMA,0.0,0.0,0.0,0.0,0.0,0.0,33
KALYANKOT  H,1.375,0.517549,1.0,2.0,2.0,11.0,8
KALYANPUR,1.0,0.0,1.0,1.0,1.0,56.0,56
KALYANPUR RO,1.0,0.0,1.0,1.0,1.0,17.0,17
KAMAKHYA JN,4.635514,25.483399,2.0,5.0,5.0,496.0,107
KAMAKHYAGURI,1.857143,1.027105,2.0,3.05,4.61,26.0,14
KAMALAPUR,1.0,0.0,1.0,1.0,1.0,4.0,4
KAMALAPURAM,1.375,1.024695,1.0,2.75,4.55,22.0,16
KAMALGANJ,1.692308,0.480384,2.0,2.0,2.0,22.0,13
KAMALNAGAR,1.0,0.0,1.0,1.0,1.0,8.0,8
KAMALPUR,1.875,0.353553,2.0,2.0,2.0,15.0,8
KAMALPUR HAL,1.0,0.0,1.0,1.0,1.0,20.0,20
KAMALUR,1.0,0.0,1.0,1.0,1.0,2.0,2
KAMAN,1.0,0.0,1.0,1.0,1.0,14.0,14
KAMARBANDHA,2.0,0.0,2.0,2.0,2.0,8.0,4
KAMAREDDI,1.627119,0.487722,2.0,2.0,2.0,96.0,59
KAMARGANJ,1.0,0.0,1.0,1.0,1.0,6.0,6
KAMARKUNDU H,1.0,0.0,1.0,1.0,1.0,65.0,65
KAMARKUNDU J,1.041096,0.260254,1.0,1.0,2.28,76.0,73
KAMASAMUDRAM,1.0,0.0,1.0,1.0,1.0,10.0,10
KAMATHE,1.25,0.5,1.0,1.85,1.97,5.0,4
KAMBARGANVI,1.5,0.83666,1.0,2.75,2.95,9.0,6
KAMLI,1.666667,0.516398,2.0,2.0,2.0,10.0,6
KAMNARA,1.0,0.0,1.0,1.0,1.0,12.0,12
KAMPIL ROAD,1.0,0.0,1.0,1.0,1.0,6.0,6
KAMPTEE,2.0625,0.564401,2.0,2.0,4.07,66.0,32
KAMPUR,1.75,0.447214,2.0,2.0,2.0,28.0,16
KAMRANGA,1.0,0.0,1.0,1.0,1.0,2.0,2
KAMRUP KHETR,1.333333,0.516398,1.0,2.0,2.0,8.0,6
KAMSHET,1.02439,0.156174,1.0,1.0,1.6,42.0,41
KAMTAUL,2.0,0.0,2.0,2.0,2.0,44.0,22
KANAD,1.0,0.0,1.0,1.0,1.0,8.0,8
KANAIBAZAR,1.0,0.0,1.0,1.0,1.0,4.0,4
KANAKPURA,1.333333,0.492366,1.0,2.0,2.0,16.0,12
KANALUS,2.666667,5.499311,1.0,10.1,18.02,32.0,12
KANAMALEPALL,1.0,0.0,1.0,1.0,1.0,4.0,4
KANANUR,1.0,0.0,1.0,1.0,1.0,8.0,8
KANAROAN,1.0,0.0,1.0,1.0,1.0,4.0,4
KANAS ROAD,1.111111,0.323381,1.0,2.0,2.0,20.0,18
KANASAR,1.5,0.547723,1.5,2.0,2.0,9.0,6
KANASAR NAWA,3.0,4.0,1.0,7.8,8.76,12.0,4
KANAUTA,1.0,0.0,1.0,1.0,1.0,4.0,4
KANCHANPUR R,2.0,0.0,2.0,2.0,2.0,8.0,4
KANCHAUSI,1.0,0.0,1.0,1.0,1.0,8.0,8
KANCHIPURAM,1.5,1.332615,1.0,5.0,5.0,45.0,30
KANCHRAPARA,1.018072,0.232845,1.0,1.0,1.0,169.0,166
KANDAGHAT,2.666667,1.032796,2.0,4.0,4.0,16.0,6
KANDALA,1.470588,0.514496,1.0,2.0,2.0,25.0,17
KANDAMBAKKAM,1.0,0.0,1.0,1.0,1.0,2.0,2
KANDARPUR,1.0,0.0,1.0,1.0,1.0,8.0,8
KANDEL ROAD,1.75,0.46291,2.0,2.0,2.0,14.0,8
KANDHARAN HA,1.0,0.0,1.0,1.0,1.0,8.0,8
KANDHLA,1.136364,0.35125,1.0,2.0,2.0,25.0,22
KANDRA,1.0,0.0,1.0,1.0,1.0,25.0,25
KANDRORI,1.833333,0.408248,2.0,2.0,2.0,11.0,6
KANDWAL,1.0,0.0,1.0,1.0,1.0,10.0,10
KANG KHURD,1.0,0.0,1.0,1.0,1.0,8.0,8
KANGINHAL,1.5,0.57735,1.5,2.0,2.0,6.0,4
KANGRA,1.833333,0.389249,2.0,2.0,2.0,22.0,12
KANGRA MANDI,1.0,0.0,1.0,1.0,1.0,12.0,12
KANHADGAON,1.0,0.0,1.0,1.0,1.0,12.0,12
KANHAIPUR,1.0,0.0,1.0,1.0,1.0,2.0,2
KANHAN JN.,2.0,0.0,2.0,2.0,2.0,36.0,18
KANHANGAD,1.826087,0.383223,2.0,2.0,2.0,84.0,46
KANHARGAON N,1.0,0.0,1.0,1.0,1.0,6.0,6
KANHE,1.081081,0.3635,1.0,1.2,2.64,40.0,37
KANHEGAON,1.666667,0.516398,2.0,2.0,2.0,10.0,6
KANIJ,1.047619,0.218218,1.0,1.0,1.8,22.0,21
KANIMAHULI P,1.0625,0.25,1.0,1.25,1.85,17.0,16
KANINA KHAS,1.25,0.447214,1.0,2.0,2.0,20.0,16
KANIYAMBADI,1.0,0.0,1.0,1.0,1.0,6.0,6
KANIYAPURAM,1.0,0.0,1.0,1.0,1.0,8.0,8
KANIYURU,1.0,0.0,1.0,1.0,1.0,2.0,2
KANJARI BORI,1.085714,0.284029,1.0,2.0,2.0,38.0,35
KANJIA,1.9,0.316228,2.0,2.0,2.0,19.0,10
KANJIKODE,1.0,0.0,1.0,1.0,1.0,12.0,12
KANJIRAMMITA,1.0,0.0,1.0,1.0,1.0,12.0,12
KANKAHA,1.0,0.0,1.0,1.0,1.0,12.0,12
KANKATHER,1.6,0.547723,2.0,2.0,2.0,8.0,5
KANKAVALI,1.921053,0.850487,2.0,2.45,5.0,73.0,38
KANKI,1.0,0.0,1.0,1.0,1.0,10.0,10
KANKINARA,1.01087,0.103972,1.0,1.0,1.17,186.0,184
KANKOT,1.285714,0.48795,1.0,2.0,2.0,9.0,7
KANKRA MIRZA,1.022727,0.150756,1.0,1.0,1.57,45.0,44
KANKROLI,1.0,0.0,1.0,1.0,1.0,4.0,4
KANKURGACHHI,0.0,0.0,0.0,0.0,0.0,0.0,2
KANNAMANGALA,1.0,0.0,1.0,1.0,1.0,6.0,6
KANNAPURAM,1.25,0.442326,1.0,2.0,2.0,30.0,24
KANNAUJ,2.645161,1.018115,2.0,4.5,5.0,82.0,31
KANNAUJ CITY,1.0,0.0,1.0,1.0,1.0,7.0,7
KANNIYAKUMAR,58.958333,222.515164,0.0,318.75,887.05,1415.0,24
KANNJARA HAL,1.0,0.0,1.0,1.0,1.0,6.0,6
KANNUR,4.110092,2.241608,5.0,5.0,10.0,448.0,109
KANNUR SOUTH,1.0,0.0,1.0,1.0,1.0,8.0,8
KANOH,1.333333,0.57735,1.0,1.9,1.98,4.0,3
KANPUR ANWAR,4.809524,6.689045,5.0,8.0,32.95,202.0,42
KANPUR BRIDG,1.026316,0.162221,1.0,1.0,1.63,39.0,38
KANPUR CENTR,18.924282,113.372051,5.0,15.0,445.5,7248.0,383
KANPUR GOODS,1.0,0.0,1.0,1.0,1.0,2.0,2
KANSBAHAL,1.0,0.0,1.0,1.0,1.0,16.0,16
KANSIYA NES,1.0,0.0,1.0,1.0,1.0,6.0,6
KANSPUR GUGA,1.0,0.0,1.0,1.0,1.0,5.0,5
KANSRAO,2.0,0.0,2.0,2.0,2.0,8.0,4
KANSUDHI,1.25,0.46291,1.0,2.0,2.0,10.0,8
KANTABANJI,9.342105,2.070074,10.0,10.0,13.15,355.0,38
KANTADIH,1.0,0.0,1.0,1.0,1.0,16.0,16
KANTAKAPALLE,1.526316,0.512989,2.0,2.0,2.0,29.0,19
KANTAKOSH HA,1.0,0.0,1.0,1.0,1.0,8.0,8
KANTH,2.285714,1.204388,2.0,5.0,5.0,32.0,14
KANTHALIYA R,1.0,0.0,1.0,1.0,1.0,12.0,12
KANTHI FS,1.761905,0.436436,2.0,2.0,2.0,37.0,21
KANTI,2.0,0.0,2.0,2.0,2.0,26.0,13
KANWALPURA,1.333333,0.5,1.0,2.0,2.0,12.0,9
KANWAT,1.0,0.0,1.0,1.0,1.0,6.0,6
KAOTHA,1.166667,0.408248,1.0,1.75,1.95,7.0,6
KAPADVANJ,1.0,0.0,1.0,1.0,1.0,4.0,4
KAPALI ROAD,1.0,0.0,1.0,1.0,1.0,9.0,9
KAPAN  HALT,1.380952,0.497613,1.0,2.0,2.0,29.0,21
KAPARPURA,2.0,0.0,2.0,2.0,2.0,24.0,12
KAPASAN,2.473684,5.947627,1.0,4.5,22.5,47.0,19
KAPILAS ROAD,1.076923,0.27735,1.0,1.4,1.88,14.0,13
KAPPIL,1.0,0.0,1.0,1.0,1.0,8.0,8
KAPREN,1.375,0.517549,1.0,2.0,2.0,11.0,8
KAPSETHI,1.222222,0.440959,1.0,2.0,2.0,11.0,9
KAPTANGANJ J,4.261905,2.263814,5.0,6.95,10.0,179.0,42
KAPURTHALA,2.0,0.0,2.0,2.0,2.0,32.0,16
KARAD,2.583333,0.769972,3.0,3.0,3.0,93.0,36
KARAGOLA ROA,1.461538,0.508391,1.0,2.0,2.0,38.0,26
KARAHIYA HAL,1.0,0.0,1.0,1.0,1.0,4.0,4
KARAI MADAI,1.0,0.0,1.0,1.0,1.0,8.0,8
KARAIKAL,206.0,397.222594,0.0,905.25,1213.05,4120.0,20
KARAIKKUDI,1.5,1.679286,1.0,5.0,5.0,39.0,26
KARAIKKURICH,1.0,0.0,1.0,1.0,1.0,8.0,8
KARAILA ROAD,1.727273,0.467099,2.0,2.0,2.0,19.0,11
KARAINTHI,1.0,0.0,1.0,1.0,1.0,14.0,14
KARAJGI,1.076923,0.27735,1.0,1.4,1.88,14.0,13
KARAKAD,1.0,0.0,1.0,1.0,1.0,7.0,7
KARAKAVALASA,1.0,0.0,1.0,1.0,1.0,2.0,2
KARAKBEL,1.555556,0.527046,2.0,2.0,2.0,14.0,9
KARAMBELI,1.2,0.410391,1.0,2.0,2.0,24.0,20
KARAMNASA,1.222222,0.427793,1.0,2.0,2.0,22.0,18
KARAMSAD,1.0,0.0,1.0,1.0,1.0,16.0,16
KARAMTOLLA,1.0,0.0,1.0,1.0,1.0,12.0,12
KARANJADI,1.0,0.0,1.0,1.0,1.0,4.0,4
KARANJALI,1.0,0.0,1.0,1.0,1.0,30.0,30
KARANJGOAN,1.0,0.0,1.0,1.0,1.0,15.0,15
KARANPURA,1.0,0.0,1.0,1.0,1.0,6.0,6
KARANPURATO,1.0,0.0,1.0,1.0,1.0,16.0,16
KARAPGAON,1.25,0.46291,1.0,2.0,2.0,10.0,8
KARARI,1.75,0.5,2.0,2.0,2.0,7.0,4
KARAUNDHANA,1.0,0.0,1.0,1.0,1.0,2.0,2
KARAUTA,1.5,0.57735,1.0,2.0,2.73,42.0,28
KARAVADI,1.0,0.0,1.0,1.0,1.0,14.0,14
KARBIGWAN,1.0,0.0,1.0,1.0,1.0,5.0,5
KARCHANA,1.125,0.353553,1.0,1.65,1.93,9.0,8
KARCHHA,1.333333,0.516398,1.0,2.0,2.0,8.0,6
KARCHHUE HAL,1.125,0.353553,1.0,1.65,1.93,9.0,8
KARCHIYA YAR,1.0,,1.0,1.0,1.0,1.0,1
KARDI,1.0,0.0,1.0,1.0,1.0,10.0,10
KAREA KADAMB,1.0,0.0,1.0,1.0,1.0,44.0,44
KARELI,1.793103,0.412251,2.0,2.0,2.0,52.0,29
KARENGI,2.0,0.0,2.0,2.0,2.0,24.0,12
KAREPALLI JN,1.0,0.0,1.0,1.0,1.0,12.0,12
KAREPUR HALT,1.125,0.353553,1.0,1.65,1.93,9.0,8
KARGAON HALT,1.0,0.0,1.0,1.0,1.0,8.0,8
KARGI ROAD,1.9,0.307794,2.0,2.0,2.0,38.0,20
KARHIYA BHAD,2.0,0.0,2.0,2.0,2.0,12.0,6
KARIGANURU,1.0,,1.0,1.0,1.0,1.0,1
KARIHA HALT,1.0,0.0,1.0,1.0,1.0,6.0,6
KARIM NAGAR,0.181818,0.40452,0.0,1.0,1.0,2.0,11
KARIMGANJ JN,23.75,9.219544,30.0,30.0,30.0,380.0,16
KARIMUDDINPU,1.384615,0.50637,1.0,2.0,2.0,18.0,13
KARISATH,1.222222,0.427793,1.0,2.0,2.0,22.0,18
KARJANA,1.0,0.0,1.0,1.0,1.0,12.0,12
KARJANA GRAM,1.0,0.0,1.0,1.0,1.0,12.0,12
KARJARA,1.357143,0.497245,1.0,2.0,2.0,19.0,14
KARJAT,19.518293,146.34024,1.0,5.0,662.92,3201.0,164
KARJHAUSA,1.0,0.0,1.0,1.0,1.0,2.0,2
KARJODA,1.0,0.0,1.0,1.0,1.0,6.0,6
KARKATTA,1.0,0.0,1.0,1.0,1.0,8.0,8
KARKELI,1.714286,0.468807,2.0,2.0,2.0,24.0,14
KARKEND PH,1.0,0.0,1.0,1.0,1.0,6.0,6
KARKHELI,1.0,0.0,1.0,1.0,1.0,14.0,14
KARMABAD,1.0,0.0,1.0,1.0,1.0,4.0,4
KARMAD,1.0,0.0,1.0,1.0,1.0,15.0,15
KARMAHAT,1.333333,0.516398,1.0,2.0,2.0,8.0,6
KARMALI,1.3,1.181047,1.0,2.15,5.0,52.0,40
KARNA,1.7,0.483046,2.0,2.0,2.0,17.0,10
KARNA SUBARN,1.0,0.0,1.0,1.0,1.0,26.0,26
KARNAL,23.38806,175.441517,2.0,2.0,492.22,1567.0,67
KARONA HALT,1.0,0.0,1.0,1.0,1.0,14.0,14
KARONDA,2.0,0.0,2.0,2.0,2.0,8.0,4
KARONJI,2.25,0.707107,2.0,3.3,3.86,18.0,8
KAROTA PATRI,1.5,0.57735,1.5,2.0,2.0,6.0,4
KARPOORIGRAM,1.5,0.512989,1.5,2.0,2.0,30.0,20
KARRA,1.0,0.0,1.0,1.0,1.0,4.0,4
KARSINDHU HA,1.0,0.0,1.0,1.0,1.0,6.0,6
KARTARPUR,1.9,0.307794,2.0,2.0,2.0,38.0,20
KARTAULI (HA,1.0,0.0,1.0,1.0,1.0,8.0,8
KARUKHIRHARN,1.0,0.0,1.0,1.0,1.0,6.0,6
KARUKUTTY,1.0,0.0,1.0,1.0,1.0,12.0,12
KARUNAGAPPAL,1.0,0.0,1.0,1.0,1.0,48.0,48
KARUNGUZHI,1.25,0.5,1.0,1.85,1.97,5.0,4
KARUPPUR,1.0,0.0,1.0,1.0,1.0,8.0,8
KARUR JN.,2.537313,1.306491,3.0,5.0,5.0,170.0,67
KARUVALLI,1.0,0.0,1.0,1.0,1.0,4.0,4
KARUVATTA H.,1.0,0.0,1.0,1.0,1.0,7.0,7
KARWANDIYA,1.0,0.0,1.0,1.0,1.0,8.0,8
KASARA,0.701754,0.944248,0.0,2.0,2.0,40.0,57
KASARAGOD,1.916667,0.354263,2.0,2.0,2.0,161.0,84
KASARWADI,1.021739,0.147442,1.0,1.0,1.55,47.0,46
KASBA,1.933333,0.258199,2.0,2.0,2.0,29.0,15
KASBE SUKENE,1.0,0.0,1.0,1.0,1.0,6.0,6
KASEETAR,1.0,0.0,1.0,1.0,1.0,8.0,8
KASGANJ CITY,2.0,0.0,2.0,2.0,2.0,16.0,8
KASGANJ JN.,5.0,6.875517,0.0,10.0,30.0,280.0,56
KASHANATTI,1.0,0.0,1.0,1.0,1.0,2.0,2
KASHI,1.514286,0.507093,2.0,2.0,2.0,53.0,35
KASHI CHAK,1.625,0.5,2.0,2.0,2.0,26.0,16
KASHIABARI,1.0,0.0,1.0,1.0,1.0,6.0,6
KASHINAGAR P,1.0,0.0,1.0,1.0,1.0,6.0,6
KASHINAGAR-H,1.0,0.0,1.0,1.0,1.0,30.0,30
KASHIPUR JN,37.675676,174.692596,5.0,30.0,695.6,1394.0,37
KASHIPURA,1.0,0.0,1.0,1.0,1.0,4.0,4
KASHIPURA SA,1.2,0.421637,1.0,2.0,2.0,12.0,10
KASHTI,1.666667,0.516398,2.0,2.0,2.0,10.0,6
KASIM KOTA,1.375,0.744024,1.0,2.65,2.93,11.0,8
KASIMPUR HAL,1.071429,0.267261,1.0,1.35,1.87,15.0,14
KASTHA,1.0,0.0,1.0,1.0,1.0,12.0,12
KASTLA-KASMA,1.0,0.0,1.0,1.0,1.0,6.0,6
KASTURI (HAL,1.333333,0.516398,1.0,2.0,2.0,8.0,6
KASU,1.0,0.0,1.0,1.0,1.0,8.0,8
KASU BEGU,1.625,0.517549,2.0,2.0,2.0,13.0,8
KATA ROAD,1.0,0.0,1.0,1.0,1.0,6.0,6
KATAHRI,1.0,0.0,1.0,1.0,1.0,4.0,4
KATAIYA DAND,2.0,0.0,2.0,2.0,2.0,6.0,3
KATAKHAL JN.,4.857143,8.547219,2.0,25.0,25.0,68.0,14
KATALPUR (HA,1.0,0.0,1.0,1.0,1.0,4.0,4
KATANGI,0.0,0.0,0.0,0.0,0.0,0.0,10
KATANGI KHUR,2.0,0.0,2.0,2.0,2.0,8.0,4
KATAR SINGH,1.0,0.0,1.0,1.0,1.0,6.0,6
KATAREAH,1.166667,0.389249,1.0,2.0,2.0,14.0,12
KATEPURNA,1.0,0.0,1.0,1.0,1.0,6.0,6
KATGHAR,1.166667,0.408248,1.0,1.75,1.95,7.0,6
KATH KUIYAN,1.75,0.46291,2.0,2.0,2.0,14.0,8
KATHA JORI,1.0,0.0,1.0,1.0,1.0,12.0,12
KATHALPUKHUR,1.25,0.46291,1.0,2.0,2.0,10.0,8
KATHANA,0.0,0.0,0.0,0.0,0.0,0.0,4
KATHARA ROAD,2.333333,0.816497,2.0,3.5,3.9,14.0,6
KATHAUTIA,1.0,0.0,1.0,1.0,1.0,4.0,4
KATHGODAM,0.0,0.0,0.0,0.0,0.0,0.0,20
KATHIVAKKAM,1.0,0.0,1.0,1.0,1.0,79.0,79
KATHLAL,1.0,0.0,1.0,1.0,1.0,4.0,4
KATHLEEGHAT,4.0,5.196152,1.0,9.1,9.82,12.0,3
KATHOLA (HAL,1.0,0.0,1.0,1.0,1.0,6.0,6
KATHUA,1.96875,0.175368,2.0,2.0,2.0,126.0,64
KATHUNANGAL,2.0,0.0,2.0,2.0,2.0,28.0,14
KATHUWAS,1.0,0.0,1.0,1.0,1.0,6.0,6
KATIHAR JN.,48.823529,201.319017,10.0,60.0,1322.25,6640.0,136
KATKA,1.555556,0.527046,2.0,2.0,2.0,14.0,9
KATKAMASANDI,1.0,0.0,1.0,1.0,1.0,4.0,4
KATKOLA,1.0,0.0,1.0,1.0,1.0,2.0,2
KATLICHERA,1.0,0.0,1.0,1.0,1.0,2.0,2
KATLICHERRA,1.0,0.0,1.0,1.0,1.0,2.0,2
KATNI,6.781818,5.378449,5.0,20.0,25.0,1119.0,165
KATNI MURWAR,8.744681,4.646027,10.0,18.5,20.0,411.0,47
KATNI SOUTH,4.75,0.866025,5.0,5.0,5.0,57.0,12
KATOGHAN,1.0,0.0,1.0,1.0,1.0,2.0,2
KATOL,1.7,0.466092,2.0,2.0,2.0,51.0,30
KATORA,2.0,0.0,2.0,2.0,2.0,20.0,10
KATORIYA,1.0,0.0,1.0,1.0,1.0,2.0,2
KATPADI JN,3.881633,5.070635,2.0,10.0,30.0,951.0,245
KATPHAL,1.625,1.767767,1.0,4.25,5.65,13.0,8
KATRA,3.714286,1.540658,5.0,5.0,5.0,52.0,14
KATTANGULATH,1.0,0.0,1.0,1.0,1.0,36.0,36
KATWA JN.,1.322222,1.993404,0.0,5.0,5.0,119.0,90
KAUKUNTLA,1.0,0.0,1.0,1.0,1.0,8.0,8
KAULI,1.625,0.517549,2.0,2.0,2.0,13.0,8
KAULSERI,1.333333,0.516398,1.0,2.0,2.0,8.0,6
KAURAH,1.6,0.516398,2.0,2.0,2.0,16.0,10
KAURARA,1.0,0.0,1.0,1.0,1.0,7.0,7
KAURIA JUNGL,1.0,0.0,1.0,1.0,1.0,20.0,20
KAUWAPUR,2.0,0.0,2.0,2.0,2.0,16.0,8
KAVALANDE,1.0,0.0,1.0,1.0,1.0,8.0,8
KAVALI,1.436364,1.38462,1.0,2.0,6.14,79.0,55
KAVANUR,1.25,0.5,1.0,1.85,1.97,5.0,4
KAVARAIPPETT,1.010638,0.103142,1.0,1.0,1.07,95.0,94
KAVAS,1.8,0.447214,2.0,2.0,2.0,9.0,5
KAVATHE MAHA,1.333333,0.492366,1.0,2.0,2.0,16.0,12
KAVUTARAM,1.0,0.0,1.0,1.0,1.0,22.0,22
KAWAR,0.0,0.0,0.0,0.0,0.0,0.0,4
KAWARGAON,1.0,0.0,1.0,1.0,1.0,2.0,2
KAWR,15.190476,107.514719,2.0,2.0,326.14,957.0,63
KAYALPATTINA,1.0,0.0,1.0,1.0,1.0,14.0,14
KAYAMSAR,1.0,0.0,1.0,1.0,1.0,2.0,2
KAYANKULAM J,1.901316,0.658715,2.0,2.0,5.0,289.0,152
KAYAR,2.5,0.707107,2.5,2.95,2.99,5.0,2
KAYASTHAGRAM,1.0,0.0,1.0,1.0,1.0,6.0,6
KAYDI HALT,1.0,0.0,1.0,1.0,1.0,12.0,12
KAZHAKUTTAM,1.0,0.0,1.0,1.0,1.0,20.0,20
KAZIPARA  HA,1.0,0.0,1.0,1.0,1.0,44.0,44
KAZIPARA HAL,1.0,0.0,1.0,1.0,1.0,9.0,9
KAZIPET E CA,3.0,2.828427,3.0,4.8,4.96,6.0,2
KAZIPET F CA,5.0,0.0,5.0,5.0,5.0,10.0,2
KAZIPET JN.,11.008,99.574295,2.0,5.0,20.0,1376.0,125
KECHKI,1.214286,0.425815,1.0,2.0,2.0,17.0,14
KEDGAON,1.038462,0.196116,1.0,1.0,1.75,27.0,26
KEERANUR,1.0,0.0,1.0,1.0,1.0,8.0,8
KEKATUMAR,1.0,0.0,1.0,1.0,1.0,6.0,6
KELA DEVI,1.0,0.0,1.0,1.0,1.0,6.0,6
KELAMANGALAM,1.0,0.0,1.0,1.0,1.0,6.0,6
KELANPUR,1.0,0.0,1.0,1.0,1.0,8.0,8
KELVE ROAD,1.290323,0.82436,1.0,2.5,4.4,40.0,31
KELZHAR,1.875,0.353553,2.0,2.0,2.0,15.0,8
KEM,1.4,0.516398,1.0,2.0,2.0,14.0,10
KEMPALSAD HA,1.0,0.0,1.0,1.0,1.0,8.0,8
KEMRI (HALT),1.0,0.0,1.0,1.0,1.0,2.0,2
KENCHANALU,1.0,0.0,1.0,1.0,1.0,4.0,4
KENDPOSI,1.0,0.0,1.0,1.0,1.0,8.0,8
KENDRAPARA R,1.0,0.0,1.0,1.0,1.0,10.0,10
KENDRI,0.0,0.0,0.0,0.0,0.0,0.0,8
KENDUAPADA,1.0,0.0,1.0,1.0,1.0,9.0,9
KENDUJHAR,3.75,2.31455,5.0,5.0,5.0,30.0,8
KENDUKANA,1.0,0.0,1.0,1.0,1.0,12.0,12
KENGERI,1.5625,1.609893,1.0,2.0,7.3,75.0,48
KERAKAT (HAL,1.25,0.46291,1.0,2.0,2.0,10.0,8
KEREJANGA,2.0,0.0,2.0,2.0,2.0,4.0,2
KESAMUDRAM,1.333333,1.825742,1.0,1.0,8.1,40.0,30
KESAVARAM HA,1.2,0.447214,1.0,1.8,1.96,6.0,5
KESHABPUR,1.0,0.0,1.0,1.0,1.0,8.0,8
KESHAV GANJ,1.0,0.0,1.0,1.0,1.0,4.0,4
KESHOD,1.0,0.0,1.0,1.0,1.0,21.0,21
KESHOLI,1.333333,0.57735,1.0,1.9,1.98,4.0,3
KESHORAI PAT,1.5,0.522233,1.5,2.0,2.0,18.0,12
KESHWARI BH,1.25,0.5,1.0,1.85,1.97,5.0,4
KESINGA,2.4375,1.070022,2.0,5.0,5.0,117.0,48
KESRI,1.133333,0.351866,1.0,2.0,2.0,17.0,15
KESRI SINGHP,1.888889,0.333333,2.0,2.0,2.0,17.0,9
KETO HALLI H,1.0,0.0,1.0,1.0,1.0,15.0,15
KETOSAN ROAD,3.5,1.603567,3.5,5.0,5.0,28.0,8
KETTANDAPATT,1.0,0.0,1.0,1.0,1.0,4.0,4
KETTI,1.0,0.0,1.0,1.0,1.0,8.0,8
KEUTIGUA,2.0,0.0,2.0,2.0,2.0,12.0,6
KHABRA KALAN,1.5,0.547723,1.5,2.0,2.0,9.0,6
KHACHROD,1.972222,0.166667,2.0,2.0,2.0,71.0,36
KHADA,2.055556,0.235702,2.0,2.15,2.83,37.0,18
KHADAPA,1.0,0.0,1.0,1.0,1.0,2.0,2
KHADARPETT,1.75,0.5,2.0,2.0,2.0,7.0,4
KHADAVALI,1.0,0.0,1.0,1.0,1.0,78.0,78
KHADKI,1.145161,0.398636,1.0,2.0,2.0,71.0,62
KHADKI BAZAR,1.0,0.0,1.0,1.0,1.0,4.0,4
KHADUR  SAHI,1.0,0.0,1.0,1.0,1.0,8.0,8
KHAGA,1.916667,0.288675,2.0,2.0,2.0,23.0,12
KHAGARIA JN.,3.323232,1.725134,3.0,5.0,5.1,329.0,99
KHAGRAGHAT R,1.086957,0.284885,1.0,2.0,2.0,50.0,46
KHAI PHEMEKI,1.0,0.0,1.0,1.0,1.0,10.0,10
KHAIGAON,2.0,0.0,2.0,2.0,2.0,8.0,4
KHAIRADIH HA,1.0,0.0,1.0,1.0,1.0,8.0,8
KHAIRAH,1.75,0.5,2.0,2.0,2.0,7.0,4
KHAIRAHI,2.0,0.0,2.0,2.0,2.0,8.0,4
KHAIRAR JN.,2.714286,2.360387,2.0,6.2,7.64,19.0,7
KHAIRATABAD,1.0,0.0,1.0,1.0,1.0,69.0,69
KHAIRATIYA B,1.0,0.0,1.0,1.0,1.0,8.0,8
KHAIRTHAL,1.617647,0.49327,2.0,2.0,2.0,55.0,34
KHAJAULI,2.0,0.0,2.0,2.0,2.0,36.0,18
KHAJAURAHO,0.0,0.0,0.0,0.0,0.0,0.0,14
KHAJRAHA,1.833333,0.408248,2.0,2.0,2.0,11.0,6
KHAJURHAT,1.0,0.0,1.0,1.0,1.0,6.0,6
KHAJURI,2.0,0.0,2.0,2.0,2.0,8.0,4
KHAJWANA,1.25,0.5,1.0,1.85,1.97,5.0,4
KHAKHARIYA,1.0,0.0,1.0,1.0,1.0,4.0,4
KHAKHRALA RO,1.0,0.0,1.0,1.0,1.0,2.0,2
KHALARI,1.75,0.442326,2.0,2.0,2.0,42.0,24
KHALIAPALI,2.0,0.0,2.0,2.0,2.0,8.0,4
KHALILABAD,2.0,0.0,2.0,2.0,2.0,138.0,69
KHALILPUR,1.052632,0.229416,1.0,1.1,1.82,20.0,19
KHALISPUR,1.052632,0.229416,1.0,1.1,1.82,20.0,19
KHALLIKOT,1.391304,0.499011,1.0,2.0,2.0,32.0,23
KHALTIPUR,1.0,0.0,1.0,1.0,1.0,10.0,10
KHAMARGACHHI,1.02381,0.154303,1.0,1.0,1.59,43.0,42
KHAMBHALIYA,2.4375,1.998992,2.0,5.6,10.0,78.0,32
KHAMBHAT,0.0,0.0,0.0,0.0,0.0,0.0,16
KHAMBHEL,1.0,0.0,1.0,1.0,1.0,4.0,4
KHAMIL GHAT,4.75,3.774917,3.5,9.25,9.85,19.0,4
KHAMKHED,1.0,0.0,1.0,1.0,1.0,6.0,6
KHAMMAM,1.571429,0.497416,2.0,2.0,2.0,154.0,98
KHANA JN.,1.02,0.141421,1.0,1.0,1.51,51.0,50
KHANAPUR,1.190476,0.402374,1.0,2.0,2.0,25.0,21
KHANDARI HAL,1.0,0.0,1.0,1.0,1.0,4.0,4
KHANDBARA,2.285714,2.13809,2.0,5.5,6.7,16.0,7
KHANDEL,1.0,0.0,1.0,1.0,1.0,6.0,6
KHANDHERI,1.25,0.5,1.0,1.85,1.97,5.0,4
KHANDIKAR,1.0,0.0,1.0,1.0,1.0,12.0,12
KHANDIP,1.0,0.0,1.0,1.0,1.0,2.0,2
KHANDRAWALI,1.0,0.0,1.0,1.0,1.0,17.0,17
KHANDWA JN.,6.34507,17.718462,5.0,5.0,15.9,901.0,142
KHANJA HALT,1.333333,0.516398,1.0,2.0,2.0,8.0,6
KHANNA,1.666667,0.534522,2.0,2.0,2.65,60.0,36
KHANNA BANJA,2.272727,0.904534,2.0,3.5,4.7,25.0,11
KHANODIH,1.0,0.755929,1.0,2.0,2.0,8.0,8
KHANPUR AHIR,1.0,0.0,1.0,1.0,1.0,4.0,4
KHANTAPARA,1.0,0.0,1.0,1.0,1.0,12.0,12
KHANYAN,1.0,0.0,1.0,1.0,1.0,67.0,67
KHAPRI,1.0,0.0,1.0,1.0,1.0,6.0,6
KHARA,1.0,0.0,1.0,1.0,1.0,12.0,12
KHARA-KAMERI,1.0,0.0,1.0,1.0,1.0,4.0,4
KHARAGPUR,11.517799,81.578564,5.0,20.0,45.0,3559.0,309
KHARAHAT,1.0,0.0,1.0,1.0,1.0,2.0,2
KHARAK,1.7,0.483046,2.0,2.0,2.0,17.0,10
KHARAR,1.25,0.5,1.0,1.85,1.97,5.0,4
KHARAWAR,1.0,0.0,1.0,1.0,1.0,26.0,26
KHARBAO,1.0,0.0,1.0,1.0,1.0,14.0,14
KHARDAHA,1.0,0.0,1.0,1.0,1.0,210.0,210
KHARDI,1.0,0.0,1.0,1.0,1.0,37.0,37
KHARGAPUR,2.0,0.0,2.0,2.0,2.0,4.0,2
KHARI - JHAL,1.0,0.0,1.0,1.0,1.0,6.0,6
KHARIA KHANG,1.166667,0.408248,1.0,1.75,1.95,7.0,6
KHARIAPIPRA,1.0,0.0,1.0,1.0,1.0,8.0,8
KHARIAR ROAD,2.352941,0.981105,2.0,5.0,5.0,80.0,34
KHARIK,1.0,0.0,1.0,1.0,1.0,8.0,8
KHARIKATIA,2.0,0.0,2.0,2.0,2.0,4.0,2
KHARIO PH,1.0,0.0,1.0,1.0,1.0,4.0,4
KHARKHARI,1.0,0.0,1.0,1.0,1.0,6.0,6
KHARKHAUDA,1.666667,0.516398,2.0,2.0,2.0,10.0,6
KHARPOKHRA,2.0,0.0,2.0,2.0,2.0,20.0,10
KHARSALIYA,1.1,0.316228,1.0,1.55,1.91,11.0,10
KHARSIA,2.107143,0.566947,2.0,2.0,4.19,59.0,28
KHARWA,1.0,0.0,1.0,1.0,1.0,4.0,4
KHASA,1.5,0.57735,1.5,2.0,2.0,6.0,4
KHAT,1.333333,0.492366,1.0,2.0,2.0,16.0,12
KHATAULI,1.444444,0.50637,1.0,2.0,2.0,39.0,27
KHATGAON,1.2,0.447214,1.0,1.8,1.96,6.0,5
KHATIPURA,1.25,0.46291,1.0,2.0,2.0,10.0,8
KHATKAR KALA,1.0,0.0,1.0,1.0,1.0,6.0,6
KHATKURA PH,1.0,0.0,1.0,1.0,1.0,16.0,16
KHATU,1.5,0.522233,1.5,2.0,2.0,18.0,12
KHED,1.925926,0.997147,2.0,4.1,5.0,52.0,27
KHED TEMPLE,1.0,0.0,1.0,1.0,1.0,5.0,5
KHEDULI,1.375,0.517549,1.0,2.0,2.0,11.0,8
KHEKRA,1.166667,0.380693,1.0,2.0,2.0,28.0,24
KHEM KARAN,0.0,0.0,0.0,0.0,0.0,0.0,8
KHEMASULI PH,1.0,0.0,1.0,1.0,1.0,21.0,21
KHEMLI,1.0,0.0,1.0,1.0,1.0,6.0,6
KHERA KALAN,1.0,0.0,1.0,1.0,1.0,21.0,21
KHERA SANDHA,1.0,0.0,1.0,1.0,1.0,6.0,6
KHERI SALWA,1.0,0.0,1.0,1.0,1.0,8.0,8
KHERLI,1.666667,0.485071,2.0,2.0,2.0,30.0,18
KHERVADI,1.0,0.0,1.0,1.0,1.0,6.0,6
KHETA SARAI,1.090909,0.301511,1.0,1.5,1.9,12.0,11
KHETIA,1.0,0.0,1.0,1.0,1.0,12.0,12
KHIDIRPUR,1.0,0.0,1.0,1.0,1.0,27.0,27
KHIJADIYA JN,173.1,415.558112,3.5,887.0,1225.4,1731.0,10
KHILERIYAN,1.0,0.0,1.0,1.0,1.0,6.0,6
KHIMEL,1.0,0.0,1.0,1.0,1.0,4.0,4
KHINANIYAN,1.25,0.5,1.0,1.85,1.97,5.0,4
KHIRAI,1.0,0.0,1.0,1.0,1.0,49.0,49
KHIRASDOH JN,1.0,0.0,1.0,1.0,1.0,7.0,7
KHIRIA KHURD,1.0,0.0,1.0,1.0,1.0,6.0,6
KHIRKIYA,1.777778,0.427793,2.0,2.0,2.0,32.0,18
KHODIYAR,1.863636,0.35125,2.0,2.0,2.0,41.0,22
KHODIYAR MAN,1.0,0.0,1.0,1.0,1.0,18.0,18
KHODRI,1.75,0.452267,2.0,2.0,2.0,21.0,12
KHODSEONI,1.0,0.0,1.0,1.0,1.0,8.0,8
KHOH,2.25,0.5,2.0,2.85,2.97,9.0,4
KHOIRABARI,1.0,0.0,1.0,1.0,1.0,14.0,14
KHOJEEPURA,2.0,0.0,2.0,2.0,2.0,8.0,4
KHOJEWALA,2.0,0.738549,2.0,2.9,3.78,24.0,12
KHONGSARA,1.666667,0.492366,2.0,2.0,2.0,20.0,12
KHONKAR,2.0,0.0,2.0,2.0,2.0,8.0,4
KHORANA,1.375,0.517549,1.0,2.0,2.0,11.0,8
KHORASON ROA,1.954545,0.213201,2.0,2.0,2.0,43.0,22
KHORI,1.0,0.0,1.0,1.0,1.0,6.0,6
KHOTKHOTI,1.5,0.57735,1.5,2.0,2.0,6.0,4
KHOWANG,2.0,0.0,2.0,2.0,2.0,4.0,2
KHUDAGANJ,1.428571,0.534522,1.0,2.0,2.0,10.0,7
KHUDDA KORAL,1.666667,0.516398,2.0,2.0,2.0,10.0,6
KHUDIRAM BOS,1.576923,0.503831,2.0,2.0,2.0,41.0,26
KHUDLAPUR F,1.0,0.0,1.0,1.0,1.0,7.0,7
KHUI KHERA,2.0,0.0,2.0,2.0,2.0,8.0,4
KHUKRANA HAL,1.166667,0.408248,1.0,1.75,1.95,7.0,6
KHULDIL ROAD,1.4,0.547723,1.0,2.0,2.0,7.0,5
KHUMBARAJ,2.0,0.0,2.0,2.0,2.0,18.0,9
KHUMGAON BUR,1.0,0.0,1.0,1.0,1.0,6.0,6
KHUMTAI,1.0,0.0,1.0,1.0,1.0,4.0,4
KHUNDAUR,1.0,0.0,1.0,1.0,1.0,6.0,6
KHUNKHUNA,1.5,0.755929,1.0,2.65,2.93,12.0,8
KHURAHAT,2.1,0.316228,2.0,2.55,2.91,21.0,10
KHURAI,2.0,0.0,2.0,2.0,2.0,56.0,28
KHURDA ROAD,17.186441,92.349194,5.0,25.0,30.0,4056.0,236
KHURDA TOWN,1.0,0.0,1.0,1.0,1.0,4.0,4
KHURDPUR,1.9375,0.680074,2.0,2.5,3.7,31.0,16
KHURHAND,2.0,0.0,2.0,2.0,2.0,14.0,7
KHURIAL,1.6,0.516398,2.0,2.0,2.0,16.0,10
KHURJA CITY,2.0,0.0,2.0,2.0,2.0,16.0,8
KHURJA JN,2.173077,2.139463,2.0,5.0,10.0,113.0,52
KHURMABAD RO,1.0,0.0,1.0,1.0,1.0,10.0,10
KHUSHAL NAGA,1.111111,0.333333,1.0,1.6,1.92,10.0,9
KHUSROPUR,1.759259,0.431548,2.0,2.0,2.0,95.0,54
KHUTBAV,1.0,0.0,1.0,1.0,1.0,18.0,18
KHUTHA,1.5,0.547723,1.5,2.0,2.0,9.0,6
KICHHA,2.0,0.0,2.0,2.0,2.0,40.0,20
KIDIYA NAGAR,2.0,0.0,2.0,2.0,2.0,4.0,2
KIKAKUI ROAD,1.4,0.547723,1.0,2.0,2.0,7.0,5
KILA RAIPUR,1.722222,0.460889,2.0,2.0,2.0,31.0,18
KILA ZAFARGA,1.0,0.0,1.0,1.0,1.0,14.0,14
KILAKADAIYAM,1.0,0.0,1.0,1.0,1.0,8.0,8
KILANWALI PU,1.333333,0.516398,1.0,2.0,2.0,8.0,6
KILIKOLLUR,1.0,0.0,1.0,1.0,1.0,16.0,16
KILLE,1.0,0.0,1.0,1.0,1.0,6.0,6
KIM,1.258065,0.444803,1.0,2.0,2.0,39.0,31
KINANA,1.0,0.0,1.0,1.0,1.0,14.0,14
KINATTUKKADA,1.5,0.707107,1.5,1.95,1.99,3.0,2
KINWAT,1.105263,0.315302,1.0,2.0,2.0,21.0,19
KIRANDUL,0.0,0.0,0.0,0.0,0.0,0.0,4
KIRAOLI,1.333333,0.492366,1.0,2.0,2.0,16.0,12
KIRATGARH,1.25,0.5,1.0,1.85,1.97,5.0,4
KIRATPUR SAH,2.1875,2.400521,2.0,4.25,9.65,35.0,16
KIRIHARAPUR,1.6,0.516398,2.0,2.0,2.0,16.0,10
KIRLOSKAR WA,1.142857,0.534522,1.0,1.7,2.74,16.0,14
KIRMITI MEND,1.0,0.0,1.0,1.0,1.0,8.0,8
KIRODA,1.0,0.0,1.0,1.0,1.0,6.0,6
KIRODIMALNAG,1.583333,0.514929,2.0,2.0,2.0,19.0,12
KIRTINAGAR H,1.0,0.0,1.0,1.0,1.0,10.0,10
KIRTYANAND N,2.0,0.0,2.0,2.0,2.0,12.0,6
KISHAN-MANPU,1.0,0.0,1.0,1.0,1.0,6.0,6
KISHANGANJ,7.224806,34.048504,2.0,5.0,174.2,932.0,129
KISHANGARH,2.0,0.175412,2.0,2.0,2.35,132.0,66
KISHANGARH B,1.5625,0.512348,2.0,2.0,2.0,25.0,16
KISHANPUR,2.0,0.0,2.0,2.0,2.0,40.0,20
KISONI,1.0,0.0,1.0,1.0,1.0,6.0,6
KISTAMASETTI,1.0,0.0,1.0,1.0,1.0,9.0,9
KITA,1.0,0.0,1.0,1.0,1.0,11.0,11
KITHAM,1.166667,0.408248,1.0,1.75,1.95,7.0,6
KIUL JN.,5.060976,5.957616,3.0,20.0,26.85,830.0,164
KIVARLI,1.0,0.0,1.0,1.0,1.0,4.0,4
KIZHA AMBUR,1.0,0.0,1.0,1.0,1.0,8.0,8
KIZHA PULIYU,1.0,0.0,1.0,1.0,1.0,8.0,8
KIZHVELUR,1.125,0.353553,1.0,1.65,1.93,9.0,8
KOCHEWAHI,1.0,0.0,1.0,1.0,1.0,10.0,10
KOCHUVELI,44.552632,191.346961,0.0,116.35,861.35,1693.0,38
KODAGANUR,1.0,0.0,1.0,1.0,1.0,14.0,14
KODAIKKANAL,1.219512,0.419058,1.0,2.0,2.0,50.0,41
KODAMBAKKAM,1.0,0.0,1.0,1.0,1.0,214.0,214
KODAVALURU,1.0,0.0,1.0,1.0,1.0,8.0,8
KODERMA,2.0,1.126185,2.0,5.0,5.0,166.0,83
KODERMA TOWN,2.0,0.0,2.0,2.0,2.0,8.0,4
KODI,1.0,0.0,1.0,1.0,1.0,10.0,10
KODIGEHALLI,1.0,0.0,1.0,1.0,1.0,6.0,6
KODIMBALA,1.0,0.0,1.0,1.0,1.0,2.0,2
KODINAR,882.5,17.67767,882.5,893.75,894.75,1765.0,2
KODUMUDI,1.125,0.341565,1.0,2.0,2.0,18.0,16
KODUMUNDA HA,1.0,0.0,1.0,1.0,1.0,6.0,6
KODURU,1.6,0.774597,2.0,2.0,3.98,56.0,35
KOELWAR,1.208333,0.414851,1.0,2.0,2.0,29.0,24
KOHAND HALT,1.0,0.0,1.0,1.0,1.0,11.0,11
KOHAR SINGH,1.0,0.0,1.0,1.0,1.0,10.0,10
KOHDAD,1.25,0.5,1.0,1.85,1.97,5.0,4
KOHIR(DECCAN,2.5,3.674235,1.0,7.75,9.55,15.0,6
KOHLI,1.0,0.0,1.0,1.0,1.0,4.0,4
KOILAKUNTLA,1.0,0.0,1.0,1.0,1.0,6.0,6
KOIRIPUR,1.0,0.0,1.0,1.0,1.0,12.0,12
KOKA,1.1,0.316228,1.0,1.55,1.91,11.0,10
KOKPARA,1.055556,0.235702,1.0,1.15,1.83,19.0,18
KOKRAJHAR,1.826087,0.381812,2.0,2.0,2.0,126.0,69
KOLAD,3.25,4.5,1.0,8.65,9.73,13.0,4
KOLAGHAT,0.980198,0.140014,1.0,1.0,1.0,99.0,101
KOLAIGRAM,1.0,0.0,1.0,1.0,1.0,4.0,4
KOLAKALUR HA,1.0,0.0,1.0,1.0,1.0,13.0,13
KOLANUKONDA,1.0,0.0,1.0,1.0,1.0,10.0,10
KOLAR,0.0,0.0,0.0,0.0,0.0,0.0,10
KOLARAS,2.0,0.0,2.0,2.0,2.0,16.0,8
KOLATUR,1.0,0.0,1.0,1.0,1.0,6.0,6
KOLAYAT,2.0,0.0,2.0,2.0,2.0,8.0,4
KOLDE,1.2,0.447214,1.0,1.8,1.96,6.0,5
KOLE,1.25,0.5,1.0,1.85,1.97,5.0,4
KOLHADI,1.0,0.0,1.0,1.0,1.0,6.0,6
KOLKATA,18.434343,127.2304,0.0,1.0,900.0,1825.0,99
KOLLENGODE,1.0,0.0,1.0,1.0,1.0,4.0,4
KOLLIDAM,1.0,0.0,1.0,1.0,1.0,8.0,8
KOLLIKHUTHA,1.0,0.0,1.0,1.0,1.0,12.0,12
KOLNUR,3.416667,5.822501,1.0,14.5,18.9,41.0,12
KOLVAGRAM,1.0,0.0,1.0,1.0,1.0,6.0,6
KOMAKHAN,1.666667,0.516398,2.0,2.0,2.0,10.0,6
KOMALI,1.0,0.0,1.0,1.0,1.0,2.0,2
KOMATIPALLI,1.8,0.421637,2.0,2.0,2.0,18.0,10
KONA PH,1.0,0.0,1.0,1.0,1.0,6.0,6
KONCH,0.0,0.0,0.0,0.0,0.0,0.0,10
KONDAGUNTA,1.0,0.0,1.0,1.0,1.0,10.0,10
KONDAPALLI,1.0,0.0,1.0,1.0,1.0,13.0,13
KONDAPURAM,2.136364,1.958995,2.0,4.85,8.95,47.0,22
KONNAGAR,1.0,0.0,1.0,1.0,1.0,235.0,235
KONNUR HALT,1.0,0.0,1.0,1.0,1.0,6.0,6
KOPA SAMHOTA,1.571429,0.513553,2.0,2.0,2.0,22.0,14
KOPAGANJ HAL,1.125,0.353553,1.0,1.65,1.93,9.0,8
KOPAI,1.0,0.0,1.0,1.0,1.0,19.0,19
KOPAR,1.004032,0.0635,1.0,1.0,1.0,249.0,248
KOPARGAON,1.848101,0.642284,2.0,3.0,3.44,146.0,79
KOPARIA,2.0,0.0,2.0,2.0,2.0,48.0,24
KOPARLAHAR,2.0,0.0,2.0,2.0,2.0,24.0,12
KOPPAL,1.391304,0.499011,1.0,2.0,2.0,32.0,23
KORADACHERI,1.1,0.316228,1.0,1.55,1.91,11.0,10
KORAHIA,1.0,0.0,1.0,1.0,1.0,2.0,2
KORAI HALT,1.0,0.0,1.0,1.0,1.0,11.0,11
KORAPUT JN.,10.0,11.375929,5.0,25.0,25.0,180.0,18
KORARI,1.0,0.0,1.0,1.0,1.0,6.0,6
KORATLA,1.0,0.0,1.0,1.0,1.0,2.0,2
KORATTI ANGA,1.0,0.0,1.0,1.0,1.0,12.0,12
KORATTUR,1.0,0.0,1.0,1.0,1.0,184.0,184
KORBA,2.95,2.48098,5.0,5.0,5.0,59.0,20
KOREGAON,1.1,0.316228,1.0,1.55,1.91,11.0,10
KORNAHALLI,1.0,0.0,1.0,1.0,1.0,6.0,6
KORU KONDA,1.526316,0.512989,2.0,2.0,2.0,29.0,19
KORUKKUPET,1.0,0.0,1.0,1.0,1.0,104.0,104
KOSAD,1.0,0.0,1.0,1.0,1.0,14.0,14
KOSAI,1.0,0.0,1.0,1.0,1.0,4.0,4
KOSAMBA JN.,1.205128,0.409074,1.0,2.0,2.0,47.0,39
KOSGI,1.0,0.0,1.0,1.0,1.0,8.0,8
KOSI KALAN,1.428571,0.800697,2.0,2.0,2.0,60.0,42
KOSIARA,1.0,0.0,1.0,1.0,1.0,8.0,8
KOSLI,1.875,0.341565,2.0,2.0,2.0,30.0,16
KOSMA,1.5,0.57735,1.5,2.0,2.0,6.0,4
KOT FATEH,1.0,0.0,1.0,1.0,1.0,6.0,6
KOT KAPURA J,2.852941,3.085964,2.0,6.35,14.37,97.0,34
KOTA,7.068063,5.10836,5.0,12.5,25.0,1350.0,191
KOTABOMMALI,1.615385,0.50637,2.0,2.0,2.0,21.0,13
KOTAKADRA HA,1.0,0.0,1.0,1.0,1.0,8.0,8
KOTALA HALT,1.0,0.0,1.0,1.0,1.0,12.0,12
KOTALPUKUR,1.136364,0.35125,1.0,2.0,2.0,25.0,22
KOTAPAR ROAD,1.666667,0.516398,2.0,2.0,2.0,10.0,6
KOTARLIA,1.625,0.517549,2.0,2.0,2.0,13.0,8
KOTDWARA,75.833333,262.694372,0.0,409.5,809.9,910.0,12
KOTGAON HALT,1.0,0.0,1.0,1.0,1.0,8.0,8
KOTHA PAKKI,1.333333,0.516398,1.0,2.0,2.0,8.0,6
KOTHAR,1.0,0.0,1.0,1.0,1.0,4.0,4
KOTHARI ROAD,1.142857,0.363137,1.0,2.0,2.0,16.0,14
KOTHARIYA,1.0,0.0,1.0,1.0,1.0,4.0,4
KOTHGANGAD,1.0,0.0,1.0,1.0,1.0,10.0,10
KOTI,1.5,0.707107,1.5,1.95,1.99,3.0,2
KOTIPALLI,0.0,0.0,0.0,0.0,0.0,0.0,2
KOTLA,1.0,0.0,1.0,1.0,1.0,7.0,7
KOTLA GUJRAN,1.0,0.0,1.0,1.0,1.0,8.0,8
KOTLI KALAN,1.25,0.46291,1.0,2.0,2.0,10.0,8
KOTMA,2.3,0.978721,2.0,5.0,5.0,46.0,20
KOTMI SONAR,1.4,0.502625,1.0,2.0,2.0,28.0,20
KOTRA,1.75,0.5,2.0,2.0,2.0,7.0,4
KOTSHILA,1.346154,0.485165,1.0,2.0,2.0,35.0,26
KOTTA PANDIL,1.0,0.0,1.0,1.0,1.0,14.0,14
KOTTAIYUR,1.0,0.0,1.0,1.0,1.0,8.0,8
KOTTAPALLI H,1.0,0.0,1.0,1.0,1.0,10.0,10
KOTTARAKKARA,1.0,0.0,1.0,1.0,1.0,16.0,16
KOTTAVALASA,1.742857,0.44344,2.0,2.0,2.0,61.0,35
KOTTAYAM,2.844828,1.176609,3.0,5.0,5.0,330.0,116
KOTTIKULAM,1.166667,0.389249,1.0,2.0,2.0,14.0,12
KOTTUR HALT,1.0,0.0,1.0,1.0,1.0,7.0,7
KOVILPATTI,1.142857,0.353094,1.0,2.0,2.0,64.0,56
KOVVADA HALT,1.0,0.0,1.0,1.0,1.0,2.0,2
KOVVUR,1.029412,0.171499,1.0,1.0,1.67,35.0,34
KOYILVENNI H,1.0,0.0,1.0,1.0,1.0,9.0,9
KRANTIVIRA S,59.982036,238.038406,0.0,454.5,1215.3,10017.0,167
KRAPPA HALT,1.0,0.0,1.0,1.0,1.0,2.0,2
KRISHAN JANM,1.0,0.0,1.0,1.0,1.0,10.0,10
KRISHANA CAN,1.685714,3.178711,1.0,2.8,14.92,59.0,35
KRISHNA,1.529412,1.007326,1.0,2.6,4.52,26.0,17
KRISHNA BALL,1.0,0.0,1.0,1.0,1.0,10.0,10
KRISHNA CHAN,1.0,0.0,1.0,1.0,1.0,12.0,12
KRISHNA DEVA,1.0,0.0,1.0,1.0,1.0,14.0,14
KRISHNA MAKO,1.0,0.0,1.0,1.0,1.0,10.0,10
KRISHNA NAGA,0.653846,1.171379,0.0,2.15,5.23,51.0,78
KRISHNA RAJA,1.792593,0.978091,2.0,2.0,5.0,242.0,135
KRISHNAI,1.0,0.0,1.0,1.0,1.0,4.0,4
KRISHNAMOHAN,1.0,0.0,1.0,1.0,1.0,37.0,37
KRISHNAPUR,1.28,0.678233,1.0,2.0,3.52,32.0,25
KRISHNAPURAM,1.0,0.0,1.0,1.0,1.0,2.0,2
KRISHNARAJSA,1.0,0.0,1.0,1.0,1.0,6.0,6
KRISHNASHILA,2.0,0.0,2.0,2.0,2.0,10.0,5
KUAKHERA HAL,1.0,0.0,1.0,1.0,1.0,8.0,8
KUARMUNDA,1.0,0.0,1.0,1.0,1.0,2.0,2
KUBERPUR,1.0,0.0,1.0,1.0,1.0,6.0,6
KUCHAMAN CIT,1.916667,0.408248,2.0,2.0,2.77,46.0,24
KUCHAVARAM H,1.0,0.0,1.0,1.0,1.0,14.0,14
KUCHESAR ROA,1.5,0.547723,1.5,2.0,2.0,9.0,6
KUCHMAN,1.285714,0.468807,1.0,2.0,2.0,18.0,14
KUDACHI,1.285714,0.460044,1.0,2.0,2.0,36.0,28
KUDAL,1.818182,0.390154,2.0,2.0,2.0,80.0,44
KUDALA SANGA,1.0,0.0,1.0,1.0,1.0,5.0,5
KUDALNAGAR,1.0,0.0,1.0,1.0,1.0,7.0,7
KUDATINI,1.0,0.0,1.0,1.0,1.0,6.0,6
KUDGI H,1.0,0.0,1.0,1.0,1.0,5.0,5
KUDIKADU,1.0,0.0,1.0,1.0,1.0,7.0,7
KUDNI,1.1,0.316228,1.0,1.55,1.91,11.0,10
KUDRA,1.25,0.440959,1.0,2.0,2.0,35.0,28
KUDSAD,1.333333,0.516398,1.0,2.0,2.0,8.0,6
KUHI,2.0,0.0,2.0,2.0,2.0,16.0,8
KUHURI,1.176471,0.392953,1.0,2.0,2.0,20.0,17
KUJU,1.0,0.0,1.0,1.0,1.0,4.0,4
KUKAVAV,1.0,0.0,1.0,1.0,1.0,4.0,4
KUKMA,2.0,0.0,2.0,2.0,2.0,4.0,2
KULALI,1.25,0.46291,1.0,2.0,2.0,10.0,8
KULDIHA,1.0,0.0,1.0,1.0,1.0,2.0,2
KULEM,2.272727,2.186143,1.0,5.0,5.0,50.0,22
KULGACHIA,1.0,0.0,1.0,1.0,1.0,98.0,98
KULHA HALT,1.0,0.0,1.0,1.0,1.0,6.0,6
KULHARIA,1.307692,0.470679,1.0,2.0,2.0,34.0,26
KULIKARAI,1.1,0.316228,1.0,1.55,1.91,11.0,10
KULITALAI,1.25,0.447214,1.0,2.0,2.0,20.0,16
KULITTURAI,1.0,0.0,1.0,1.0,1.0,30.0,30
KULITTURAI W,1.0,0.0,1.0,1.0,1.0,13.0,13
KULPAHAR,1.928571,0.267261,2.0,2.0,2.0,27.0,14
KULPI-FLAG,1.0,0.0,1.0,1.0,1.0,30.0,30
KULTHAM ABDU,1.0,0.0,1.0,1.0,1.0,6.0,6
KULTI,1.153846,0.367946,1.0,2.0,2.0,30.0,26
KULUKALUR HA,1.0,0.0,1.0,1.0,1.0,12.0,12
KULWA,1.0,0.0,1.0,1.0,1.0,14.0,14
KUMAHU,1.0,0.0,1.0,1.0,1.0,12.0,12
KUMAR DUBI,1.133333,0.345746,1.0,2.0,2.0,34.0,30
KUMAR MARANG,1.0,0.0,1.0,1.0,1.0,2.0,2
KUMAR SODRA,1.0,0.0,1.0,1.0,1.0,2.0,2
KUMARAMANGAL,1.0,0.0,1.0,1.0,1.0,8.0,8
KUMARANALLUR,1.111111,0.333333,1.0,1.6,1.92,10.0,9
KUMARAPATNAM,1.0,0.0,1.0,1.0,1.0,2.0,2
KUMARBAGH,2.0,0.0,2.0,2.0,2.0,28.0,14
KUMARGANJ,1.6,0.516398,2.0,2.0,2.0,16.0,10
KUMARGHAT,2.0,0.0,2.0,2.0,2.0,12.0,6
KUMARHATTI D,1.2,0.447214,1.0,1.8,1.96,6.0,5
KUMARIPUR HA,1.0,0.0,1.0,1.0,1.0,8.0,8
KUMBAKONAM,39.5,188.978712,2.0,4.85,875.45,1738.0,44
KUMBALAM,1.0,0.0,1.0,1.0,1.0,12.0,12
KUMBHAWAS MU,1.0,0.0,1.0,1.0,1.0,18.0,18
KUMBLA,1.25,0.57735,1.0,2.25,2.85,20.0,16
KUMEDPUR,1.866667,0.345746,2.0,2.0,2.0,56.0,30
KUMENDI,1.0,0.0,1.0,1.0,1.0,8.0,8
KUMHARI,1.142857,0.356348,1.0,2.0,2.0,32.0,28
KUMRABAD ROH,1.0,0.0,1.0,1.0,1.0,14.0,14
KUMRADOL,1.0,0.0,1.0,1.0,1.0,6.0,6
KUMRUI PH,1.0,0.0,1.0,1.0,1.0,9.0,9
KUMTA,1.642857,0.48795,2.0,2.0,2.0,46.0,28
KUMTHA KHURD,1.0,0.0,1.0,1.0,1.0,4.0,4
KUNARIYA,1.0,0.0,1.0,1.0,1.0,4.0,4
KUND,1.0,0.0,1.0,1.0,1.0,6.0,6
KUNDA HARNAM,1.555556,0.51131,2.0,2.0,2.0,28.0,18
KUNDANGANJ,1.0,0.0,1.0,1.0,1.0,12.0,12
KUNDAPURA,1.625,0.491869,2.0,2.0,2.0,52.0,32
KUNDARA,1.0,0.0,1.0,1.0,1.0,16.0,16
KUNDARA EAST,1.0,0.0,1.0,1.0,1.0,10.0,10
KUNDARKHI,1.444444,0.51131,1.0,2.0,2.0,26.0,18
KUNDGOL,1.0,0.0,1.0,1.0,1.0,12.0,12
KUNDHELA,1.0,0.0,1.0,1.0,1.0,8.0,8
KUNDLI,1.0,0.0,1.0,1.0,1.0,8.0,8
KUNDURU,1.0,0.0,1.0,1.0,1.0,2.0,2
KUNDWA CHAIN,2.0,0.0,2.0,2.0,2.0,16.0,8
KUNERU,1.8,0.421637,2.0,2.0,2.0,18.0,10
KUNIGAL,1.0,0.0,1.0,1.0,1.0,8.0,8
KUNKI BH,1.0,0.0,1.0,1.0,1.0,15.0,15
KUNNATHUR HA,1.0,0.0,1.0,1.0,1.0,8.0,8
KUNTIGHAT,1.0,0.0,1.0,1.0,1.0,42.0,42
KUNURI,1.0,0.0,1.0,1.0,1.0,10.0,10
KUNWAR,1.0,0.0,1.0,1.0,1.0,2.0,2
KUP,1.75,0.452267,2.0,2.0,2.0,21.0,12
KUPGAL,1.0,0.0,1.0,1.0,1.0,6.0,6
KUPPAM,2.564103,7.181097,1.0,2.9,32.08,100.0,39
KURALI,1.375,0.5,1.0,2.0,2.0,22.0,16
KURAM,1.0,0.0,1.0,1.0,1.0,6.0,6
KURASTI KALA,1.0,0.0,1.0,1.0,1.0,5.0,5
KURBALAKOTA,1.0,0.0,1.0,1.0,1.0,4.0,4
KURBHAR,1.0,0.0,1.0,1.0,1.0,6.0,6
KURDUVADI JN,5.393939,8.719349,2.0,15.0,39.0,356.0,66
KURETHA,1.875,0.353553,2.0,2.0,2.0,15.0,8
KURGUNTA,1.2,0.421637,1.0,2.0,2.0,12.0,10
KURHAGADA,1.0,0.0,1.0,1.0,1.0,4.0,4
KURHANI,1.0,0.0,1.0,1.0,1.0,8.0,8
KURI,1.0,0.0,1.0,1.0,1.0,12.0,12
KURICHEDU,1.0,0.0,1.0,1.0,1.0,14.0,14
KURIKAD,1.0,0.0,1.0,1.0,1.0,8.0,8
KURINJIPADI,1.0,0.0,1.0,1.0,1.0,4.0,4
KURKURA,1.0,0.0,1.0,1.0,1.0,4.0,4
KURLA,123.400433,339.85018,1.0,1106.45,1388.36,57011.0,462
KURLASI,1.333333,0.516398,1.0,2.0,2.0,8.0,6
KURMAHAT,1.0,0.0,1.0,1.0,1.0,2.0,2
KURNOOL TOWN,21.731343,157.931188,2.0,8.5,450.2,1456.0,67
KURRAIYA,1.0,0.0,1.0,1.0,1.0,10.0,10
KURSELA,1.454545,0.509647,1.0,2.0,2.0,32.0,22
KURSEONG,3.333333,5.163978,0.0,10.0,10.0,20.0,6
KURUD,1.0,0.0,1.0,1.0,1.0,6.0,6
KURUKSHETRA,2.285714,4.841018,2.0,4.7,30.34,192.0,84
KURUMBUR,1.0,0.0,1.0,1.0,1.0,14.0,14
KURUMURTHI,1.0,0.0,1.0,1.0,1.0,6.0,6
KURUPPANTARA,1.0,0.0,1.0,1.0,1.0,16.0,16
KURUSI,1.0,0.0,1.0,1.0,1.0,6.0,6
KURVA,1.0,,1.0,1.0,1.0,1.0,1
KURWAI KETHO,1.5,0.57735,1.5,2.0,2.0,6.0,4
KUSHALPURA,1.0,0.0,1.0,1.0,1.0,8.0,8
KUSHTALA,1.166667,0.408248,1.0,1.75,1.95,7.0,6
KUSIARGAON,2.0,0.0,2.0,2.0,2.0,30.0,15
KUSMHI,1.888889,0.333333,2.0,2.0,2.0,17.0,9
KUSTAUR,1.0,0.0,1.0,1.0,1.0,24.0,24
KUSUGAL,1.125,0.353553,1.0,1.65,1.93,9.0,8
KUSUMBHI,1.0,0.0,1.0,1.0,1.0,28.0,28
KUSUMKASA,1.125,0.353553,1.0,1.65,1.93,9.0,8
KUSUNDA,0.0,0.0,0.0,0.0,0.0,0.0,2
KUSWA HALT,1.0,0.0,1.0,1.0,1.0,4.0,4
KUTRALAM,1.277778,0.826442,1.0,3.15,3.83,23.0,18
KUTTAKUDI,1.0,0.0,1.0,1.0,1.0,6.0,6
KUTTIPPURAM,1.772727,0.423915,2.0,2.0,2.0,78.0,44
KUTURUKHAMAR,1.666667,0.516398,2.0,2.0,2.0,10.0,6
KUWARCHINTAW,1.0,0.0,1.0,1.0,1.0,3.0,3
KWAKDWIP,1.433333,1.356551,1.0,5.0,5.0,43.0,30
KYARKOP,1.0,0.0,1.0,1.0,1.0,4.0,4
KYATANAKERI,1.0,0.0,1.0,1.0,1.0,5.0,5
KYATSANDRA,1.3,0.470162,1.0,2.0,2.0,26.0,20
KYATSNDRA GO,1.0,0.0,1.0,1.0,1.0,2.0,2
LABAN,1.166667,0.408248,1.0,1.75,1.95,7.0,6
LABHA,2.0,0.0,2.0,2.0,2.0,44.0,22
LACHHMANGARH,1.5,0.57735,1.5,2.0,2.0,6.0,4
LACHHMANPUR,1.0625,0.25,1.0,1.25,1.85,17.0,16
LACHMIPUR HA,1.833333,0.389249,2.0,2.0,2.0,22.0,12
LACHYAN,1.285714,0.82542,1.0,2.7,3.74,18.0,14
LADDA,1.75,0.46291,2.0,2.0,2.0,14.0,8
LADDIVADI,1.0,,1.0,1.0,1.0,1.0,1
LADERMER,1.5,0.57735,1.5,2.0,2.0,6.0,4
LADHOWAL,1.4,0.507093,1.0,2.0,2.0,21.0,15
LADHUKA,1.416667,0.514929,1.0,2.0,2.0,17.0,12
LADNUN,2.833333,1.150447,3.0,5.0,5.0,51.0,18
LADPURA,1.0,0.0,1.0,1.0,1.0,2.0,2
LAGARGAWAN,1.5,0.547723,1.5,2.0,2.0,9.0,6
LAHABON HALT,1.0,0.0,1.0,1.0,1.0,14.0,14
LAHAVIT,1.0,0.0,1.0,1.0,1.0,4.0,4
LAHERIA SARA,4.586957,1.146513,5.0,5.0,6.1,211.0,46
LAHING,1.5,0.57735,1.5,2.0,2.0,6.0,4
LAHLI,2.0,0.0,2.0,2.0,2.0,20.0,10
LAHOAL,2.0,0.0,2.0,2.0,2.0,8.0,4
LAIBURWA HAL,1.333333,0.516398,1.0,2.0,2.0,8.0,6
LAILAKH MAMA,1.0,0.0,1.0,1.0,1.0,14.0,14
LAIMEKURI,1.0,0.0,1.0,1.0,1.0,8.0,8
LAIN BAZAR,2.0,0.0,2.0,2.0,2.0,4.0,2
LAJPAT NAGAR,1.0,0.0,1.0,1.0,1.0,10.0,10
LAKDI KA PUL,1.0,0.0,1.0,1.0,1.0,58.0,58
LAKDIYA,2.0,0.0,2.0,2.0,2.0,8.0,4
LAKE GARDENS,1.0,0.0,1.0,1.0,1.0,83.0,83
LAKHABAVAL,1.25,0.46291,1.0,2.0,2.0,10.0,8
LAKHAKERA,1.75,0.5,2.0,2.0,2.0,7.0,4
LAKHAMANCHI,1.25,0.5,1.0,1.85,1.97,5.0,4
LAKHANWARA,1.0,0.0,1.0,1.0,1.0,10.0,10
LAKHERI,1.7,0.470162,2.0,2.0,2.0,34.0,20
LAKHEWALI,1.75,0.452267,2.0,2.0,2.0,21.0,12
LAKHMAPUR,1.125,0.353553,1.0,1.65,1.93,9.0,8
LAKHMINIA,1.423077,0.503831,1.0,2.0,2.0,37.0,26
LAKHNA,1.75,0.46291,2.0,2.0,2.0,14.0,8
LAKHO,1.0,0.0,1.0,1.0,1.0,12.0,12
LAKHOLI,1.714286,0.48795,2.0,2.0,2.0,12.0,7
LAKHPAT,2.0,0.0,2.0,2.0,2.0,4.0,2
LAKHPAT NAGA,2.0,0.0,2.0,2.0,2.0,12.0,6
LAKHTAR,1.5,0.534522,1.5,2.0,2.0,12.0,8
LAKKAVARAPUK,1.0,0.0,1.0,1.0,1.0,2.0,2
LAKKITI,1.0,0.0,1.0,1.0,1.0,10.0,10
LAKODARA,1.2,0.421637,1.0,2.0,2.0,12.0,10
LAKSAR JN.,8.441558,14.988148,3.0,31.0,59.4,650.0,77
LAKSHANNATH,1.0,0.0,1.0,1.0,1.0,15.0,15
LAKSHMANPUR,1.333333,0.516398,1.0,2.0,2.0,8.0,6
LAKSHMIGANJ,1.375,0.517549,1.0,2.0,2.0,11.0,8
LAKSHMIKANTA,0.234568,1.380866,0.0,1.0,4.0,19.0,81
LAKSHMINARAY,1.0,0.0,1.0,1.0,1.0,7.0,7
LAKSHMIPUR,1.0,0.0,1.0,1.0,1.0,39.0,39
LAKSHMIPUR B,1.0,0.0,1.0,1.0,1.0,8.0,8
LAKSHMIPUR R,2.0,0.0,2.0,2.0,2.0,24.0,12
LAKWA,2.0,0.0,2.0,2.0,2.0,12.0,6
LAL KALAN,2.0,,2.0,2.0,2.0,2.0,1
LALABAZAR,5.0,0.0,5.0,5.0,5.0,10.0,2
LALAGUDA GAT,1.0,0.0,1.0,1.0,1.0,40.0,40
LALAPET,1.0,0.0,1.0,1.0,1.0,10.0,10
LALAURI KHER,1.0,0.0,1.0,1.0,1.0,8.0,8
LALAWADI,1.0,0.0,1.0,1.0,1.0,2.0,2
LALBAGH,1.0,0.0,1.0,1.0,1.0,4.0,4
LALBAGH COUR,1.142857,0.755929,1.0,1.0,3.92,32.0,28
LALGANJ,1.714286,0.468807,2.0,2.0,2.0,24.0,14
LALGARH JN.,5.571429,13.238472,2.0,20.0,52.0,117.0,21
LALGOLA,8.709677,48.493432,0.0,0.0,189.0,270.0,31
LALGOPALGANJ,1.071429,0.267261,1.0,1.35,1.87,15.0,14
LALGUDI,1.076923,0.759555,1.0,2.0,2.0,14.0,13
LALIT KHERA,1.0,0.0,1.0,1.0,1.0,4.0,4
LALIT LACHMI,1.0,0.0,1.0,1.0,1.0,2.0,2
LALITPUR,2.171429,0.760843,2.0,4.55,5.0,152.0,70
LALKUA JN.,12.456522,40.315261,2.5,40.5,171.0,573.0,46
LALPUR,2.0,0.0,2.0,2.0,2.0,16.0,8
LALPUR JAM,1.0,0.0,1.0,1.0,1.0,11.0,11
LALPUR UMRIL,1.125,0.353553,1.0,1.65,1.93,9.0,8
LALRU,1.5,0.534522,1.5,2.0,2.0,12.0,8
LAMBHUA,1.0,0.0,1.0,1.0,1.0,16.0,16
LAMBIYA,1.0,0.0,1.0,1.0,1.0,2.0,2
LAMSAKHANG,1.5,0.57735,1.5,2.0,2.0,6.0,4
LANDAURA,1.5,0.527046,1.5,2.0,2.0,15.0,10
LANGARPETH,1.0,0.0,1.0,1.0,1.0,4.0,4
LANGCHOLIET,2.0,0.0,2.0,2.0,2.0,4.0,2
LANGTING,2.0,0.0,2.0,2.0,2.0,4.0,2
LANJI GARH R,4.5,6.665064,2.0,20.0,20.0,63.0,14
LANKA,2.3,2.053592,2.0,5.0,9.97,69.0,30
LANKALAKODER,1.0,0.0,1.0,1.0,1.0,11.0,11
LAOPANI,2.0,0.0,2.0,2.0,2.0,4.0,2
LAPANGA,1.4,0.516398,1.0,2.0,2.0,14.0,10
LAR ROAD,1.888889,0.323381,2.0,2.0,2.0,34.0,18
LARABAD BH,1.0,0.0,1.0,1.0,1.0,2.0,2
LASAL GAON,1.538462,0.508391,2.0,2.0,2.0,40.0,26
LASERI  HALT,1.166667,0.408248,1.0,1.75,1.95,7.0,6
LASUR,1.114286,0.676123,1.0,1.0,3.64,39.0,35
LATABOR,1.0,0.0,1.0,1.0,1.0,8.0,8
LATAGURI JN,1.0,0.0,1.0,1.0,1.0,2.0,2
LATEHER,1.75,0.440959,2.0,2.0,2.0,49.0,28
LATEMDA,1.0,0.0,1.0,1.0,1.0,3.0,3
LATH HALT,1.0,0.0,1.0,1.0,1.0,4.0,4
LATHI,1.0,0.0,1.0,1.0,1.0,8.0,8
LATHIDAD,1.0,0.0,1.0,1.0,1.0,10.0,10
LATHIKATA,1.0,0.0,1.0,1.0,1.0,2.0,2
LATTERI,1.25,0.5,1.0,1.85,1.97,5.0,4
LATUR,7.894737,2.536286,10.0,10.0,10.0,150.0,19
LATUR ROAD,6.171429,7.010436,2.0,20.0,21.32,216.0,35
LAUL,1.0,0.0,1.0,1.0,1.0,5.0,5
LAVAN SATYAG,1.0,0.0,1.0,1.0,1.0,5.0,5
LAWA SARDARG,1.0,0.0,1.0,1.0,1.0,4.0,4
LAXMIBAINAGA,1.5,0.516398,1.5,2.0,2.0,24.0,16
LAYABAD,1.0,0.0,1.0,1.0,1.0,6.0,6
LEBUTALA,1.0,0.0,1.0,1.0,1.0,44.0,44
LEDO,0.0,0.0,0.0,0.0,0.0,0.0,8
LEHRA F,1.0,0.0,1.0,1.0,1.0,10.0,10
LEHRA GAGA,1.714286,0.46291,2.0,2.0,2.0,36.0,21
LEHRA MUHABB,1.5,0.534522,1.5,2.0,2.0,12.0,8
LELIGUMMA,2.0,0.0,2.0,2.0,2.0,12.0,6
LEPETKATA,2.0,0.0,2.0,2.0,2.0,4.0,2
LIDHORA,1.875,0.353553,2.0,2.0,2.0,15.0,8
LIHURI PH,1.0,0.0,1.0,1.0,1.0,4.0,4
LILABARI,1.0,0.0,1.0,1.0,1.0,8.0,8
LILAPURROAD,1.25,0.5,1.0,1.85,1.97,5.0,4
LILIYA MOTA,1.0,0.0,1.0,1.0,1.0,7.0,7
LILUAH,1.006536,0.114332,1.0,1.0,1.0,308.0,306
LIMBGAON,1.0,0.0,1.0,1.0,1.0,16.0,16
LIMDI,1.0,0.0,1.0,1.0,1.0,15.0,15
LIMKHERA,1.071429,0.267261,1.0,1.35,1.87,15.0,14
LINCH,2.5,1.0,2.0,3.7,3.94,10.0,4
LINGAM GUNTL,1.0,0.0,1.0,1.0,1.0,6.0,6
LINGAMPALLI,216.20625,422.951238,1.0,1210.5,1336.15,34593.0,160
LINGANENIDOD,1.125,0.353553,1.0,1.65,1.93,9.0,8
LINGARAJ TEM,1.05,0.223607,1.0,1.05,1.81,21.0,20
LINGIRI,1.0,0.0,1.0,1.0,1.0,4.0,4
LINGTI,3.5,2.12132,3.5,4.85,4.97,7.0,2
LINK C-CABIN,1.0,0.0,1.0,1.0,1.0,3.0,3
LINK JN CABI,2.0,0.0,2.0,2.0,2.0,6.0,3
LNGOHTA,2.0,1.414214,2.0,2.9,2.98,4.0,2
LODHMA,1.0,0.0,1.0,1.0,1.0,4.0,4
LODI COLONY,1.0,0.0,1.0,1.0,1.0,10.0,10
LODIPUR BISH,1.727273,0.467099,2.0,2.0,2.0,19.0,11
LOHA   HALT,1.0,0.0,1.0,1.0,1.0,6.0,6
LOHAPUR,1.0,0.0,1.0,1.0,1.0,12.0,12
LOHARDAGA  B,1.25,2.31455,0.0,5.0,5.0,10.0,8
LOHARPURWA (,1.1,0.307794,1.0,2.0,2.0,22.0,20
LOHARU JN,12.2,15.949057,5.0,32.75,66.95,366.0,30
LOHGARA,2.0,0.0,2.0,2.0,2.0,6.0,3
LOHIAN KHAS,3.0,3.149603,2.0,10.0,10.0,78.0,26
LOHOGAD,1.0,0.0,1.0,1.0,1.0,6.0,6
LOHTA,1.0,0.0,1.0,1.0,1.0,6.0,6
LOISINGHA,2.0,0.0,2.0,2.0,2.0,20.0,10
LOK VIDYAPIT,1.0,0.0,1.0,1.0,1.0,10.0,10
LOKKADKOT,1.2,0.447214,1.0,1.8,1.96,6.0,5
LOKMANYA NAG,1.045455,0.213201,1.0,1.0,1.79,23.0,22
LOKMANYA TIL,115.309353,336.817756,0.0,1001.5,1403.6,16028.0,139
LOKNATH,1.0,0.0,1.0,1.0,1.0,63.0,63
LOKUR,1.0,0.0,1.0,1.0,1.0,8.0,8
LOLIEM,1.0,0.0,1.0,1.0,1.0,8.0,8
LOLIYA,1.0,0.0,1.0,1.0,1.0,6.0,6
LONAND,1.2,0.421637,1.0,2.0,2.0,12.0,10
LONAVLA,1.643312,1.103681,2.0,3.0,3.0,258.0,157
LONDA JN.,2.509434,2.333886,2.0,8.2,10.0,133.0,53
LONGAI,2.0,0.0,2.0,2.0,2.0,8.0,4
LONGPATIA,1.5,0.57735,1.5,2.0,2.0,6.0,4
LONI,1.0,0.0,1.0,1.0,1.0,20.0,20
LORHA,1.5,0.547723,1.5,2.0,2.0,9.0,6
LORWADA,2.0,0.0,2.0,2.0,2.0,8.0,4
LOTANA,1.0,0.0,1.0,1.0,1.0,8.0,8
LOTAPAHAR,1.0,0.0,1.0,1.0,1.0,6.0,6
LOTHAL BHURK,1.0,0.0,1.0,1.0,1.0,10.0,10
LOTTEGOLLAHA,1.0,0.0,1.0,1.0,1.0,12.0,12
LOVEDALE,1.0,0.0,1.0,1.0,1.0,8.0,8
LUCKEESARAI,1.858974,0.527783,2.0,2.0,2.69,145.0,78
LUCKNOW (DIK,1.0,0.0,1.0,1.0,1.0,3.0,3
LUCKNOW CITY,1.941176,0.242536,2.0,2.0,2.0,33.0,17
LUCKNOW JN.,26.864935,134.809037,10.0,34.0,669.0,10343.0,385
LUCKNOW WEST,1.2,0.447214,1.0,1.8,1.96,6.0,5
LUDHIANA JN.,8.52766,5.588668,10.0,20.0,25.0,2004.0,235
LUKWASA,2.0,0.0,2.0,2.0,2.0,8.0,4
LUMDING JN.,13.375,12.762171,10.0,30.0,45.0,856.0,64
LUN RICHHA,1.625,0.517549,2.0,2.0,2.0,13.0,8
LUNI JN.,3.107143,1.316726,3.0,3.0,9.35,174.0,56
LUNIDHAR,1.0,0.0,1.0,1.0,1.0,4.0,4
LUNKARANSAR,1.933333,0.258199,2.0,2.0,2.0,29.0,15
LUNSERIYA,1.25,0.5,1.0,1.85,1.97,5.0,4
LUNSU  HALT,1.0,0.0,1.0,1.0,1.0,12.0,12
LUSA,2.0,0.0,2.0,2.0,2.0,20.0,10
LUSHALA,1.0,0.0,1.0,1.0,1.0,8.0,8
MABAN,1.7,0.483046,2.0,2.0,2.0,17.0,10
MABBI HALT,1.0,0.0,1.0,1.0,1.0,6.0,6
MACHAPUR,1.0,0.0,1.0,1.0,1.0,6.0,6
MACHARYA,1.5,0.514496,1.5,2.0,2.0,27.0,18
MACHAVARAM H,1.0,0.0,1.0,1.0,1.0,12.0,12
MACHERLA,0.0,0.0,0.0,0.0,0.0,0.0,6
MACHHAKUNDA,1.0,0.0,1.0,1.0,1.0,2.0,2
MACHHALANDAP,1.013333,0.11547,1.0,1.0,1.26,76.0,75
MACHHRAULI,1.4,0.894427,1.0,2.6,2.92,7.0,5
MACHILIPATNA,18.125,88.794003,0.0,0.0,334.95,435.0,24
MADANA PALLE,1.083333,0.288675,1.0,1.45,1.89,13.0,12
MADANAPUR HA,1.0,0.0,1.0,1.0,1.0,4.0,4
MADANKATA,1.0,0.0,1.0,1.0,1.0,13.0,13
MADANMAHAL,1.815789,0.562584,2.0,2.0,2.0,69.0,38
MADANPUR,1.026087,0.279751,1.0,1.0,1.0,118.0,115
MADAR JN,0.8,0.788811,1.0,2.0,2.0,8.0,10
MADARAHA,2.0,0.0,2.0,2.0,2.0,6.0,3
MADARIHAT,1.0,0.0,1.0,1.0,1.0,10.0,10
MADDIKERA,3.357143,7.96731,1.0,12.15,27.23,47.0,14
MADDUR,1.142857,0.356348,1.0,2.0,2.0,32.0,28
MADDURU,1.0,0.0,1.0,1.0,1.0,4.0,4
MADGOAN JN.,29.434783,145.63606,10.0,13.0,723.0,3385.0,115
MADHA,1.666667,0.5,2.0,2.0,2.0,15.0,9
MADHABPUR,1.0,0.0,1.0,1.0,1.0,54.0,54
MADHADA,1.0,0.0,1.0,1.0,1.0,8.0,8
MADHAVNAGAR,1.214286,0.425815,1.0,2.0,2.0,17.0,14
MADHI,2.444444,0.527046,2.0,3.0,3.0,22.0,9
MADHIRA,1.125,0.334932,1.0,2.0,2.0,45.0,40
MADHOGANJ,2.0,0.0,2.0,2.0,2.0,8.0,4
MADHOPUR PUN,1.428571,0.534522,1.0,2.0,2.0,10.0,7
MADHOSINGH,2.142857,0.864438,2.0,3.05,4.61,30.0,14
MADHRANAGAR,1.0,0.0,1.0,1.0,1.0,18.0,18
MADHUBANI,4.333333,1.264911,5.0,5.0,5.0,156.0,36
MADHUKUNDA,1.173913,0.387553,1.0,2.0,2.0,27.0,23
MADHUPUR JN.,9.459016,56.356473,2.0,9.75,56.58,1154.0,122
MADHUSUDANPU,1.0,0.0,1.0,1.0,1.0,63.0,63
MADHYAM GRAM,0.981132,0.176882,1.0,1.0,1.0,156.0,159
MADHYAMPUR,1.704545,1.664675,1.0,6.0,6.57,75.0,44
MADIMANGALAM,1.0,,1.0,1.0,1.0,1.0,1
MADLAUDA,1.0,0.0,1.0,1.0,1.0,6.0,6
MADPUR,1.02,0.141421,1.0,1.0,1.51,51.0,50
MADUKARAI,1.0,0.0,1.0,1.0,1.0,10.0,10
MADURAI EAST,1.0,0.0,1.0,1.0,1.0,6.0,6
MADURAI JN,3.147059,2.885255,5.0,5.0,10.0,321.0,102
MADURANTAKAM,1.785714,0.425815,2.0,2.0,2.0,25.0,14
MADURE (H),1.0,0.0,1.0,1.0,1.0,4.0,4
MADWARANI,1.0,0.0,1.0,1.0,1.0,12.0,12
MADWAS GRAM,2.0,0.0,2.0,2.0,2.0,16.0,8
MAEL,1.0,0.0,1.0,1.0,1.0,4.0,4
MAGARDAHA,1.4,0.547723,1.0,2.0,2.0,7.0,5
MAGARDOH,1.0,0.0,1.0,1.0,1.0,4.0,4
MAGARPUR,1.5,0.57735,1.5,2.0,2.0,6.0,4
MAGARWARA,1.026316,0.162221,1.0,1.0,1.63,39.0,38
MAGHAR,2.0,0.0,2.0,2.0,2.0,28.0,14
MAGRA,1.0,0.0,1.0,1.0,1.0,70.0,70
MAGRAHAT,0.982143,0.232854,1.0,1.0,1.45,55.0,56
MAGUDANCHAVA,1.0,0.0,1.0,1.0,1.0,10.0,10
MAHABUANG,1.0,0.0,1.0,1.0,1.0,4.0,4
MAHADANAPURA,1.0,0.0,1.0,1.0,1.0,11.0,11
MAHADEO KHED,1.9,0.316228,2.0,2.0,2.0,19.0,10
MAHADEVA  BU,1.0,0.0,1.0,1.0,1.0,10.0,10
MAHADEVASAL,1.0,0.0,1.0,1.0,1.0,6.0,6
MAHADIA PH,1.0,0.0,1.0,1.0,1.0,6.0,6
MAHADIYA,1.5,0.57735,1.5,2.0,2.0,6.0,4
MAHAJAN,2.0,0.0,2.0,2.0,2.0,26.0,13
MAHALAM,1.5,0.522233,1.5,2.0,2.0,18.0,12
MAHALI MARUP,1.0,0.0,1.0,1.0,1.0,16.0,16
MAHAMADPUR-A,1.0,0.0,1.0,1.0,1.0,2.0,2
MAHAMANDIR,1.0,0.0,1.0,1.0,1.0,2.0,2
MAHANADI,1.0,0.0,1.0,1.0,1.0,2.0,2
MAHANAGAR,1.0,0.0,1.0,1.0,1.0,4.0,4
MAHANANDA BR,1.0,0.0,1.0,1.0,1.0,10.0,10
MAHANGARWAL,1.0,0.0,1.0,1.0,1.0,6.0,6
MAHANSAR,1.0,0.0,1.0,1.0,1.0,2.0,2
MAHARAJA CHH,2.0,0.0,2.0,2.0,2.0,8.0,4
MAHARAJGANJ,0.0,0.0,0.0,0.0,0.0,0.0,10
MAHARANI PAC,1.0,0.0,1.0,1.0,1.0,4.0,4
MAHASAMUND,2.352941,0.981105,2.0,5.0,5.0,80.0,34
MAHAWAN KHOR,1.0,0.0,1.0,1.0,1.0,20.0,20
MAHBUB NAGAR,1.0,0.0,1.0,1.0,1.0,11.0,11
MAHBUBABAD,1.0,0.374634,1.0,2.0,2.0,58.0,58
MAHBUBNAGAR,16.014085,114.855001,2.0,5.0,301.5,1137.0,71
MAHE,1.5,0.507519,1.5,2.0,2.0,51.0,34
MAHEJI,1.0,0.0,1.0,1.0,1.0,4.0,4
MAHEMADAVAD,1.358491,0.484146,1.0,2.0,2.0,72.0,53
MAHENDRAGARH,1.84375,0.368902,2.0,2.0,2.0,59.0,32
MAHENDRALALN,1.0,0.0,1.0,1.0,1.0,6.0,6
MAHENDRANATH,1.142857,0.363137,1.0,2.0,2.0,16.0,14
MAHENDRAVADI,1.142857,0.377964,1.0,1.7,1.94,8.0,7
MAHESANA JN,2.025424,2.753279,2.0,3.0,5.0,239.0,118
MAHESH KHUNT,1.4,0.502625,1.0,2.0,2.0,28.0,20
MAHESHA MUND,1.0,0.0,1.0,1.0,1.0,10.0,10
MAHESHI,1.0,0.0,1.0,1.0,1.0,14.0,14
MAHESHPUR 'A,1.0,0.0,1.0,1.0,1.0,4.0,4
MAHESHRI SAN,1.0,0.0,1.0,1.0,1.0,9.0,9
MAHESRA,1.7,0.483046,2.0,2.0,2.0,17.0,10
MAHGAWAN HAL,1.0,0.0,1.0,1.0,1.0,4.0,4
MAHIMBA,1.0,0.0,1.0,1.0,1.0,4.0,4
MAHIPAL  HAL,1.0,0.0,1.0,1.0,1.0,9.0,9
MAHIPAL ROAD,1.0,0.0,1.0,1.0,1.0,18.0,18
MAHISADAL,1.0,0.0,1.0,1.0,1.0,8.0,8
MAHISHADAHAR,1.0,0.0,1.0,1.0,1.0,8.0,8
MAHIYARPUR,1.0,0.0,1.0,1.0,1.0,8.0,8
MAHKEPAR ROA,1.0,0.0,1.0,1.0,1.0,8.0,8
MAHMUDABAD (,1.916667,0.288675,2.0,2.0,2.0,23.0,12
MAHOBA,5.583333,9.343292,2.0,25.0,28.85,134.0,24
MAHOLI,1.833333,0.408248,2.0,2.0,2.0,11.0,6
MAHPUR,1.529412,0.514496,2.0,2.0,2.0,26.0,17
MAHRAULI,1.571429,0.534522,2.0,2.0,2.0,11.0,7
MAHRAWAL,1.142857,0.534522,1.0,1.7,2.74,16.0,14
MAHROI,2.0,0.0,2.0,2.0,2.0,12.0,6
MAHTHA BAZAR,1.0,0.0,1.0,1.0,1.0,10.0,10
MAHUAMILAN,1.375,0.517549,1.0,2.0,2.0,11.0,8
MAHUARIYA,1.25,0.5,1.0,1.85,1.97,5.0,4
MAHUAWA KHUR,1.214286,0.425815,1.0,2.0,2.0,17.0,14
MAHUDHA,1.0,0.0,1.0,1.0,1.0,4.0,4
MAHUGARA,2.0,0.0,2.0,2.0,2.0,12.0,6
MAHULI HALT,1.0,0.0,1.0,1.0,1.0,8.0,8
MAHUR,3.5,1.732051,3.5,5.0,5.0,14.0,4
MAHUTGAON,1.5,0.57735,1.5,2.0,2.0,6.0,4
MAHUVA,0.0,0.0,0.0,0.0,0.0,0.0,11
MAHUWALA HAL,1.166667,0.408248,1.0,1.75,1.95,7.0,6
MAHWA,1.166667,0.408248,1.0,1.75,1.95,7.0,6
MAHWAL,2.0,0.0,2.0,2.0,2.0,24.0,12
MAI HALT,1.0,0.0,1.0,1.0,1.0,11.0,11
MAIBANG,2.375,1.06066,2.0,3.95,4.79,19.0,8
MAIHAR,2.065574,0.543717,2.0,3.0,4.4,126.0,61
MAIJAPUR,1.875,0.353553,2.0,2.0,2.0,15.0,8
MAIKALGANJ,2.0,0.0,2.0,2.0,2.0,24.0,12
MAILAM,1.166667,0.408248,1.0,1.75,1.95,7.0,6
MAILANI JN.,391.25,463.118564,147.5,1212.0,1264.65,9390.0,24
MAILARAM,1.0,0.0,1.0,1.0,1.0,8.0,8
MAINPURI,8.75,5.175492,7.5,16.5,19.3,70.0,8
MAINPURI KAC,1.5,0.57735,1.5,2.0,2.0,6.0,4
MAIRABARI,0.0,0.0,0.0,0.0,0.0,0.0,2
MAIRWA,1.923077,0.271746,2.0,2.0,2.0,50.0,26
MAISAR KHANA,1.0,0.0,1.0,1.0,1.0,6.0,6
MAISHASHAN,0.0,0.0,0.0,0.0,0.0,0.0,4
MAITHA,1.0,0.0,1.0,1.0,1.0,8.0,8
MAIVADIROAD,1.0,0.0,1.0,1.0,1.0,4.0,4
MAJBAT,1.125,0.341565,1.0,2.0,2.0,18.0,16
MAJERHAT,14.64,93.801049,1.0,12.0,564.95,1464.0,100
MAJGAON-ASSA,1.0,0.0,1.0,1.0,1.0,4.0,4
MAJHAIRAN HI,1.0,0.0,1.0,1.0,1.0,10.0,10
MAJHAULA HAL,1.0,0.0,1.0,1.0,1.0,5.0,5
MAJHAULI,2.0,0.0,2.0,2.0,2.0,4.0,2
MAJHDIA,1.0,0.0,1.0,1.0,1.0,38.0,38
MAJHERGRAM,2.935484,2.174634,1.0,6.0,6.7,91.0,31
MAJHGAWAN,1.785714,0.425815,2.0,2.0,2.0,25.0,14
MAJHGAWAN PH,2.0,0.0,2.0,2.0,2.0,8.0,4
MAJHIARI,2.0,0.0,2.0,2.0,2.0,6.0,3
MAJHOLA PAKA,0.0,0.0,0.0,0.0,0.0,0.0,6
MAJHOWALIA,2.0,0.0,2.0,2.0,2.0,32.0,16
MAJITHA,1.0,0.0,1.0,1.0,1.0,8.0,8
MAJNUPUR NAW,1.0,0.0,1.0,1.0,1.0,6.0,6
MAJORDE JN.,1.214286,0.578934,1.0,2.35,2.87,17.0,14
MAJRI JN.,1.75,1.0,2.0,2.75,4.55,28.0,16
MAJRI NANGAL,1.0,0.0,1.0,1.0,1.0,4.0,4
MAJRIKHADAN,1.0,0.0,1.0,1.0,1.0,2.0,2
MAJU (PH),1.0,0.0,1.0,1.0,1.0,6.0,6
MAKALI DURGA,1.0,0.0,1.0,1.0,1.0,4.0,4
MAKANSAR,1.0,0.0,1.0,1.0,1.0,14.0,14
MAKARDAHA,1.0,0.0,1.0,1.0,1.0,6.0,6
MAKARPURA,1.2,0.421637,1.0,2.0,2.0,12.0,10
MAKARWADI HA,1.0,0.0,1.0,1.0,1.0,2.0,2
MAKHDUMPUR G,1.214286,0.417855,1.0,2.0,2.0,34.0,28
MAKHI,2.0,0.0,2.0,2.0,2.0,8.0,4
MAKHU,1.944444,0.235702,2.0,2.0,2.0,35.0,18
MAKKAJIPALLI,1.0,0.0,1.0,1.0,1.0,2.0,2
MAKKHANPUR,1.0,0.0,1.0,1.0,1.0,8.0,8
MAKRANA JN.,35.953488,218.746206,3.0,3.0,834.72,1546.0,43
MAKRANDPUR,2.0,0.0,2.0,2.0,2.0,20.0,10
MAKRAULI,1.0,0.0,1.0,1.0,1.0,6.0,6
MAKRERA,1.25,0.5,1.0,1.85,1.97,5.0,4
MAKRONIA,1.909091,0.301511,2.0,2.0,2.0,21.0,11
MAKSI JN,1.754098,0.505165,2.0,2.0,2.0,107.0,61
MAKUDI,1.0,0.0,1.0,1.0,1.0,6.0,6
MAKUM JN.,2.0,0.0,2.0,2.0,2.0,20.0,10
MAL BAZAR,1.0,0.0,1.0,1.0,1.0,2.0,2
MALA,2.0,0.0,2.0,2.0,2.0,20.0,10
MALADGAON,1.0,0.0,1.0,1.0,1.0,8.0,8
MALAHAR,1.0,0.0,1.0,1.0,1.0,10.0,10
MALAKA VEMAL,1.0,0.0,1.0,1.0,1.0,2.0,2
MALAKHERA,1.1,0.316228,1.0,1.55,1.91,11.0,10
MALAKPET,1.0,0.0,1.0,1.0,1.0,103.0,103
MALANCHA,1.0,0.0,1.0,1.0,1.0,2.0,2
MALANPUR,2.0,0.0,2.0,2.0,2.0,16.0,8
MALAR,2.0,0.0,2.0,2.0,2.0,4.0,2
MALARNA,1.5,0.518875,1.5,2.0,2.0,21.0,14
MALASA,2.0,0.0,2.0,2.0,2.0,8.0,4
MALATI PUR,1.0,0.0,1.0,1.0,1.0,44.0,44
MALATIPATPUR,1.0,0.0,1.0,1.0,1.0,14.0,14
MALAVLI,1.0,0.0,1.0,1.0,1.0,37.0,37
MALDA COURT,0.4,0.843274,0.0,2.0,2.0,4.0,10
MALDA TOWN,9.722222,7.191816,10.0,20.0,25.0,1225.0,126
MALERKOTLA,1.857143,0.356348,2.0,2.0,2.0,52.0,28
MALETHU KANA,1.0,0.0,1.0,1.0,1.0,6.0,6
MALHARGARH,1.222222,0.440959,1.0,2.0,2.0,11.0,9
MALHOUR,1.142857,0.478091,1.0,2.0,2.8,24.0,21
MALIGURA,1.0,0.0,1.0,1.0,1.0,2.0,2
MALIHABAD,1.466667,0.516398,1.0,2.0,2.0,22.0,15
MALIHATI TAL,1.0,0.0,1.0,1.0,1.0,24.0,24
MALIKPETH,1.5,0.57735,1.5,2.0,2.0,6.0,4
MALIKPUR (HA,1.0,0.0,1.0,1.0,1.0,7.0,7
MALIPUR,1.545455,0.509647,2.0,2.0,2.0,34.0,22
MALIYA,1.0,0.0,1.0,1.0,1.0,65.0,65
MALIYA HATIN,1.0,0.0,1.0,1.0,1.0,17.0,17
MALIYA MIYAN,1.75,0.68313,2.0,2.0,2.0,28.0,16
MALKAJGIRI,1.109756,0.314509,1.0,2.0,2.0,91.0,82
MALKAPUR,1.808824,0.432188,2.0,2.0,2.33,123.0,68
MALKAPUR ROA,1.125,0.353553,1.0,1.65,1.93,9.0,8
MALKAPURAM,1.0,0.0,1.0,1.0,1.0,12.0,12
MALKERA JN,1.0,0.0,1.0,1.0,1.0,6.0,6
MALKHAID ROA,1.0625,0.25,1.0,1.25,1.85,17.0,16
MALKHED,1.0,0.0,1.0,1.0,1.0,6.0,6
MALKHEDI,2.0,0.0,2.0,2.0,2.0,56.0,28
MALKISAR,2.0,0.0,2.0,2.0,2.0,12.0,6
MALLAN NAGAR,1.0,0.0,1.0,1.0,1.0,8.0,8
MALLANWALA K,1.666667,0.485071,2.0,2.0,2.0,30.0,18
MALLANWAN,2.0,0.0,2.0,2.0,2.0,8.0,4
MALLAPA GATE,1.0,0.0,1.0,1.0,1.0,7.0,7
MALLAPUR,1.1,0.316228,1.0,1.55,1.91,11.0,10
MALLARPUR,1.0,0.0,1.0,1.0,1.0,31.0,31
MALLASANDRA,1.0,0.0,1.0,1.0,1.0,8.0,8
MALLEMADUGU,1.0,0.0,1.0,1.0,1.0,6.0,6
MALLESWARAM,1.285714,0.460044,1.0,2.0,2.0,36.0,28
MALLICKPURHA,1.0,0.0,1.0,1.0,1.0,2.0,2
MALLIKPUR,1.006849,0.082761,1.0,1.0,1.0,147.0,146
MALLIVIDU,2.0,1.414214,2.0,2.9,2.98,4.0,2
MALLIYALA,1.125,0.353553,1.0,1.65,1.93,9.0,8
MALLIYAM,1.0,0.0,1.0,1.0,1.0,10.0,10
MALLUR,1.0,0.0,1.0,1.0,1.0,4.0,4
MALOUT,1.730769,0.452344,2.0,2.0,2.0,45.0,26
MALSAILU HAL,1.0,0.0,1.0,1.0,1.0,6.0,6
MALSIAN SHAH,1.5,0.527046,1.5,2.0,2.0,15.0,10
MALTEKDI,1.0,0.0,1.0,1.0,1.0,4.0,4
MALTHAN,1.25,0.5,1.0,1.85,1.97,5.0,4
MALUGUR,1.333333,0.57735,1.0,1.9,1.98,4.0,3
MALUKA,1.0,0.0,1.0,1.0,1.0,6.0,6
MALUPOTA,1.0,0.0,1.0,1.0,1.0,6.0,6
MALUR,1.081081,0.276725,1.0,2.0,2.0,40.0,37
MALWAN,1.0,0.0,1.0,1.0,1.0,5.0,5
MALWARA,1.5,0.57735,1.5,2.0,2.0,6.0,4
MAMAN,1.2,0.447214,1.0,1.8,1.96,6.0,5
MAMANDURU,1.0,0.0,1.0,1.0,1.0,4.0,4
MAMBALAM,1.086735,0.483181,1.0,2.0,2.0,213.0,196
MAMBALAPPATT,1.0,0.0,1.0,1.0,1.0,6.0,6
MANA,1.0,0.0,1.0,1.0,1.0,6.0,6
MANABAR,1.0,0.0,1.0,1.0,1.0,2.0,2
MANAK NAGAR,1.0,0.0,1.0,1.0,1.0,28.0,28
MANAKSAR,1.75,0.46291,2.0,2.0,2.0,14.0,8
MANAMADURAI,3.205882,1.788506,2.0,5.0,5.0,109.0,34
MANANI,1.0,0.0,1.0,1.0,1.0,11.0,11
MANANPUR,1.59375,0.498991,2.0,2.0,2.0,51.0,32
MANANWALA,1.444444,0.881917,2.0,2.0,2.0,13.0,9
MANAPARAI,1.214286,0.425815,1.0,2.0,2.0,17.0,14
MANAURI,1.333333,0.57735,1.0,1.9,1.98,4.0,3
MANAVUR,1.0,0.0,1.0,1.0,1.0,47.0,47
MANCHESWAR,1.411765,0.499554,1.0,2.0,2.0,48.0,34
MANCHILI,1.0,0.0,1.0,1.0,1.0,14.0,14
MANCHIRYAL,1.129032,0.337972,1.0,2.0,2.0,70.0,62
MANDA PADU,1.0,0.0,1.0,1.0,1.0,6.0,6
MANDA ROAD,1.571429,0.513553,2.0,2.0,2.0,22.0,14
MANDAGERE,1.416667,0.514929,1.0,2.0,2.0,17.0,12
MANDAL,1.2,0.447214,1.0,1.8,1.96,6.0,5
MANDALGARH,2.2,1.032796,2.0,3.65,4.73,22.0,10
MANDALGHAT,1.0,0.0,1.0,1.0,1.0,6.0,6
MANDAMARI,1.0,0.0,1.0,1.0,1.0,12.0,12
MANDAPAM,1.222222,0.427793,1.0,2.0,2.0,22.0,18
MANDAPAM CAM,1.0,0.0,1.0,1.0,1.0,8.0,8
MANDAR HILL,2.166667,1.47196,2.0,4.25,4.85,13.0,6
MANDAR VIDYA,1.0,,1.0,1.0,1.0,1.0,1
MANDASA ROAD,1.1,0.316228,1.0,1.55,1.91,11.0,10
MANDAVALLI,1.0,0.0,1.0,1.0,1.0,16.0,16
MANDAWALI CH,1.0,0.0,1.0,1.0,1.0,27.0,27
MANDAWAR MAH,1.625,0.5,2.0,2.0,2.0,26.0,16
MANDERDISA,1.0,0.0,1.0,1.0,1.0,2.0,2
MANDHALI,1.0,0.0,1.0,1.0,1.0,6.0,6
MANDHANA JN,1.428571,0.534522,1.0,2.0,2.0,10.0,7
MANDHAR,1.285714,0.468807,1.0,2.0,2.0,18.0,14
MANDI ADAMPU,1.928571,0.267261,2.0,2.0,2.0,27.0,14
MANDI BAMORA,1.434783,0.50687,1.0,2.0,2.0,33.0,23
MANDI DABWAL,2.0,0.0,2.0,2.0,2.0,22.0,11
MANDI DHANAU,1.916667,0.288675,2.0,2.0,2.0,23.0,12
MANDI GOBIND,1.625,0.5,2.0,2.0,2.0,26.0,16
MANDIDEEP,1.9,0.316228,2.0,2.0,2.0,19.0,10
MANDIR HASAU,2.125,0.353553,2.0,2.65,2.93,17.0,8
MANDOR,47.2,102.18953,2.0,184.4,220.88,236.0,5
MANDPIYA,1.0,0.0,1.0,1.0,1.0,4.0,4
MANDRAK,1.2,0.421637,1.0,2.0,2.0,12.0,10
MANDSOR,1.83871,0.522607,2.0,2.0,2.0,57.0,31
MANDU HALT,1.25,0.5,1.0,1.85,1.97,5.0,4
MANDUADIH,20.794118,77.187603,0.0,109.5,335.25,707.0,34
MANDURA,1.0,0.0,1.0,1.0,1.0,6.0,6
MANDURAI HAL,1.0,0.0,1.0,1.0,1.0,5.0,5
MANDVA,1.25,0.5,1.0,1.85,1.97,5.0,4
MANDYA,1.681818,0.471155,2.0,2.0,2.0,74.0,44
MANENDRAGARH,9.583333,7.216878,10.0,22.25,24.45,115.0,12
MANESWAR,2.0,0.0,2.0,2.0,2.0,4.0,2
MANGALA GIRI,1.0,0.0,1.0,1.0,1.0,35.0,35
MANGALAMPETA,1.0,0.0,1.0,1.0,1.0,2.0,2
MANGALIYAWAS,1.25,0.5,1.0,1.85,1.97,5.0,4
MANGALMAUDI,1.0,0.0,1.0,1.0,1.0,9.0,9
MANGALORE CE,68.125,221.033857,0.0,581.25,965.75,3815.0,56
MANGALORE JN,8.481013,5.810823,10.0,10.8,31.1,670.0,79
MANGANALLUR,1.0,0.0,1.0,1.0,1.0,6.0,6
MANGAON,1.5625,0.512348,2.0,2.0,2.0,25.0,16
MANGAPATNAM,1.0,0.0,1.0,1.0,1.0,2.0,2
MANGARPATTI,1.0,,1.0,1.0,1.0,1.0,1
MANGIAKAMI,1.0,0.0,1.0,1.0,1.0,6.0,6
MANGLI HALT,1.0,0.0,1.0,1.0,1.0,8.0,8
MANGLIYAGAON,1.0,0.0,1.0,1.0,1.0,8.0,8
MANGOLPURI,1.037037,0.19245,1.0,1.0,1.74,28.0,27
MANGRA,1.0,0.0,1.0,1.0,1.0,12.0,12
MANGROLIA,1.0,0.0,1.0,1.0,1.0,5.0,5
MANGULI CHOW,1.0,0.0,1.0,1.0,1.0,9.0,9
MANGURJAN,1.0,0.0,1.0,1.0,1.0,2.0,2
MANHERU,1.6875,0.478714,2.0,2.0,2.0,27.0,16
MANI HALT,1.0,0.0,1.0,1.0,1.0,8.0,8
MANI MAU,1.0,0.0,1.0,1.0,1.0,7.0,7
MANIA,1.333333,0.516398,1.0,2.0,2.0,8.0,6
MANIGRAM,1.055556,0.235702,1.0,1.15,1.83,19.0,18
MANIHARI,5.0,0.0,5.0,5.0,5.0,40.0,8
MANIK CHAURI,1.0,0.0,1.0,1.0,1.0,6.0,6
MANIKALAN HA,1.0,0.0,1.0,1.0,1.0,4.0,4
MANIKGARH JN,1.0,0.0,1.0,1.0,1.0,8.0,8
MANIKPUR JN.,27.802817,147.274052,5.0,25.0,686.0,1974.0,71
MANIKPURA,1.0,0.0,1.0,1.0,1.0,2.0,2
MANIKUI,1.0,0.0,1.0,1.0,1.0,15.0,15
MANINAGAR,1.603175,0.493169,2.0,2.0,2.0,101.0,63
MANIPUR BAGA,1.0,0.0,1.0,1.0,1.0,2.0,2
MANIRAM,1.826087,0.387553,2.0,2.0,2.0,42.0,23
MANISINGH KA,1.0,0.0,1.0,1.0,1.0,2.0,2
MANIYAN,1.125,0.353553,1.0,1.65,1.93,9.0,8
MANJARI BUDR,1.0,0.0,1.0,1.0,1.0,20.0,20
MANJATTIDAL,1.0,0.0,1.0,1.0,1.0,20.0,20
MANJESHWAR,1.666667,1.290994,1.0,3.2,5.44,25.0,15
MANJHAGARH,1.75,0.5,2.0,2.0,2.0,7.0,4
MANJHAULI GR,1.0,,1.0,1.0,1.0,1.0,1
MANJHI F,1.125,0.353553,1.0,1.65,1.93,9.0,8
MANJHLEPUR,1.0,0.0,1.0,1.0,1.0,4.0,4
MANJHRA PURA,2.0,0.0,2.0,2.0,2.0,24.0,12
MANJUR GADI,1.625,0.517549,2.0,2.0,2.0,13.0,8
MANJURI ROAD,2.363636,4.52267,1.0,8.5,14.5,26.0,11
MANKAPUR JN.,4.068493,6.992712,2.0,21.0,31.4,297.0,73
MANKAR,1.064516,0.249731,1.0,1.5,2.0,33.0,31
MANKARAI,1.0,0.0,1.0,1.0,1.0,10.0,10
MANKATHA,1.428571,0.503953,1.0,2.0,2.0,40.0,28
MANKHURD,500.25,31.030899,500.5,530.35,531.67,2001.0,4
MANKI,1.0,0.0,1.0,1.0,1.0,4.0,4
MANKUNDU,1.0,0.0,1.0,1.0,1.0,143.0,143
MANMAD JN.,9.457547,58.734466,5.0,5.0,10.0,2005.0,212
MANNANUR,1.1,0.316228,1.0,1.55,1.91,11.0,10
MANNARGUDI,62.083333,215.062975,0.0,335.25,663.05,745.0,12
MANOHARABAD,54.045455,250.369152,1.0,1.0,928.46,1189.0,22
MANOHARGANJ,1.5,0.57735,1.5,2.0,2.0,6.0,4
MANOHARPUR,1.0,0.0,1.0,1.0,1.0,18.0,18
MANOPAD,1.0,0.0,1.0,1.0,1.0,6.0,6
MANPUR JN.,1.6,0.502625,2.0,2.0,2.0,32.0,20
MANPUR NAGAR,2.0,0.0,2.0,2.0,2.0,16.0,8
MANSA,1.736842,0.452414,2.0,2.0,2.0,33.0,19
MANSHAHI,1.0,0.0,1.0,1.0,1.0,8.0,8
MANSI JN.,3.169231,1.673033,2.0,5.0,6.8,206.0,65
MANSURPUR,1.133333,0.351866,1.0,2.0,2.0,17.0,15
MANTAPAMPALL,1.0,0.0,1.0,1.0,1.0,4.0,4
MANTATTI,1.0,0.0,1.0,1.0,1.0,6.0,6
MANTHRALAYAM,1.640625,0.651425,2.0,2.0,3.11,105.0,64
MANU,2.0,0.0,2.0,2.0,2.0,12.0,6
MANUBOLU,1.0,0.0,1.0,1.0,1.0,14.0,14
MANUGURU,0.0,0.0,0.0,0.0,0.0,0.0,6
MANWAL,2.0,0.0,2.0,2.0,2.0,20.0,10
MANWALA KOT,1.125,0.353553,1.0,1.65,1.93,9.0,8
MANWATH ROAD,1.21875,0.906406,1.0,2.0,4.76,39.0,32
MANYAM KONDA,1.0,0.0,1.0,1.0,1.0,10.0,10
MAONDA,1.0,0.0,1.0,1.0,1.0,6.0,6
MARADANGA,1.0,0.0,1.0,1.0,1.0,4.0,4
MARAHRA,2.0,0.0,2.0,2.0,2.0,20.0,10
MARALAHALLI,1.0,0.0,1.0,1.0,1.0,3.0,3
MARAM PALLI,1.25,0.707107,1.0,2.3,2.86,10.0,8
MARAMJHIRI,1.0,0.0,1.0,1.0,1.0,4.0,4
MARANDAHALLI,1.0,0.0,1.0,1.0,1.0,6.0,6
MARARIKULAM,1.0,0.0,1.0,1.0,1.0,18.0,18
MARAUDA,10.0,0.0,10.0,10.0,10.0,80.0,8
MARGHERITA,2.0,0.0,2.0,2.0,2.0,12.0,6
MARHAURA,2.0,0.0,2.0,2.0,2.0,8.0,4
MARIAHU,1.8125,0.403113,2.0,2.0,2.0,29.0,16
MARIAMMN KOV,1.0,0.0,1.0,1.0,1.0,7.0,7
MARIANI JN.,10.222222,5.736204,10.0,20.0,30.0,460.0,45
MARICHETHAL,1.0,0.0,1.0,1.0,1.0,2.0,2
MARIKAL,1.0,0.0,1.0,1.0,1.0,2.0,2
MARIKUPPAM,42.954545,139.05,0.0,441.75,476.85,945.0,22
MARIPAT,1.0,0.0,1.0,1.0,1.0,22.0,22
MARKADHANA,1.2,0.447214,1.0,1.8,1.96,6.0,5
MARKAPUR ROA,0.923077,0.271746,1.0,1.0,1.0,24.0,26
MARKONA,1.125,0.341565,1.0,2.0,2.0,18.0,16
MARKUNDI,1.333333,0.516398,1.0,2.0,2.0,8.0,6
MAROLI,1.714286,1.212806,1.0,3.0,5.92,48.0,28
MARPALLI,1.0,0.0,1.0,1.0,1.0,4.0,4
MARRI PALEM.,1.0,0.0,1.0,1.0,1.0,31.0,31
MARSUL,1.0,0.0,1.0,1.0,1.0,6.0,6
MARTUR,1.25,0.452267,1.0,2.0,2.0,15.0,12
MARUDUR HALT,1.0,0.0,1.0,1.0,1.0,5.0,5
MARWAR BAGRA,1.5,0.57735,1.5,2.0,2.0,6.0,4
MARWAR BHINM,2.916667,0.288675,3.0,3.0,3.0,35.0,12
MARWAR BITHR,2.0,0.0,2.0,2.0,2.0,4.0,2
MARWAR CHHAP,1.0,0.0,1.0,1.0,1.0,4.0,4
MARWAR JN.,4.117021,4.186143,3.0,10.45,20.35,387.0,94
MARWAR KHARA,2.0,0.0,2.0,2.0,2.0,4.0,2
MARWAR KORI,1.5,0.57735,1.5,2.0,2.0,6.0,4
MARWAR LOHAW,1.833333,0.408248,2.0,2.0,2.0,11.0,6
MARWAR MATHA,1.833333,0.408248,2.0,2.0,2.0,11.0,6
MARWAR MUNDW,2.0,0.0,2.0,2.0,2.0,20.0,10
MARWAR RANAW,1.0,0.0,1.0,1.0,1.0,2.0,2
MARWAR RATAN,1.5,0.57735,1.5,2.0,2.0,6.0,4
MARWAR- BALI,1.0,0.0,1.0,1.0,1.0,6.0,6
MASAGRAM,64.090909,267.001059,1.0,314.8,1206.66,3525.0,55
MASAIPET,1.0,0.0,1.0,1.0,1.0,12.0,12
MASANGAON,1.5,0.57735,1.5,2.0,2.0,6.0,4
MASANI,1.0,0.0,1.0,1.0,1.0,10.0,10
MASANIWALA,1.0,0.0,1.0,1.0,1.0,6.0,6
MASARAHALLI,1.0,0.0,1.0,1.0,1.0,6.0,6
MASIT,1.5,0.527046,1.5,2.0,2.0,15.0,10
MASKANWA,2.0,0.0,2.0,2.0,2.0,40.0,20
MASNADIH,1.0,0.0,1.0,1.0,1.0,10.0,10
MASODHA,1.0,0.0,1.0,1.0,1.0,4.0,4
MASRAKH,1.5,0.57735,1.5,2.0,2.0,6.0,4
MASUDAN,1.0,0.0,1.0,1.0,1.0,20.0,20
MASUR,1.0,0.0,1.0,1.0,1.0,8.0,8
MATALKUNTA,1.0,0.0,1.0,1.0,1.0,2.0,2
MATARI,1.142857,0.363137,1.0,2.0,2.0,16.0,14
MATATILA,1.833333,0.408248,2.0,2.0,2.0,11.0,6
MATAUNDH,1.875,0.353553,2.0,2.0,2.0,15.0,8
MATERA,2.0,0.0,2.0,2.0,2.0,36.0,18
MATHABHANGA,1.428571,0.534522,1.0,2.0,2.0,10.0,7
MATHELA,1.875,0.353553,2.0,2.0,2.0,15.0,8
MATHIA BARGH,1.125,0.353553,1.0,1.65,1.93,9.0,8
MATHNANHIPUR,1.0,0.0,1.0,1.0,1.0,9.0,9
MATHUR,1.0,0.0,1.0,1.0,1.0,6.0,6
MATHURA CANT,2.333333,0.970143,2.0,5.0,5.0,42.0,18
MATHURA JN.,4.301887,4.152701,3.0,10.0,25.0,912.0,212
MATHURA PUR,1.05,0.223607,1.0,1.05,1.81,21.0,20
MATHURAPUR R,1.035714,0.267261,1.0,1.0,1.9,58.0,56
MATIGARA,1.0,0.0,1.0,1.0,1.0,4.0,4
MATLABPUR,1.5,0.547723,1.5,2.0,2.0,9.0,6
MATMARI,1.0,0.0,1.0,1.0,1.0,6.0,6
MATODA,1.0,0.0,1.0,1.0,1.0,3.0,3
MATTAGAJPUR,1.0,0.0,1.0,1.0,1.0,4.0,4
MAU AIMMA,1.1,0.316228,1.0,1.55,1.91,11.0,10
MAU JN.,8.925373,9.593738,5.0,25.0,41.9,598.0,67
MAU RANIPUR,1.9375,0.25,2.0,2.0,2.0,31.0,16
MAUHARI,1.888889,0.323381,2.0,2.0,2.0,34.0,18
MAULA ALI,1.041667,0.204124,1.0,1.0,1.77,25.0,24
MAUR,1.647059,0.492592,2.0,2.0,2.0,28.0,17
MAURIGRAM,1.0,0.0,1.0,1.0,1.0,24.0,24
MAVAL,1.0,0.0,1.0,1.0,1.0,6.0,6
MAVELIKARA,1.225352,0.420788,1.0,2.0,2.0,87.0,71
MAVELIPALAIY,1.0,0.0,1.0,1.0,1.0,10.0,10
MAVINKERE,1.0,0.0,1.0,1.0,1.0,8.0,8
MAVLI JN.,3.378378,5.392131,2.0,9.8,25.0,125.0,37
MAWAI,2.0,0.0,2.0,2.0,2.0,4.0,2
MAYAKONDA,1.0,0.0,1.0,1.0,1.0,16.0,16
MAYANOOR,1.0,0.0,1.0,1.0,1.0,10.0,10
MAYAPUR,1.0,0.0,1.0,1.0,1.0,25.0,25
MAYAR,1.125,0.353553,1.0,1.65,1.93,9.0,8
MAYILADUTURA,34.904762,174.17758,2.0,41.3,746.8,2199.0,63
MAYURHAT,1.0,0.0,1.0,1.0,1.0,38.0,38
MAYYANAD,1.0,0.0,1.0,1.0,1.0,14.0,14
MAZHOM,1.055556,0.235702,1.0,1.15,1.83,19.0,18
MCCLUSKIEGAN,1.714286,0.468807,2.0,2.0,2.0,24.0,14
MECHEDA,1.066176,0.634819,1.0,2.0,2.65,145.0,136
MECHERI ROAD,1.0,0.0,1.0,1.0,1.0,4.0,4
MEDAPADU,1.090909,0.301511,1.0,1.5,1.9,12.0,11
MEDCHAL,31.754717,158.575983,1.0,2.0,816.4,1683.0,53
MEENAPUR,1.0,0.0,1.0,1.0,1.0,10.0,10
MEERUT CANT,1.6,0.603909,2.0,2.0,2.0,56.0,35
MEERUT CITY,11.48,46.842854,2.0,38.0,144.7,861.0,75
MEGHNAGAR,1.9375,0.244623,2.0,2.0,2.0,93.0,48
MEGHRAJPURA,1.0,0.0,1.0,1.0,1.0,12.0,12
MEHIDPUR ROA,1.8125,0.981071,2.0,2.75,4.55,29.0,16
MEHNAR ROAD,1.333333,0.485071,1.0,2.0,2.0,24.0,18
MEHSI,2.0,0.0,2.0,2.0,2.0,60.0,30
MEJA ROAD,1.533333,0.516398,2.0,2.0,2.0,23.0,15
MEKKUDI HALT,1.0,0.0,1.0,1.0,1.0,5.0,5
MELAKKONNAKK,1.0,0.0,1.0,1.0,1.0,2.0,2
MELALATHUR,1.0,,1.0,1.0,1.0,1.0,1
MELAPPALAYAM,1.0,0.0,1.0,1.0,1.0,4.0,4
MELATUR HALT,1.0,0.0,1.0,1.0,1.0,14.0,14
MELMARUVATHU,2.423077,2.674104,2.0,5.0,15.0,126.0,52
MELNARIYAPPA,1.0,0.0,1.0,1.0,1.0,6.0,6
MELPATTAMBAK,1.0,0.0,1.0,1.0,1.0,6.0,6
MELPATTI,1.375,0.517549,1.0,2.0,2.0,11.0,8
MELUSAR,1.0,0.0,1.0,1.0,1.0,6.0,6
MEMARI,0.850746,0.359028,1.0,1.0,1.0,57.0,67
MEMRA MEMRAK,1.0,0.0,1.0,1.0,1.0,2.0,2
MENDIPATHAR,0.0,0.0,0.0,0.0,0.0,0.0,2
MENDU (HALT),1.75,0.46291,2.0,2.0,2.0,14.0,8
MEPPULIYUR,1.0,0.0,1.0,1.0,1.0,2.0,2
MERALGRAM,1.625,0.517549,2.0,2.0,2.0,13.0,8
MERAMANDOLI,1.2,0.421637,1.0,2.0,2.0,12.0,10
MERIYANA,1.0,0.0,1.0,1.0,1.0,4.0,4
MERTA CITY,18.611111,78.960257,0.0,50.25,278.05,335.0,18
MERTA ROAD J,13.072917,41.180794,5.0,33.0,205.0,1255.0,96
MERTALA PHAL,1.0,0.0,1.0,1.0,1.0,26.0,26
METHAI F,1.0,0.0,1.0,1.0,1.0,6.0,6
METHI TIKUR,1.0,0.0,1.0,1.0,1.0,4.0,4
METPALLI,1.0,0.0,1.0,1.0,1.0,2.0,2
METPANJRA,1.0,0.0,1.0,1.0,1.0,4.0,4
METTUPALAIYA,0.0,0.0,0.0,0.0,0.0,0.0,12
METTUR,1.0,0.0,1.0,1.0,1.0,8.0,8
METTUR DAM,0.0,0.0,0.0,0.0,0.0,0.0,4
METYAL SAHAR,1.0,0.0,1.0,1.0,1.0,17.0,17
MEWA NAWADA,1.666667,0.516398,2.0,2.0,2.0,10.0,6
MEZENGA,1.5,0.57735,1.5,2.0,2.0,6.0,4
MHASAVAD,1.0,0.0,1.0,1.0,1.0,4.0,4
MHASOBA DONG,1.0,0.0,1.0,1.0,1.0,8.0,8
MHOW,52.65625,223.274691,0.0,231.75,966.95,1685.0,32
MIANGRAM,1.0,0.0,1.0,1.0,1.0,15.0,15
MIANPUR,1.25,0.452267,1.0,2.0,2.0,15.0,12
MIDNAPORE,1.362637,1.394565,2.0,5.0,5.0,124.0,91
MIGHAUNA (HA,1.0,0.0,1.0,1.0,1.0,8.0,8
MIGRENDISA,1.0,0.0,1.0,1.0,1.0,2.0,2
MIHINPURWA,2.0,0.0,2.0,2.0,2.0,24.0,12
MIHRAWAN,1.0,0.0,1.0,1.0,1.0,6.0,6
MILAK,2.0,0.0,2.0,2.0,2.0,20.0,10
MILANGARH,1.0,0.0,1.0,1.0,1.0,10.0,10
MILAVALI HAL,2.0,0.0,2.0,2.0,2.0,8.0,4
MILAVITTAN,1.0,0.0,1.0,1.0,1.0,11.0,11
MINAMBAKKAM,1.0,0.0,1.0,1.0,1.0,169.0,169
MINATCHIPURA,1.0,0.0,1.0,1.0,1.0,4.0,4
MINCHNAL,1.0,0.0,1.0,1.0,1.0,14.0,14
MINDALA,1.0,0.0,1.0,1.0,1.0,8.0,8
MINDHA,1.0,0.0,1.0,1.0,1.0,6.0,6
MINJUR,1.029412,0.297044,1.0,1.0,1.0,105.0,102
MINNAMPALLI,1.0,0.0,1.0,1.0,1.0,6.0,6
MIRAJ JN.,5.976744,6.38376,5.0,15.0,30.75,514.0,86
MIRANPUR KAT,2.0,0.0,2.0,2.0,2.0,20.0,10
MIRCHADHORHI,1.666667,0.5,2.0,2.0,2.0,15.0,9
MIRHAKUR,1.0,0.0,1.0,1.0,1.0,8.0,8
MIRKHAL,1.0,0.0,1.0,1.0,1.0,20.0,20
MIRTHAL,2.0,0.0,2.0,2.0,2.0,14.0,7
MIRYALAGUDA,1.083333,0.57735,1.0,2.0,2.0,52.0,48
MIRZA,1.0,0.0,1.0,1.0,1.0,6.0,6
MIRZA-CHEUKI,1.0,0.0,1.0,1.0,1.0,24.0,24
MIRZAPALI,52.192308,261.64266,1.0,1.0,1001.5,1357.0,26
MIRZAPUR,3.948052,1.494693,5.0,5.0,5.0,304.0,77
MIRZAPUR BAC,1.0,0.0,1.0,1.0,1.0,6.0,6
MIRZAPUR BAN,1.015625,0.125,1.0,1.0,1.37,65.0,64
MISAMARI,1.0,0.0,1.0,1.0,1.0,12.0,12
MISHRAULI,1.0,0.0,1.0,1.0,1.0,11.0,11
MISRIKH TIRA,2.75,1.5,2.0,4.55,4.91,11.0,4
MISROD,1.5,0.57735,1.5,2.0,2.0,6.0,4
MITAWAL,1.0,0.0,1.0,1.0,1.0,10.0,10
MITEWANI PH,1.0,0.0,1.0,1.0,1.0,8.0,8
MITHA,2.0,0.0,2.0,2.0,2.0,4.0,2
MITHAPUR,1.4,0.516398,1.0,2.0,2.0,14.0,10
MIYAGAM KARJ,1.121212,0.331434,1.0,2.0,2.0,37.0,33
MIYANA,2.0,0.0,2.0,2.0,2.0,12.0,6
MIYON KA BAR,1.222222,0.440959,1.0,2.0,2.0,11.0,9
MODASA,0.0,0.0,0.0,0.0,0.0,0.0,4
MODELGRAM,1.5,0.522233,1.5,2.0,2.0,18.0,12
MODINAGAR,1.515152,0.507519,2.0,2.0,2.0,50.0,33
MODLIMB,1.285714,0.468807,1.0,2.0,2.0,18.0,14
MODPUR,1.5,0.57735,1.5,2.0,2.0,6.0,4
MODRAN,2.916667,0.288675,3.0,3.0,3.0,35.0,12
MODUKURU HAL,1.0,0.0,1.0,1.0,1.0,14.0,14
MOGA,2.666667,1.57181,2.0,5.0,5.0,48.0,18
MOHADI PRAGA,1.0,0.0,1.0,1.0,1.0,6.0,6
MOHAN NAGAR,1.714286,0.48795,2.0,2.0,2.0,12.0,7
MOHANA,2.0,0.0,2.0,2.0,2.0,8.0,4
MOHANA HARYA,1.0,0.0,1.0,1.0,1.0,4.0,4
MOHANLALGANJ,1.0,0.0,1.0,1.0,1.0,12.0,12
MOHANPUR,1.0,0.0,1.0,1.0,1.0,6.0,6
MOHANPURA HA,1.5,0.547723,1.5,2.0,2.0,9.0,6
MOHANUR,1.166667,0.408248,1.0,1.75,1.95,7.0,6
MOHARAJPUR,1.0,0.0,1.0,1.0,1.0,18.0,18
MOHARI,1.0,0.0,1.0,1.0,1.0,6.0,6
MOHASA,2.0,0.0,2.0,2.0,2.0,8.0,4
MOHD KHEDA,1.0,0.0,1.0,1.0,1.0,4.0,4
MOHDARA HALT,1.0,0.0,1.0,1.0,1.0,8.0,8
MOHITNAGAR,1.0,0.0,1.0,1.0,1.0,6.0,6
MOHIUDDINNAG,1.4,0.502625,1.0,2.0,2.0,28.0,20
MOHIUDDINPUR,1.0,0.0,1.0,1.0,1.0,17.0,17
MOHKHUTI,1.0,0.0,1.0,1.0,1.0,2.0,2
MOHOL,1.6,0.516398,2.0,2.0,2.0,16.0,10
MOHOPE,1.0,0.0,1.0,1.0,1.0,2.0,2
MOHRI,1.0,0.0,1.0,1.0,1.0,14.0,14
MOHUDA,3.25,3.416711,2.0,6.0,15.24,78.0,24
MOINARBAND,1.0,0.0,1.0,1.0,1.0,2.0,2
MOKALSAR,2.916667,0.288675,3.0,3.0,3.0,35.0,12
MOKAMA JN.,2.118644,1.268753,2.0,5.0,5.0,250.0,118
MOKHAMPURA,1.0,0.0,1.0,1.0,1.0,2.0,2
MOKHASA KALA,1.0,0.0,1.0,1.0,1.0,10.0,10
MOKHOLI,1.125,0.353553,1.0,1.65,1.93,9.0,8
MOLAGAVALLI,1.0,0.0,1.0,1.0,1.0,2.0,2
MOLAKALMURU,1.0,0.0,1.0,1.0,1.0,6.0,6
MOLIROAD,1.5,0.534522,1.5,2.0,2.0,12.0,8
MOLISAR,2.333333,2.806918,1.0,7.8,9.56,28.0,12
MONABARI,1.0,0.0,1.0,1.0,1.0,6.0,6
MONACHERRA,1.0,0.0,1.0,1.0,1.0,2.0,2
MONDH,1.3,0.948683,1.0,2.65,3.73,13.0,10
MONGHYR,1.727273,1.190874,1.0,3.5,4.7,19.0,11
MONGLAJHORA,1.0,0.0,1.0,1.0,1.0,4.0,4
MOOR MARKET,499.737828,483.540676,465.0,1318.5,1411.8,133430.0,267
MOR,1.392857,0.497347,1.0,2.0,2.0,39.0,28
MORA,1.0,0.0,1.0,1.0,1.0,6.0,6
MORADABAD JN,25.651261,139.90838,8.0,15.0,888.15,6105.0,238
MORAIYA,1.0,0.0,1.0,1.0,1.0,6.0,6
MORAK,1.777778,0.427793,2.0,2.0,2.0,32.0,18
MORAN,1.0,0.0,1.0,1.0,1.0,2.0,2
MORANHAT,2.0,0.0,2.0,2.0,2.0,24.0,12
MORAPPUR,1.181818,0.394771,1.0,2.0,2.0,26.0,22
MORDAD TANDA,1.0,0.0,1.0,1.0,1.0,6.0,6
MORENA,2.0,0.46291,2.0,2.0,3.32,114.0,57
MORGRAM,1.0,0.0,1.0,1.0,1.0,16.0,16
MORI BERA,1.333333,0.516398,1.0,2.0,2.0,8.0,6
MORIDHAL,1.0,0.0,1.0,1.0,1.0,8.0,8
MORINDA,1.5,0.514496,1.5,2.0,2.0,27.0,18
MORSHI,2.166667,0.408248,2.0,2.75,2.95,13.0,6
MORTAD,1.0,0.0,1.0,1.0,1.0,2.0,2
MORTHALA,1.0,0.0,1.0,1.0,1.0,4.0,4
MORVI,7.333333,19.305592,0.0,45.25,69.05,132.0,18
MORWANI,1.111111,0.333333,1.0,1.6,1.92,10.0,9
MOSUR,1.0,0.0,1.0,1.0,1.0,47.0,47
MOTA,1.0,0.0,1.0,1.0,1.0,4.0,4
MOTA JADRA,1.0,0.0,1.0,1.0,1.0,4.0,4
MOTA SURKA,1.0,,1.0,1.0,1.0,1.0,1
MOTARI HALT,1.0,0.0,1.0,1.0,1.0,14.0,14
MOTERJHAR,1.0,0.0,1.0,1.0,1.0,4.0,4
MOTH,2.0,0.0,2.0,2.0,2.0,24.0,12
MOTICHUR,2.0,0.0,2.0,2.0,2.0,30.0,15
MOTIGANJ,2.0,0.0,2.0,2.0,2.0,8.0,4
MOTIHARI COU,1.0,0.0,1.0,1.0,1.0,9.0,9
MOTIJHEEL,2.0,0.0,2.0,2.0,2.0,10.0,5
MOTIPUR,2.0,0.0,2.0,2.0,2.0,60.0,30
MOTIPURA CHA,1.0,0.0,1.0,1.0,1.0,3.0,3
MOTUMARI JN.,1.0,0.0,1.0,1.0,1.0,6.0,6
MOTURU,1.0,0.0,1.0,1.0,1.0,12.0,12
MOUBUND,1.0,0.0,1.0,1.0,1.0,4.0,4
MOWAD,1.666667,0.816497,1.5,2.75,2.95,10.0,6
MUAZZAMPUR N,3.052632,5.327848,2.0,4.3,20.86,58.0,19
MUDARIA,1.5,0.57735,1.5,2.0,2.0,6.0,4
MUDDALINGANA,1.0,0.0,1.0,1.0,1.0,12.0,12
MUDDANURU,1.421053,0.507257,1.0,2.0,2.0,27.0,19
MUDIGUBBA,1.166667,0.408248,1.0,1.75,1.95,7.0,6
MUDKHED JN.,23.641791,173.816928,2.0,2.0,499.02,1584.0,67
MUDLANA,1.125,0.353553,1.0,1.65,1.93,9.0,8
MUFTIGANJ,2.2,1.398412,2.0,4.2,5.64,22.0,10
MUGAD,1.166667,0.408248,1.0,1.75,1.95,7.0,6
MUGAIYUR HAL,1.0,,1.0,1.0,1.0,1.0,1
MUGAT,1.0,0.0,1.0,1.0,1.0,16.0,16
MUGHAL SARAI,11.729452,5.111011,10.0,20.0,20.0,3425.0,292
MUGLOLLI,1.0,0.0,1.0,1.0,1.0,8.0,8
MUGMA,1.0,0.0,1.0,1.0,1.0,16.0,16
MUHAMMADABAD,1.96,0.2,2.0,2.0,2.0,49.0,25
MUHAMMADGANJ,1.25,0.447214,1.0,2.0,2.0,20.0,16
MUHAMMADPUR,2.0,0.0,2.0,2.0,2.0,20.0,10
MUIRPUR ROAD,1.5,0.57735,1.5,2.0,2.0,6.0,4
MUJNAI,1.0,0.0,1.0,1.0,1.0,6.0,6
MUKERIAN,1.966667,0.182574,2.0,2.0,2.0,59.0,30
MUKETASHWAR,1.1,0.316228,1.0,1.55,1.91,11.0,10
MUKHASA PARU,1.0,0.0,1.0,1.0,1.0,6.0,6
MUKHTRIARA B,1.75,0.46291,2.0,2.0,2.0,14.0,8
MUKKALI HALT,1.0,0.0,1.0,1.0,1.0,10.0,10
MUKTAPUR,2.0,0.0,2.0,2.0,2.0,36.0,18
MUKTSAR,1.916667,0.288675,2.0,2.0,2.0,23.0,12
MUKUNDARAYAP,1.444444,0.51131,1.0,2.0,2.0,26.0,18
MUKUNDWADI H,1.0,0.0,1.0,1.0,1.0,17.0,17
MUKURIA,1.0,0.0,1.0,1.0,1.0,16.0,16
MULACALA CHE,1.0,0.0,1.0,1.0,1.0,8.0,8
MULAGUNNATHU,1.0,0.0,1.0,1.0,1.0,10.0,10
MULANTURUTTI,1.111111,0.323381,1.0,2.0,2.0,20.0,18
MULANUR,1.0,0.0,1.0,1.0,1.0,4.0,4
MULEWAL KHAI,1.0,0.0,1.0,1.0,1.0,8.0,8
MULKI,1.666667,1.154701,1.0,3.35,4.67,20.0,12
MULLANPUR,1.583333,0.514929,2.0,2.0,2.0,19.0,12
MULLURCARAI,1.0,0.0,1.0,1.0,1.0,10.0,10
MULMARORA,1.9,0.316228,2.0,2.0,2.0,19.0,10
MULTAI,1.730769,0.452344,2.0,2.0,2.0,45.0,26
MULUND,1.0,0.0,1.0,1.0,1.0,393.0,393
MULVAD,1.125,0.353553,1.0,1.65,1.93,9.0,8
MUMBAI (BYCU,4.668367,72.629968,1.0,1.0,1.0,1830.0,392
MUMBAI (CHIN,1.0,0.0,1.0,1.0,1.0,344.0,344
MUMBAI (MASJ,1.0,0.0,1.0,1.0,1.0,344.0,344
MUMBAI (MATU,4.659033,72.537505,1.0,1.0,1.0,1831.0,393
MUMBAI CENTR,5.958333,41.133389,0.0,0.0,151.52,286.0,48
MUMBAI CURRE,5.180233,77.531764,1.0,1.0,1.0,1782.0,344
MUMBAI SANDH,1.0,0.0,1.0,1.0,1.0,344.0,344
MUMBAI VADAL,816.282609,335.940118,855.0,1227.75,1261.65,37549.0,46
MUMBAI(PAREL,1.0,0.0,1.0,1.0,1.0,346.0,346
MUMBRA,1.0,0.0,1.0,1.0,1.0,248.0,248
MUNABAO,0.0,0.0,0.0,0.0,0.0,0.0,4
MUNDA GOPAL,1.142857,0.377964,1.0,1.7,1.94,8.0,7
MUNDERWA,2.0,0.0,2.0,2.0,2.0,20.0,10
MUNDHA PANDE,1.666667,0.516398,2.0,2.0,2.0,10.0,6
MUNDHEWADI,1.5,0.57735,1.5,2.0,2.0,6.0,4
MUNDIAMPAKKA,1.25,0.5,1.0,1.85,1.97,5.0,4
MUNDIKOTA,1.2,0.421637,1.0,2.0,2.0,12.0,10
MUNDKA HALT,1.0,0.0,1.0,1.0,1.0,26.0,26
MUNGAOLI,2.0,0.0,2.0,2.0,2.0,60.0,30
MUNGILIPATTU,1.0,0.0,1.0,1.0,1.0,2.0,2
MUNIGUDA,2.47619,1.485509,2.0,5.0,7.95,104.0,42
MUNIRABAD,1.333333,0.492366,1.0,2.0,2.0,16.0,12
MUNROTURUTTU,1.0,0.0,1.0,1.0,1.0,22.0,22
MUNSIRHAT PH,1.0,0.0,1.0,1.0,1.0,6.0,6
MUNUMAKA,1.0,0.0,1.0,1.0,1.0,10.0,10
MUPA,1.0,0.0,1.0,1.0,1.0,2.0,2
MURADI,1.173913,0.387553,1.0,2.0,2.0,27.0,23
MURADNAGAR,1.227273,0.428932,1.0,2.0,2.0,27.0,22
MURADPUR (HA,1.0,0.0,1.0,1.0,1.0,8.0,8
MURAGACHHA,1.04,0.2,1.0,1.0,1.76,26.0,25
MURAHARA,1.0,0.0,1.0,1.0,1.0,6.0,6
MURAITHA  HA,1.0,0.0,1.0,1.0,1.0,2.0,2
MURARAI,1.222222,0.421637,1.0,2.0,2.0,44.0,36
MURARPUR HAL,1.0,0.0,1.0,1.0,1.0,15.0,15
MURDESHWAR,1.625,0.5,2.0,2.0,2.0,26.0,16
MURGA-MAHADE,1.0,0.0,1.0,1.0,1.0,2.0,2
MURHESI RAMP,1.0,0.0,1.0,1.0,1.0,6.0,6
MURHIPAR,1.5,0.516398,1.5,2.0,2.0,24.0,16
MURI,5.252874,6.818611,2.0,20.0,35.7,457.0,87
MURI BAHAL,1.8,0.421637,2.0,2.0,2.0,18.0,10
MURKEONG SEL,0.0,0.0,0.0,0.0,0.0,0.0,10
MURLIGANJ,2.0,0.0,2.0,2.0,2.0,24.0,12
MURSAN,2.0,0.0,2.0,2.0,2.0,16.0,8
MURSHADPUR,1.666667,0.516398,2.0,2.0,2.0,10.0,6
MURSHIDABAD,1.096774,0.300537,1.0,2.0,2.0,34.0,31
MURTAJAPUR J,2.085714,0.562109,2.0,2.3,4.32,73.0,35
MURTHIPALAYA,1.0,0.0,1.0,1.0,1.0,8.0,8
MURTI HALT,1.125,0.353553,1.0,1.65,1.93,9.0,8
MURTIHA,2.0,0.0,2.0,2.0,2.0,24.0,12
MURUD,1.0,0.0,1.0,1.0,1.0,3.0,3
MURUKKAMPUZH,1.0,0.0,1.0,1.0,1.0,10.0,10
MUSAFIRKHANA,1.333333,0.479463,1.0,2.0,2.0,40.0,30
MUSHARWA   H,1.142857,0.377964,1.0,1.7,1.94,8.0,7
MUSRA,1.529412,0.514496,2.0,2.0,2.0,26.0,17
MUSTABADA,1.166667,0.57735,1.0,1.9,2.78,14.0,12
MUSTAFABAD,2.066667,3.59497,1.0,5.9,13.18,31.0,15
MUSTRA,2.0,0.0,2.0,2.0,2.0,8.0,4
MUTHALAMADA,1.0,0.0,1.0,1.0,1.0,4.0,4
MUTHANI,1.0,0.0,1.0,1.0,1.0,8.0,8
MUTTAMPATTI,1.0,0.0,1.0,1.0,1.0,4.0,4
MUTTARASANAL,1.0,0.0,1.0,1.0,1.0,10.0,10
MUZAFFARNAGA,1.964912,0.185637,2.0,2.0,2.0,112.0,57
MUZAFFARPUR,23.422819,152.491789,5.0,30.0,646.0,3490.0,149
MYNAGURI RD,1.2,0.447214,1.0,1.8,1.96,6.0,5
MYSORE JN.,74.407895,233.339477,0.0,630.0,1005.0,5655.0,76
N.PANAKUDI,1.0,0.0,1.0,1.0,1.0,6.0,6
NABA GRAM KA,1.0,0.0,1.0,1.0,1.0,10.0,10
NABA RAYNAGA,1.0,0.0,1.0,1.0,1.0,31.0,31
NABADWIP DHA,2.308824,1.082525,2.0,5.0,5.0,157.0,68
NABAGRAM,1.0,0.0,1.0,1.0,1.0,54.0,54
NABHA,1.833333,0.383482,2.0,2.0,2.0,33.0,18
NABINAGAR RO,1.277778,0.460889,1.0,2.0,2.0,23.0,18
NABIPUR,1.052632,0.229416,1.0,1.1,1.82,20.0,19
NACHINDA PH,1.0,0.0,1.0,1.0,1.0,5.0,5
NADAPURAM RO,1.0,0.0,1.0,1.0,1.0,10.0,10
NADAUL,1.153846,0.367946,1.0,2.0,2.0,30.0,26
NADBAI,1.666667,0.485071,2.0,2.0,2.0,30.0,18
NADIAD JN.,1.677966,0.685251,2.0,2.0,5.0,297.0,177
NADIAPUR,1.0,0.0,1.0,1.0,1.0,4.0,4
NADIKUDE JN.,3.789474,13.590851,1.0,5.0,55.4,144.0,38
NADWAN,1.153846,0.367946,1.0,2.0,2.0,30.0,26
NAGAL,1.071429,0.267261,1.0,1.35,1.87,15.0,14
NAGALAPALLE,1.0,0.0,1.0,1.0,1.0,16.0,16
NAGALWANCHA,1.0,0.0,1.0,1.0,1.0,6.0,6
NAGANAHALLI,1.0,0.0,1.0,1.0,1.0,9.0,9
NAGANSUR,1.142857,0.377964,1.0,1.7,1.94,8.0,7
NAGAON,3.5,1.732051,3.5,5.0,5.0,14.0,4
NAGAPPATTINA,5.56,4.610495,5.0,14.0,18.8,139.0,25
NAGAR,2.0,0.0,2.0,2.0,2.0,16.0,8
NAGAR NABI,1.0,0.0,1.0,1.0,1.0,17.0,17
NAGARDEVLA,1.0,0.0,1.0,1.0,1.0,4.0,4
NAGARGALI,1.25,0.5,1.0,1.85,1.97,5.0,4
NAGARI,1.4,0.516398,1.0,2.0,2.0,14.0,10
NAGARIA SADA,2.0,0.0,2.0,2.0,2.0,16.0,8
NAGARSOL,26.522727,155.717916,1.0,5.0,609.3,1167.0,44
NAGARUNTARI,2.277778,1.319784,2.0,5.0,5.0,41.0,18
NAGARUR,1.0,0.0,1.0,1.0,1.0,6.0,6
NAGASAMUDRAM,1.0,0.0,1.0,1.0,1.0,2.0,2
NAGAUR,5.0,0.0,5.0,5.0,5.0,220.0,44
NAGAVANGALA,1.0,0.0,1.0,1.0,1.0,6.0,6
NAGBHIR,9.0,9.26381,5.0,24.5,28.9,108.0,12
NAGBHIR JN.,0.0,0.0,0.0,0.0,0.0,0.0,8
NAGDA JN,7.859375,10.079006,2.0,25.0,30.0,1006.0,128
NAGERCOIL JN,2.809524,3.622765,0.0,10.0,11.9,177.0,63
NAGERCOIL TO,1.625,0.885061,1.0,3.0,3.0,26.0,16
NAGESHWADI H,1.0,0.0,1.0,1.0,1.0,3.0,3
NAGINA,1.95,0.510418,2.0,3.0,3.0,39.0,20
NAGIREDDIPAL,1.0,0.0,1.0,1.0,1.0,8.0,8
NAGJUA FS,1.0,0.0,1.0,1.0,1.0,8.0,8
NAGLA TULA,1.0,0.0,1.0,1.0,1.0,8.0,8
NAGORE,156.045455,362.264239,2.0,905.1,1190.03,3433.0,22
NAGOTHANE,1.0,0.0,1.0,1.0,1.0,8.0,8
NAGPUR JN.(C,10.198413,7.371767,10.0,25.0,34.9,2570.0,252
NAGPUR ROAD,1.75,0.46291,2.0,2.0,2.0,14.0,8
NAGRA DHAM P,1.083333,0.288675,1.0,1.45,1.89,13.0,12
NAGRAKATA,1.0,0.0,1.0,1.0,1.0,10.0,10
NAGRI,1.0,0.0,1.0,1.0,1.0,4.0,4
NAGROTA,2.0,0.0,2.0,2.0,2.0,24.0,12
NAGROTA SURI,2.0,0.0,2.0,2.0,2.0,28.0,14
NAGSAR HALT,1.833333,0.408248,2.0,2.0,2.0,11.0,6
NAHARKATIYA,3.0,1.477098,2.0,5.0,5.0,36.0,12
NAHARLAGUN,275.0,519.48051,0.0,1060.0,1248.0,1650.0,6
NAHUR,1.0,0.0,1.0,1.0,1.0,355.0,355
NAI KHERI,1.0,0.0,1.0,1.0,1.0,12.0,12
NAIHATI JN.,1.078176,1.479847,1.0,3.0,5.0,331.0,307
NAIKOT F,1.0,0.0,1.0,1.0,1.0,10.0,10
NAILA,2.075,0.474342,2.0,2.0,3.83,83.0,40
NAILALUNG,2.0,0.0,2.0,2.0,2.0,4.0,2
NAIMISHARANY,3.75,1.5,4.0,5.0,5.0,15.0,4
NAINI JN.,2.086957,0.792754,2.0,3.0,4.56,48.0,23
NAINPUR JN.,0.0,0.0,0.0,0.0,0.0,0.0,5
NAJIBABAD JN,4.2,6.423103,3.0,11.6,35.0,273.0,65
NAKACHARI,2.0,0.0,2.0,2.0,2.0,16.0,8
NAKAHA JUNGL,1.454545,0.800433,2.0,2.0,2.0,32.0,22
NAKATI SEMRA,1.0,0.0,1.0,1.0,1.0,2.0,2
NAKKANADODDI,1.0,0.0,1.0,1.0,1.0,6.0,6
NAKODAR JN.,2.157895,3.059832,2.0,10.0,10.0,41.0,19
NAKSALBARI,1.9,0.316228,2.0,2.0,2.0,19.0,10
NAL HALT,2.0,0.0,2.0,2.0,2.0,4.0,2
NALANDA,2.277778,1.319784,2.0,5.0,5.0,41.0,18
NALBARI,1.5,0.510754,1.5,2.0,2.0,36.0,24
NALGONDA,1.208333,0.410414,1.0,2.0,2.0,58.0,48
NALHATI JN.,1.913043,0.783896,2.0,2.75,4.55,88.0,46
NALIKUL,1.0,0.0,1.0,1.0,1.0,65.0,65
NALKATA,1.0,0.0,1.0,1.0,1.0,6.0,6
NALLA PADU J,1.0,0.0,1.0,1.0,1.0,18.0,18
NALLA-SOPARA,1.0,0.0,1.0,1.0,1.0,2.0,2
NALLACHERUVU,1.0,0.0,1.0,1.0,1.0,4.0,4
NALOI BARWA,1.0,0.0,1.0,1.0,1.0,6.0,6
NALPUR,1.009709,0.098533,1.0,1.0,1.0,104.0,103
NALWAR,1.25,0.447214,1.0,2.0,2.0,20.0,16
NAMAKKAL,1.363636,0.504525,1.0,2.0,2.0,15.0,11
NAMANASAMUDR,1.0,0.0,1.0,1.0,1.0,6.0,6
NAMBURU,1.0,0.0,1.0,1.0,1.0,21.0,21
NAMKHANA,0.0,0.0,0.0,0.0,0.0,0.0,28
NAMKOM,1.0,0.0,1.0,1.0,1.0,23.0,23
NAMLI,1.142857,0.377964,1.0,1.7,1.94,8.0,7
NAMRUP,2.6,1.264911,2.0,5.0,5.0,26.0,10
NAMTIALI,2.0,0.0,2.0,2.0,2.0,20.0,10
NANA,1.333333,0.516398,1.0,2.0,2.0,8.0,6
NANAKSAR,1.333333,0.492366,1.0,2.0,2.0,16.0,12
NANAUTA,1.166667,0.389249,1.0,2.0,2.0,14.0,12
NANCHERLA,1.0,0.0,1.0,1.0,1.0,2.0,2
NANDAIGAJAN,1.0,0.0,1.0,1.0,1.0,69.0,69
NANDALUR,1.6,0.940325,1.0,2.15,4.43,32.0,20
NANDANI LAGU,1.0,0.0,1.0,1.0,1.0,12.0,12
NANDAPUR,1.0,0.0,1.0,1.0,1.0,6.0,6
NANDED,53.616162,223.296669,5.0,326.0,1341.4,5308.0,99
NANDESARI,1.095238,0.300793,1.0,2.0,2.0,23.0,21
NANDGANJ,1.631579,0.760886,2.0,2.2,3.64,31.0,19
NANDGAON,1.7,0.470162,2.0,2.0,2.0,34.0,20
NANDHAKUMARP,1.285714,0.48795,1.0,2.0,2.0,9.0,7
NANDI,1.0,0.0,1.0,1.0,1.0,4.0,4
NANDIKOOR,1.666667,1.632993,1.0,4.0,4.8,10.0,6
NANDIYAMBAKK,1.0,0.0,1.0,1.0,1.0,76.0,76
NANDKHAS,2.0,0.0,2.0,2.0,2.0,8.0,4
NANDPUR BHAT,1.0,0.0,1.0,1.0,1.0,14.0,14
NANDRE,1.0,0.0,1.0,1.0,1.0,4.0,4
NANDURA,1.5,0.509902,1.5,2.0,2.0,39.0,26
NANDURBAR,28.914286,170.690222,5.0,10.0,519.82,2024.0,70
NANDYAL,3.9,2.056948,5.0,5.0,5.0,117.0,30
NANGAL DAM,4.791667,8.016175,0.0,21.8,28.39,115.0,24
NANGAL DEGRO,1.083333,0.288675,1.0,1.45,1.89,13.0,12
NANGAL MUNDI,1.214286,0.425815,1.0,2.0,2.0,17.0,14
NANGAL PATHA,1.230769,0.438529,1.0,2.0,2.0,16.0,13
NANGI,1.0,0.0,1.0,1.0,1.0,62.0,62
NANGLOI,1.404762,0.496796,1.0,2.0,2.0,59.0,42
NANGUNERI,1.0,0.0,1.0,1.0,1.0,14.0,14
NANJANGUD TO,1.583333,0.792961,2.0,2.0,2.0,19.0,12
NANNILAM,1.0,0.0,1.0,1.0,1.0,8.0,8
NANOGAON ROA,1.333333,0.516398,1.0,2.0,2.0,8.0,6
NANPARA JN.,87.611111,335.025572,10.0,223.0,1188.6,1577.0,18
NANWAN HALT,1.0,0.0,1.0,1.0,1.0,12.0,12
NAOJAN,1.166667,0.408248,1.0,1.75,1.95,7.0,6
NAPASAR,1.8125,0.403113,2.0,2.0,2.0,29.0,16
NAR TOWN,1.0,0.0,1.0,1.0,1.0,16.0,16
NARA HALT,1.0,0.0,1.0,1.0,1.0,6.0,6
NARAIKKINAR,1.1,0.316228,1.0,1.55,1.91,11.0,10
NARAINA,1.6,0.516398,2.0,2.0,2.0,16.0,10
NARAINA VIHA,1.0,0.0,1.0,1.0,1.0,10.0,10
NARAJ MARATH,1.5,0.534522,1.5,2.0,2.0,12.0,8
NARANGI,1.5,0.534522,1.5,2.0,2.0,12.0,8
NARANJIPUR,1.333333,0.516398,1.0,2.0,2.0,8.0,6
NARANPUR,1.0,0.0,1.0,1.0,1.0,4.0,4
NARASAMBUDHI,1.0,0.0,1.0,1.0,1.0,8.0,8
NARASAPUR,0.0,0.0,0.0,0.0,0.0,0.0,26
NARASAPURAPU,1.0,0.0,1.0,1.0,1.0,2.0,2
NARASARAOPET,1.461538,0.508391,1.0,2.0,2.0,38.0,26
NARASIMHAPUR,1.0,0.0,1.0,1.0,1.0,2.0,2
NARASINGANPE,1.0,0.0,1.0,1.0,1.0,6.0,6
NARASINGAPAL,1.2,0.421637,1.0,2.0,2.0,12.0,10
NARAYAN PAKU,1.0,0.0,1.0,1.0,1.0,70.0,70
NARAYANAPPAV,1.0,0.0,1.0,1.0,1.0,10.0,10
NARAYANAPURA,1.0,0.0,1.0,1.0,1.0,2.0,2
NARAYANGARH,1.0,0.0,1.0,1.0,1.0,15.0,15
NARAYANPUR,1.4,0.502625,1.0,2.0,2.0,28.0,20
NARAYANPUR A,1.166667,0.389249,1.0,2.0,2.0,14.0,12
NARAYANPUR T,2.058824,2.357716,2.0,3.8,9.56,35.0,17
NARDANA,2.625,2.199838,2.0,5.9,7.58,21.0,8
NARELA,1.352941,0.485071,1.0,2.0,2.0,46.0,34
NARENDRAPUR,1.0,0.0,1.0,1.0,1.0,200.0,200
NARGANJO HAL,1.0,0.0,1.0,1.0,1.0,14.0,14
NARI-KHETRI,1.0,0.0,1.0,1.0,1.0,2.0,2
NARIAOLI,2.0,0.0,2.0,2.0,2.0,18.0,9
NARIKKUDI,1.0,0.0,1.0,1.0,1.0,4.0,4
NARIMOGARU,1.5,0.707107,1.5,1.95,1.99,3.0,2
NARINDARPURA,1.0,0.0,1.0,1.0,1.0,6.0,6
NARIYAR  HAL,1.0,0.0,1.0,1.0,1.0,4.0,4
NARKATIA BAZ,1.25,0.46291,1.0,2.0,2.0,10.0,8
NARKATIAGANJ,2.6,2.52336,5.0,5.0,5.0,130.0,50
NARKHER,26.894737,155.464394,2.0,5.0,606.65,1022.0,38
NARKOPI FS,1.0,0.0,1.0,1.0,1.0,8.0,8
NARNAUL,1.846154,0.688737,2.0,3.0,3.0,24.0,13
NARSINGHPUR,1.986111,0.427672,2.0,2.0,2.87,143.0,72
NARSIPATNAM,1.111111,0.323381,1.0,2.0,2.0,20.0,18
NARSIPURAM,1.0,0.0,1.0,1.0,1.0,10.0,10
NARTHAR (HAL,1.0,0.0,1.0,1.0,1.0,6.0,6
NARWANA JN.,34.111111,214.041757,2.0,5.0,809.68,1535.0,45
NARWASI,1.5,0.57735,1.5,2.0,2.0,6.0,4
NASIBPUR,1.0,0.0,1.0,1.0,1.0,69.0,69
NASIK ROAD,4.402878,1.04062,5.0,5.0,5.0,612.0,139
NASIRABAD,2.0,0.324443,2.0,2.05,2.81,40.0,20
NASRALA,1.785714,0.425815,2.0,2.0,2.0,25.0,14
NATH GANJ,1.0,0.0,1.0,1.0,1.0,4.0,4
NATHAPETTAI,1.0,0.0,1.0,1.0,1.0,2.0,2
NATHDWARA,3.0,4.516636,2.0,9.5,11.5,18.0,6
NATHNAGAR,1.0,0.0,1.0,1.0,1.0,20.0,20
NATHU KHEDI,1.0,0.0,1.0,1.0,1.0,4.0,4
NATHWANA,1.666667,0.516398,2.0,2.0,2.0,10.0,6
NATIONAL THE,1.0,,1.0,1.0,1.0,1.0,1
NATURE CURE,1.0,0.0,1.0,1.0,1.0,108.0,108
NAUGACHIA,1.701754,0.461555,2.0,2.0,2.0,97.0,57
NAUGANWAN,2.0,0.0,2.0,2.0,2.0,16.0,8
NAUGARH,2.346154,0.977438,2.0,5.0,5.0,61.0,26
NAULTHA,1.0,0.0,1.0,1.0,1.0,8.0,8
NAUPADA JN.,4.724138,6.870728,2.0,19.0,28.6,137.0,29
NAUTANWA,0.0,0.0,0.0,0.0,0.0,0.0,16
NAVABPALEM,1.166667,0.57735,1.0,1.9,2.78,14.0,12
NAVADE ROAD,1.0,0.0,1.0,1.0,1.0,9.0,9
NAVAGADH,1.0,0.0,1.0,1.0,1.0,15.0,15
NAVAL GUND R,1.666667,1.154701,1.0,2.8,2.96,5.0,3
NAVALGOAN,1.0,0.0,1.0,1.0,1.0,6.0,6
NAVALUR,1.111111,0.333333,1.0,1.6,1.92,10.0,9
NAVAPUR,3.0,1.843909,2.0,6.0,6.8,33.0,11
NAVIPET,120.75,414.826168,1.0,647.65,1279.93,1449.0,12
NAVSARI,2.282353,1.086845,2.0,5.0,6.0,194.0,85
NAWA CITY,1.666667,0.485071,2.0,2.0,2.0,30.0,18
NAWABGANJ(GO,2.0,0.0,2.0,2.0,2.0,20.0,10
NAWADAH,3.727273,1.6671,5.0,5.0,6.58,82.0,22
NAWADIH,2.0,0.0,2.0,2.0,2.0,8.0,4
NAWAGAON,1.0,0.0,1.0,1.0,1.0,10.0,10
NAWAL SAHI H,1.5,0.57735,1.5,2.0,2.0,6.0,4
NAWALGARH,1.75,0.46291,2.0,2.0,2.0,14.0,8
NAWAN,1.5,0.57735,1.5,2.0,2.0,6.0,4
NAWANDGI,1.125,0.353553,1.0,1.65,1.93,9.0,8
NAWAPARA ROA,1.875,0.341565,2.0,2.0,2.0,30.0,16
NAWASHAHR DO,3.0,1.549193,2.0,5.0,5.0,18.0,6
NAWEGAON,1.4,0.516398,1.0,2.0,2.0,14.0,10
NAYA BHAGIRA,1.0,0.0,1.0,1.0,1.0,6.0,6
NAYA GHAZIAB,1.0,0.0,1.0,1.0,1.0,22.0,22
NAYA KHARDIA,1.0,0.0,1.0,1.0,1.0,2.0,2
NAYA NAGAR,2.0,0.0,2.0,2.0,2.0,24.0,12
NAYA NANGAL,1.125,0.353553,1.0,1.65,1.93,9.0,8
NAYAGAON,1.375,0.5,1.0,2.0,2.0,22.0,16
NAYAGARH,2.5,1.732051,2.0,4.55,4.91,10.0,4
NAYAGARHTOWN,0.0,0.0,0.0,0.0,0.0,0.0,4
NAYAK DIH HA,1.0,0.0,1.0,1.0,1.0,13.0,13
NAYANDAHALLI,1.111111,0.323381,1.0,2.0,2.0,20.0,18
NAYARHAT,1.0,0.0,1.0,1.0,1.0,4.0,4
NAYATOLA,1.0,0.0,1.0,1.0,1.0,10.0,10
NAYDONGRI,1.0,0.0,1.0,1.0,1.0,4.0,4
NAYUDUPETA,2.0,0.942809,2.0,3.95,5.0,56.0,28
NAZARBAG,1.0,0.0,1.0,1.0,1.0,13.0,13
NAZARETH,1.0,0.0,1.0,1.0,1.0,14.0,14
NAZIRA,1.5,0.57735,1.5,2.0,2.0,6.0,4
NAZIRGANJ,1.166667,0.383482,1.0,2.0,2.0,21.0,18
NECKLACE ROA,1.0,0.0,1.0,1.0,1.0,58.0,58
NEGUN,1.0,0.0,1.0,1.0,1.0,2.0,2
NEKONDA,1.0,0.0,1.0,1.0,1.0,21.0,21
NELLAYI,1.0,0.0,1.0,1.0,1.0,12.0,12
NELLIKUPPAM,1.0,0.0,1.0,1.0,1.0,6.0,6
NELLIMARLA,1.285714,0.48795,1.0,2.0,2.0,9.0,7
NELLORE,1.379487,0.564947,1.0,2.0,2.0,269.0,195
NELLORE SOUT,1.0,0.0,1.0,1.0,1.0,16.0,16
NEMA HALT,1.0,0.0,1.0,1.0,1.0,11.0,11
NEMAKALLU,1.0,0.0,1.0,1.0,1.0,2.0,2
NEMAM,1.083333,0.288675,1.0,1.45,1.89,13.0,12
NENPUR,1.095238,0.300793,1.0,2.0,2.0,23.0,21
NEORA,1.307692,0.470679,1.0,2.0,2.0,34.0,26
NEORANADI,1.0,0.0,1.0,1.0,1.0,2.0,2
NEPA NAGAR,1.85,0.48936,2.0,2.05,2.81,37.0,20
NEPALGANJ RO,0.0,0.0,0.0,0.0,0.0,0.0,6
NER HALT,1.0,0.0,1.0,1.0,1.0,10.0,10
NERAL,1.013158,0.114708,1.0,1.0,1.25,77.0,76
NERALAKATTE,1.0,0.0,1.0,1.0,1.0,4.0,4
NERGUNDI JN.,1.181818,0.40452,1.0,2.0,2.0,13.0,11
NERI,1.25,0.5,1.0,1.85,1.97,5.0,4
NERUL,853.321429,304.071888,887.0,1292.5,1372.85,47786.0,56
NETAWAL,1.0,0.0,1.0,1.0,1.0,6.0,6
NETHRAVATHI,1.0,0.0,1.0,1.0,1.0,2.0,2
NETRA,1.0,0.0,1.0,1.0,1.0,54.0,54
NEW ALIPUR (,0.976471,0.152477,1.0,1.0,1.0,83.0,85
NEW ALIPURDU,3.690141,1.840742,5.0,5.0,6.5,262.0,71
NEW AMRAVATI,2.7,1.702939,3.0,5.0,5.0,27.0,10
NEW BALRAMPU,1.0,0.0,1.0,1.0,1.0,12.0,12
NEW BANESWAR,1.0,0.0,1.0,1.0,1.0,2.0,2
NEW BARRACKP,1.0,0.0,1.0,1.0,1.0,137.0,137
NEW BHUJ,0.0,0.0,0.0,0.0,0.0,0.0,18
NEW BONGAIGA,6.528926,6.482122,5.0,10.0,38.0,790.0,121
NEW CHANGRAB,3.25,4.5,1.0,8.65,9.73,13.0,4
NEW COOCH BE,3.804124,1.961288,5.0,5.0,10.0,369.0,97
NEW DELHI,50.890141,223.380175,0.0,45.0,1359.2,18066.0,355
NEW DOMOHANI,1.0,0.0,1.0,1.0,1.0,4.0,4
NEW FARAKKA,2.847059,1.809406,2.0,5.0,10.0,242.0,85
NEW GARH MAD,1.0,0.0,1.0,1.0,1.0,7.0,7
NEW GITALDAH,1.0,0.0,1.0,1.0,1.0,6.0,6
NEW GUMANDEV,1.0,0.0,1.0,1.0,1.0,2.0,2
NEW GUNTUR,1.846154,0.375534,2.0,2.0,2.0,24.0,13
NEW HALFLONG,7.444444,3.072118,10.0,10.0,10.0,134.0,18
NEW HARANGAJ,3.0,1.732051,2.0,4.7,4.94,9.0,3
NEW JALPAIGU,31.324503,132.864219,15.0,20.0,525.0,4730.0,151
NEW KATNI JU,2.0,0.0,2.0,2.0,2.0,4.0,2
NEW MADANPUR,1.0,0.0,1.0,1.0,1.0,8.0,8
NEW MAL JN.,2.5,2.55377,2.0,9.25,10.0,60.0,24
NEW MAYNAGUR,1.6,0.516398,2.0,2.0,2.0,16.0,10
NEW MISAMARI,2.0,0.0,2.0,2.0,2.0,32.0,16
NEW MORINDA,1.625,0.5,2.0,2.0,2.0,26.0,16
NEW NAWADIH,1.0,0.0,1.0,1.0,1.0,2.0,2
NEW RUNNISAI,1.0,,1.0,1.0,1.0,1.0,1
NEW SILCHAR,1.0,0.0,1.0,1.0,1.0,2.0,2
NEW TINSUKIA,8.384615,4.095025,10.0,15.0,15.0,327.0,39
NEW WEST BLO,1.0,0.0,1.0,1.0,1.0,3.0,3
NEW WEST CAB,10.0,,10.0,10.0,10.0,10.0,1
NEYAMATPUR H,1.0,0.0,1.0,1.0,1.0,8.0,8
NEYVELI,1.0,0.0,1.0,1.0,1.0,4.0,4
NEYYATTINKAR,1.0,0.0,1.0,1.0,1.0,26.0,26
NIBHAPUR,1.0,0.0,1.0,1.0,1.0,4.0,4
NIBKARORI,1.25,0.5,1.0,1.85,1.97,5.0,4
NICHITPUR,1.0,0.0,1.0,1.0,1.0,13.0,13
NIDADAVOLU J,2.041667,7.085867,1.0,2.0,21.24,147.0,72
NIDAGHATTA H,1.0,0.0,1.0,1.0,1.0,7.0,7
NIDAMANGALAM,3.7,4.168806,2.0,10.25,14.05,74.0,20
NIDAMANURU,1.0,0.0,1.0,1.0,1.0,16.0,16
NIDHANI,1.8,0.447214,2.0,2.0,2.0,9.0,5
NIDI,1.0,0.0,1.0,1.0,1.0,5.0,5
NIDIGALU,1.0,0.0,1.0,1.0,1.0,8.0,8
NIDUBROLU,1.297872,0.462267,1.0,2.0,2.0,61.0,47
NIDUR,1.0,0.0,1.0,1.0,1.0,8.0,8
NIDVANDA,1.0,0.0,1.0,1.0,1.0,16.0,16
NIGATPUR F,1.444444,0.527046,1.0,2.0,2.0,13.0,9
NIGAURA,1.8,0.421637,2.0,2.0,2.0,18.0,10
NIGOHAN,1.05,0.223607,1.0,1.05,1.81,21.0,20
NIGOHI,2.0,0.0,2.0,2.0,2.0,20.0,10
NIHALGARH,1.75,0.438019,2.0,2.0,2.0,77.0,44
NIHASTA HALT,1.0,0.0,1.0,1.0,1.0,10.0,10
NIJBARI,1.0,0.0,1.0,1.0,1.0,2.0,2
NIKURSINI,1.0,0.0,1.0,1.0,1.0,15.0,15
NILAKANTHEWA,1.0,0.0,1.0,1.0,1.0,4.0,4
NILAMBAZAR,1.166667,0.408248,1.0,1.75,1.95,7.0,6
NILAMBUR ROA,0.0,0.0,0.0,0.0,0.0,0.0,14
NILESHWAR,1.5,0.511766,1.5,2.0,2.0,33.0,22
NILGIRI ROAD,1.0,0.0,1.0,1.0,1.0,12.0,12
NILJE,1.0,0.0,1.0,1.0,1.0,16.0,16
NILOKHERI,1.1875,0.403113,1.0,2.0,2.0,19.0,16
NIM-KA-THANA,1.615385,0.50637,2.0,2.0,2.0,21.0,13
NIMACH,1.727273,0.6742,2.0,2.0,2.0,57.0,33
NIMBAHERA,1.478261,0.510754,1.0,2.0,2.0,34.0,23
NIMBAL,1.05,0.223607,1.0,1.05,1.81,21.0,20
NIMBHORA,1.333333,0.516398,1.0,2.0,2.0,8.0,6
NIMDANRI,1.0,0.0,1.0,1.0,1.0,44.0,44
NIMDIH,1.0,0.0,1.0,1.0,1.0,12.0,12
NIMIAGHAT,1.5,0.547723,1.5,2.0,2.0,9.0,6
NIMKANA,1.0,0.0,1.0,1.0,1.0,6.0,6
NIMO,1.0,0.0,1.0,1.0,1.0,46.0,46
NIMODA,1.1,0.316228,1.0,1.55,1.91,11.0,10
NIMPURATHROU,1.0,0.0,1.0,1.0,1.0,14.0,14
NIMSHIRGAON,1.0,0.0,1.0,1.0,1.0,6.0,6
NIMTITA,52.214286,271.58879,1.0,1.65,1050.28,1462.0,28
NINGALA,1.0,0.0,1.0,1.0,1.0,12.0,12
NIPANI VADGA,1.0,0.0,1.0,1.0,1.0,6.0,6
NIPANIA,1.357143,0.497245,1.0,2.0,2.0,19.0,14
NIPHAD,1.5,0.516398,1.5,2.0,2.0,24.0,16
NIRA,1.7,0.674949,2.0,2.55,2.91,17.0,10
NIRAKARPUR,1.347826,0.486985,1.0,2.0,2.0,31.0,23
NISCHINDAPUR,1.933333,1.720732,1.0,5.0,5.0,58.0,30
NISHANGARA,121.666667,414.537493,2.0,648.2,1280.04,1460.0,12
NISOI,1.0,0.0,1.0,1.0,1.0,11.0,11
NITTUR,1.0,0.0,1.0,1.0,1.0,8.0,8
NIVASAR,1.0,0.0,1.0,1.0,1.0,4.0,4
NIWAR,1.5,0.522233,1.5,2.0,2.0,18.0,12
NIWARI,1.916667,0.288675,2.0,2.0,2.0,23.0,12
NIWAS ROAD,2.0,0.0,2.0,2.0,2.0,12.0,6
NIYALISHPARA,1.0,0.0,1.0,1.0,1.0,13.0,13
NIYAZIPUR HA,1.0,0.0,1.0,1.0,1.0,11.0,11
NIZ-SARIHA,1.0,0.0,1.0,1.0,1.0,6.0,6
NIZAMABAD,33.39726,189.967888,2.0,7.0,978.6,2438.0,73
NIZAMPUR,1.0,0.0,1.0,1.0,1.0,6.0,6
NIZBARGANJ,1.0,0.0,1.0,1.0,1.0,6.0,6
NIZCHATIA,1.0,0.0,1.0,1.0,1.0,6.0,6
NLACHRVURU E,1.0,0.0,1.0,1.0,1.0,2.0,2
NOADAR DHAL,1.0,0.0,1.0,1.0,1.0,19.0,19
NOAMUNDI,1.0,0.0,1.0,1.0,1.0,10.0,10
NOAPARA MAHI,1.0,0.0,1.0,1.0,1.0,10.0,10
NOBANDA PH,1.0,0.0,1.0,1.0,1.0,11.0,11
NOGANWAN,1.25,0.46291,1.0,2.0,2.0,10.0,8
NOHAR,2.0,0.0,2.0,2.0,2.0,8.0,4
NOHBACHHAMAD,1.0,0.0,1.0,1.0,1.0,12.0,12
NOKHA,37.9,227.051536,2.0,2.0,877.96,1516.0,40
NOKHRA,2.0,0.0,2.0,2.0,2.0,4.0,2
NOLBARI,1.0,0.0,1.0,1.0,1.0,2.0,2
NOLI,1.125,0.337832,1.0,2.0,2.0,27.0,24
NONAPAR F,1.125,0.353553,1.0,1.65,1.93,9.0,8
NONAR HALT,1.0,0.0,1.0,1.0,1.0,8.0,8
NONERA,2.0,0.0,2.0,2.0,2.0,12.0,6
NONIHAT,1.0,0.0,1.0,1.0,1.0,2.0,2
NORLA  ROAD,2.045455,0.72225,2.0,2.0,4.37,45.0,22
NORTH LAKHIM,4.0,2.108185,5.0,5.0,5.0,40.0,10
NOSARIA  HAL,1.0,0.0,1.0,1.0,1.0,6.0,6
NOSSAM,1.0,0.0,1.0,1.0,1.0,4.0,4
NOWROZABAD,1.875,0.341565,2.0,2.0,2.0,30.0,16
NPA SIVARAMP,1.0,0.0,1.0,1.0,1.0,22.0,22
NSC BOSE J G,10.989796,11.52451,10.0,27.45,70.0,1077.0,98
NUA,1.666667,0.516398,2.0,2.0,2.0,10.0,6
NUAGAON-MAYU,1.0,0.0,1.0,1.0,1.0,14.0,14
NUDURUPADU,1.0,0.0,1.0,1.0,1.0,11.0,11
NUJELLA,1.0,0.0,1.0,1.0,1.0,16.0,16
NULENURU,1.0,0.0,1.0,1.0,1.0,4.0,4
NUMALIGARH R,1.833333,0.408248,2.0,2.0,2.0,11.0,6
NUNGAMBAKKAM,1.0,0.0,1.0,1.0,1.0,169.0,169
NUNKHAR,1.75,0.452267,2.0,2.0,2.0,21.0,12
NURABAD,1.0,0.0,1.0,1.0,1.0,6.0,6
NURMAHAL,1.636364,0.504525,2.0,2.0,2.0,18.0,11
NURNAGAR  HA,1.166667,0.408248,1.0,1.75,1.95,7.0,6
NURPUR ROAD,2.0,0.0,2.0,2.0,2.0,28.0,14
NURPURA HALT,1.0,0.0,1.0,1.0,1.0,4.0,4
NUSRATABAD K,1.0,0.0,1.0,1.0,1.0,22.0,22
NUZVID,1.1,0.307794,1.0,2.0,2.0,22.0,20
NYOLIKALAN,1.333333,0.516398,1.0,2.0,2.0,8.0,6
NYORIYA HUSE,2.0,0.0,2.0,2.0,2.0,12.0,6
Nelamangala,1.0,0.0,1.0,1.0,1.0,8.0,8
OATING,1.5,0.57735,1.5,2.0,2.0,6.0,4
OBAIDULLA GA,1.785714,0.425815,2.0,2.0,2.0,25.0,14
OBLAPURAM,1.166667,0.408248,1.0,1.75,1.95,7.0,6
OBRADAM,2.0,0.866025,2.0,2.6,4.52,34.0,17
OBULAVARIPAL,1.125,0.353553,1.0,1.65,1.93,9.0,8
OCHIRA,1.0,0.0,1.0,1.0,1.0,20.0,20
ODANIYA CHAC,2.0,0.0,2.0,2.0,2.0,4.0,2
ODDANCHATRAM,1.0,0.0,1.0,1.0,1.0,6.0,6
ODDARA HALLI,1.0,0.0,1.0,1.0,1.0,4.0,4
ODE,1.0,0.0,1.0,1.0,1.0,13.0,13
ODELA,1.0,0.0,1.0,1.0,1.0,14.0,14
ODHA,1.0,0.0,1.0,1.0,1.0,6.0,6
ODUR,1.0,0.0,1.0,1.0,1.0,8.0,8
OHAN CABIN,2.0,0.0,2.0,2.0,2.0,6.0,3
OKHA,14.0625,79.549513,0.0,0.0,310.5,450.0,32
OKHAMADHI,2.0,0.0,2.0,2.0,2.0,4.0,2
OKHLA,1.074074,0.264351,1.0,2.0,2.0,58.0,54
OLAKUR,1.25,0.5,1.0,1.85,1.97,5.0,4
OLAPUR,2.0,0.0,2.0,2.0,2.0,24.0,12
OLD MALDA,1.7,0.656947,2.0,2.0,2.0,34.0,20
OLD SACHIVAL,1.0,0.0,1.0,1.0,1.0,4.0,4
OLLUR,1.0,0.0,1.0,1.0,1.0,12.0,12
OMALUR,1.6,1.577621,1.0,4.2,5.64,16.0,10
OMKARESHWAR,2.0,0.0,2.0,2.0,2.0,16.0,8
ONDAGRARM,1.137931,0.350931,1.0,2.0,2.0,33.0,29
ONGOLE,1.368687,0.637595,1.0,2.0,2.06,271.0,198
ONTIMITTA,1.0,0.0,1.0,1.0,1.0,4.0,4
OODLABARI,1.0,0.0,1.0,1.0,1.0,10.0,10
OORGAUM,1.0,0.0,1.0,1.0,1.0,22.0,22
OOTWARD,1.0,0.0,1.0,1.0,1.0,6.0,6
ORAI,4.181818,1.346324,5.0,5.0,5.0,276.0,66
ORCHHA,1.75,0.5,2.0,2.0,2.0,7.0,4
ORDI,1.0,0.0,1.0,1.0,1.0,6.0,6
ORE HALT,1.0,0.0,1.0,1.0,1.0,8.0,8
ORGA,1.0,0.0,1.0,1.0,1.0,8.0,8
ORKI HALT,1.333333,0.516398,1.0,2.0,2.0,8.0,6
ORR,1.8,0.421637,2.0,2.0,2.0,18.0,10
ORWARA,2.0,0.0,2.0,2.0,2.0,12.0,6
OSIYAN,2.0,0.0,2.0,2.0,2.0,20.0,10
OSRA,1.0,0.0,1.0,1.0,1.0,8.0,8
OTTAKOVIL,1.0,0.0,1.0,1.0,1.0,6.0,6
OTTAPPALAM,1.803571,0.400892,2.0,2.0,2.0,101.0,56
OTTIVAKKAM,1.166667,0.408248,1.0,1.75,1.95,7.0,6
PABAI,1.5,0.57735,1.5,2.0,2.0,6.0,4
PABLI KHAS,1.066667,0.258199,1.0,1.3,1.86,16.0,15
PABNAWAJAS M,1.0,0.0,1.0,1.0,1.0,9.0,9
PACHAR MALIK,1.0,0.0,1.0,1.0,1.0,6.0,6
PACHAWAN,1.25,0.5,1.0,1.85,1.97,5.0,4
PACHCHAKUPPA,1.25,0.5,1.0,1.85,1.97,5.0,4
PACHHAPUR,1.166667,0.389249,1.0,2.0,2.0,14.0,12
PACHOR ROAD,2.0,0.0,2.0,2.0,2.0,22.0,11
PACHORA JN.,1.956522,0.366589,2.0,2.0,2.78,45.0,23
PACHPERWA,2.0,0.0,2.0,2.0,2.0,18.0,9
PACHRUKHI,1.6875,0.478714,2.0,2.0,2.0,27.0,16
PADADHARI,1.5625,0.512348,2.0,2.0,2.0,25.0,16
PADAMPUR,2.0,0.0,2.0,2.0,2.0,8.0,4
PADAPAHAR,1.0,0.0,1.0,1.0,1.0,6.0,6
PADHEGAON,1.666667,0.516398,2.0,2.0,2.0,10.0,6
PADIYA NAGLA,1.0,0.0,1.0,1.0,1.0,6.0,6
PADLI,1.0,0.0,1.0,1.0,1.0,4.0,4
PADMA,1.0,0.0,1.0,1.0,1.0,4.0,4
PADMAPUKUR,1.0,0.0,1.0,1.0,1.0,7.0,7
PADNUR H,1.0,0.0,1.0,1.0,1.0,6.0,6
PADRAUNA,2.5,1.354006,2.0,5.0,5.0,25.0,10
PADSE,2.0,0.0,2.0,2.0,2.0,8.0,4
PADUA,1.0,0.0,1.0,1.0,1.0,2.0,2
PADUBIDRI,2.0,2.070197,1.0,5.25,6.65,16.0,8
PADUGUPADU,1.0,0.0,1.0,1.0,1.0,8.0,8
PAGARA,1.8,0.421637,2.0,2.0,2.0,18.0,10
PAGDHAL,1.5,0.57735,1.5,2.0,2.0,6.0,4
PAGLA CHANDI,1.0,0.0,1.0,1.0,1.0,25.0,25
PAHALEJA,1.0,0.0,1.0,1.0,1.0,8.0,8
PAHARA,1.0,0.0,1.0,1.0,1.0,8.0,8
PAHARJAGANGA,1.0,0.0,1.0,1.0,1.0,6.0,6
PAHARPUR,1.875,0.341565,2.0,2.0,2.0,30.0,16
PAHARSAR,1.0,0.0,1.0,1.0,1.0,2.0,2
PAHLEJAGHAT,1.142857,0.363137,1.0,2.0,2.0,16.0,14
PAINTEPUR F,2.0,0.0,2.0,2.0,2.0,16.0,8
PAJIAN,1.75,0.452267,2.0,2.0,2.0,21.0,12
PAKALA JN.,1.341463,0.728346,1.0,2.0,3.8,55.0,41
PAKARIYA ROA,1.5,0.547723,1.5,2.0,2.0,9.0,6
PAKHAJAN,1.0,0.0,1.0,1.0,1.0,2.0,2
PAKHNA,1.25,0.5,1.0,1.85,1.97,5.0,4
PAKHRAULI,1.0,0.0,1.0,1.0,1.0,4.0,4
PAKKI,1.666667,0.492366,2.0,2.0,2.0,20.0,12
PAKNI,1.5,0.57735,1.5,2.0,2.0,6.0,4
PAKRA,1.0,0.0,1.0,1.0,1.0,4.0,4
PAKUR,1.608696,1.003192,1.0,4.2,5.0,111.0,69
PALA,1.333333,0.57735,1.0,1.9,1.98,4.0,3
PALACHAURI,1.375,0.517549,1.0,2.0,2.0,11.0,8
PALAKKAD JN,10.67284,70.36399,5.0,10.0,20.0,1729.0,162
PALAKKODU,1.142857,0.377964,1.0,1.7,1.94,8.0,7
PALAKOLLU,1.230769,0.651625,1.0,2.0,3.5,32.0,26
PALAM,1.264706,0.447811,1.0,2.0,2.0,43.0,34
PALAMPUR HIM,2.0,0.0,2.0,2.0,2.0,24.0,12
PALANA,1.5,0.57735,1.5,2.0,2.0,6.0,4
PALANI,1.666667,2.146173,0.5,5.0,5.0,20.0,12
PALANPUR JN,5.046296,7.739188,2.0,25.0,30.0,545.0,108
PALAPPURAM H,1.0,0.0,1.0,1.0,1.0,11.0,11
PALASA,28.712963,191.703824,2.0,5.0,1313.75,3101.0,108
PALASDARI,0.055556,0.232311,0.0,0.25,1.0,2.0,36
PALASINGI,1.0,0.0,1.0,1.0,1.0,4.0,4
PALASNER,1.75,0.5,2.0,2.0,2.0,7.0,4
PALATPOTARAM,1.0,0.0,1.0,1.0,1.0,8.0,8
PALAVANTHANG,1.0,0.0,1.0,1.0,1.0,169.0,169
PALAYAM,1.0,0.0,1.0,1.0,1.0,4.0,4
PALAYAMKOTTA,1.0,0.0,1.0,1.0,1.0,12.0,12
PALAYASIVARA,1.0,0.0,1.0,1.0,1.0,2.0,2
PALDHI,3.25,3.201562,2.0,7.1,7.82,13.0,4
PALEJ,1.214286,0.417855,1.0,2.0,2.0,34.0,28
PALGHAR,2.245283,2.056001,2.0,8.0,9.48,119.0,53
PALGHAT TOWN,2.0,2.335497,1.0,5.0,5.0,24.0,12
PALHAWAS,1.0,0.0,1.0,1.0,1.0,5.0,5
PALI MARWAR,5.02439,0.156174,5.0,5.0,5.6,206.0,41
PALIA,2.0,0.0,2.0,2.0,2.0,16.0,8
PALIA KALAN,2.0,0.0,2.0,2.0,2.0,28.0,14
PALIBA,1.0,0.0,1.0,1.0,1.0,2.0,2
PALIGARH (HA,1.125,0.353553,1.0,1.65,1.93,9.0,8
PALITANA,0.0,0.0,0.0,0.0,0.0,0.0,10
PALLA ROAD,1.0,0.0,1.0,1.0,1.0,46.0,46
PALLAVARAM,7.71028,98.300345,1.0,1.0,1.0,1650.0,214
PALLEVADA,1.090909,0.301511,1.0,1.5,1.9,12.0,11
PALLIKERI HA,1.0,0.0,1.0,1.0,1.0,9.0,9
PALLIKONA HA,1.0,0.0,1.0,1.0,1.0,14.0,14
PALLIPPURAM,1.0,0.0,1.0,1.0,1.0,10.0,10
PALLIYADI H.,1.0,0.0,1.0,1.0,1.0,13.0,13
PALPARA,1.0,0.0,1.0,1.0,1.0,109.0,109
PALSI,1.0,0.0,1.0,1.0,1.0,4.0,4
PALSIT,1.0,0.0,1.0,1.0,1.0,52.0,52
PALSORAMKDN,1.0,0.0,1.0,1.0,1.0,12.0,12
PALTA,1.0,0.0,1.0,1.0,1.0,186.0,186
PALUR,1.0,0.0,1.0,1.0,1.0,19.0,19
PALWAL,1.875,7.446103,0.5,2.0,23.46,120.0,64
PAMAN,2.0,0.0,2.0,2.0,2.0,12.0,6
PAMBAKOVIL S,1.0,0.0,1.0,1.0,1.0,10.0,10
PAMBAN,1.0,0.0,1.0,1.0,1.0,10.0,10
PAMIDI,1.25,0.5,1.0,1.85,1.97,5.0,4
PAMPORA,1.0,0.0,1.0,1.0,1.0,20.0,20
PANA GARH,1.192308,0.397959,1.0,2.0,2.0,62.0,52
PANANGUDI,1.0,0.0,1.0,1.0,1.0,6.0,6
PANAPAKAM,1.076923,0.27735,1.0,1.4,1.88,14.0,13
PANBARI,1.666667,0.516398,2.0,2.0,2.0,10.0,6
PANCH RUKHI,1.083333,0.288675,1.0,1.45,1.89,13.0,12
PANCHBHERIA,1.0,0.0,1.0,1.0,1.0,37.0,37
PANCHGRAM,1.4,0.516398,1.0,2.0,2.0,14.0,10
PANCHOT,1.071429,0.267261,1.0,1.35,1.87,15.0,14
PANCHPATIA D,1.0,0.0,1.0,1.0,1.0,8.0,8
PANCHRA,1.0,0.0,1.0,1.0,1.0,12.0,12
PANCHRATNA,1.0,0.0,1.0,1.0,1.0,4.0,4
PANCHTALAVAD,1.0,0.0,1.0,1.0,1.0,4.0,4
PANDABESWAR,1.0,0.0,1.0,1.0,1.0,16.0,16
PANDARAVADAI,1.25,0.866025,1.0,2.35,3.67,15.0,12
PANDAUL,2.0,0.0,2.0,2.0,2.0,36.0,18
PANDAVAPURA,1.12,0.331662,1.0,2.0,2.0,28.0,25
PANDETOLA,1.0,0.0,1.0,1.0,1.0,6.0,6
PANDHARPUR,17.761905,64.801161,3.0,10.0,242.0,373.0,21
PANDHURNA,1.590909,0.52557,2.0,2.0,2.35,105.0,66
PANDILLAPALL,1.0,0.0,1.0,1.0,1.0,6.0,6
PANDOLI,1.166667,0.408248,1.0,1.75,1.95,7.0,6
PANDORI,1.0,0.0,1.0,1.0,1.0,16.0,16
PANDRASALI,1.25,0.46291,1.0,2.0,2.0,10.0,8
PANDU PINDAR,1.5,0.527046,1.5,2.0,2.0,15.0,10
PANDURANGA P,1.0,0.0,1.0,1.0,1.0,4.0,4
PANDURANGA S,1.0,0.0,1.0,1.0,1.0,4.0,4
PANELI MOTI,1.0,0.0,1.0,1.0,1.0,4.0,4
PANEVADI,1.25,0.5,1.0,1.85,1.97,5.0,4
PANGAON,1.214286,0.425815,1.0,2.0,2.0,17.0,14
PANGARSHINDE,1.0,0.0,1.0,1.0,1.0,6.0,6
PANGRI,1.0,0.0,1.0,1.0,1.0,4.0,4
PANHAI,2.0,0.0,2.0,2.0,2.0,6.0,3
PANIA JOB,1.307692,0.480384,1.0,2.0,2.0,17.0,13
PANIARA HALT,1.0,0.0,1.0,1.0,1.0,13.0,13
PANIHAR,2.0,0.0,2.0,2.0,2.0,8.0,4
PANIKHAITI,1.5,0.57735,1.5,2.0,2.0,6.0,4
PANIPAT JN.,2.779661,4.45708,2.0,5.9,26.62,328.0,118
PANISAGAR,1.333333,0.516398,1.0,2.0,2.0,8.0,6
PANITOLA,2.0,0.0,2.0,2.0,2.0,8.0,4
PANIYAHAWA,2.0,0.632456,2.0,2.5,3.7,32.0,16
PANJ-KOSI,1.5,0.534522,1.5,2.0,2.0,12.0,8
PANJGAM,1.0,0.0,1.0,1.0,1.0,20.0,20
PANJHAN,1.0,0.0,1.0,1.0,1.0,4.0,4
PANJIPARA,0.888889,0.333333,1.0,1.0,1.0,8.0,9
PANJWARA ROA,1.0,,1.0,1.0,1.0,1.0,1
PANKI,1.291667,0.624094,1.0,2.0,2.0,31.0,24
PANOH,1.166667,0.408248,1.0,1.75,1.95,7.0,6
PANOLI,1.142857,0.358569,1.0,2.0,2.0,24.0,21
PANPALI  PH,1.0,0.0,1.0,1.0,1.0,12.0,12
PANPANA PH,1.0,0.0,1.0,1.0,1.0,10.0,10
PANPOSH,1.0,0.0,1.0,1.0,1.0,14.0,14
PANRUTI,1.0,0.0,1.0,1.0,1.0,10.0,10
PANSAR,1.5,0.707107,1.5,1.95,1.99,3.0,2
PANSKURA,1.403101,2.170539,1.0,5.0,10.0,181.0,129
PANTIHAL PH,1.0,0.0,1.0,1.0,1.0,6.0,6
PANTNAGAR,2.0,0.0,2.0,2.0,2.0,24.0,12
PANVEL,579.21393,490.489637,572.0,1326.9,1414.96,232844.0,402
PANYAM,1.166667,0.389249,1.0,2.0,2.0,14.0,12
PAPANASAM,1.034483,0.185695,1.0,1.0,1.72,30.0,29
PAPARERA,1.0,0.0,1.0,1.0,1.0,6.0,6
PAPATAPALLI,1.0,0.0,1.0,1.0,1.0,8.0,8
PAPINAYAKANA,1.0,,1.0,1.0,1.0,1.0,1
PAPPINISSERI,1.0,0.0,1.0,1.0,1.0,6.0,6
PAPRAKUND,1.4,0.547723,1.0,2.0,2.0,7.0,5
PARA KHEDA,2.0,0.0,2.0,2.0,2.0,8.0,4
PARADEEP,0.0,0.0,0.0,0.0,0.0,0.0,12
PARADGAON HA,1.0,0.0,1.0,1.0,1.0,10.0,10
PARADOL,1.5,0.534522,1.5,2.0,2.0,12.0,8
PARAIYA,1.0,0.0,1.0,1.0,1.0,12.0,12
PARAJ,1.041667,0.204124,1.0,1.0,1.77,25.0,24
PARAKANHATTI,1.2,0.421637,1.0,2.0,2.0,12.0,10
PARAMAKKUDI,1.166667,0.380693,1.0,2.0,2.0,28.0,24
PARAMJEEVAR,2.0,0.0,2.0,2.0,2.0,8.0,4
PARANGIPPETT,1.0,0.0,1.0,1.0,1.0,7.0,7
PARANUR,1.0,,1.0,1.0,1.0,1.0,1
PARAO MAHNA,1.142857,0.377964,1.0,1.7,1.94,8.0,7
PARAS,1.125,0.353553,1.0,1.65,1.93,9.0,8
PARASIA,2.1,1.100505,2.0,3.65,4.73,21.0,10
PARASNATH,29.925926,195.235692,2.0,5.0,678.51,1616.0,54
PARASSALA,1.0,0.0,1.0,1.0,1.0,22.0,22
PARAUNA,2.0,0.0,2.0,2.0,2.0,8.0,4
PARAVUR,1.0,0.0,1.0,1.0,1.0,28.0,28
PARBATI,1.0,0.0,1.0,1.0,1.0,10.0,10
PARBATONIA,1.0,0.0,1.0,1.0,1.0,4.0,4
PARBHANI JN.,11.231707,63.84265,2.0,19.5,142.6,921.0,82
PARDHADE,1.0,0.0,1.0,1.0,1.0,4.0,4
PARDI,1.347826,0.486985,1.0,2.0,2.0,31.0,23
PAREWADI,1.333333,0.516398,1.0,2.0,2.0,8.0,6
PARHANA MAU,2.0,0.0,2.0,2.0,2.0,4.0,2
PARIAWAN KAL,1.142857,0.363137,1.0,2.0,2.0,16.0,14
PARICHA,2.0,0.0,2.0,2.0,2.0,8.0,4
PARICHA THER,1.5,0.57735,1.5,2.0,2.0,6.0,4
PARIHARA,1.166667,0.408248,1.0,1.75,1.95,7.0,6
PARIKKAL,1.0,0.0,1.0,1.0,1.0,2.0,2
PARISAL,1.0,0.0,1.0,1.0,1.0,6.0,6
PARJANI  HAL,1.0,0.0,1.0,1.0,1.0,6.0,6
PARJAPATI HA,1.0,0.0,1.0,1.0,1.0,2.0,2
PARK CIRCUS,1.0,0.0,1.0,1.0,1.0,16.0,16
PARKHAM,1.0,0.0,1.0,1.0,1.0,6.0,6
PARLAKIMIDI,2.0,0.0,2.0,2.0,2.0,12.0,6
PARLI,1.0,0.0,1.0,1.0,1.0,10.0,10
PARLI VAIJNA,132.794118,399.150976,10.0,1395.0,1398.35,4515.0,34
PARLU,1.0,0.0,1.0,1.0,1.0,5.0,5
PARMALKASA,1.066667,0.258199,1.0,1.3,1.86,16.0,15
PARMANAND,1.416667,1.1645,1.0,3.35,4.67,17.0,12
PARMANANDPUR,1.166667,0.389249,1.0,2.0,2.0,14.0,12
PAROR,1.0,0.0,1.0,1.0,1.0,12.0,12
PARPANANGADI,1.5,0.506061,1.5,2.0,2.0,63.0,42
PARSA,1.833333,0.389249,2.0,2.0,2.0,22.0,12
PARSA BAZAR,1.0,0.0,1.0,1.0,1.0,22.0,22
PARSA KERWA,1.0,0.0,1.0,1.0,1.0,4.0,4
PARSA KHERA,1.25,0.5,1.0,1.85,1.97,5.0,4
PARSA TIWARI,2.0,0.0,2.0,2.0,2.0,10.0,5
PARSABAD,2.0,0.679366,2.0,2.7,3.74,28.0,14
PARSAUNI,2.0,0.0,2.0,2.0,2.0,20.0,10
PARSENDI,2.0,0.0,2.0,2.0,2.0,16.0,8
PARSIPUR,1.142857,0.363137,1.0,2.0,2.0,16.0,14
PARSNEU,1.5,0.534522,1.5,2.0,2.0,12.0,8
PARSODA,1.0,0.0,1.0,1.0,1.0,15.0,15
PARSOLI,1.5,0.57735,1.5,2.0,2.0,6.0,4
PARTABPURA,1.0,0.0,1.0,1.0,1.0,9.0,9
PARTAPGARH J,4.816901,5.921655,5.0,11.0,31.6,342.0,71
PARTAPUR,1.0,0.0,1.0,1.0,1.0,17.0,17
PARTUR,1.05,0.220721,1.0,1.05,2.0,42.0,40
PARVATIPURAM,2.25,0.908514,2.0,5.0,5.0,144.0,64
PARVATSAR CI,0.0,0.0,0.0,0.0,0.0,0.0,3
PARVEZPUR,1.2,0.421637,1.0,2.0,2.0,12.0,10
PARWAKHURD H,1.0,0.0,1.0,1.0,1.0,4.0,4
PASALAPUDI,1.0,0.0,1.0,1.0,1.0,8.0,8
PASIVEDALA H,1.055556,0.235702,1.0,1.15,1.83,19.0,18
PASRAHA,1.25,0.452267,1.0,2.0,2.0,15.0,12
PASUPATIKOVI,1.0,0.0,1.0,1.0,1.0,12.0,12
PASUR,1.0,0.0,1.0,1.0,1.0,10.0,10
PATA,1.0,0.0,1.0,1.0,1.0,6.0,6
PATAKOTTACHE,1.0,0.0,1.0,1.0,1.0,6.0,6
PATAL PANI,2.0,0.0,2.0,2.0,2.0,16.0,8
PATAM,1.0,0.0,1.0,1.0,1.0,8.0,8
PATAN,0.0,0.0,0.0,0.0,0.0,0.0,14
PATAPATNAM,1.0,0.0,1.0,1.0,1.0,6.0,6
PATARA,2.0,0.0,2.0,2.0,2.0,12.0,6
PATAS,1.0,0.0,1.0,1.0,1.0,20.0,20
PATASAHI,1.0,0.0,1.0,1.0,1.0,2.0,2
PATAUDI ROAD,1.560976,0.502433,2.0,2.0,2.0,64.0,41
PATCHUR,1.0,0.0,1.0,1.0,1.0,4.0,4
PATEL HALT,1.0,0.0,1.0,1.0,1.0,9.0,9
PATEL NAGAR,1.027778,0.166667,1.0,1.0,1.65,37.0,36
PATERHI,1.75,0.5,2.0,2.0,2.0,7.0,4
PATHAKPUR,1.0,0.0,1.0,1.0,1.0,5.0,5
PATHANKOT CA,4.774194,1.189894,5.0,5.0,10.0,444.0,93
PATHANKOT JN,6.153846,14.971063,0.0,32.25,62.15,320.0,52
PATHARDIH JN,16.666667,5.773503,20.0,20.0,20.0,50.0,3
PATHARIA,2.0,0.0,2.0,2.0,2.0,50.0,25
PATHARKANDI,1.0,0.0,1.0,1.0,1.0,4.0,4
PATHARKHOLA,2.0,0.0,2.0,2.0,2.0,4.0,2
PATHAULI,1.0,0.0,1.0,1.0,1.0,8.0,8
PATHRAD HALT,1.0,0.0,1.0,1.0,1.0,15.0,15
PATHRALA,1.4,0.547723,1.0,2.0,2.0,7.0,5
PATHRI,1.777778,0.440959,2.0,2.0,2.0,16.0,9
PATHSHALA,1.125,0.341565,1.0,2.0,2.0,18.0,16
PATIA HALT,1.0,0.0,1.0,1.0,1.0,16.0,16
PATIALA,2.73913,4.534889,2.0,4.8,19.04,63.0,23
PATIALA CANT,1.6,0.547723,2.0,2.0,2.0,8.0,5
PATIALI,2.0,0.426401,2.0,2.45,2.89,24.0,12
PATILADAHA,1.0,0.0,1.0,1.0,1.0,10.0,10
PATIPUKUR,1.0,0.0,1.0,1.0,1.0,25.0,25
PATIYARA,1.0,0.0,1.0,1.0,1.0,4.0,4
PATLI,1.0,0.0,1.0,1.0,1.0,18.0,18
PATLIPUTRA,32.222222,151.712031,5.0,10.0,665.6,1450.0,45
PATNA GHAT,0.0,0.0,0.0,0.0,0.0,0.0,4
PATNA JN.,18.699187,106.951901,0.0,10.0,752.25,4600.0,246
PATNA SAHEB,2.064935,0.692399,2.0,2.7,5.0,318.0,154
PATOHAN,1.75,0.5,2.0,2.0,2.0,7.0,4
PATRANGA,1.0,0.0,1.0,1.0,1.0,8.0,8
PATRASAYER P,1.0,0.0,1.0,1.0,1.0,9.0,9
PATRATU,2.916667,1.529895,2.0,5.0,5.0,70.0,24
PATTABIRAM E,105.385246,312.999335,1.0,983.5,1360.7,25714.0,244
PATTABIRAM W,1.019355,0.138215,1.0,1.0,2.0,158.0,155
PATTAMBI,1.470588,0.50664,1.0,2.0,2.0,50.0,34
PATTAN,1.0,0.0,1.0,1.0,1.0,16.0,16
PATTARAVAKKA,1.0,0.0,1.0,1.0,1.0,184.0,184
PATTI,2.25,0.707107,2.0,3.3,3.86,18.0,8
PATTI RAJPUR,1.0,0.0,1.0,1.0,1.0,9.0,9
PATTIKKAD HA,1.0,0.0,1.0,1.0,1.0,14.0,14
PATULI,1.1,0.632456,1.0,1.0,3.44,44.0,40
PATUWAS MEHR,1.125,0.353553,1.0,1.65,1.93,9.0,8
PATWARA,1.5,0.547723,1.5,2.0,2.0,9.0,6
PAUTA (HALT),1.0,0.0,1.0,1.0,1.0,6.0,6
PAUWARA  HAL,2.0,0.0,2.0,2.0,2.0,16.0,8
PAVI,1.0,0.0,1.0,1.0,1.0,8.0,8
PAVURCHATRAM,1.0,0.0,1.0,1.0,1.0,8.0,8
PAWAI BROHMA,1.0,0.0,1.0,1.0,1.0,8.0,8
PAWAPURI ROA,1.666667,0.485071,2.0,2.0,2.0,30.0,18
PAYANGADI,1.45,0.510418,1.0,2.0,2.0,29.0,20
PAYLI,1.0,0.0,1.0,1.0,1.0,8.0,8
PAYRA DANGA,1.0,0.0,1.0,1.0,1.0,115.0,115
PAYYANUR,21.039216,136.967436,2.0,2.0,491.0,1073.0,51
PAYYOLI,1.0,0.0,1.0,1.0,1.0,16.0,16
PEDAKAKANI H,1.0,0.0,1.0,1.0,1.0,21.0,21
PEDANA,1.0,0.0,1.0,1.0,1.0,22.0,22
PEDAPARIYA,1.0,0.0,1.0,1.0,1.0,8.0,8
PEDDA AVUTAP,1.1,0.316228,1.0,1.55,1.91,11.0,10
PEDDA BRAHMA,1.166667,0.408248,1.0,1.75,1.95,7.0,6
PEDDADINNE H,1.0,0.0,1.0,1.0,1.0,6.0,6
PEDDAKURA PA,1.0,0.0,1.0,1.0,1.0,8.0,8
PEDDAMPET,1.0,0.0,1.0,1.0,1.0,10.0,10
PEDDANAYAKKA,1.0,0.0,1.0,1.0,1.0,6.0,6
PEDDAPALLI,1.897436,3.618628,1.0,10.0,16.2,74.0,39
PEDDASANA,1.0,0.0,1.0,1.0,1.0,4.0,4
PEDDAVADLAPU,1.0,0.0,1.0,1.0,1.0,17.0,17
PEEPLEE - KA,1.0,0.0,1.0,1.0,1.0,6.0,6
PEHOWA ROAD,1.1,0.316228,1.0,1.55,1.91,11.0,10
PEMBARTI,1.0,0.0,1.0,1.0,1.0,10.0,10
PEN,1.0,0.0,1.0,1.0,1.0,8.0,8
PENCHARTHAL,1.166667,0.408248,1.0,1.75,1.95,7.0,6
PENDEKALLU,1.1,0.316228,1.0,1.55,1.91,11.0,10
PENDLIMARRI,0.0,0.0,0.0,0.0,0.0,0.0,2
PENDRA ROAD,15.666667,91.437988,2.0,6.75,322.55,846.0,54
PENDURTI,1.521739,0.510754,2.0,2.0,2.0,35.0,23
PENGANGA,1.0,0.0,1.0,1.0,1.0,6.0,6
PENNADA AGRA,1.0,0.0,1.0,1.0,1.0,12.0,12
PENNADAM,1.0,0.0,1.0,1.0,1.0,9.0,9
PENU KONDA,1.272727,0.455842,1.0,2.0,2.0,28.0,22
PENUMARRU HA,1.0,0.0,1.0,1.0,1.0,11.0,11
PEOKOL  HALT,1.0,0.0,1.0,1.0,1.0,10.0,10
PEPPEGANJ,1.68,0.476095,2.0,2.0,2.0,42.0,25
PERALAM JN.,1.0,0.0,1.0,1.0,1.0,12.0,12
PERAMBUR,5.51462,77.760393,1.0,2.0,12.95,1886.0,342
PERANI,1.5,0.707107,1.5,1.95,1.99,3.0,2
PERASHSHANNU,1.0,0.0,1.0,1.0,1.0,6.0,6
PERECHERLA,1.0,0.0,1.0,1.0,1.0,12.0,12
PERGAON,1.0,0.0,1.0,1.0,1.0,10.0,10
PERINAD,1.0,0.0,1.0,1.0,1.0,20.0,20
PERIYANAGATH,1.0,0.0,1.0,1.0,1.0,6.0,6
PERNEM,1.111111,0.758395,1.0,2.0,2.0,20.0,18
PERUGAMANI,1.0,0.0,1.0,1.0,1.0,10.0,10
PERUNDURAI,1.142857,0.377964,1.0,1.7,1.94,8.0,7
PERUNGUZHI,1.0,0.0,1.0,1.0,1.0,8.0,8
PETLAD JN.,1.0,0.0,1.0,1.0,1.0,16.0,16
PETRAPOLE,0.0,0.0,0.0,0.0,0.0,0.0,2
PETTAI,1.0,0.0,1.0,1.0,1.0,8.0,8
PETTAIVAYTAL,1.0,0.0,1.0,1.0,1.0,11.0,11
PEYANAPALLI,1.0,0.0,1.0,1.0,1.0,10.0,10
PHAGWARA JN.,18.146067,152.214677,2.0,2.0,176.08,1615.0,89
PHAKHOAGARM,1.0,0.0,1.0,1.0,1.0,4.0,4
PHALODI,7.444444,9.313003,5.0,30.75,34.15,134.0,18
PHANDA,1.25,0.5,1.0,1.85,1.97,5.0,4
PHAPHAMAU JN,1.083333,0.280306,1.0,2.0,2.0,39.0,36
PHAPHUND,2.366667,3.614943,2.0,5.55,15.94,71.0,30
PHARIHA,2.0,0.0,2.0,2.0,2.0,12.0,6
PHEPHNA JN.,40.095238,175.262348,2.0,2.0,644.4,842.0,21
PHESAR,1.071429,0.267261,1.0,1.35,1.87,15.0,14
PHIDING,1.0,0.0,1.0,1.0,1.0,2.0,2
PHILLAUR JN.,1.884615,0.322603,2.0,2.0,2.0,98.0,52
PHIRANGIPURA,1.0,0.0,1.0,1.0,1.0,12.0,12
PHULAD,362.25,711.859712,8.5,1217.75,1387.55,1449.0,4
PHULAGURI,1.0,0.0,1.0,1.0,1.0,4.0,4
PHULERA JN.,2.787879,5.524108,2.0,5.0,10.9,276.0,99
PHULIA,1.0,0.0,1.0,1.0,1.0,40.0,40
PHULPUR,1.611111,0.978528,1.0,2.45,4.49,29.0,18
PHULWARI SHA,1.333333,0.477567,1.0,2.0,2.0,52.0,39
PHULWARIA,3.5,3.535534,3.5,5.75,5.95,7.0,2
PHULWARTANR,0.0,0.0,0.0,0.0,0.0,0.0,4
PHURSUNGI,1.0,0.0,1.0,1.0,1.0,4.0,4
PHUSRO,1.928571,0.997249,2.0,3.05,4.61,27.0,14
PIALI,1.0,0.0,1.0,1.0,1.0,57.0,57
PIARDOBA,1.0,0.0,1.0,1.0,1.0,20.0,20
PICHCHANDAR,1.0,0.0,1.0,1.0,1.0,9.0,9
PICHKURIRDHA,1.0,0.0,1.0,1.0,1.0,19.0,19
PIDUGURALLA,1.190476,0.505487,1.0,2.0,2.0,50.0,42
PILAMEDU,1.0,0.0,1.0,1.0,1.0,10.0,10
PILERU,1.25,0.452267,1.0,2.0,2.0,15.0,12
PILI BANGAN,2.0,0.0,2.0,2.0,2.0,30.0,15
PILIBHIT JN.,0.0,0.0,0.0,0.0,0.0,0.0,36
PILIGHAT,1.7,0.483046,2.0,2.0,2.0,17.0,10
PILKHANI,1.133333,0.351866,1.0,2.0,2.0,17.0,15
PILKHUA,2.457143,1.578213,2.0,5.0,8.3,86.0,35
PILODA,1.1,0.316228,1.0,1.55,1.91,11.0,10
PILOL,1.0,0.0,1.0,1.0,1.0,8.0,8
PILU KHERA,1.166667,0.408248,1.0,1.75,1.95,7.0,6
PIMPALKHUTI,2.0,0.0,2.0,2.0,2.0,12.0,6
PIMPAR KHED,1.0,0.0,1.0,1.0,1.0,4.0,4
PIMPLA CHAUR,1.0,0.0,1.0,1.0,1.0,6.0,6
PIMPRI,1.111111,0.371974,1.0,2.0,2.47,60.0,54
PINAGORIA,1.0,,1.0,1.0,1.0,1.0,1
PINDARSI HAL,1.0,0.0,1.0,1.0,1.0,9.0,9
PINDIAL,1.125,0.353553,1.0,1.65,1.93,9.0,8
PINDKEPAR HA,1.0,0.0,1.0,1.0,1.0,8.0,8
PINDRA ROAD,1.0,0.0,1.0,1.0,1.0,12.0,12
PINDRAI,2.0,0.0,2.0,2.0,2.0,10.0,5
PINGLESHWAR,1.0,0.0,1.0,1.0,1.0,6.0,6
PINGLI,1.0,0.0,1.0,1.0,1.0,20.0,20
PINGORA,1.0,0.0,1.0,1.0,1.0,6.0,6
PIPALSANA,2.0,0.0,2.0,2.0,2.0,38.0,19
PIPALWALI CH,2.0,0.0,2.0,2.0,2.0,8.0,4
PIPAR CITY,1.0,0.0,1.0,1.0,1.0,2.0,2
PIPAR ROAD J,2.2,1.135292,2.0,4.1,4.82,22.0,10
PIPARIYA,1.975904,0.219529,2.0,2.0,2.18,164.0,83
PIPARIYAKELA,2.0,0.0,2.0,2.0,2.0,8.0,4
PIPARPUR,1.0,0.0,1.0,1.0,1.0,6.0,6
PIPARSAND,1.035714,0.188982,1.0,1.0,1.73,29.0,28
PIPLAJ,1.25,0.5,1.0,1.85,1.97,5.0,4
PIPLEE,2.0,0.0,2.0,2.0,2.0,4.0,2
PIPLI,1.166667,0.408248,1.0,1.75,1.95,7.0,6
PIPLI PAKHI,1.0,0.0,1.0,1.0,1.0,7.0,7
PIPLIA,1.153846,0.375534,1.0,2.0,2.0,15.0,13
PIPLIYA ROAD,1.0,0.0,1.0,1.0,1.0,2.0,2
PIPLOD ROAD,1.333333,0.57735,1.0,1.9,1.98,4.0,3
PIPLODA BAGL,1.0,0.0,1.0,1.0,1.0,12.0,12
PIPOLOD,1.0,0.0,1.0,1.0,1.0,14.0,14
PIPRA,2.0,0.0,2.0,2.0,2.0,36.0,18
PIPRADIH,1.0,0.0,1.0,1.0,1.0,14.0,14
PIPRAHAN,2.0,0.0,2.0,2.0,2.0,26.0,13
PIPRAICH,2.153846,0.880559,2.0,3.0,5.25,56.0,26
PIPRAIGAON,1.928571,0.267261,2.0,2.0,2.0,27.0,14
PIPRALA,2.0,0.0,2.0,2.0,2.0,8.0,4
PIPRIDIH,1.6,0.507093,2.0,2.0,2.0,24.0,15
PIPRITHAN,1.166667,0.408248,1.0,1.75,1.95,7.0,6
PIR UMROD,1.0,0.0,1.0,1.0,1.0,5.0,5
PIRAVAM ROAD,1.0,0.0,1.0,1.0,1.0,28.0,28
PIRJHALAR,1.0,0.0,1.0,1.0,1.0,8.0,8
PIRO,1.916667,0.288675,2.0,2.0,2.0,23.0,12
PIRPAINTI,1.0,0.0,1.0,1.0,1.0,32.0,32
PIRTALA,1.0,0.0,1.0,1.0,1.0,20.0,20
PIRTHALA LAL,1.111111,0.333333,1.0,1.6,1.92,10.0,9
PIRTHIGANJ,1.0,0.0,1.0,1.0,1.0,4.0,4
PIRUMADARA (,1.0,0.0,1.0,1.0,1.0,6.0,6
PIRWA,1.0,0.0,1.0,1.0,1.0,6.0,6
PISKA FS,1.0,0.0,1.0,1.0,1.0,8.0,8
PITAMBARPUR,2.0,0.0,2.0,2.0,2.0,42.0,21
PITHAPURAM,1.041667,0.204124,1.0,1.0,1.77,25.0,24
PIYALA BLOCK,1.0,0.0,1.0,1.0,1.0,2.0,2
PJP ROAD HAL,1.0,0.0,1.0,1.0,1.0,4.0,4
PLASSEY,1.032258,0.179605,1.0,1.0,1.7,32.0,31
POCHARAM HAL,1.0,0.0,1.0,1.0,1.0,12.0,12
PODANUR JN.,1.368421,0.488852,1.0,2.0,2.0,52.0,38
POKARAN,25.333333,4.226898,25.0,31.0,32.6,152.0,6
POKHARNI NAR,1.0,0.0,1.0,1.0,1.0,12.0,12
POKHRAYAN,2.0,0.282843,2.0,2.0,2.75,52.0,26
POKLA,1.0,0.0,1.0,1.0,1.0,10.0,10
POLAPATTHAR,1.0,0.0,1.0,1.0,1.0,2.0,2
POLIREDDIPAL,1.125,0.353553,1.0,1.65,1.93,9.0,8
POLLACHI,152.5,346.852733,5.0,894.0,902.8,1830.0,12
POLUR,1.083333,0.288675,1.0,1.45,1.89,13.0,12
PONDICHERRY,31.09375,175.892812,0.0,0.0,686.55,995.0,32
PONDUGULA,1.0,0.0,1.0,1.0,1.0,4.0,4
PONDURU,1.571429,0.513553,2.0,2.0,2.0,22.0,14
PONMALAI (GO,1.027778,0.166667,1.0,1.0,1.65,37.0,36
PONNERI,19.441176,112.478343,1.0,2.9,479.9,1983.0,102
PONPADI,1.25,0.46291,1.0,2.0,2.0,10.0,8
POODOOR,1.0,0.0,1.0,1.0,1.0,6.0,6
POPHLAJ,1.5,0.57735,1.5,2.0,2.0,6.0,4
PORA,1.0,0.0,1.0,1.0,1.0,6.0,6
PORA BAZAR,1.0,0.0,1.0,1.0,1.0,56.0,56
PORADANGA,1.0,0.0,1.0,1.0,1.0,13.0,13
PORBANDAR,32.222222,167.431578,0.0,0.0,643.8,870.0,27
PORJANPUR,1.0,0.0,1.0,1.0,1.0,2.0,2
POSOITA,1.0,0.0,1.0,1.0,1.0,6.0,6
POTHAHI,1.083333,0.28233,1.0,1.85,2.0,26.0,24
POTHIA,1.0,0.0,1.0,1.0,1.0,8.0,8
POTKAPALLI,1.083333,0.288675,1.0,1.45,1.89,13.0,12
POTLAPADU,1.0,0.0,1.0,1.0,1.0,10.0,10
POTUL,1.0,0.0,1.0,1.0,1.0,15.0,15
POWAR KHEDA,1.5,0.57735,1.5,2.0,2.0,6.0,4
POWERPET,1.142857,0.363137,1.0,2.0,2.0,16.0,14
PRACHI ROAD,2.0,1.67332,1.0,4.5,4.9,12.0,6
PRADHAN KHUN,1.26087,0.448978,1.0,2.0,2.0,29.0,23
PRAGATI MAID,1.0,0.0,1.0,1.0,1.0,5.0,5
PRANPUR ROAD,1.875,0.353553,2.0,2.0,2.0,15.0,8
PRANTIK,1.052632,0.226294,1.0,1.15,2.0,40.0,38
PRASADPUR (H,1.0,0.0,1.0,1.0,1.0,8.0,8
PRASANNAYANA,1.75,1.38873,1.0,3.95,4.79,14.0,8
PRATABPUR HA,1.0,0.0,1.0,1.0,1.0,5.0,5
PRATAP BAGH,1.083333,0.288675,1.0,1.45,1.89,13.0,12
PRATAP NAGAR,3.875,2.416461,5.0,5.65,5.93,31.0,8
PRAYAG JN.,26.380952,161.809426,0.5,5.0,621.55,1108.0,42
PREMPUR,1.0,0.0,1.0,1.0,1.0,5.0,5
PRINCEP GHAT,2.517241,2.995481,1.0,8.2,11.16,73.0,29
PRITAMNAGAR,1.0,0.0,1.0,1.0,1.0,8.0,8
PRITHWIRAJPU,1.166667,0.408248,1.0,1.75,1.95,7.0,6
PT RAM PRASA,1.0,0.0,1.0,1.0,1.0,5.0,5
PUDI,1.25,0.46291,1.0,2.0,2.0,10.0,8
PUDUCHATIRAM,1.0,0.0,1.0,1.0,1.0,6.0,6
PUDUCHATTI,1.0,,1.0,1.0,1.0,1.0,1
PUDUKAD,1.0,0.0,1.0,1.0,1.0,20.0,20
PUDUKKOTTAI,1.125,0.337832,1.0,2.0,2.0,27.0,24
PUDUNAGARAM,3.5,5.0,1.0,9.5,10.7,14.0,4
PUGALUR,1.0,0.0,1.0,1.0,1.0,19.0,19
PUKKIRAVARI,1.0,0.0,1.0,1.0,1.0,6.0,6
PULGAON JN.,1.789474,0.576939,2.0,3.0,3.0,68.0,38
PULICHERLA,1.0,0.0,1.0,1.0,1.0,4.0,4
PULIYAMANGAL,1.0,0.0,1.0,1.0,1.0,47.0,47
PULLA,1.083333,0.288675,1.0,1.45,1.89,13.0,12
PULLAMBADI,1.0,0.0,1.0,1.0,1.0,6.0,6
PULLAMPET,1.333333,0.516398,1.0,2.0,2.0,8.0,6
PUNAICHAK HA,1.0,0.0,1.0,1.0,1.0,4.0,4
PUNALUR,0.75,1.341641,0.0,2.75,4.55,12.0,16
PUNARAKH,1.59375,0.498991,2.0,2.0,2.0,51.0,32
PUNCH PIPLIA,1.1,0.316228,1.0,1.55,1.91,11.0,10
PUNDAG,1.444444,0.51131,1.0,2.0,2.0,26.0,18
PUNDI,1.666667,0.492366,2.0,2.0,2.0,20.0,12
PUNDIBARI,1.0,0.0,1.0,1.0,1.0,4.0,4
PUNDOOAH,0.945205,0.229154,1.0,1.0,1.0,69.0,73
PUNE JN.,21.223022,135.407317,0.0,15.0,767.1,5900.0,278
PUNGGUDI,1.0,0.0,1.0,1.0,1.0,4.0,4
PUNIYAVANT,1.0,0.0,1.0,1.0,1.0,8.0,8
PUNKUNNAM,1.0,0.0,1.0,1.0,1.0,26.0,26
PUNNAPRA,1.0,0.0,1.0,1.0,1.0,12.0,12
PUNPUN,1.185185,0.395847,1.0,2.0,2.0,32.0,27
PUNPUN GHAT,1.0,0.0,1.0,1.0,1.0,16.0,16
PUNSIA H,1.0,0.0,1.0,1.0,1.0,12.0,12
PUNTAMBA,4.821429,6.271946,2.0,15.0,22.3,135.0,28
PUNTHOTTAM,1.0,0.0,1.0,1.0,1.0,6.0,6
PURAINI,1.5,0.547723,1.5,2.0,2.0,9.0,6
PURANDARPUR,1.0,0.0,1.0,1.0,1.0,10.0,10
PURANIGUDAM,1.0,0.0,1.0,1.0,1.0,2.0,2
PURANPUR,5.0,0.0,5.0,5.0,5.0,50.0,10
PURBA STHALI,1.0,0.0,1.0,1.0,1.0,42.0,42
PURI,13.928571,137.885822,0.0,0.0,40.95,1365.0,98
PURNA  JN.,6.54,7.81661,5.0,20.0,30.2,654.0,100
PURNEA COURT,1.5,0.92582,2.0,2.0,2.0,12.0,8
PURNEA JN.,2.551724,2.529627,2.0,8.0,10.0,74.0,29
PURULIA JN.,5.74359,9.364808,2.0,21.5,39.6,448.0,78
PURWA KHERA,1.0,0.0,1.0,1.0,1.0,7.0,7
PUSAULI,1.0,0.0,1.0,1.0,1.0,10.0,10
PUSHKAR TERM,0.0,0.0,0.0,0.0,0.0,0.0,2
PUSHPATTUR,1.0,0.0,1.0,1.0,1.0,4.0,4
PUSLA,2.0,0.0,2.0,2.0,2.0,12.0,6
PUTALAPATTU,1.0,0.0,1.0,1.0,1.0,10.0,10
PUTLACHERUVU,1.0,0.0,1.0,1.0,1.0,14.0,14
PUTTARRA,1.2,0.447214,1.0,1.8,1.96,6.0,5
PUTTLUR,1.0,0.0,1.0,1.0,1.0,117.0,117
PUTUR,2.423077,2.579505,2.0,2.0,11.75,63.0,26
PUVANUR,1.0,0.0,1.0,1.0,1.0,2.0,2
Proddatur,1.0,0.0,1.0,1.0,1.0,6.0,6
QADIAN,0.0,0.0,0.0,0.0,0.0,0.0,2
QASIMPUR KHE,1.272727,0.455842,1.0,2.0,2.0,28.0,22
QUAZIGUND,1.090909,0.294245,1.0,1.95,2.0,24.0,22
QUILANDI,1.5,0.50637,1.5,2.0,2.0,60.0,40
QUILON,8.502793,64.905582,5.0,5.5,25.5,1522.0,179
QUTABPUR,1.0,0.0,1.0,1.0,1.0,9.0,9
R BLOCK HALT,0.5,0.57735,0.5,1.0,1.0,2.0,4
RABHRA HAALT,1.0,0.0,1.0,1.0,1.0,4.0,4
RACHAGUNNERI,1.0,0.0,1.0,1.0,1.0,6.0,6
RADHA BALAMP,1.0,0.0,1.0,1.0,1.0,6.0,6
RADHA KISHOR,1.0,0.0,1.0,1.0,1.0,4.0,4
RADHAGAON,1.0,0.0,1.0,1.0,1.0,10.0,10
RADHAMOHANPU,1.0,0.0,1.0,1.0,1.0,57.0,57
RADHANPUR,2.0,0.0,2.0,2.0,2.0,20.0,10
RADHIKAPUR,0.0,0.0,0.0,0.0,0.0,0.0,12
RADHOGARH,2.0,0.0,2.0,2.0,2.0,4.0,2
RAE BARELI J,3.851852,2.530371,5.0,8.0,10.0,312.0,81
RAFALESHWAR,1.0,0.0,1.0,1.0,1.0,13.0,13
RAFIGANJ,1.230769,0.429669,1.0,2.0,2.0,32.0,26
RAFINAGAR F,1.0,0.0,1.0,1.0,1.0,4.0,4
RAGAUL,2.125,0.353553,2.0,2.65,2.93,17.0,8
RAGHAVAPURAM,1.1,0.316228,1.0,1.55,1.91,11.0,10
RAGHOULI,1.5,0.57735,1.5,2.0,2.0,6.0,4
RAGHUNATHBAR,1.0,0.0,1.0,1.0,1.0,13.0,13
RAGHUNATHGAR,1.125,0.353553,1.0,1.65,1.93,9.0,8
RAGHUNATHPAL,1.0,0.0,1.0,1.0,1.0,10.0,10
RAGHUNATHPUR,1.368421,0.589138,1.0,2.0,2.0,52.0,38
RAGHURAJ SIN,1.0,0.784465,1.0,2.0,2.0,14.0,14
RAHA,1.0,0.0,1.0,1.0,1.0,6.0,6
RAHAMA,1.25,0.452267,1.0,2.0,2.0,15.0,12
RAHATWAS,1.7,0.483046,2.0,2.0,2.0,17.0,10
RAHEN BATA,1.75,0.46291,2.0,2.0,2.0,14.0,8
RAHIMABAD,1.416667,0.668558,1.5,2.0,2.0,17.0,12
RAHIMATPUR,1.125,0.353553,1.0,1.65,1.93,9.0,8
RAHMAT NAGAR,1.0,0.0,1.0,1.0,1.0,6.0,6
RAHURI,1.625,0.517549,2.0,2.0,2.0,13.0,8
RAI MAIHATPU,1.375,0.517549,1.0,2.0,2.0,11.0,8
RAI SINGH NA,1.888889,0.333333,2.0,2.0,2.0,17.0,9
RAIBHA,1.0,0.0,1.0,1.0,1.0,12.0,12
RAIBOJHA,2.0,0.0,2.0,2.0,2.0,24.0,12
RAICHUR,1.842105,0.800877,2.0,2.0,5.0,140.0,76
RAIGANJ,3.833333,3.099365,2.0,10.0,10.0,46.0,12
RAIGARH,3.724138,4.16246,2.0,5.75,18.6,216.0,58
RAIGIR  HALT,1.0,0.0,1.0,1.0,1.0,10.0,10
RAIKA BAGH P,2.310345,2.106172,2.0,3.0,10.2,67.0,29
RAIL COACH F,1.125,0.341565,1.0,2.0,2.0,18.0,16
RAILA ROAD,1.0,0.0,1.0,1.0,1.0,2.0,2
RAINAGAR PH,1.0,0.0,1.0,1.0,1.0,9.0,9
RAIPUR HARYA,1.181818,0.40452,1.0,2.0,2.0,13.0,11
RAIPUR JN.,18.57377,61.377089,10.0,25.0,405.3,3399.0,183
RAIPUR R-V B,1.666667,0.516398,2.0,2.0,2.0,10.0,6
RAIRAKHOL,2.0,0.0,2.0,2.0,2.0,56.0,28
RAIRANGPUR,1.0,0.0,1.0,1.0,1.0,2.0,2
RAISI,1.7,0.483046,2.0,2.0,2.0,17.0,10
RAIWALA JN.,2.0,0.0,2.0,2.0,2.0,48.0,24
RAJ-PARDI,1.5,0.707107,1.5,1.95,1.99,3.0,2
RAJA BHAT KH,1.0,0.0,1.0,1.0,1.0,8.0,8
RAJA TALAB,1.666667,0.5,2.0,2.0,2.0,15.0,9
RAJA-KA-SAHA,4.291667,3.939534,2.0,14.25,15.0,103.0,24
RAJA-KI-MAND,1.836066,0.373288,2.0,2.0,2.0,112.0,61
RAJABERA,1.0,0.0,1.0,1.0,1.0,4.0,4
RAJAGAMBIRAM,1.0,0.0,1.0,1.0,1.0,6.0,6
RAJAGODA,1.0,0.0,1.0,1.0,1.0,13.0,13
RAJAHMUNDRY,2.290909,1.859668,2.0,5.0,5.0,504.0,220
RAJALDESAR,1.75,0.447214,2.0,2.0,2.0,28.0,16
RAJALUKAH,1.0,0.0,1.0,1.0,1.0,4.0,4
RAJAN KUNTI,1.0,0.0,1.0,1.0,1.0,4.0,4
RAJAPALAYAM,1.0,0.0,1.0,1.0,1.0,10.0,10
RAJAPATTI,1.5,0.57735,1.5,2.0,2.0,6.0,4
RAJAPUR HALT,1.0,0.0,1.0,1.0,1.0,7.0,7
RAJAPUR ROAD,1.272727,0.467099,1.0,2.0,2.0,14.0,11
RAJATHGARH J,1.0,0.0,1.0,1.0,1.0,6.0,6
RAJAWARI,1.48,0.509902,1.0,2.0,2.0,37.0,25
RAJBANDH,1.041667,0.204124,1.0,1.0,1.77,25.0,24
RAJCHANDRAPU,1.0,0.0,1.0,1.0,1.0,46.0,46
RAJENDRA PUL,1.666667,0.492366,2.0,2.0,2.0,20.0,12
RAJENDRANAGA,19.706897,127.114465,2.0,2.0,555.25,2286.0,116
RAJEWADI,1.0,0.0,1.0,1.0,1.0,4.0,4
RAJGANGPUR,1.026316,0.162221,1.0,1.0,1.63,39.0,38
RAJGARH,1.5,0.510754,1.5,2.0,2.0,36.0,24
RAJGHAT NARO,1.9,0.316228,2.0,2.0,2.0,19.0,10
RAJGHAT PH,1.0,0.0,1.0,1.0,1.0,14.0,14
RAJGIR,1.944444,3.887722,0.0,10.0,10.0,35.0,18
RAJGRAM,1.12,0.331662,1.0,2.0,2.0,28.0,25
RAJHAURA,1.0,0.0,1.0,1.0,1.0,12.0,12
RAJIM,0.0,0.0,0.0,0.0,0.0,0.0,6
RAJIV NAGAR,1.0,0.0,1.0,1.0,1.0,4.0,4
RAJIYASAR,1.666667,0.516398,2.0,2.0,2.0,10.0,6
RAJKHARSAWAN,1.15625,0.368902,1.0,2.0,2.0,37.0,32
RAJKIAWAS,1.666667,0.57735,2.0,2.0,2.0,5.0,3
RAJKOT,19.666667,114.744354,5.0,32.5,151.25,1888.0,96
RAJLU GARHI,1.0,0.0,1.0,1.0,1.0,19.0,19
RAJMAHAL,0.0,0.0,0.0,0.0,0.0,0.0,16
RAJMALPUR RO,1.166667,0.408248,1.0,1.75,1.95,7.0,6
RAJMANE,1.0,0.0,1.0,1.0,1.0,6.0,6
RAJNAGAR,2.0,0.0,2.0,2.0,2.0,40.0,20
RAJNAGAR K H,1.75,0.5,2.0,2.0,2.0,7.0,4
RAJNANDGAON,2.380282,1.005218,2.0,5.0,5.0,169.0,71
RAJOLI,1.875,0.353553,2.0,2.0,2.0,15.0,8
RAJOSI,1.0,0.0,1.0,1.0,1.0,2.0,2
RAJPIPLA,0.0,0.0,0.0,0.0,0.0,0.0,2
RAJPURA JN.,3.036145,5.692198,2.0,6.0,30.16,252.0,83
RAJSUNAKHALA,1.0,0.0,1.0,1.0,1.0,4.0,4
RAJULA CITY,0.0,0.0,0.0,0.0,0.0,0.0,2
RAJULA ROAD,5.181818,6.32168,2.0,15.0,15.0,57.0,11
RAKHA MINES,1.375,0.494535,1.0,2.0,2.0,33.0,24
RAKHI,1.5,0.57735,1.5,2.0,2.0,6.0,4
RAKHITPUR,1.571429,0.534522,2.0,2.0,2.0,11.0,7
RAM CHAURA R,1.0,0.0,1.0,1.0,1.0,10.0,10
RAM DAYALU N,1.0,0.0,1.0,1.0,1.0,8.0,8
RAMA CHANDRA,1.0,0.0,1.0,1.0,1.0,8.0,8
RAMACHANDRAP,1.0,0.0,1.0,1.0,1.0,2.0,2
RAMAGIRI,1.0,0.0,1.0,1.0,1.0,10.0,10
RAMAIPUR (HA,2.0,0.0,2.0,2.0,2.0,16.0,8
RAMAKISTA PU,1.0,0.0,1.0,1.0,1.0,34.0,34
RAMAN,2.0,0.0,2.0,2.0,2.0,20.0,10
RAMANAGARAM,0.974359,0.5374,1.0,2.0,2.0,38.0,39
RAMANATHAPUR,2.625,6.063522,1.0,2.0,24.33,63.0,24
RAMANNAPET,1.0,0.0,1.0,1.0,1.0,12.0,12
RAMANUJAMPAL,1.0,0.0,1.0,1.0,1.0,2.0,2
RAMAPURAM,1.0,0.0,1.0,1.0,1.0,10.0,10
RAMARAJUPALL,1.0,0.0,1.0,1.0,1.0,4.0,4
RAMAVARAPPAD,1.0,0.0,1.0,1.0,1.0,18.0,18
RAMBHA,1.153846,0.375534,1.0,2.0,2.0,15.0,13
RAMBHADDARPU,2.0,0.0,2.0,2.0,2.0,44.0,22
RAMCHAURA HA,1.15,0.366348,1.0,2.0,2.0,23.0,20
RAMDAS,1.0,0.0,1.0,1.0,1.0,8.0,8
RAMDEVRA,2.8125,0.403113,3.0,3.0,3.0,45.0,16
RAMESHWAR NA,1.0,0.0,1.0,1.0,1.0,7.0,7
RAMESWARAM,98.653846,349.604227,0.0,888.75,1331.25,2565.0,26
RAMGANGA,1.944444,0.235702,2.0,2.0,2.0,35.0,18
RAMGANJ,1.0,0.0,1.0,1.0,1.0,4.0,4
RAMGANJ MAND,2.070175,0.883573,2.0,5.0,5.0,118.0,57
RAMGARH,1.0,0.0,1.0,1.0,1.0,6.0,6
RAMGARH CANT,4.125,1.310216,5.0,5.0,5.0,66.0,16
RAMGARH SHEK,1.0,0.0,1.0,1.0,1.0,2.0,2
RAMGARHWA F,2.0625,0.25,2.0,2.25,2.85,33.0,16
RAMGHAT  HAL,2.0,,2.0,2.0,2.0,2.0,1
RAMGOVINDSIN,1.0,0.0,1.0,1.0,1.0,14.0,14
RAMGUNDAM,1.243902,0.578653,1.0,2.0,2.57,102.0,82
RAMKANALI JN,1.0,0.0,1.0,1.0,1.0,19.0,19
RAMKOLA,1.7,0.483046,2.0,2.0,2.0,17.0,10
RAMKOT,1.75,0.5,2.0,2.0,2.0,7.0,4
RAMNA,1.375,0.517549,1.0,2.0,2.0,11.0,8
RAMNAGAR,14.565217,69.852329,0.0,0.0,261.3,335.0,23
RAMNAGAR (BE,1.333333,0.5,1.0,2.0,2.0,12.0,9
RAMNAGAR(J-K,2.0,0.0,2.0,2.0,2.0,20.0,10
RAMNATHPUR,1.545455,0.522233,2.0,2.0,2.0,17.0,11
RAMPAHARI,2.0,0.0,2.0,2.0,2.0,8.0,4
RAMPARDA,1.333333,0.516398,1.0,2.0,2.0,8.0,6
RAMPUR,4.52459,4.101246,5.0,7.0,23.2,276.0,61
RAMPUR  HALT,1.0,0.0,1.0,1.0,1.0,14.0,14
RAMPUR BAZAR,1.0,0.0,1.0,1.0,1.0,2.0,2
RAMPUR DUMRA,1.227273,0.428932,1.0,2.0,2.0,27.0,22
RAMPUR HAT,8.290076,60.123781,2.0,10.0,18.5,1086.0,131
RAMPUR MANIH,1.133333,0.351866,1.0,2.0,2.0,17.0,15
RAMPURA,1.5,0.707107,1.5,1.95,1.99,3.0,2
RAMPURA BERI,1.583333,0.514929,2.0,2.0,2.0,19.0,12
RAMPURA PHUL,1.727273,0.455842,2.0,2.0,2.0,38.0,22
RAMRAJATALA,1.0,0.0,1.0,1.0,1.0,98.0,98
RAMSAGAR,1.0,0.0,1.0,1.0,1.0,21.0,21
RAMSAN,1.25,0.5,1.0,1.85,1.97,5.0,4
RAMSAR,2.0,0.0,2.0,2.0,2.0,4.0,2
RAMSINGHPUR,2.0,0.0,2.0,2.0,2.0,16.0,8
RAMTEK,0.0,0.0,0.0,0.0,0.0,0.0,6
RAMVA,1.0,0.0,1.0,1.0,1.0,2.0,2
RANA BORDI,1.0,0.0,1.0,1.0,1.0,8.0,8
RANA PRATAP,1.967742,0.179605,2.0,2.0,2.0,61.0,31
RANAGHAT JN.,3.425121,39.371925,1.0,2.0,5.76,709.0,207
RANALA,3.5,3.0,2.0,7.1,7.82,14.0,4
RANAVAV,1.0,0.0,1.0,1.0,1.0,15.0,15
RANAYALA,1.0,0.0,1.0,1.0,1.0,4.0,4
RANCHI,40.0,198.413768,0.0,15.0,1059.5,3480.0,87
RANCHI ROAD,2.0,0.0,2.0,2.0,2.0,16.0,8
RANGALITING,1.0,0.0,1.0,1.0,1.0,4.0,4
RANGAPAHAR,2.0,0.0,2.0,2.0,2.0,4.0,2
RANGAPANI,1.0,0.0,1.0,1.0,1.0,2.0,2
RANGAPARA NO,10.678571,8.476781,10.0,25.0,25.0,299.0,28
RANGAPHAR CR,2.0,0.0,2.0,2.0,2.0,4.0,2
RANGAPURAM,1.0,0.0,1.0,1.0,1.0,12.0,12
RANGAREDDIGU,1.0,0.0,1.0,1.0,1.0,8.0,8
RANGIYA JN.,52.085106,251.619428,5.0,25.0,1430.0,4896.0,94
RANGJULI,1.0,0.0,1.0,1.0,1.0,6.0,6
RANGMAHAL,1.666667,0.516398,2.0,2.0,2.0,10.0,6
RANGTONG,1.0,0.0,1.0,1.0,1.0,2.0,2
RANI,1.925926,0.26688,2.0,2.0,2.0,52.0,27
RANI GANJ,1.493333,1.005032,1.0,3.3,5.52,112.0,75
RANIBENNUR,1.729167,0.449093,2.0,2.0,2.0,83.0,48
RANIGAON,1.0,0.0,1.0,1.0,1.0,2.0,2
RANINAGAR JA,4.3125,8.308379,2.0,22.5,28.5,69.0,16
RANIPATRA,1.066667,0.258199,1.0,1.3,1.86,16.0,15
RANIPUR ROAD,1.75,0.5,2.0,2.0,2.0,7.0,4
RANITAL,1.083333,0.288675,1.0,1.45,1.89,13.0,12
RANIWARA,2.916667,0.288675,3.0,3.0,3.0,35.0,12
RANJAN GAON,1.666667,0.516398,2.0,2.0,2.0,10.0,6
RANJANI,1.0,0.0,1.0,1.0,1.0,10.0,10
RANOLI,1.043478,0.208514,1.0,1.0,1.78,24.0,23
RANPUR,1.0,0.0,1.0,1.0,1.0,14.0,14
RANPURA,1.0,0.0,1.0,1.0,1.0,4.0,4
RANTEJ,1.0,0.0,1.0,1.0,1.0,4.0,4
RANTHAMBHOR,1.25,0.46291,1.0,2.0,2.0,10.0,8
RANUJ,172.555556,368.090657,2.0,826.75,1197.35,3106.0,18
RAOTI,1.1,0.316228,1.0,1.55,1.91,11.0,10
RAPARLA HALT,1.0,0.0,1.0,1.0,1.0,14.0,14
RASAULI,1.0,0.0,1.0,1.0,1.0,6.0,6
RASAYANI,1.0,0.0,1.0,1.0,1.0,5.0,5
RASHIDPURA-K,1.0,0.0,1.0,1.0,1.0,4.0,4
RASIPURAM,1.3,0.483046,1.0,2.0,2.0,13.0,10
RASMARA,1.066667,0.258199,1.0,1.3,1.86,16.0,15
RASRA,2.0,0.0,2.0,2.0,2.0,40.0,20
RASUIYA,1.444444,0.527046,1.0,2.0,2.0,13.0,9
RASULABAD,1.0,0.0,1.0,1.0,1.0,2.0,2
RASULPUR,1.0,0.0,1.0,1.0,1.0,52.0,52
RASULPUR GOG,2.0,0.0,2.0,2.0,2.0,8.0,4
RATABARI,1.0,0.0,1.0,1.0,1.0,4.0,4
RATAN SAHAR,1.333333,0.516398,1.0,2.0,2.0,8.0,6
RATAN SARAI,2.0,0.0,2.0,2.0,2.0,8.0,4
RATANAGARH J,6.227273,6.778432,5.0,20.0,25.0,274.0,44
RATANGAON,1.75,0.5,2.0,2.0,2.0,7.0,4
RATANGARH KA,1.75,0.46291,2.0,2.0,2.0,14.0,8
RATANPUR,1.0,0.0,1.0,1.0,1.0,21.0,21
RATANPURA,1.9,0.316228,2.0,2.0,2.0,19.0,10
RATAR CHHATT,1.0,0.0,1.0,1.0,1.0,8.0,8
RATHDHANA,1.043478,0.208514,1.0,1.0,1.78,24.0,23
RATI-KA-NAGL,1.625,0.517549,2.0,2.0,2.0,13.0,8
RATIKHEDA,1.8,0.421637,2.0,2.0,2.0,18.0,10
RATLAM JN,9.508671,7.396274,10.0,25.0,26.4,1645.0,173
RATNAGIRI,8.453608,33.058982,5.0,5.0,37.2,820.0,97
RATNAL,2.0,0.0,2.0,2.0,2.0,4.0,2
RATONA,1.833333,0.408248,2.0,2.0,2.0,11.0,6
RAU,1.863636,0.35125,2.0,2.0,2.0,41.0,22
RAUTARA,1.0,0.0,1.0,1.0,1.0,15.0,15
RAUZAGAON,1.0,0.0,1.0,1.0,1.0,6.0,6
RAVALPALLI K,1.0,0.0,1.0,1.0,1.0,16.0,16
RAVANASAMUDR,1.0,0.0,1.0,1.0,1.0,8.0,8
RAVER,1.625,0.5,2.0,2.0,2.0,26.0,16
RAVIKAMPADU,0.888889,0.600925,1.0,1.6,1.92,8.0,9
RAVINDRAKHAN,1.0,0.0,1.0,1.0,1.0,14.0,14
RAVLI,2.0,0.0,2.0,2.0,2.0,12.0,6
RAVLI JN,841.296875,356.025207,847.5,1364.35,1419.36,161529.0,192
RAVTHA ROAD,1.416667,0.514929,1.0,2.0,2.0,17.0,12
RAWANJNA,1.166667,0.408248,1.0,1.75,1.95,7.0,6
RAWATGANJ F,1.05,0.223607,1.0,1.05,1.81,21.0,20
RAWATPUR,1.466667,0.516398,1.0,2.0,2.0,22.0,15
RAXAUL JN.,63.75,252.337152,0.0,509.75,1103.25,2550.0,40
RAY,1.75,0.447214,2.0,2.0,2.0,28.0,16
RAYA,2.0,0.0,2.0,2.0,2.0,16.0,8
RAYA DRUG,2.0,2.366432,1.0,5.0,5.0,12.0,6
RAYAGADA JN.,87.155172,315.287549,15.0,252.0,1425.0,5055.0,58
RAYAKA,1.0,0.0,1.0,1.0,1.0,6.0,6
RAYAKOTTAI,1.0,0.0,1.0,1.0,1.0,6.0,6
RAYALCHERUVU,1.166667,0.408248,1.0,1.75,1.95,7.0,6
RAYANAPADU,1.0,0.0,1.0,1.0,1.0,10.0,10
RAYARU,1.833333,0.408248,2.0,2.0,2.0,11.0,6
RAYATPURA,2.0,0.0,2.0,2.0,2.0,12.0,6
RAYBAG,1.2,0.410391,1.0,2.0,2.0,24.0,20
RAYSER JAGIR,2.0,0.0,2.0,2.0,2.0,8.0,4
RAZAMPETA,1.619048,0.491507,2.0,2.0,2.0,68.0,42
RECHNI ROAD,1.0,0.0,1.0,1.0,1.0,12.0,12
REDDI GUDEM,1.0,0.0,1.0,1.0,1.0,6.0,6
REDDIPALLI,1.0,0.0,1.0,1.0,1.0,4.0,4
REGADIPALLI,1.0,0.0,1.0,1.0,1.0,2.0,2
REGUPALEM,1.125,0.353553,1.0,1.65,1.93,9.0,8
REJINAGAR,1.037037,0.19245,1.0,1.0,1.74,28.0,27
RELANGI,1.0,0.0,1.0,1.0,1.0,12.0,12
REMA,2.0,0.0,2.0,2.0,2.0,8.0,4
REMOUNT ROAD,1.0,0.0,1.0,1.0,1.0,27.0,27
REN,1.714286,0.468807,2.0,2.0,2.0,24.0,14
RENGALI,2.041667,0.690253,2.0,2.0,4.31,49.0,24
RENIGUNTA JN,7.456853,7.047537,5.0,20.0,25.2,1469.0,197
RENTACHIN TA,1.0,0.0,1.0,1.0,1.0,6.0,6
RENTIYA,1.0,0.0,1.0,1.0,1.0,8.0,8
RENUKUT,4.5,1.150447,5.0,5.0,5.0,81.0,18
RENWAL,1.0,0.0,1.0,1.0,1.0,8.0,8
REOTI,1.7,0.674949,2.0,2.55,2.91,17.0,10
REOTI BAHORA,1.0,0.0,1.0,1.0,1.0,12.0,12
REPALLE,122.857143,366.698966,0.0,713.0,1222.6,1720.0,14
RETANG,1.0,0.0,1.0,1.0,1.0,18.0,18
RETHORAKALAN,2.0,0.0,2.0,2.0,2.0,12.0,6
REVELGANJ GH,1.166667,0.408248,1.0,1.75,1.95,7.0,6
REWA,0.0,0.0,0.0,0.0,0.0,0.0,20
REWARI JN.,59.782946,275.150952,2.0,50.0,1433.0,7712.0,129
REWRAL,1.25,0.452267,1.0,2.0,2.0,15.0,12
RIBADA,1.0,0.0,1.0,1.0,1.0,6.0,6
RICHHA ROAD,1.0,0.0,1.0,1.0,1.0,8.0,8
RICHUGHUTA,1.0,0.0,1.0,1.0,1.0,8.0,8
RIGA,2.0,0.0,2.0,2.0,2.0,16.0,8
RINGUS JN.,2.538462,0.660225,3.0,3.0,3.0,33.0,13
RISAMA,2.0,0.0,2.0,2.0,2.0,16.0,8
RISHIKESH,158.333333,305.676101,0.0,765.75,825.15,1900.0,12
RISHIKUND,1.0,0.0,1.0,1.0,1.0,8.0,8
RISHRA,1.0,0.0,1.0,1.0,1.0,233.0,233
RISIA,2.0,0.0,2.0,2.0,2.0,36.0,18
RITHI,2.0,0.0,2.0,2.0,2.0,14.0,7
ROBERTSGANJ,2.642857,1.277446,2.0,5.0,5.0,37.0,14
ROBERTSON,1.5,0.522233,1.5,2.0,2.0,18.0,12
ROHA,4.151515,1.938447,5.0,5.8,7.0,137.0,33
ROHAD NAGAR,1.0,0.0,1.0,1.0,1.0,26.0,26
ROHALKHURD,1.25,0.5,1.0,1.85,1.97,5.0,4
ROHANA KALAN,1.133333,0.351866,1.0,2.0,2.0,17.0,15
ROHAT,1.333333,0.57735,1.0,1.9,1.98,4.0,3
ROHIRA GHALL,1.333333,0.5,1.0,2.0,2.0,12.0,9
ROHTAK JN.,3.343137,5.224647,2.0,11.65,29.91,341.0,102
ROMANA ALBEL,1.285714,0.468807,1.0,2.0,2.0,18.0,14
ROMPALLE PH,1.0,0.0,1.0,1.0,1.0,10.0,10
ROOMA,1.0,0.0,1.0,1.0,1.0,5.0,5
ROOP NAGAR,2.954545,4.017548,2.0,5.0,16.85,65.0,22
ROORKEE,2.494118,1.086974,2.0,5.0,5.0,212.0,85
RORA,1.75,0.5,2.0,2.0,2.0,7.0,4
RORANWALA,1.0,0.0,1.0,1.0,1.0,10.0,10
ROSHAN MAU H,1.0,0.0,1.0,1.0,1.0,6.0,6
ROSHANPUR,1.875,0.341565,2.0,2.0,2.0,30.0,16
ROTEGAON,1.0,0.0,1.0,1.0,1.0,33.0,33
ROURKELA,23.385965,119.013758,15.0,26.75,39.74,2666.0,114
ROUTHPURAM H,1.0,0.0,1.0,1.0,1.0,9.0,9
ROWRIAH,1.0,0.0,1.0,1.0,1.0,4.0,4
ROWTA BAGAN,1.0,0.0,1.0,1.0,1.0,16.0,16
ROYAPURAM,1.0,0.0,1.0,1.0,1.0,120.0,120
ROZA JN,13.71875,64.112922,2.0,5.0,253.4,439.0,32
RUDAIN,1.833333,0.389249,2.0,2.0,2.0,22.0,12
RUDAULI,1.424242,0.791766,1.0,2.0,4.04,47.0,33
RUDRAPUR CIT,4.285714,1.683795,5.0,6.05,7.61,60.0,14
RUKADI,1.055556,0.235702,1.0,1.15,1.83,19.0,18
RUKHI HALT,1.0,0.0,1.0,1.0,1.0,6.0,6
RUKMAPUR,1.0,0.0,1.0,1.0,1.0,10.0,10
RUKNI,1.0,0.0,1.0,1.0,1.0,13.0,13
RUNDHI,1.0625,0.25,1.0,1.25,1.85,17.0,16
RUNIJA,2.0,0.0,2.0,2.0,2.0,16.0,8
RUNKHERA,1.071429,0.267261,1.0,1.35,1.87,15.0,14
RUNKUTA,1.166667,0.408248,1.0,1.75,1.95,7.0,6
RUNNIASAIDPU,2.0,0.0,2.0,2.0,2.0,20.0,10
RUPAHELI,1.0,0.0,1.0,1.0,1.0,2.0,2
RUPAI,2.0,0.0,2.0,2.0,2.0,4.0,2
RUPAIGAON,1.0,0.0,1.0,1.0,1.0,2.0,2
RUPAMAU,1.0,0.0,1.0,1.0,1.0,10.0,10
RUPAUND,1.75,0.452267,2.0,2.0,2.0,21.0,12
RUPBAS,1.333333,0.492366,1.0,2.0,2.0,16.0,12
RUPNARAYANPU,1.1,0.307794,1.0,2.0,2.0,22.0,20
RUPRA ROAD,2.318182,1.129111,2.0,5.0,5.0,51.0,22
RUPSA JN.,2.366667,4.83153,1.0,11.9,20.0,71.0,30
RUPSIBARI,1.0,0.0,1.0,1.0,1.0,10.0,10
RURA,1.809524,1.503963,2.0,2.0,6.8,38.0,21
RUSERA GHAT,2.0,0.0,2.0,2.0,2.0,40.0,20
RUTHIYAI JN,4.756757,1.622847,5.0,6.0,10.0,176.0,37
Reddipalaiya,1.0,0.0,1.0,1.0,1.0,2.0,2
Rudrapur Sid,1.0,0.0,1.0,1.0,1.0,8.0,8
SABALGARH,3.75,7.440238,0.0,16.5,19.3,30.0,8
SABARMATI,1.96,0.2,2.0,2.0,2.0,49.0,25
SABARMATI JN,2.0,0.0,2.0,2.0,2.0,106.0,53
SABDALPUR JN,1.2,0.421637,1.0,2.0,2.0,12.0,10
SABIRA,1.1,0.316228,1.0,1.55,1.91,11.0,10
SABLIROAD,1.25,0.5,1.0,1.85,1.97,5.0,4
SABOUR,1.0,0.0,1.0,1.0,1.0,24.0,24
SACHIN,1.380952,0.669043,1.0,3.0,3.0,29.0,21
SACHIWALAYA,1.225806,0.425024,1.0,2.0,2.0,38.0,31
SADANAPURA,1.0,0.0,1.0,1.0,1.0,13.0,13
SADAR BAZAR,1.0,0.0,1.0,1.0,1.0,61.0,61
SADASHIBAPUR,1.0,0.0,1.0,1.0,1.0,6.0,6
SADASHIVAPET,1.0,0.0,1.0,1.0,1.0,4.0,4
SADAT,1.666667,0.483046,2.0,2.0,2.0,35.0,21
SADDA SINGHW,1.0,0.0,1.0,1.0,1.0,6.0,6
SADHOO GARH,1.142857,0.363137,1.0,2.0,2.0,16.0,14
SADISOPUR,1.192308,0.401918,1.0,2.0,2.0,31.0,26
SADULPUR JN,6.071429,7.04478,5.0,19.75,32.95,255.0,42
SADULSHAHAR,2.0,0.471405,2.0,2.55,2.91,20.0,10
SADURA,1.15,0.366348,1.0,2.0,2.0,23.0,20
SAFDARGANJ,1.0,0.0,1.0,1.0,1.0,10.0,10
SAFEDABAD,1.0,0.0,1.0,1.0,1.0,21.0,21
SAFIDON,2.0,0.0,2.0,2.0,2.0,12.0,6
SAFILGUDA HA,1.0,0.0,1.0,1.0,1.0,34.0,34
SAFIPUR,2.0,0.0,2.0,2.0,2.0,8.0,4
SAFRAI,2.0,0.0,2.0,2.0,2.0,12.0,6
SAGADAPATA,1.0,0.0,1.0,1.0,1.0,4.0,4
SAGARAJAMBAG,1.75,0.46291,2.0,2.0,2.0,14.0,8
SAGARAKATTE,1.0,0.0,1.0,1.0,1.0,8.0,8
SAGARDIGHI,1.0,0.0,1.0,1.0,1.0,16.0,16
SAGARPALI,1.714286,0.468807,2.0,2.0,2.0,24.0,14
SAGAULI JN.,7.944444,8.633888,5.0,25.0,25.0,429.0,54
SAGMA,1.5,0.547723,1.5,2.0,2.0,9.0,6
SAGONI,2.0,0.0,2.0,2.0,2.0,12.0,6
SAGPHATA,1.25,0.5,1.0,1.85,1.97,5.0,4
SAHADAI BUZU,1.0,0.0,1.0,1.0,1.0,12.0,12
SAHAJIPUR HA,1.0,0.0,1.0,1.0,1.0,8.0,8
SAHARANPUR J,33.557692,169.546843,10.0,37.5,1057.25,5235.0,156
SAHARSA JN.,30.0,125.45021,0.0,118.5,605.65,1500.0,50
SAHASRAKUND,1.076923,0.27735,1.0,1.4,1.88,14.0,13
SAHATWAR,1.785714,0.425815,2.0,2.0,2.0,25.0,14
SAHAWAR TOWN,2.0,0.0,2.0,2.0,2.0,24.0,12
SAHEBTALA  H,1.0,0.0,1.0,1.0,1.0,22.0,22
SAHEED SURAJ,1.0,0.0,1.0,1.0,1.0,3.0,3
SAHELI,1.2,0.447214,1.0,1.8,1.96,6.0,5
SAHERI (HALT,1.0,0.0,1.0,1.0,1.0,14.0,14
SAHIBABAD,1.107438,0.360593,1.0,2.0,2.0,134.0,121
SAHIBGANJ,4.296296,4.035828,5.0,10.0,14.7,232.0,54
SAHIBPUR KAM,1.5,0.510754,1.5,2.0,2.0,36.0,24
SAHIBZADA AJ,1.833333,0.383482,2.0,2.0,2.0,33.0,18
SAHID MATANG,1.0,0.0,1.0,1.0,1.0,13.0,13
SAHJANWA,2.0,0.0,2.0,2.0,2.0,38.0,19
SAHJHA HALT,1.0,0.0,1.0,1.0,1.0,8.0,8
SAHUWALA,1.333333,0.57735,1.0,1.9,1.98,4.0,3
SAI NAGAR SH,105.5,299.598438,0.0,690.0,1147.95,3165.0,30
SAIDABAD,1.666667,0.5,2.0,2.0,2.0,15.0,9
SAIDANWALA,1.0,0.0,1.0,1.0,1.0,7.0,7
SAIDAPET,1.0,0.0,1.0,1.0,1.0,169.0,169
SAIDAPUR,1.1875,0.403113,1.0,2.0,2.0,19.0,16
SAIDKHANPUR,1.0,0.0,1.0,1.0,1.0,6.0,6
SAIDPUR JALA,1.0,0.0,1.0,1.0,1.0,8.0,8
SAIDRAJA,1.1875,0.403113,1.0,2.0,2.0,19.0,16
SAILA KHURD,1.0,0.0,1.0,1.0,1.0,6.0,6
SAINTALA,2.0,0.0,2.0,2.0,2.0,20.0,10
SAINTHIA JN.,18.891892,145.719995,1.0,5.0,364.4,1398.0,74
SAITHAL (HAL,2.0,0.0,2.0,2.0,2.0,20.0,10
SAIYEDPUR BH,1.428571,0.646206,1.0,2.35,2.87,20.0,14
SAIYID SARAW,1.333333,0.57735,1.0,1.9,1.98,4.0,3
SAJANVAV ROA,1.0,0.0,1.0,1.0,1.0,4.0,4
SAJERPAR,1.0,0.0,1.0,1.0,1.0,4.0,4
SAJHAULI HAL,1.0,0.0,1.0,1.0,1.0,8.0,8
SAJUMA,1.0,0.0,1.0,1.0,1.0,9.0,9
SAKALDIHA,1.444444,0.51131,1.0,2.0,2.0,26.0,18
SAKARIYA,2.0,0.0,2.0,2.0,2.0,4.0,2
SAKHIGOPAL,1.625,0.489246,2.0,2.0,2.0,78.0,48
SAKHOTI TAND,1.0,0.0,1.0,1.0,1.0,15.0,15
SAKHPUR,1.0,0.0,1.0,1.0,1.0,11.0,11
SAKHUN,1.0,0.0,1.0,1.0,1.0,2.0,2
SAKKARAYA PA,1.0,0.0,1.0,1.0,1.0,4.0,4
SAKLESHPUR,8.333333,2.581989,10.0,10.0,10.0,50.0,6
SAKRI JN.,4.571429,1.062506,5.0,5.0,5.0,192.0,42
SAKRIGALI,1.0,0.0,1.0,1.0,1.0,20.0,20
SAKTESGARH,2.0,0.0,2.0,2.0,2.0,20.0,10
SAKTI,2.769231,1.394495,2.0,5.0,5.0,72.0,26
SAKTI GARH J,1.0,0.0,1.0,1.0,1.0,97.0,97
SALAGAON,1.0,0.0,1.0,1.0,1.0,6.0,6
SALAI BANWA,1.5,0.57735,1.5,2.0,2.0,6.0,4
SALAIA,2.0,0.0,2.0,2.0,2.0,14.0,7
SALAKATI,1.0,0.0,1.0,1.0,1.0,10.0,10
SALAMATPUR,1.428571,0.534522,1.0,2.0,2.0,10.0,7
SALANPUR,1.0,0.0,1.0,1.0,1.0,16.0,16
SALAR,1.088889,0.287799,1.0,2.0,2.0,49.0,45
SALAR KHURD,1.5,0.707107,1.5,1.95,1.99,3.0,2
SALARPUR,1.0,0.0,1.0,1.0,1.0,6.0,6
SALAUNA,2.0,0.0,2.0,2.0,2.0,32.0,16
SALAWAS,1.333333,0.492366,1.0,2.0,2.0,16.0,12
SALBARI,1.0,0.0,1.0,1.0,1.0,4.0,4
SALBONI,1.214286,0.417855,1.0,2.0,2.0,34.0,28
SALCHAPRA,1.333333,0.492366,1.0,2.0,2.0,16.0,12
SALEKASA,1.941176,0.242536,2.0,2.0,2.0,33.0,17
SALEM JN.,4.190476,2.935006,5.0,7.75,10.0,880.0,210
SALEM MARKET,1.166667,0.408248,1.0,1.75,1.95,7.0,6
SALEM TOWN,1.7,1.251666,1.0,3.65,4.73,17.0,10
SALEMGARH MA,1.0,0.0,1.0,1.0,1.0,2.0,2
SALEMPUR HAL,1.0,,1.0,1.0,1.0,1.0,1
SALEMPUR JN.,1.714286,0.9759,2.0,2.0,4.19,48.0,28
SALGAJHARI,1.0,,1.0,1.0,1.0,1.0,1
SALGARE,1.125,0.353553,1.0,1.65,1.93,9.0,8
SALHANA,2.0,0.0,2.0,2.0,2.0,8.0,4
SALICHAUKA,1.692308,0.480384,2.0,2.0,2.0,22.0,13
SALIMPUR BIH,1.0,0.0,1.0,1.0,1.0,2.0,2
SALIYAMANGAL,1.1,0.316228,1.0,1.55,1.91,11.0,10
SALKA ROAD,1.666667,0.492366,2.0,2.0,2.0,20.0,12
SALKHAPUR,1.0,0.0,1.0,1.0,1.0,4.0,4
SALMARI,2.0,0.0,2.0,2.0,2.0,32.0,16
SALOGRA,1.333333,0.516398,1.0,2.0,2.0,8.0,6
SALONA,1.0,0.0,1.0,1.0,1.0,2.0,2
SALPA,1.0,0.0,1.0,1.0,1.0,4.0,4
SALPURA,1.75,0.957427,1.5,2.85,2.97,7.0,4
SALUR,727.0,274.015409,675.0,1075.5,1079.1,7270.0,10
SALWA,1.090909,0.301511,1.0,1.5,1.9,12.0,11
SAMAGURI,1.0,0.0,1.0,1.0,1.0,2.0,2
SAMAKHIYALI,2.0,0.0,2.0,2.0,2.0,80.0,40
SAMALKHA,1.459459,0.505228,1.0,2.0,2.0,54.0,37
SAMALKOT JN.,1.723684,2.193299,1.0,2.0,12.35,262.0,152
SAMALPATTI,1.0,0.0,1.0,1.0,1.0,11.0,11
SAMAR GOPALP,1.0,0.0,1.0,1.0,1.0,14.0,14
SAMARALA,1.666667,0.516398,2.0,2.0,2.0,10.0,6
SAMARALA HAL,1.0,0.0,1.0,1.0,1.0,9.0,9
SAMASTIPUR J,23.901734,152.208496,5.0,25.0,432.2,4135.0,173
SAMAYANALLUR,1.0,0.0,1.0,1.0,1.0,4.0,4
SAMBA,1.933333,0.253708,2.0,2.0,2.0,58.0,30
SAMBAHAL HAT,0.0,0.0,0.0,0.0,0.0,0.0,8
SAMBALPUR CI,3.714286,1.540658,5.0,5.0,5.0,52.0,14
SAMBALPUR JN,9.594595,7.528792,10.0,20.0,22.7,710.0,74
SAMBALPUR RO,1.9375,0.245935,2.0,2.0,2.0,62.0,32
SAMBHAR LAKE,1.833333,0.389249,2.0,2.0,2.0,22.0,12
SAMBHU,1.454545,0.509647,1.0,2.0,2.0,32.0,22
SAMBHUPURA,1.272727,0.467099,1.0,2.0,2.0,14.0,11
SAMBRE,1.166667,0.408248,1.0,1.75,1.95,7.0,6
SAMDARI,11.043478,12.415087,5.0,39.9,40.0,254.0,23
SAMHON,1.0,0.0,1.0,1.0,1.0,6.0,6
SAMLAYA JN.,1.142857,0.363137,1.0,2.0,2.0,16.0,14
SAMLOTI,1.0,0.0,1.0,1.0,1.0,11.0,11
SAMNI JN.,1.0,0.0,1.0,1.0,1.0,2.0,2
SAMPIGE ROAD,1.0,0.0,1.0,1.0,1.0,8.0,8
SAMPLA,1.315789,0.471069,1.0,2.0,2.0,50.0,38
SAMRAU,1.5,0.707107,1.5,1.95,1.99,3.0,2
SAMSI,2.0,0.0,2.0,2.0,2.0,72.0,36
SAMUDRA GARH,1.0,0.0,1.0,1.0,1.0,41.0,41
SAMUDRAM,1.0,0.0,1.0,1.0,1.0,2.0,2
SAMUKTALA RO,2.0,2.0,1.0,4.4,4.88,8.0,4
SANAHWAL,1.571429,0.534522,2.0,2.0,2.0,11.0,7
SANAND,1.909091,0.301511,2.0,2.0,2.0,21.0,11
SANAT NAGAR,1.0,0.0,1.0,1.0,1.0,22.0,22
SANAWAD,210.625,466.096537,0.0,985.75,1253.15,1685.0,8
SANCHI,1.727273,0.467099,2.0,2.0,2.0,19.0,11
SANDAI (HALT,1.0,0.0,1.0,1.0,1.0,8.0,8
SANDAL KALAN,1.05,0.223607,1.0,1.05,1.81,21.0,20
SANDALPUR,1.0,0.0,1.0,1.0,1.0,4.0,4
SANDHANI DHA,1.0,0.0,1.0,1.0,1.0,2.0,2
SANDILA,2.035714,0.637248,2.0,2.0,4.19,57.0,28
SANEH ROAD,2.0,0.0,2.0,2.0,2.0,20.0,10
SANGAM JAGAR,1.0,0.0,1.0,1.0,1.0,17.0,17
SANGANER,1.5,0.57735,1.5,2.0,2.0,6.0,4
SANGANNAPUR,1.0,0.0,1.0,1.0,1.0,12.0,12
SANGAR,2.0,0.0,2.0,2.0,2.0,16.0,8
SANGARIYA,1.818182,0.40452,2.0,2.0,2.0,20.0,11
SANGAT,1.875,0.353553,2.0,2.0,2.0,15.0,8
SANGLI,2.804878,0.714826,3.0,3.0,3.0,115.0,41
SANGMESHWAR,1.384615,0.50637,1.0,2.0,2.0,18.0,13
SANGOLA,1.857143,0.363137,2.0,2.0,2.0,26.0,14
SANGRAMPUR,1.0,0.0,1.0,1.0,1.0,43.0,43
SANGRUR,2.236842,1.746567,2.0,3.3,9.41,85.0,38
SANHA HALT,1.0,0.0,1.0,1.0,1.0,6.0,6
SANHATI,1.0,0.0,1.0,1.0,1.0,62.0,62
SANICHARA,2.0,0.0,2.0,2.0,2.0,16.0,8
SANJAMALA,1.0,0.0,1.0,1.0,1.0,4.0,4
SANJAN,1.555556,1.825742,1.0,2.0,7.92,42.0,27
SANJARPUR (H,1.0,0.0,1.0,1.0,1.0,6.0,6
SANJHA H,1.0,0.0,1.0,1.0,1.0,10.0,10
SANJIVAIAH P,1.0,0.0,1.0,1.0,1.0,68.0,68
SANJOY GRAM,1.0,0.0,1.0,1.0,1.0,8.0,8
SANJUJA-DA-A,1.0,0.0,1.0,1.0,1.0,5.0,5
SANK,1.857143,0.377964,2.0,2.0,2.0,13.0,7
SANKA,1.0,0.0,1.0,1.0,1.0,13.0,13
SANKARA GUMM,1.0,0.0,1.0,1.0,1.0,6.0,6
SANKARANKOVI,1.0,0.0,1.0,1.0,1.0,10.0,10
SANKARIDRUG,1.3125,0.478714,1.0,2.0,2.0,21.0,16
SANKARPUR,1.0,0.0,1.0,1.0,1.0,18.0,18
SANKAVAL,1.0,0.0,1.0,1.0,1.0,6.0,6
SANKHARI,1.0,0.0,1.0,1.0,1.0,14.0,14
SANKHEDA BAH,1.0,0.0,1.0,1.0,1.0,8.0,8
SANKOPARA H,1.0,0.0,1.0,1.0,1.0,12.0,12
SANKRA   HAL,1.0,0.0,1.0,1.0,1.0,6.0,6
SANKRAIL,1.0,0.0,1.0,1.0,1.0,103.0,103
SANODIYA,1.0,0.0,1.0,1.0,1.0,6.0,6
SANOSARA,1.0,0.0,1.0,1.0,1.0,14.0,14
SANSARPUR,1.416667,0.514929,1.0,2.0,2.0,17.0,12
SANTALDIH,1.117647,0.332106,1.0,2.0,2.0,19.0,17
SANTALPUR,2.0,0.0,2.0,2.0,2.0,16.0,8
SANTAMGALUR,1.0,0.0,1.0,1.0,1.0,10.0,10
SANTOSH PUR,1.0,0.0,1.0,1.0,1.0,62.0,62
SANTRAGACHI,1.056522,0.777032,1.0,2.0,2.0,243.0,230
SANTROAD,1.083333,0.288675,1.0,1.45,1.89,13.0,12
SANVATSAR,1.0,0.0,1.0,1.0,1.0,6.0,6
SANVORDEM CU,1.409091,0.503236,1.0,2.0,2.0,31.0,22
SANVRAD,1.0,0.0,1.0,1.0,1.0,6.0,6
SANWARA HALT,1.333333,0.516398,1.0,2.0,2.0,8.0,6
SAONGI,1.0,0.0,1.0,1.0,1.0,10.0,10
SAOTA,1.0,0.0,1.0,1.0,1.0,2.0,2
SAPATGRAM,1.333333,0.516398,1.0,2.0,2.0,8.0,6
SAPE-WAMNE (,1.0,0.0,1.0,1.0,1.0,4.0,4
SAPEKHATI,2.75,1.38873,2.0,5.0,5.0,22.0,8
SAPHALE,1.277778,0.513315,1.0,2.0,2.65,46.0,36
SARADHNA,1.25,0.5,1.0,1.85,1.97,5.0,4
SARAGAON ROA,1.272727,0.467099,1.0,2.0,2.0,14.0,11
SARAGBUNDIA,1.214286,0.425815,1.0,2.0,2.0,17.0,14
SARAHULA HAL,1.5,0.547723,1.5,2.0,2.0,9.0,6
SARAI,1.2,0.421637,1.0,2.0,2.0,12.0,10
SARAI BANJAR,1.071429,0.267261,1.0,1.35,1.87,15.0,14
SARAI BHOPAT,1.0,0.0,1.0,1.0,1.0,8.0,8
SARAI CHANDI,1.0,0.0,1.0,1.0,1.0,8.0,8
SARAI GOPAL,1.0,0.0,1.0,1.0,1.0,4.0,4
SARAI HARKHU,1.0,0.0,1.0,1.0,1.0,4.0,4
SARAI JAGDIS,1.222222,0.440959,1.0,2.0,2.0,11.0,9
SARAI KANSRA,1.1,0.316228,1.0,1.55,1.91,11.0,10
SARAI RANI,2.0,0.0,2.0,2.0,2.0,12.0,6
SARAIGRAM,2.0,0.0,2.0,2.0,2.0,16.0,8
SARAIMIR,2.0,0.0,2.0,2.0,2.0,36.0,18
SARANGPUR,2.0,0.0,2.0,2.0,2.0,18.0,9
SARANGPUR RO,1.0,0.0,1.0,1.0,1.0,4.0,4
SARASWATI NA,1.083333,0.28233,1.0,1.85,2.0,26.0,24
SARAYAN,2.0,0.0,2.0,2.0,2.0,16.0,8
SARBAHARA,1.6,0.516398,2.0,2.0,2.0,16.0,10
SARDAR PATEL,1.0,0.0,1.0,1.0,1.0,10.0,10
SARDARGARH,1.066667,0.258199,1.0,1.3,1.86,16.0,15
SARDARNAGAR,1.9,0.316228,2.0,2.0,2.0,19.0,10
SARDARSAHAR,0.0,0.0,0.0,0.0,0.0,0.0,6
SARDIHA,1.083333,0.28233,1.0,1.85,2.0,26.0,24
SARERI,1.0,0.0,1.0,1.0,1.0,3.0,3
SARGACHNI,1.0,0.0,1.0,1.0,1.0,25.0,25
SARGIPALI,2.0,0.0,2.0,2.0,2.0,4.0,2
SARJU,2.0,0.0,2.0,2.0,2.0,16.0,8
SARKANPUR,2.0,0.0,2.0,2.0,2.0,4.0,2
SARKARA,1.0,0.0,1.0,1.0,1.0,8.0,8
SARKHEJ,1.0,0.0,1.0,1.0,1.0,10.0,10
SARKONI,1.0,0.0,1.0,1.0,1.0,13.0,13
SARLA,1.4,0.516398,1.0,2.0,2.0,14.0,10
SARMATANR,1.333333,0.516398,1.0,2.0,2.0,8.0,6
SARNA,1.916667,0.288675,2.0,2.0,2.0,23.0,12
SARNATH,1.607143,0.497347,2.0,2.0,2.0,45.0,28
SAROBAG,1.0,0.0,1.0,1.0,1.0,6.0,6
SAROJINI NAG,1.0,0.0,1.0,1.0,1.0,10.0,10
SAROLA,1.833333,0.408248,2.0,2.0,2.0,11.0,6
SARONA,1.08,0.276887,1.0,1.8,2.0,27.0,25
SAROTRA ROAD,1.0,0.0,1.0,1.0,1.0,5.0,5
SARPESWAR P.,1.0,0.0,1.0,1.0,1.0,4.0,4
SARSAWA,1.2,0.414039,1.0,2.0,2.0,18.0,15
SARSI,2.0,0.0,2.0,2.0,2.0,12.0,6
SARSONPURI,1.0,0.0,1.0,1.0,1.0,6.0,6
SARUPATHAR,2.0,1.309307,2.0,5.0,5.0,30.0,15
SARUPSAR JN.,1.733333,0.593617,2.0,2.3,2.86,26.0,15
SARWARI,1.0,0.0,1.0,1.0,1.0,10.0,10
SASALU,1.083333,0.288675,1.0,1.45,1.89,13.0,12
SASAMUSA,1.875,1.356203,1.5,3.95,4.79,15.0,8
SASAN GIR,1.0,0.0,1.0,1.0,1.0,6.0,6
SASARAM,1.512195,1.33559,1.0,2.0,5.95,124.0,82
SASNI,1.0,0.0,1.0,1.0,1.0,8.0,8
SASON,1.4,0.516398,1.0,2.0,2.0,14.0,10
SASTHANKOTTA,1.0,0.0,1.0,1.0,1.0,34.0,34
SASVAD ROAD,1.0,0.0,1.0,1.0,1.0,4.0,4
SATADHAR,1.0,0.0,1.0,1.0,1.0,6.0,6
SATAR HALT,1.0,0.0,1.0,1.0,1.0,10.0,10
SATARA,4.0,5.785038,3.0,5.0,30.5,184.0,46
SATBAHINI,1.0,0.0,1.0,1.0,1.0,8.0,8
SATBERIAHALT,1.0,0.0,1.0,1.0,1.0,31.0,31
SATH NARAINI,1.0,0.0,1.0,1.0,1.0,2.0,2
SATHAJAGAT,1.076923,0.27735,1.0,1.4,1.88,14.0,13
SATHI,2.0,0.0,2.0,2.0,2.0,32.0,16
SATHIAON,1.916667,0.288675,2.0,2.0,2.0,23.0,12
SATHIN ROAD,1.0,0.0,1.0,1.0,1.0,6.0,6
SATISH SAMAN,1.0,0.0,1.0,1.0,1.0,8.0,8
SATLANA,1.0,0.0,1.0,1.0,1.0,9.0,9
SATNA,27.742331,116.948157,10.0,10.0,779.0,4522.0,163
SATNALI,1.555556,0.51131,2.0,2.0,2.0,28.0,18
SATNAUR BADE,1.0,0.0,1.0,1.0,1.0,6.0,6
SATRAON F,1.0,0.0,1.0,1.0,1.0,8.0,8
SATROD,1.888889,0.323381,2.0,2.0,2.0,34.0,18
SATSANG NAGA,1.0,0.0,1.0,1.0,1.0,17.0,17
SATTENAPALLE,1.2,0.405096,1.0,2.0,2.0,48.0,40
SATTIRAKKUDI,1.0,0.0,1.0,1.0,1.0,8.0,8
SATULUR,1.0,0.0,1.0,1.0,1.0,12.0,12
SATUNA,1.0,0.0,1.0,1.0,1.0,10.0,10
SATUR,1.074074,0.264351,1.0,2.0,2.0,58.0,54
SATYAVADA HA,1.0,0.0,1.0,1.0,1.0,7.0,7
SATYAVALLI,1.0,,1.0,1.0,1.0,1.0,1
SAUGOR,4.513514,1.960174,5.0,10.0,10.0,334.0,74
SAUNSHI,1.0,0.0,1.0,1.0,1.0,12.0,12
SAVALYAPURAM,1.0,0.0,1.0,1.0,1.0,11.0,11
SAVANUR,1.0,0.0,1.0,1.0,1.0,12.0,12
SAVAR KUNDLA,1.0,0.0,1.0,1.0,1.0,9.0,9
SAVARDA,1.333333,0.516398,1.0,2.0,2.0,8.0,6
SAVDA,1.333333,0.516398,1.0,2.0,2.0,8.0,6
SAVNI,1.0,0.0,1.0,1.0,1.0,6.0,6
SAWAI MADHOP,8.861314,20.22236,5.0,20.0,20.0,1214.0,137
SAWALGI,1.25,0.46291,1.0,2.0,2.0,10.0,8
SAWANTWADI R,115.870968,326.013777,2.0,847.5,1262.5,3592.0,31
SAYAMA,1.0,0.0,1.0,1.0,1.0,16.0,16
SAYAN,1.052632,0.229416,1.0,1.1,1.82,20.0,19
SEALDAH,18.94094,138.258064,0.0,0.0,876.6,14111.0,745
SECUNDERABAD,29.805556,147.047921,2.0,28.25,801.85,8584.0,288
SEHAL HALT,1.0,0.0,1.0,1.0,1.0,6.0,6
SEHARA BAZAR,1.0,0.0,1.0,1.0,1.0,9.0,9
SEHORE,1.782609,0.417029,2.0,2.0,2.0,82.0,46
SEHRAMAU,2.0,0.0,2.0,2.0,2.0,20.0,10
SEKERKOTE,2.0,0.0,2.0,2.0,2.0,8.0,4
SEKHA,1.75,0.46291,2.0,2.0,2.0,14.0,8
SELENGHAT,2.5,1.0,2.0,3.7,3.94,10.0,4
SELOO ROAD,1.0,0.0,1.0,1.0,1.0,6.0,6
SELU,1.731707,4.527827,1.0,1.0,18.8,71.0,41
SEMAI,2.0,0.0,2.0,2.0,2.0,8.0,4
SEMAPUR,1.4,0.502625,1.0,2.0,2.0,28.0,20
SEMER KHEDI,1.8,0.421637,2.0,2.0,2.0,18.0,10
SEMMANDAPATT,1.0,0.0,1.0,1.0,1.0,4.0,4
SEMRA,2.0,0.0,2.0,2.0,2.0,24.0,12
SEMRAON,1.0,0.0,1.0,1.0,1.0,8.0,8
SENAPURA,1.0,0.0,1.0,1.0,1.0,6.0,6
SENCHOA JN,1.833333,0.408248,2.0,2.0,2.0,11.0,6
SENDRA,1.625,0.517549,2.0,2.0,2.0,13.0,8
SENDURAI,1.0,0.0,1.0,1.0,1.0,6.0,6
SENGOTTAI JN,0.333333,1.188177,0.0,1.6,4.32,6.0,18
SENGULAM,1.0,,1.0,1.0,1.0,1.0,1
SENJIPANAMBA,1.0,0.0,1.0,1.0,1.0,47.0,47
SEOHARA,2.277778,1.074055,2.0,5.0,5.0,41.0,18
SEORAPHULI J,4.981132,63.702044,1.0,2.0,5.0,1320.0,265
SEPON,1.0,0.0,1.0,1.0,1.0,2.0,2
SERAM,1.071429,0.262265,1.0,1.65,2.0,30.0,28
SERNDANUR,1.0,0.0,1.0,1.0,1.0,6.0,6
SERONI ROAD,2.0,0.0,2.0,2.0,2.0,8.0,4
SETTIGUNTA,1.0,0.0,1.0,1.0,1.0,4.0,4
SETTIHALLI,1.0,0.0,1.0,1.0,1.0,9.0,9
SEVALIYA,1.0,0.0,1.0,1.0,1.0,9.0,9
SEVUR,1.285714,0.48795,1.0,2.0,2.0,9.0,7
SEVVAPET ROA,1.0,0.0,1.0,1.0,1.0,117.0,117
SEWA NAGAR,1.0,0.0,1.0,1.0,1.0,10.0,10
SEWAGRAM,1.58209,0.554575,2.0,2.0,3.0,106.0,67
SEWAPURI,1.1875,0.543906,1.0,2.25,2.85,19.0,16
SEWAR,1.0,0.0,1.0,1.0,1.0,6.0,6
SEYDUNGANALL,1.0,0.0,1.0,1.0,1.0,14.0,14
SHADNAGAR,1.181818,0.391675,1.0,2.0,2.0,39.0,33
SHAHABAD,1.363636,0.486607,1.0,2.0,2.0,60.0,44
SHAHABAD MAR,1.391304,0.499011,1.0,2.0,2.0,32.0,23
SHAHABAD MUH,1.0,0.0,1.0,1.0,1.0,24.0,24
SHAHAD,1.0,0.0,1.0,1.0,1.0,78.0,78
SHAHANAGAR T,1.0,0.0,1.0,1.0,1.0,4.0,4
SHAHBAZ KULI,1.4,0.516398,1.0,2.0,2.0,14.0,10
SHAHBAZNAGAR,2.0,0.0,2.0,2.0,2.0,20.0,10
SHAHDOL,4.796875,3.418807,5.0,10.0,15.0,307.0,64
SHAHDORAGAON,1.8,0.421637,2.0,2.0,2.0,18.0,10
SHAHGANJ JN.,10.31746,10.208828,5.0,29.5,30.0,650.0,63
SHAHGARH,2.0,0.0,2.0,2.0,2.0,20.0,10
SHAHI,2.0,0.0,2.0,2.0,2.0,20.0,10
SHAHJAHANPUR,22.271318,134.757812,3.0,5.0,708.8,2873.0,129
SHAHPUR PATO,2.125,1.295897,2.0,5.0,5.0,51.0,24
SHAHZAD NAGA,1.25,0.5,1.0,1.85,1.97,5.0,4
SHAITAN SING,1.5,0.707107,1.5,1.95,1.99,3.0,2
SHAJAPUR,2.0,0.0,2.0,2.0,2.0,50.0,25
SHAKARNAGAR,1.0,0.0,1.0,1.0,1.0,6.0,6
SHAKTINAGAR,0.0,0.0,0.0,0.0,0.0,0.0,5
SHAKUR BASTI,1.535714,1.752426,2.0,2.0,10.34,129.0,84
SHALIMAR,0.0,0.0,0.0,0.0,0.0,0.0,39
SHAM CHAURAS,1.0,0.0,1.0,1.0,1.0,14.0,14
SHAM KAURIA,1.5,0.57735,1.5,2.0,2.0,6.0,4
SHAMGARH,2.295455,1.132594,2.0,5.0,5.0,101.0,44
SHAMLI,5.481481,13.968014,2.0,17.0,58.48,148.0,27
SHAMPURHALLI,1.0,0.0,1.0,1.0,1.0,4.0,4
SHAMSABAD,1.7,0.483046,2.0,2.0,2.0,17.0,10
SHAMSHABAD T,2.0,0.0,2.0,2.0,2.0,8.0,4
SHANKAPUR HA,1.0,0.0,1.0,1.0,1.0,6.0,6
SHANKARGARH,2.0,0.0,2.0,2.0,2.0,46.0,23
SHANKARPALLI,1.1,0.305129,1.0,2.0,2.0,33.0,30
SHANKARPUR B,2.0,0.0,2.0,2.0,2.0,8.0,4
SHANKERPUR,1.0,0.0,1.0,1.0,1.0,7.0,7
SHANKRUL PH,1.0,0.0,1.0,1.0,1.0,9.0,9
SHANTIGRAMA,1.0,0.0,1.0,1.0,1.0,2.0,2
SHANTIPUR JN,0.023256,0.152499,0.0,0.0,0.58,1.0,43
SHAPUR,1.0,0.0,1.0,1.0,1.0,8.0,8
SHARMA HALT,1.0,0.0,1.0,1.0,1.0,4.0,4
SHASAN ROAD,1.081081,0.493197,1.0,1.0,2.92,40.0,37
SHEDBAL,1.333333,0.492366,1.0,2.0,2.0,16.0,12
SHEGAON,1.904762,0.691747,2.0,2.95,4.18,80.0,42
SHEIKHPURA,1.666667,0.485071,2.0,2.0,2.0,30.0,18
SHEIKHUPUR,1.0,0.0,1.0,1.0,1.0,8.0,8
SHELGAON HAL,1.0,0.0,1.0,1.0,1.0,10.0,10
SHENDRI,1.25,0.5,1.0,1.85,1.97,5.0,4
SHENOLI,1.0,0.0,1.0,1.0,1.0,4.0,4
SHEODASPURA-,1.0,0.0,1.0,1.0,1.0,2.0,2
SHEOPRASAD N,1.75,0.46291,2.0,2.0,2.0,14.0,8
SHEOPUR KALA,0.0,0.0,0.0,0.0,0.0,0.0,4
SHEOSINGHPUR,1.0,0.0,1.0,1.0,1.0,4.0,4
SHER (HALT),1.25,0.5,1.0,1.85,1.97,5.0,4
SHEREKAN,1.0,0.0,1.0,1.0,1.0,4.0,4
SHERGANJ (HA,1.0,0.0,1.0,1.0,1.0,7.0,7
SHERGARH,1.375,0.517549,1.0,2.0,2.0,11.0,8
SHERPUR,1.0,0.0,1.0,1.0,1.0,6.0,6
SHERTALAI,1.04878,0.218085,1.0,1.0,2.0,43.0,41
SHEWBABUDIH,1.0,0.0,1.0,1.0,1.0,4.0,4
SHIBLUN,1.0,0.0,1.0,1.0,1.0,21.0,21
SHIKARA,2.0,0.0,2.0,2.0,2.0,10.0,5
SHIKARIPARA,1.0,,1.0,1.0,1.0,1.0,1
SHIKOHABAD J,2.68,1.963337,2.0,5.0,7.55,134.0,50
SHIMILI GUDA,1.0,0.0,1.0,1.0,1.0,2.0,2
SHIMLA,0.0,0.0,0.0,0.0,0.0,0.0,10
SHIMOGA,1.0625,0.25,1.0,1.25,1.85,17.0,16
SHIMOGA TOWN,159.727273,387.505844,0.0,1068.75,1355.7,3514.0,22
SHINDAWANE,1.0,0.0,1.0,1.0,1.0,4.0,4
SHINDURIYA K,2.0,0.0,2.0,2.0,2.0,4.0,2
SHIRAVADE,1.0,0.0,1.0,1.0,1.0,5.0,5
SHIROOR,1.0,0.0,1.0,1.0,1.0,4.0,4
SHIRSAI,1.0,0.0,1.0,1.0,1.0,8.0,8
SHIRSOLI,1.0,0.0,1.0,1.0,1.0,4.0,4
SHIRUD,2.0,0.0,2.0,2.0,2.0,12.0,6
SHISHO H,1.0,0.0,1.0,1.0,1.0,2.0,2
SHIU SAGAR R,1.0,0.0,1.0,1.0,1.0,10.0,10
SHIUPUR,1.0,0.0,1.0,1.0,1.0,13.0,13
SHIVAJI BRID,1.0,0.0,1.0,1.0,1.0,105.0,105
SHIVAJINAGAR,1.136364,0.522902,1.0,2.0,2.35,75.0,66
SHIVALINGAPU,1.0,0.0,1.0,1.0,1.0,2.0,2
SHIVANI,1.0,0.0,1.0,1.0,1.0,12.0,12
SHIVATHAN,1.333333,0.57735,1.0,1.9,1.98,4.0,3
SHIVLAKHA,2.0,0.0,2.0,2.0,2.0,4.0,2
SHIVNAGAR,1.0,0.0,1.0,1.0,1.0,7.0,7
SHIVNARAYANP,1.0,0.0,1.0,1.0,1.0,22.0,22
SHIVNISHIVAP,1.0,0.0,1.0,1.0,1.0,6.0,6
SHIVPURA,1.0,0.0,1.0,1.0,1.0,6.0,6
SHIVPURI,6.5,4.616903,5.0,20.0,20.0,130.0,20
SHIVPURI HAL,1.0,0.0,1.0,1.0,1.0,4.0,4
SHIVRAMPUR,2.0,0.0,2.0,2.0,2.0,10.0,5
SHIWALA TEHU,1.0,0.0,1.0,1.0,1.0,4.0,4
SHOGHI,1.2,0.447214,1.0,1.8,1.96,6.0,5
SHOHRATGARH,2.0,0.0,2.0,2.0,2.0,46.0,23
SHOLAKA,1.0625,0.25,1.0,1.25,1.85,17.0,16
SHOLAVANDAN,1.0,0.0,1.0,1.0,1.0,19.0,19
SHOLINGUR,1.5,0.740013,1.0,2.0,3.58,33.0,22
SHONSELU,1.5,0.57735,1.5,2.0,2.0,6.0,4
SHORANUR JN.,7.570423,4.972831,10.0,10.0,27.95,1075.0,142
SHRAVANABELA,1.0,0.0,1.0,1.0,1.0,8.0,8
SHRI AMIRGAD,1.0,0.0,1.0,1.0,1.0,6.0,6
SHRI BALAJI,1.0,0.0,1.0,1.0,1.0,4.0,4
SHRI BHADRIY,2.0,0.0,2.0,2.0,2.0,28.0,14
SHRI GANGANA,0.952381,4.310805,0.0,0.0,20.0,40.0,42
SHRI GHASI N,1.0,0.0,1.0,1.0,1.0,6.0,6
SHRI KARANPU,1.888889,0.333333,2.0,2.0,2.0,17.0,9
SHRI MADHOPU,1.666667,0.5,2.0,2.0,2.0,15.0,9
SHRI MAHABIR,1.6875,0.470929,2.0,2.0,2.0,54.0,32
SHRI MAKRI N,1.0,0.0,1.0,1.0,1.0,12.0,12
SHRI MATA VA,23.953488,157.073527,0.0,0.0,597.4,1030.0,43
SHRI RAMGARH,1.0,0.0,1.0,1.0,1.0,2.0,2
SHRI-KSHETRA,1.0,0.0,1.0,1.0,1.0,6.0,6
SHRIBAR,1.0,0.0,1.0,1.0,1.0,2.0,2
SHRIGONDA RO,1.625,0.517549,2.0,2.0,2.0,13.0,8
SHRIKHANDA,1.0,0.0,1.0,1.0,1.0,2.0,2
SHRIMAD DWAR,1.0,0.0,1.0,1.0,1.0,4.0,4
SHRIPAT SHRI,0.0,0.0,0.0,0.0,0.0,0.0,2
SHRIRAJNAGAR,1.0,0.0,1.0,1.0,1.0,12.0,12
SHRIRAMPUR,1.033835,0.530914,1.0,1.0,3.0,275.0,266
SHRISARADANA,1.0,0.0,1.0,1.0,1.0,8.0,8
SHUDNIPUR,1.0,0.0,1.0,1.0,1.0,4.0,4
SHUJALPUR,1.984375,0.332961,2.0,2.0,2.74,127.0,64
SHUJATPUR,1.5,0.57735,1.5,2.0,2.0,6.0,4
SHUKARULLAHP,1.0,0.0,1.0,1.0,1.0,6.0,6
SHYAM CHAK,1.0,0.0,1.0,1.0,1.0,49.0,49
SHYAM NAGAR,1.0,0.0,1.0,1.0,1.0,200.0,200
SHYAMA CHARA,1.0,0.0,1.0,1.0,1.0,6.0,6
SHYAMPURA,1.833333,0.408248,2.0,2.0,2.0,11.0,6
SHYAMSUNDAR,1.0,0.0,1.0,1.0,1.0,9.0,9
SIAJULI,1.0,0.0,1.0,1.0,1.0,8.0,8
SIBAICHANDI,1.0,0.0,1.0,1.0,1.0,47.0,47
SIBSAGAR TOW,3.8,1.549193,5.0,5.0,5.0,38.0,10
SIDDAMPALLI,1.0,0.0,1.0,1.0,1.0,10.0,10
SIDDAPURA,1.0,0.0,1.0,1.0,1.0,2.0,2
SIDHAPUR,2.0,0.0,2.0,2.0,2.0,56.0,28
SIDHARI (HAL,1.125,0.353553,1.0,1.65,1.93,9.0,8
SIDHWALIA,1.5,0.57735,1.5,2.0,2.0,6.0,4
SIDHWAN,1.0,0.0,1.0,1.0,1.0,9.0,9
SIDLAGHATTA,1.25,0.5,1.0,1.85,1.97,5.0,4
SIDMUKH,2.0,0.0,2.0,2.0,2.0,8.0,4
SIDULI (FLAG,1.0,0.0,1.0,1.0,1.0,10.0,10
SIGADAM,1.545455,0.522233,2.0,2.0,2.0,17.0,11
SIGSIGI,1.125,0.353553,1.0,1.65,1.93,9.0,8
SIHAPAR (HAL,1.142857,0.377964,1.0,1.7,1.94,8.0,7
SIHO,1.166667,0.389249,1.0,2.0,2.0,14.0,12
SIHOR JN(GUJ,1.7,1.393334,1.0,4.2,6.71,51.0,30
SIHORAROAD,2.0,0.0,2.0,2.0,2.0,82.0,41
SIKANDARPUR,1.0,0.0,1.0,1.0,1.0,18.0,18
SIKANDRA RAO,2.0,0.0,2.0,2.0,2.0,28.0,14
SIKAR JN.,0.0,0.0,0.0,0.0,0.0,0.0,12
SIKARIA HALT,1.0,0.0,1.0,1.0,1.0,5.0,5
SIKIR,2.0,0.0,2.0,2.0,2.0,8.0,4
SIKKAL,1.0,0.0,1.0,1.0,1.0,7.0,7
SIKOSA,1.875,0.353553,2.0,2.0,2.0,15.0,8
SIKRIPAI,2.0,0.0,2.0,2.0,2.0,12.0,6
SIKRODA,2.0,0.0,2.0,2.0,2.0,8.0,4
SIKRODA KWAN,1.833333,0.408248,2.0,2.0,2.0,11.0,6
SILA KHERI,1.0,0.0,1.0,1.0,1.0,6.0,6
SILAIMAN,1.0,0.0,1.0,1.0,1.0,6.0,6
SILAK JHORI,1.0,0.0,1.0,1.0,1.0,2.0,2
SILANIBARI,1.0,0.0,1.0,1.0,1.0,6.0,6
SILAO,1.571429,0.534522,2.0,2.0,2.0,11.0,7
SILAPATHAR,2.4,1.429841,2.0,5.0,5.0,24.0,10
SILARI,1.0,0.0,1.0,1.0,1.0,2.0,2
SILAUT,1.166667,0.389249,1.0,2.0,2.0,14.0,12
SILAWAR,1.0,0.0,1.0,1.0,1.0,10.0,10
SILCHAR,0.0,0.0,0.0,0.0,0.0,0.0,27
SILGHAT TOWN,0.0,0.0,0.0,0.0,0.0,0.0,4
SILHAUDI,1.25,0.5,1.0,1.85,1.97,5.0,4
SILIGURI JN.,93.145833,269.868762,2.0,821.25,1080.0,4471.0,48
SILIGURI TOW,1.0,0.0,1.0,1.0,1.0,8.0,8
SILLAKKUDI,1.0,0.0,1.0,1.0,1.0,6.0,6
SILLI,1.0,0.0,1.0,1.0,1.0,17.0,17
SILLIPUR,2.0,0.0,2.0,2.0,2.0,8.0,4
SILYARI,1.555556,0.51131,2.0,2.0,2.0,28.0,18
SIMALUGURI J,3.387097,1.764037,5.0,5.0,5.0,105.0,31
SIMARIA,1.125,0.341565,1.0,2.0,2.0,18.0,16
SIMARIATAL,1.0,0.0,1.0,1.0,1.0,4.0,4
SIMBHOOLI,1.8,0.421637,2.0,2.0,2.0,18.0,10
SIMEN CHAPAR,1.2,0.421637,1.0,2.0,2.0,12.0,10
SIMHACHALAM,1.671875,0.473242,2.0,2.0,2.0,107.0,64
SIMLAGARH,1.0,0.0,1.0,1.0,1.0,62.0,62
SIMRAHA,2.0,0.0,2.0,2.0,2.0,30.0,15
SIMRI BAKHTI,2.0,0.0,2.0,2.0,2.0,80.0,40
SIMULTALA,1.153846,0.367946,1.0,2.0,2.0,30.0,26
SIMURALI,1.0,0.0,1.0,1.0,1.0,121.0,121
SINDEWAHI,2.0,0.0,2.0,2.0,2.0,16.0,8
SINDHAR,1.0,0.0,1.0,1.0,1.0,8.0,8
SINDHAVADER,1.25,0.46291,1.0,2.0,2.0,10.0,8
SINDHU DURG,1.529412,0.514496,2.0,2.0,2.0,26.0,17
SINDI,1.333333,0.48795,1.0,2.0,2.0,20.0,15
SINDKHEDA,2.2,2.097618,2.0,5.3,7.46,22.0,10
SINDRI B.H,1.555556,0.527046,2.0,2.0,2.0,14.0,9
SINDRI MARSH,1.5,0.547723,1.5,2.0,2.0,9.0,6
SINDRI TOWN,0.0,0.0,0.0,0.0,0.0,0.0,6
SINDURWA,1.0,0.0,1.0,1.0,1.0,6.0,6
SINGANALLUR,1.0,0.0,1.0,1.0,1.0,8.0,8
SINGAPERUMAL,1.0,0.0,1.0,1.0,1.0,41.0,41
SINGAPUR ROA,2.0,0.0,2.0,2.0,2.0,48.0,24
SINGARAM,2.0,0.0,2.0,2.0,2.0,12.0,6
SINGARAYAKON,1.052632,0.226294,1.0,1.15,2.0,40.0,38
SINGARPUR,1.0,0.0,1.0,1.0,1.0,8.0,8
SINGHABAD,0.0,0.0,0.0,0.0,0.0,0.0,2
SINGHIAGHAT,2.0,0.0,2.0,2.0,2.0,24.0,12
SINGHIRAMPUR,1.0,0.0,1.0,1.0,1.0,7.0,7
SINGHPOKHARI,1.0,0.0,1.0,1.0,1.0,6.0,6
SINGHPUR,1.6,0.507093,2.0,2.0,2.0,24.0,15
SINGHPURDUMR,1.75,0.5,2.0,2.0,2.0,7.0,4
SINGRA,1.0,0.0,1.0,1.0,1.0,6.0,6
SINGRAULI,63.695652,279.358915,10.0,10.0,1051.3,1465.0,23
SINGUR,0.942029,0.235401,1.0,1.0,1.0,65.0,69
SINGWAL,1.0,0.0,1.0,1.0,1.0,2.0,2
SINHAN,1.5,0.57735,1.5,2.0,2.0,6.0,4
SINI JN,1.0,0.0,1.0,1.0,1.0,30.0,30
SIPAYA (HALT,1.375,0.517549,1.0,2.0,2.0,11.0,8
SIR GURUDAS,1.0,0.0,1.0,1.0,1.0,15.0,15
SIRAJNAGAR,1.0,0.0,1.0,1.0,1.0,15.0,15
SIRARI,1.625,0.5,2.0,2.0,2.0,26.0,16
SIRAS,1.0,0.0,1.0,1.0,1.0,2.0,2
SIRATHU,1.75,0.452267,2.0,2.0,2.0,21.0,12
SIRD,2.0,0.0,2.0,2.0,2.0,4.0,2
SIRHI ITARA,2.0,1.414214,2.0,2.9,2.98,4.0,2
SIRHIND JN.,2.272727,1.584011,2.0,4.5,9.4,150.0,66
SIRIPURAM,1.0,0.0,1.0,1.0,1.0,8.0,8
SIRJAM,1.0,0.0,1.0,1.0,1.0,19.0,19
SIRKAZHI,1.058824,0.238833,1.0,1.35,2.0,36.0,34
SIRLI,1.0,0.0,1.0,1.0,1.0,6.0,6
SIRMUTTRA,0.0,0.0,0.0,0.0,0.0,0.0,4
SIRNAPALLI,1.0,0.0,1.0,1.0,1.0,13.0,13
SIROHI ROAD,1.939394,0.242306,2.0,2.0,2.0,64.0,33
SIRPUR TOWN,0.6,0.516398,1.0,1.0,1.0,6.0,10
SIRPURKAGHAZ,8.673469,66.66268,1.0,3.3,68.3,850.0,98
SIRRI,1.0,0.0,1.0,1.0,1.0,6.0,6
SIRSA,4.55,3.831655,5.0,10.0,10.0,91.0,20
SIRSALA  HAL,1.125,0.353553,1.0,1.65,1.93,9.0,8
SIRSAUL,1.285714,0.48795,1.0,2.0,2.0,9.0,7
SIRSI MUKHDU,1.0,0.0,1.0,1.0,1.0,8.0,8
SIRSUPHAL,1.0,0.0,1.0,1.0,1.0,8.0,8
SIRUVATTUR H,1.0,0.0,1.0,1.0,1.0,6.0,6
SISAI GULAB,1.0,0.0,1.0,1.0,1.0,8.0,8
SISARKA,1.75,0.46291,2.0,2.0,2.0,14.0,8
SISAUNA,1.0,0.0,1.0,1.0,1.0,6.0,6
SISIBORGAON,1.0,0.0,1.0,1.0,1.0,8.0,8
SISVINHALLI,1.0,0.0,1.0,1.0,1.0,13.0,13
SISWA BAZAR,2.066667,0.253708,2.0,2.55,3.0,62.0,30
SITABANJ,1.0,0.0,1.0,1.0,1.0,4.0,4
SITAFALMANDI,1.009091,0.095346,1.0,1.0,1.0,111.0,110
SITALNAGAR,1.0,0.0,1.0,1.0,1.0,8.0,8
SITALPUR,1.285714,0.468807,1.0,2.0,2.0,18.0,14
SITALPUR (BE,1.0,0.0,1.0,1.0,1.0,5.0,5
SITAMARHI,4.6875,4.568034,5.0,15.0,15.0,150.0,32
SITAMPET HAL,1.125,0.353553,1.0,1.65,1.93,9.0,8
SITANAGARAM,1.8,0.421637,2.0,2.0,2.0,18.0,10
SITAPUR CANT,55.470588,206.321349,10.0,200.75,916.8,1886.0,34
SITAPUR CITY,170.8125,349.908411,5.0,906.25,1029.25,2733.0,16
SITAPUR KUTC,1.0,0.0,1.0,1.0,1.0,6.0,6
SITAPURAM PH,1.0,0.0,1.0,1.0,1.0,4.0,4
SITARAMPUR J,1.738095,2.92224,1.0,2.0,12.62,73.0,42
SITHALAVAI H,1.0,0.0,1.0,1.0,1.0,10.0,10
SITHOULI,1.75,0.5,2.0,2.0,2.0,7.0,4
SITIMANI,1.0,0.0,1.0,1.0,1.0,5.0,5
SIURI,28.7,151.342304,1.0,2.0,589.88,861.0,30
SIVADI,1.0,0.0,1.0,1.0,1.0,4.0,4
SIVAGANGA,1.25,0.444262,1.0,2.0,2.0,25.0,20
SIVAKASI,1.0,0.0,1.0,1.0,1.0,10.0,10
SIVAPUR,1.0,0.0,1.0,1.0,1.0,6.0,6
SIVOK,1.0,0.0,1.0,1.0,1.0,8.0,8
SIVUNGAON,1.0,0.0,1.0,1.0,1.0,12.0,12
SIWAHA,1.0,0.0,1.0,1.0,1.0,6.0,6
SIWAITH,1.0,0.0,1.0,1.0,1.0,8.0,8
SIWAN JN.,4.626263,3.231181,5.0,10.0,15.0,458.0,99
SIWAN KACHER,1.266667,0.457738,1.0,2.0,2.0,19.0,15
SIWANI,1.583333,0.514929,2.0,2.0,2.0,19.0,12
SKPARA,1.0,0.0,1.0,1.0,1.0,6.0,6
SLEEMNABAD,1.533333,0.516398,2.0,2.0,2.0,23.0,15
SOBHAPUR,1.125,0.353553,1.0,1.65,1.93,9.0,8
SODPUR,1.0,0.0,1.0,1.0,1.0,219.0,219
SOGORA,1.0,0.0,1.0,1.0,1.0,12.0,12
SOHAGPUR,1.952381,0.218218,2.0,2.0,2.0,41.0,21
SOHAL,1.0,0.0,1.0,1.0,1.0,12.0,12
SOHANSRA,1.071429,0.267261,1.0,1.35,1.87,15.0,14
SOHWAL,1.05,0.223607,1.0,1.05,1.81,21.0,20
SOJAT ROAD,1.8,0.414039,2.0,2.0,2.0,27.0,15
SOLAGAMPATTI,1.0,0.0,1.0,1.0,1.0,24.0,24
SOLAN,2.166667,0.408248,2.0,2.75,2.95,13.0,6
SOLAPUR,25.530435,114.871578,10.0,15.0,726.4,2936.0,115
SOLARI,1.0,0.0,1.0,1.0,1.0,10.0,10
SOLDEVANAHAL,1.0,0.0,1.0,1.0,1.0,12.0,12
SOLUR,1.0,0.0,1.0,1.0,1.0,2.0,2
SOMALAPURAM,4.5,8.093207,1.0,16.25,20.05,27.0,6
SOMAN KATTI,1.0,0.0,1.0,1.0,1.0,4.0,4
SOMANAYAKKAN,1.0,0.0,1.0,1.0,1.0,4.0,4
SOMANUR,1.0,0.0,1.0,1.0,1.0,8.0,8
SOMESAR,1.5,0.534522,1.5,2.0,2.0,12.0,8
SOMESHWARA,1.0,0.0,1.0,1.0,1.0,4.0,4
SOMIDEVI PAL,1.0,0.0,1.0,1.0,1.0,10.0,10
SOMNA,1.0,0.0,1.0,1.0,1.0,14.0,14
SOMNATH,0.0,0.0,0.0,0.0,0.0,0.0,14
SOMPETA,1.8,0.40452,2.0,2.0,2.0,81.0,45
SOMPUR ROAD,1.0,0.0,1.0,1.0,1.0,2.0,2
SOMRA BAZAR,1.0,0.0,1.0,1.0,1.0,42.0,42
SOMTANE,1.0,0.0,1.0,1.0,1.0,8.0,8
SON NAGAR JN,1.21875,0.420013,1.0,2.0,2.0,39.0,32
SONA ARJUNPU,1.0,0.0,1.0,1.0,1.0,10.0,10
SONACHARA  S,1.0,0.0,1.0,1.0,1.0,2.0,2
SONADA,3.5,3.507136,2.0,8.75,9.75,21.0,6
SONADANGA,1.0,0.0,1.0,1.0,1.0,23.0,23
SONAGIR,2.0,0.0,2.0,2.0,2.0,16.0,8
SONAI,2.0,0.0,2.0,2.0,2.0,16.0,8
SONAILI,2.0,0.0,2.0,2.0,2.0,36.0,18
SONAKHAN,1.0,0.0,1.0,1.0,1.0,12.0,12
SONAMUKHI PH,0.818182,0.40452,1.0,1.0,1.0,9.0,11
SONARDIH,0.0,0.0,0.0,0.0,0.0,0.0,2
SONARPUR JN.,0.846809,0.372593,1.0,1.0,1.0,199.0,235
SONAUILM,2.0,,2.0,2.0,2.0,2.0,1
SONBARSA KAC,2.0,0.0,2.0,2.0,2.0,36.0,18
SONDAD,1.833333,0.389249,2.0,2.0,2.0,22.0,12
SONDALIA,1.022727,0.150756,1.0,1.0,1.57,45.0,44
SONDHA ROAD,2.0,0.0,2.0,2.0,2.0,12.0,6
SONDIMRA,1.0,0.0,1.0,1.0,1.0,4.0,4
SONEGAON,1.0,0.0,1.0,1.0,1.0,4.0,4
SONEKHPUR HA,1.0,0.0,1.0,1.0,1.0,8.0,8
SONGADH,1.181818,0.394771,1.0,2.0,2.0,26.0,22
SONI,2.0,0.0,2.0,2.0,2.0,16.0,8
SONIK,1.035714,0.188982,1.0,1.0,1.73,29.0,28
SONIPAT,1.757576,0.74546,2.0,2.0,3.05,116.0,66
SONIYANA,360.5,719.0,1.0,1223.3,1395.86,1442.0,4
SONKHAMB,1.0,0.0,1.0,1.0,1.0,4.0,4
SONPUR JN.,17.238095,139.910035,2.0,5.0,75.68,1810.0,105
SONTALAI,1.777778,0.971825,2.0,3.2,3.84,16.0,9
SONUA,1.0,0.0,1.0,1.0,1.0,12.0,12
SONUABARI,1.5,0.57735,1.5,2.0,2.0,6.0,4
SONWARA,1.5,0.707107,1.5,1.95,1.99,3.0,2
SOOROTHEE,1.0,0.0,1.0,1.0,1.0,4.0,4
SOPORE,1.0,0.0,1.0,1.0,1.0,18.0,18
SORAI,1.5,0.57735,1.5,2.0,2.0,6.0,4
SORBHOG,1.125,0.341565,1.0,2.0,2.0,18.0,16
SORO,1.3,0.466092,1.0,2.0,2.0,39.0,30
SORON SHUKAR,2.0,0.0,2.0,2.0,2.0,24.0,12
SORUPETA,1.0,0.0,1.0,1.0,1.0,12.0,12
SOVABAZAR-AH,1.0,0.0,1.0,1.0,1.0,27.0,27
SRAVANUR,1.0,0.0,1.0,1.0,1.0,6.0,6
SRI BALABRAH,1.0,0.0,1.0,1.0,1.0,12.0,12
SRI DUNGARGA,1.9375,0.25,2.0,2.0,2.0,31.0,16
SRI JHADESHW,1.0,0.0,1.0,1.0,1.0,7.0,7
SRI KALAHAST,1.557692,0.501506,2.0,2.0,2.0,81.0,52
SRI KALYAN P,1.5,0.707107,1.5,1.95,1.99,3.0,2
SRI KRISHNA,1.0,0.0,1.0,1.0,1.0,12.0,12
SRI RAMNAGAR,1.0625,0.25,1.0,1.25,1.85,17.0,16
SRI SATYA SA,20.791667,93.556297,2.0,4.55,355.35,499.0,24
SRI VIJAINAG,2.0,0.0,2.0,2.0,2.0,16.0,8
SRIDHAM,1.870968,0.340777,2.0,2.0,2.0,58.0,31
SRIKAKULAM R,2.333333,1.003617,2.0,5.0,5.0,217.0,93
SRINAGAR,3.625,2.498913,3.0,9.7,10.0,87.0,24
SRINIVASANAG,1.0,0.0,1.0,1.0,1.0,15.0,15
SRINIVASPUR,1.0,0.0,1.0,1.0,1.0,4.0,4
SRIPANI,1.0,0.0,1.0,1.0,1.0,8.0,8
SRIPUR HALT,1.0,0.0,1.0,1.0,1.0,10.0,10
SRIRAMPUR (A,1.0,0.0,1.0,1.0,1.0,4.0,4
SRIRAMPURAM,1.0,0.0,1.0,1.0,1.0,6.0,6
SRIRANGAM,1.481481,0.579812,1.0,2.0,2.74,40.0,27
SRIRANGAPATT,1.0625,0.25,1.0,1.25,1.85,17.0,16
SRIVAIKUNTAM,1.0,0.0,1.0,1.0,1.0,14.0,14
SRIVENKATAPE,1.25,0.5,1.0,1.85,1.97,5.0,4
SRIVENKATESW,1.0,0.0,1.0,1.0,1.0,10.0,10
SRIVILLIPUTT,1.0,0.0,1.0,1.0,1.0,10.0,10
SRUNGAVARAPU,3.0,0.0,3.0,3.0,3.0,6.0,2
SRUNGAVRUKSH,1.0,0.0,1.0,1.0,1.0,13.0,13
ST. THOMAS M,0.990783,0.095781,1.0,1.0,1.0,215.0,217
STUARTPURAM,1.0,0.0,1.0,1.0,1.0,14.0,14
SUAHERI HALT,1.0,0.0,1.0,1.0,1.0,4.0,4
SUBANSIRI,1.0,0.0,1.0,1.0,1.0,8.0,8
SUBARNAMRIGI,1.0,0.0,1.0,1.0,1.0,11.0,11
SUBEDARGANJ,1.5,0.57735,1.5,2.0,2.0,6.0,4
SUBHAGPUR,2.0,0.0,2.0,2.0,2.0,16.0,8
SUBHASGRAM,1.020548,0.248282,1.0,1.0,1.0,149.0,146
SUBRAHMANYA,4.375,3.20435,5.0,8.25,9.65,35.0,8
SUBZI MANDI,1.732143,0.44685,2.0,2.0,2.0,97.0,56
SUCHAN KOTLI,1.6,0.516398,2.0,2.0,2.0,16.0,10
SUCHIPIND HA,1.833333,0.408248,2.0,2.0,2.0,11.0,6
SUDAMDIH,1.153846,0.375534,1.0,2.0,2.0,15.0,13
SUDHANI,1.25,0.447214,1.0,2.0,2.0,20.0,16
SUDHRANA,1.5625,0.512348,2.0,2.0,2.0,25.0,16
SUDIYUR,1.0,0.0,1.0,1.0,1.0,8.0,8
SUDSAR,1.714286,0.468807,2.0,2.0,2.0,24.0,14
SUGAPAHARI H,1.0,0.0,1.0,1.0,1.0,20.0,20
SUI,1.125,0.353553,1.0,1.65,1.93,9.0,8
SUISA,1.0,0.0,1.0,1.0,1.0,5.0,5
SUJALPUR PH,1.0,0.0,1.0,1.0,1.0,5.0,5
SUJANGARH,2.722222,1.017815,3.0,5.0,5.0,49.0,18
SUJANPUR,1.7,0.483046,2.0,2.0,2.0,17.0,10
SUJATAPURAM,1.0,0.0,1.0,1.0,1.0,10.0,10
SUJNIPARA,1.0,0.0,1.0,1.0,1.0,16.0,16
SUJRA,1.0,0.0,1.0,1.0,1.0,22.0,22
SUKHCHAIN,1.25,0.46291,1.0,2.0,2.0,10.0,8
SUKHI SEWANI,1.5,0.57735,1.5,2.0,2.0,6.0,4
SUKINDA ROAD,1.5,0.534522,1.5,2.0,2.0,12.0,8
SUKLI,1.0,0.0,1.0,1.0,1.0,8.0,8
SUKNA,2.0,0.0,2.0,2.0,2.0,4.0,2
SUKRIMANGELA,1.8,0.447214,2.0,2.0,2.0,9.0,5
SUKRITIPUR,1.0,0.0,1.0,1.0,1.0,2.0,2
SUKU,1.0,0.0,1.0,1.0,1.0,2.0,2
SULAH HIMACH,1.0,0.0,1.0,1.0,1.0,10.0,10
SULDHAL,1.3,0.674949,1.0,2.55,2.91,13.0,10
SULEBHAVI,1.3,0.483046,1.0,2.0,2.0,13.0,10
SULEHALLI,1.0,0.0,1.0,1.0,1.0,5.0,5
SULERJAVALGE,1.0,0.0,1.0,1.0,1.0,5.0,5
SULHANI,1.0,0.0,1.0,1.0,1.0,7.0,7
SULLURUPETTA,208.945946,419.959812,2.0,1247.5,1369.05,15462.0,74
SULTANABAD H,1.0,0.0,1.0,1.0,1.0,4.0,4
SULTANGANJ,63.666667,228.24676,1.0,417.0,1065.4,3629.0,57
SULTANPUR,1.0,0.0,1.0,1.0,1.0,4.0,4
SULTANPUR JN,3.342857,3.082845,2.0,7.75,15.0,234.0,70
SULTANPUR KA,1.0,0.0,1.0,1.0,1.0,12.0,12
SULTANPUR LO,1.9375,0.25,2.0,2.0,2.0,31.0,16
SULUR ROAD,1.0,0.0,1.0,1.0,1.0,7.0,7
SUMAOLI,2.5,1.224745,2.0,4.25,4.85,15.0,6
SUMER,1.5,0.57735,1.5,2.0,2.0,6.0,4
SUMMA DEVI,1.0,0.0,1.0,1.0,1.0,7.0,7
SUMMER HILL,5.833333,7.782459,1.5,17.5,19.5,35.0,6
SUMMIT,1.166667,0.408248,1.0,1.75,1.95,7.0,6
SUMRERI,2.0,0.0,2.0,2.0,2.0,16.0,8
SUNAM,1.923077,0.392232,2.0,2.0,2.75,50.0,26
SUNDARAPERUM,1.0,0.0,1.0,1.0,1.0,12.0,12
SUNDERABAD,1.0,0.0,1.0,1.0,1.0,8.0,8
SUNDHIA MAU,1.75,0.46291,2.0,2.0,2.0,14.0,8
SUNDLAK,1.0,0.0,1.0,1.0,1.0,2.0,2
SUNEHRA,1.0,0.0,1.0,1.0,1.0,24.0,24
SUNEHTI KHAR,1.0,0.0,1.0,1.0,1.0,9.0,9
SUNMAI HALT,1.0,0.0,1.0,1.0,1.0,6.0,6
SUPEDI,1.0,0.0,1.0,1.0,1.0,2.0,2
SUPPALAPADU,1.0,0.0,1.0,1.0,1.0,4.0,4
SUPRAKANDI,1.0,0.0,1.0,1.0,1.0,6.0,6
SUR,,,,,,,0
SURA NUSSI,1.555556,0.527046,2.0,2.0,2.0,14.0,9
SURAIMANPUR,1.8125,0.396558,2.0,2.0,2.0,58.0,32
SURAJGARH,1.625,0.517549,2.0,2.0,2.0,13.0,8
SURAJKUNDA,1.166667,0.408248,1.0,1.75,1.95,7.0,6
SURAJPUR ROA,2.0,0.0,2.0,2.0,2.0,16.0,8
SURAREDDIPAL,1.1,0.316228,1.0,1.55,1.91,11.0,10
SURASARAIGHA,2.0,0.0,2.0,2.0,2.0,8.0,4
SURAT,19.893082,128.414677,5.0,12.0,554.6,6326.0,318
SURATGARH JN,4.571429,6.108267,0.0,16.5,20.0,160.0,35
SURATHKAL,1.590909,0.73414,1.5,2.0,3.58,35.0,22
SURATPURA JN,1.0,0.0,1.0,1.0,1.0,6.0,6
SURAVALI (H),1.142857,0.534522,1.0,1.7,2.74,16.0,14
SURELI,1.0,0.0,1.0,1.0,1.0,2.0,2
SURENDRANAGA,2.836207,4.468136,2.0,10.0,21.7,329.0,116
SURER,1.0,0.0,1.0,1.0,1.0,6.0,6
SURERA,1.0,0.0,1.0,1.0,1.0,2.0,2
SURGAON BANJ,1.666667,0.516398,2.0,2.0,2.0,10.0,6
SURIAWAN,1.1875,0.403113,1.0,2.0,2.0,19.0,16
SURJAKAMAL,1.166667,0.408248,1.0,1.75,1.95,7.0,6
SURJYAPUR,26.696429,192.15845,1.0,1.0,648.65,1495.0,56
SURLA ROAD,1.0,0.0,1.0,1.0,1.0,7.0,7
SURPURA,1.25,0.5,1.0,1.85,1.97,5.0,4
SUSKAL,1.0,0.0,1.0,1.0,1.0,8.0,8
SUWANSA,1.0,0.0,1.0,1.0,1.0,4.0,4
SUWASRA,1.55,0.510418,2.0,2.0,2.0,31.0,20
SWADINPUR,1.038462,0.196116,1.0,1.0,1.75,27.0,26
SWAMI MALAI,1.0,0.0,1.0,1.0,1.0,12.0,12
SWAMI NARAYA,2.0,0.0,2.0,2.0,2.0,20.0,10
SWARUPGANJ,1.333333,0.516398,1.0,2.0,2.0,8.0,6
Saifee Nagar,1.0,0.0,1.0,1.0,1.0,22.0,22
T.SAKIBANDA,1.0,0.0,1.0,1.0,1.0,8.0,8
TADA,1.0,0.0,1.0,1.0,1.0,34.0,34
TADAKAL PUDI,1.0,0.0,1.0,1.0,1.0,12.0,12
TADALI JN.,1.0,0.0,1.0,1.0,1.0,4.0,4
TADEPALLI GU,1.321429,0.49481,1.0,2.0,2.17,111.0,84
TADIPATRI,1.674419,0.474137,2.0,2.0,2.0,72.0,43
TADLAPUSAPAL,1.0,0.0,1.0,1.0,1.0,10.0,10
TADUKU,1.25,0.46291,1.0,2.0,2.0,10.0,8
TADWAL,1.285714,1.069045,1.0,2.4,4.48,18.0,14
TAGDI,1.0,0.0,1.0,1.0,1.0,4.0,4
TAHERPUR,1.017857,0.133631,1.0,1.0,1.45,57.0,56
TAHSIL BHADR,2.5,0.57735,2.5,3.0,3.0,10.0,4
TAHSIL FATEH,1.9,0.316228,2.0,2.0,2.0,19.0,10
TAIABPUR,1.0,0.0,1.0,1.0,1.0,8.0,8
TAJ NAGAR,1.0,0.0,1.0,1.0,1.0,18.0,18
TAJPUR,1.0,0.0,1.0,1.0,1.0,6.0,6
TAJPUR DEHMA,1.4,0.516398,1.0,2.0,2.0,14.0,10
TAKARI,1.285714,0.726273,1.0,3.0,3.0,18.0,14
TAKARKHEDE,2.0,0.0,2.0,2.0,2.0,8.0,4
TAKAZHI,1.0,0.0,1.0,1.0,1.0,10.0,10
TAKHA,1.0,0.0,1.0,1.0,1.0,4.0,4
TAKHRAU HALT,1.0,0.0,1.0,1.0,1.0,4.0,4
TAKI ROAD,1.0,0.0,1.0,1.0,1.0,44.0,44
TAKIA,1.25,0.46291,1.0,2.0,2.0,10.0,8
TAKIPUR,1.0,0.0,1.0,1.0,1.0,12.0,12
TAKIPUR HALT,1.0,0.0,1.0,1.0,1.0,4.0,4
TAKLI,1.0,0.0,1.0,1.0,1.0,6.0,6
TAKLIMIYA HA,1.0,0.0,1.0,1.0,1.0,6.0,6
TAKSAL,1.5,0.707107,1.5,1.95,1.99,3.0,2
TAKU,1.0,0.0,1.0,1.0,1.0,4.0,4
TALABURU,1.0,0.0,1.0,1.0,1.0,6.0,6
TALAIVASAL,1.0,0.0,1.0,1.0,1.0,6.0,6
TALAIYUTHU,1.1,0.316228,1.0,1.55,1.91,11.0,10
TALAJA PANCH,1.0,0.0,1.0,1.0,1.0,16.0,16
TALAKHAJURI,1.0,0.0,1.0,1.0,1.0,10.0,10
TALALA JN,20.7,15.246493,20.0,40.0,40.0,207.0,10
TALAMADUGU H,1.0,0.0,1.0,1.0,1.0,4.0,4
TALAMANCHI,1.142857,0.377964,1.0,1.7,1.94,8.0,7
TALANALLUR,1.0,0.0,1.0,1.0,1.0,6.0,6
TALANDU,1.0,0.0,1.0,1.0,1.0,65.0,65
TALAP,2.0,0.0,2.0,2.0,2.0,4.0,2
TALARA,2.0,0.0,2.0,2.0,2.0,28.0,14
TALAVLI,1.0,0.0,1.0,1.0,1.0,4.0,4
TALBAHAT,1.875,0.341565,2.0,2.0,2.0,30.0,16
TALCHER,108.125,348.606153,25.0,376.25,1207.25,1730.0,16
TALCHER ROAD,1.75,0.588348,2.0,2.0,3.22,70.0,40
TALCHHAPAR,1.25,0.46291,1.0,2.0,2.0,10.0,8
TALDI,1.0,0.0,1.0,1.0,1.0,58.0,58
TALEGAON,25.637931,187.637547,1.0,2.0,616.04,1487.0,58
TALGARIA,1.0,0.0,1.0,1.0,1.0,4.0,4
TALGUPPA,0.0,0.0,0.0,0.0,0.0,0.0,8
TALHERI BAZU,1.142857,0.363137,1.0,2.0,2.0,16.0,14
TALIT,1.0,0.0,1.0,1.0,1.0,42.0,42
TALJHARI,1.0,0.0,1.0,1.0,1.0,22.0,22
TALL JN.,1.136364,0.35125,1.0,2.0,2.0,25.0,22
TALLA,2.37037,3.854549,1.0,6.0,16.36,64.0,27
TALLI SAIDA,1.0,0.0,1.0,1.0,1.0,10.0,10
TALMADLA,1.0,0.0,1.0,1.0,1.0,10.0,10
TALNI,1.166667,0.408248,1.0,1.75,1.95,7.0,6
TALODI,1.875,0.353553,2.0,2.0,2.0,15.0,8
TALPUR,1.0,0.0,1.0,1.0,1.0,4.0,4
TALVADIYA,1.857143,0.363137,2.0,2.0,2.0,26.0,14
TALWANDI,2.0,0.0,2.0,2.0,2.0,32.0,16
TALWARA JHIL,2.0,0.0,2.0,2.0,2.0,8.0,4
TAMARAIPADI,1.0,0.0,1.0,1.0,1.0,4.0,4
TAMBARAM,0.926267,1.804306,0.0,5.0,10.0,402.0,434
TAMBARAM SAN,1.130952,0.338357,1.0,2.0,2.0,190.0,168
TAMKUHI ROAD,1.5,0.527046,1.5,2.0,2.0,15.0,10
TAMLUK,1.685714,0.758149,2.0,2.0,3.98,59.0,35
TAMNA,1.0,0.0,1.0,1.0,1.0,16.0,16
TANAKALLU,1.0,0.0,1.0,1.0,1.0,4.0,4
TANDA-URMAR,1.956522,0.208514,2.0,2.0,2.0,45.0,23
TANDARAI,1.0,0.0,1.0,1.0,1.0,6.0,6
TANDAVAPURA,1.0,0.0,1.0,1.0,1.0,10.0,10
TANDUR,1.065217,0.489997,1.0,2.0,2.0,49.0,46
TANDWAL,1.2,0.414039,1.0,2.0,2.0,18.0,15
TANGARMUNDA,1.0,0.0,1.0,1.0,1.0,12.0,12
TANGIRIAPAL,1.0,0.0,1.0,1.0,1.0,4.0,4
TANGLA,2.0,0.0,2.0,2.0,2.0,40.0,20
TANGRA,1.9,0.316228,2.0,2.0,2.0,19.0,10
TANGRABASULI,1.0,0.0,1.0,1.0,1.0,8.0,8
TANGUTURU,1.5,2.0,1.0,3.0,7.8,24.0,16
TANIJAN,1.166667,0.408248,1.0,1.75,1.95,7.0,6
TANKUPPA,1.833333,0.389249,2.0,2.0,2.0,22.0,12
TANTPUR,0.0,0.0,0.0,0.0,0.0,0.0,2
TANUKU,1.147059,0.359491,1.0,2.0,2.0,39.0,34
TANUR,1.214286,0.417855,1.0,2.0,2.0,34.0,28
TAPA,1.863636,0.35125,2.0,2.0,2.0,41.0,22
TAPANG,1.0,0.0,1.0,1.0,1.0,10.0,10
TAPASI,1.0,0.0,1.0,1.0,1.0,2.0,2
TAPPA KHAJUR,2.0,0.0,2.0,2.0,2.0,16.0,8
TAPRI JN.,1.418605,0.499169,1.0,2.0,2.0,61.0,43
TARABARI,1.0,0.0,1.0,1.0,1.0,2.0,2
TARADEVI,1.166667,0.408248,1.0,1.75,1.95,7.0,6
TARAK NAGAR,1.0,0.0,1.0,1.0,1.0,38.0,38
TARAKESHWAR,17.291667,89.55924,0.0,5.0,418.6,1245.0,72
TARANA ROAD,1.5,0.514496,1.5,2.0,2.0,27.0,18
TARAON,1.285714,0.468807,1.0,2.0,2.0,18.0,14
TARAORI,1.333333,0.485071,1.0,2.0,2.0,24.0,18
TARAPITH ROA,1.0,0.0,1.0,1.0,1.0,23.0,23
TARAPUR,1.0,0.0,1.0,1.0,1.0,16.0,16
TARCHHERA BA,1.0,0.0,1.0,1.0,1.0,6.0,6
TAREGNA,1.882353,0.685994,2.0,2.0,4.01,64.0,34
TARGAON,1.0,0.0,1.0,1.0,1.0,8.0,8
TARI GOPPULA,1.0,0.0,1.0,1.0,1.0,21.0,21
TARIASUJAN,1.5,0.534522,1.5,2.0,2.0,12.0,8
TARIGHAT,0.0,0.0,0.0,0.0,0.0,0.0,6
TARIKERE,1.6,0.502625,2.0,2.0,2.0,32.0,20
TARLUPADU,1.0,0.0,1.0,1.0,1.0,12.0,12
TARN TARAN,1.0,1.032796,1.0,2.0,2.0,16.0,16
TAROPA,1.5,0.707107,1.5,1.95,1.99,3.0,2
TARRA KALAN,2.0,0.0,2.0,2.0,2.0,8.0,4
TARSAI,1.0,0.0,1.0,1.0,1.0,10.0,10
TARSARAI,2.0,0.0,2.0,2.0,2.0,40.0,20
TARUR,1.0,0.0,1.0,1.0,1.0,15.0,15
TARWATA,2.0,0.0,2.0,2.0,2.0,8.0,4
TATANAGAR JN,20.170213,130.483823,5.0,20.0,388.0,2844.0,141
TATAPPARAI,1.0,0.0,1.0,1.0,1.0,4.0,4
TATASIGUA,1.0,0.0,1.0,1.0,1.0,6.0,6
TATI,1.0,0.0,1.0,1.0,1.0,4.0,4
TATI CHERLA,1.375,1.06066,1.0,2.95,3.79,11.0,8
TATIBAHAR,1.4,0.516398,1.0,2.0,2.0,14.0,10
TATISILWAI,1.0,0.0,1.0,1.0,1.0,19.0,19
TAUHEED,1.0,0.0,1.0,1.0,1.0,4.0,4
TAVARGATTI,1.2,0.447214,1.0,1.8,1.96,6.0,5
TEEGAON,1.25,0.5,1.0,1.85,1.97,5.0,4
TEGHRA,1.133333,0.345746,1.0,2.0,2.0,34.0,30
TEHARKA,1.75,0.5,2.0,2.0,2.0,7.0,4
TEHTA,1.153846,0.367946,1.0,2.0,2.0,30.0,26
TEJGADH,1.0,0.0,1.0,1.0,1.0,8.0,8
TEJPURWA (HA,1.0,0.0,1.0,1.0,1.0,4.0,4
TEK NEWAS,1.5,0.518875,1.5,2.0,2.0,21.0,14
TEKA BIGHA,1.066667,0.258199,1.0,1.3,1.86,16.0,15
TEKKALI,1.0,0.0,1.0,1.0,1.0,6.0,6
TEKTAR F,1.0,0.0,1.0,1.0,1.0,2.0,2
TELAM,1.2,0.421637,1.0,2.0,2.0,12.0,10
TELAPROLU,1.2,0.632456,1.0,2.1,2.82,12.0,10
TELIA,1.0,0.0,1.0,1.0,1.0,6.0,6
TELIAMURA,1.0,0.0,1.0,1.0,1.0,6.0,6
TELO,1.583333,0.668558,1.5,2.45,2.89,19.0,12
TELTA,1.125,0.619139,1.0,2.0,2.0,18.0,16
TEMBURU,1.0,0.0,1.0,1.0,1.0,4.0,4
TEMPA,1.0,0.0,1.0,1.0,1.0,8.0,8
TENALI JN.,1.832168,2.288939,1.0,5.0,10.58,262.0,143
TENERI HALT,1.0,,1.0,1.0,1.0,1.0,1
TENGANMADA,1.666667,0.492366,2.0,2.0,2.0,20.0,12
TENKASI,1.666667,0.970143,1.5,2.45,4.49,30.0,18
TENNERU HALT,1.0,0.0,1.0,1.0,1.0,16.0,16
TENYA,1.0,0.0,1.0,1.0,1.0,26.0,26
TERHA HALT,1.0,0.0,1.0,1.0,1.0,4.0,4
TETELIA,1.5,0.57735,1.5,2.0,2.0,6.0,4
TETTU,1.0,0.0,1.0,1.0,1.0,9.0,9
TETULMARI,1.576923,0.503831,2.0,2.0,2.0,41.0,26
TEZNARAYANPU,59.375,167.937861,0.0,308.75,441.75,475.0,8
THADI,1.0,0.0,1.0,1.0,1.0,6.0,6
THAIYAT HAMI,2.0,0.0,2.0,2.0,2.0,4.0,2
THAKURBARI,1.0,0.0,1.0,1.0,1.0,10.0,10
THAKURGANJ,1.916667,0.288675,2.0,2.0,2.0,23.0,12
THAKURKUCHI,1.2,0.421637,1.0,2.0,2.0,12.0,10
THAKURLI,1.027027,0.162602,1.0,1.0,2.0,190.0,185
THAKURNAGAR,0.985075,0.21267,1.0,1.0,1.34,66.0,67
THAKURTOLA P,1.2,0.632456,1.0,2.1,2.82,12.0,10
THALAKU,1.0,0.0,1.0,1.0,1.0,4.0,4
THALANGAI,1.083333,0.288675,1.0,1.45,1.89,13.0,12
THALASSERY,1.871429,0.337142,2.0,2.0,2.0,131.0,70
THALERA,1.75,0.5,2.0,2.0,2.0,7.0,4
THALWARA,2.0,0.0,2.0,2.0,2.0,40.0,20
THAM,1.0,0.0,1.0,1.0,1.0,2.0,2
THAMLA MOGAN,1.0,0.0,1.0,1.0,1.0,4.0,4
THAN,2.458333,2.903958,2.0,2.0,12.78,59.0,24
THANA BHAWAN,1.04,0.2,1.0,1.0,1.76,26.0,25
THANA BIHPUR,1.8,0.408248,2.0,2.0,2.0,45.0,25
THANDLA ROAD,1.071429,0.267261,1.0,1.35,1.87,15.0,14
THANE,397.16206,471.357611,3.0,1245.25,1383.3,316141.0,796
THANESAR CIT,1.0,0.0,1.0,1.0,1.0,10.0,10
THANGUNDI,1.0,0.0,1.0,1.0,1.0,4.0,4
THANJAVUR JN,46.441176,211.289317,2.0,34.75,1152.7,3158.0,68
THANPAR NAGA,1.0625,0.25,1.0,1.25,1.85,17.0,16
THANSIT,1.0,0.0,1.0,1.0,1.0,36.0,36
THARA,2.0,0.0,2.0,2.0,2.0,8.0,4
THARSA,2.0,0.0,2.0,2.0,2.0,24.0,12
THARWAI,1.0,0.0,1.0,1.0,1.0,6.0,6
THASRA,1.0,0.0,1.0,1.0,1.0,9.0,9
THATHANA MIT,1.0,0.0,1.0,1.0,1.0,2.0,2
THATHANKULAM,1.0,0.0,1.0,1.0,1.0,12.0,12
THAWE JN.,66.772727,304.497546,0.0,10.0,1131.8,1469.0,22
THEH QALANDA,1.0,0.0,1.0,1.0,1.0,10.0,10
THEKERAGURI,1.5,0.57735,1.5,2.0,2.0,6.0,4
THERBAN HALT,1.0,0.0,1.0,1.0,1.0,4.0,4
THERUBALI,2.0,0.0,2.0,2.0,2.0,40.0,20
THIPPARTHI,1.0,0.0,1.0,1.0,1.0,6.0,6
THIRUMAYILAI,1.004348,0.065938,1.0,1.0,1.0,231.0,230
THIRUMULLAIV,1.0,0.0,1.0,1.0,1.0,184.0,184
THIRUTHURAIY,1.0,0.0,1.0,1.0,1.0,6.0,6
THIRUVARUR J,6.344828,5.38036,5.0,10.0,20.8,184.0,29
THIVIM,1.884615,0.758064,2.0,2.0,5.0,98.0,52
THOKUR,3.666667,6.531973,1.0,13.0,16.2,22.0,6
THONDE BHAVI,1.0,0.0,1.0,1.0,1.0,4.0,4
THONGANUR H,1.0,0.0,1.0,1.0,1.0,8.0,8
THURAVUR,1.0,0.0,1.0,1.0,1.0,25.0,25
THURIA,1.25,0.46291,1.0,2.0,2.0,10.0,8
THUWAVI,1.0,0.0,1.0,1.0,1.0,8.0,8
TIBI,2.0,0.0,2.0,2.0,2.0,8.0,4
TIHU,1.125,0.341565,1.0,2.0,2.0,18.0,16
TIK,1.0,0.0,1.0,1.0,1.0,9.0,9
TIKAMGARH,2.0,0.0,2.0,2.0,2.0,8.0,4
TIKANI,1.7,2.213594,1.0,4.85,7.37,17.0,10
TIKARIYA,1.333333,0.516398,1.0,2.0,2.0,8.0,6
TIKAULI RAWA,1.0,0.0,1.0,1.0,1.0,6.0,6
TIKEKARWADI,1.142857,0.363137,1.0,2.0,2.0,16.0,14
TIKIAPARA,1.0,0.0,1.0,1.0,1.0,96.0,96
TIKIRAPAL PH,1.0,0.0,1.0,1.0,1.0,14.0,14
TIKIRI,2.0,0.0,2.0,2.0,2.0,24.0,12
TIKKOTTI,1.0,0.0,1.0,1.0,1.0,8.0,8
TIKRA PH,1.0,0.0,1.0,1.0,1.0,5.0,5
TIKRI HALT,1.875,0.353553,2.0,2.0,2.0,15.0,8
TIKUNIA,118.857143,343.541478,2.0,688.0,1145.6,1664.0,14
TILA,1.5,0.707107,1.5,1.95,1.99,3.0,2
TILAIYA,1.7,1.301821,1.5,5.0,5.0,34.0,20
TILAK BRIDGE,0.934579,0.283876,1.0,1.0,1.0,100.0,107
TILARU,1.615385,0.50637,2.0,2.0,2.0,21.0,13
TILATI,1.142857,0.377964,1.0,1.7,1.94,8.0,7
TILAUNCHI,2.0,0.0,2.0,2.0,2.0,8.0,4
TILBHITA,1.0,0.0,1.0,1.0,1.0,17.0,17
TILBHUM,1.0,0.0,1.0,1.0,1.0,4.0,4
TILDA,1.818182,0.390154,2.0,2.0,2.0,80.0,44
TILDANGA,1.071429,0.267261,1.0,1.35,1.87,15.0,14
TILHAR,2.045455,0.213201,2.0,2.0,2.79,45.0,22
TILONIYA,1.0,0.0,1.0,1.0,1.0,4.0,4
TILRATH,0.666667,0.492366,1.0,1.0,1.0,8.0,12
TILWARA,1.2,0.447214,1.0,1.8,1.96,6.0,5
TIMARNI,1.529412,0.514496,2.0,2.0,2.0,26.0,17
TIMBA ROAD J,1.0,0.0,1.0,1.0,1.0,9.0,9
TIMBARVA,1.0,0.0,1.0,1.0,1.0,5.0,5
TIMMACHIPURA,1.0,0.0,1.0,1.0,1.0,5.0,5
TIMMANACHERL,1.0,0.0,1.0,1.0,1.0,6.0,6
TIMMAPUR,1.0,0.0,1.0,1.0,1.0,20.0,20
TIMMAPURAM H,1.333333,0.816497,1.0,2.5,2.9,8.0,6
TIMTALA,1.333333,0.816497,1.0,2.5,2.9,8.0,6
TIN MILE HAT,1.0,0.0,1.0,1.0,1.0,2.0,2
TINAIGHAT,1.0,0.0,1.0,1.0,1.0,2.0,2
TINDAULI,1.0,0.0,1.0,1.0,1.0,4.0,4
TINDHARIA,1.5,0.707107,1.5,1.95,1.99,3.0,2
TINDIVANAM,1.868421,0.34257,2.0,2.0,2.0,71.0,38
TINGRAI,2.0,0.0,2.0,2.0,2.0,8.0,4
TINICH,2.0,0.0,2.0,2.0,2.0,16.0,8
TINKHEDA,1.333333,0.57735,1.0,1.9,1.98,4.0,3
TINNAPATTI,1.0,0.0,1.0,1.0,1.0,8.0,8
TINPAHAR JN.,0.68,0.471212,1.0,1.0,1.0,34.0,50
TINPHERIA (H,1.375,0.517549,1.0,2.0,2.0,11.0,8
TINSUKIA JN.,1.125,1.746425,0.0,5.0,5.0,18.0,16
TIPKAI,1.0,0.0,1.0,1.0,1.0,6.0,6
TIPLING,1.0,0.0,1.0,1.0,1.0,6.0,6
TIPPAPUR HAL,1.0,0.0,1.0,1.0,1.0,11.0,11
TIPPESANDRA,1.0,0.0,1.0,1.0,1.0,2.0,2
TIPTUR,1.714286,0.456435,2.0,2.0,2.0,84.0,49
TIRALDIH,1.0,0.0,1.0,1.0,1.0,5.0,5
TIRODI,133.75,269.74525,0.0,595.0,707.0,1070.0,8
TIRORA,1.916667,0.28233,2.0,2.0,2.0,46.0,24
TIRUCHANUR,1.0,0.0,1.0,1.0,1.0,2.0,2
TIRUCHCHULI,1.0,0.0,1.0,1.0,1.0,4.0,4
TIRUCHENDUR,0.0,0.0,0.0,0.0,0.0,0.0,14
TIRUCHIRAPPA,45.95082,218.65378,2.0,19.5,1430.0,8409.0,183
TIRUKKOVILUR,1.214286,0.425815,1.0,2.0,2.0,17.0,14
TIRUMAIYAM,1.0,0.0,1.0,1.0,1.0,8.0,8
TIRUMALAIRAY,1.0,0.0,1.0,1.0,1.0,7.0,7
TIRUMALPUR,0.172414,0.384426,0.0,1.0,1.0,5.0,29
TIRUMANGALAM,1.0,0.0,1.0,1.0,1.0,19.0,19
TIRUMATHIKKU,1.0,0.0,1.0,1.0,1.0,9.0,9
TIRUNAGESVAR,1.0,0.0,1.0,1.0,1.0,10.0,10
TIRUNELVELI,26.45977,139.480165,1.0,13.5,904.2,2302.0,87
TIRUNINRAVUR,3.682796,36.588455,1.0,1.0,1.0,685.0,186
TIRUNNAVAYA,1.071429,0.267261,1.0,1.35,1.87,15.0,14
TIRUPARANKUN,1.0,0.0,1.0,1.0,1.0,15.0,15
TIRUPATI,20.108844,126.944985,0.0,5.0,752.8,2956.0,147
TIRUPATI WES,1.333333,1.154701,1.0,2.8,4.56,16.0,12
TIRUPATTUR,1.46875,1.015505,1.0,3.35,5.0,47.0,32
TIRUPPACHETT,1.0,0.0,1.0,1.0,1.0,6.0,6
TIRUPPADIRIP,1.551724,0.685889,1.0,2.0,3.44,45.0,29
TIRUPPUR,2.04375,0.439366,2.0,2.0,5.0,327.0,160
TIRUPPUVANAM,1.0,0.0,1.0,1.0,1.0,6.0,6
TIRUR,1.85,0.359324,2.0,2.0,2.0,148.0,80
TIRUSULAM,1.0,0.0,1.0,1.0,1.0,169.0,169
TIRUTTANGAL,1.0,0.0,1.0,1.0,1.0,10.0,10
TIRUTTANI,148.533333,351.988188,2.0,1078.0,1313.4,11140.0,75
TIRUVALAM,1.416667,1.1645,1.0,3.35,4.67,17.0,12
TIRUVALANGAD,1.0,0.0,1.0,1.0,1.0,85.0,85
TIRUVALLA,1.461538,1.306616,1.0,2.0,9.82,152.0,104
TIRUVALLUR,148.368421,339.986458,1.0,1082.0,1246.8,31009.0,209
TIRUVANNAMAL,2.5,1.653872,2.0,5.0,5.0,45.0,18
TIRUVENNAMAL,1.0,0.0,1.0,1.0,1.0,2.0,2
TIRUVERUMBUR,1.038462,0.196116,1.0,1.0,1.75,27.0,26
TIRUVIDAIMAR,1.0,0.0,1.0,1.0,1.0,10.0,10
TIRUVIZHA,1.0,0.0,1.0,1.0,1.0,8.0,8
TIRUVOTTIYUR,1.0,0.0,1.0,1.0,1.0,104.0,104
TISI,2.25,0.5,2.0,2.85,2.97,9.0,4
TISUA,1.222222,0.440959,1.0,2.0,2.0,11.0,9
TITA GARH,1.009524,0.097356,1.0,1.0,1.0,212.0,210
TITABAR,2.0,0.0,2.0,2.0,2.0,16.0,8
TITLA GARH J,34.117647,172.039871,10.0,30.0,492.0,2320.0,68
TITTE,1.0,0.0,1.0,1.0,1.0,12.0,12
TITUR,1.0,0.0,1.0,1.0,1.0,8.0,8
TITVALA,3.025806,25.386863,1.0,1.0,40.56,469.0,155
TIVARI,2.0,0.0,2.0,2.0,2.0,12.0,6
TODARPUR,1.6,0.516398,2.0,2.0,2.0,16.0,10
TODIYAPPULAM,1.0,0.0,1.0,1.0,1.0,12.0,12
TOHANA,1.774194,0.425024,2.0,2.0,2.0,55.0,31
TOKISUD,1.375,0.517549,1.0,2.0,2.0,11.0,8
TOKKUTTU,1.75,1.5,1.0,3.55,3.91,7.0,4
TOKOPAL,1.0,0.0,1.0,1.0,1.0,2.0,2
TOLAHUNSE,1.0,0.0,1.0,1.0,1.0,10.0,10
TOLLY GANJ,1.0,0.0,1.0,1.0,1.0,83.0,83
TOLRA,1.166667,0.389249,1.0,2.0,2.0,14.0,12
TOMKA,1.0,0.0,1.0,1.0,1.0,4.0,4
TONDALAGOPAV,1.0,0.0,1.0,1.0,1.0,5.0,5
TONDAMANPATT,1.090909,0.426401,1.0,1.0,2.58,24.0,22
TONDIARPET,1.009615,0.098058,1.0,1.0,1.0,105.0,104
TOPPUR,1.0,0.0,1.0,1.0,1.0,4.0,4
TORANAGALLU,1.3,0.470162,1.0,2.0,2.0,26.0,20
TORANG,1.0,0.0,1.0,1.0,1.0,5.0,5
TORI,2.7,1.622046,2.0,5.0,5.0,81.0,30
TORNIYA,1.0,0.0,1.0,1.0,1.0,4.0,4
TOTEWAHI HAL,1.0,0.0,1.0,1.0,1.0,8.0,8
TOTIYAPALAIY,1.0,0.0,1.0,1.0,1.0,7.0,7
TOVALAI H.,1.0,0.0,1.0,1.0,1.0,4.0,4
TOZHUPPEDU,1.5,0.707107,1.5,1.95,1.99,3.0,2
TRIBEDIGANJ,1.0,0.0,1.0,1.0,1.0,6.0,6
TRIBENI,1.0,0.0,1.0,1.0,1.0,42.0,42
TRICHUR,2.791262,0.916047,3.0,5.0,5.0,575.0,206
TRIKARPUR,1.0,0.0,1.0,1.0,1.0,10.0,10
TRILOCHAN MA,1.0,0.0,1.0,1.0,1.0,12.0,12
TRILOKPUR (H,1.333333,0.516398,1.0,2.0,2.0,8.0,6
TRIPAL,1.0,0.0,1.0,1.0,1.0,13.0,13
TRIPUNITTURA,1.0,0.0,1.0,1.0,1.0,30.0,30
TRIVANDRAM P,1.0,0.0,1.0,1.0,1.0,26.0,26
TRIVANDRUM C,23.578431,128.352812,0.0,10.0,547.35,2405.0,102
TRIVIKARAMDE,1.0,0.0,1.0,1.0,1.0,4.0,4
TSUNDURU,1.0,0.0,1.0,1.0,1.0,17.0,17
TUFANGANJ,1.0,0.0,1.0,1.0,1.0,6.0,6
TUGALAKABAD,1.142857,0.353094,1.0,2.0,2.0,64.0,56
TUGGALI,1.0,0.0,1.0,1.0,1.0,8.0,8
TULIN,1.0,0.0,1.0,1.0,1.0,16.0,16
TULJAPUR,1.142857,0.377964,1.0,1.7,1.94,8.0,7
TULSI ASHRAR,1.285714,0.48795,1.0,2.0,2.0,9.0,7
TULSI NAGAR,1.0,0.0,1.0,1.0,1.0,4.0,4
TULSIPUR,2.947368,1.432701,2.0,5.0,5.0,56.0,19
TULUKAPATTI,1.0,0.0,1.0,1.0,1.0,2.0,2
TUMBOLI H.,1.0,0.0,1.0,1.0,1.0,8.0,8
TUMKUR,1.7375,0.61095,2.0,2.0,2.21,139.0,80
TUMMALACHERU,1.0,0.0,1.0,1.0,1.0,8.0,8
TUMMANAM GUT,1.0,0.0,1.0,1.0,1.0,4.0,4
TUMSAR RD,26.272727,127.507294,2.0,5.0,574.2,1156.0,44
TUMSAR TOWN,1.0,0.0,1.0,1.0,1.0,8.0,8
TUNDLA JN,6.288136,7.03119,5.0,10.0,35.0,742.0,118
TUNDU,1.0,0.0,1.0,1.0,1.0,2.0,2
TUNG,3.166667,3.710346,1.0,8.75,9.75,19.0,6
TUNI,1.145455,0.447966,1.0,2.0,2.0,63.0,55
TUNIA,1.0,0.0,1.0,1.0,1.0,6.0,6
TUPKADIH,1.0,0.0,1.0,1.0,1.0,6.0,6
TUREKALA ROA,1.75,0.46291,2.0,2.0,2.0,14.0,8
TURINJAPURAM,1.0,0.0,1.0,1.0,1.0,6.0,6
TURKAPALLI,1.0,0.0,1.0,1.0,1.0,4.0,4
TURKI,1.428571,0.513553,1.0,2.0,2.0,20.0,14
TURTIPAR F,1.125,0.353553,1.0,1.65,1.93,9.0,8
TUTICORIN,0.0,0.0,0.0,0.0,0.0,0.0,13
TUTIMELUR,1.0,0.0,1.0,1.0,1.0,9.0,9
TUVVUR HALT,1.0,0.0,1.0,1.0,1.0,14.0,14
TUWA,1.0,0.0,1.0,1.0,1.0,9.0,9
TWINING GANJ,1.277778,0.460889,1.0,2.0,2.0,23.0,18
TYADA,1.0,0.0,1.0,1.0,1.0,2.0,2
TYAKAL,1.0,0.0,1.0,1.0,1.0,27.0,27
Tenua Dumari,1.0,0.0,1.0,1.0,1.0,4.0,4
UBARNI,1.166667,0.408248,1.0,1.75,1.95,7.0,6
UBL,,,,,,,0
UCHANA,50.793103,266.798129,1.0,2.0,1035.92,1473.0,29
UCHIPPULI,1.0,0.0,1.0,1.0,1.0,8.0,8
UDAIPUR,0.0,0.0,0.0,0.0,0.0,0.0,4
UDAIPUR CITY,46.09375,230.107739,0.0,81.0,949.35,1475.0,32
UDAIPURA,2.0,0.0,2.0,2.0,2.0,4.0,2
UDAIRAMPUR,1.0,0.0,1.0,1.0,1.0,30.0,30
UDALGURI,2.0,0.0,2.0,2.0,2.0,40.0,20
UDALKACHHAR,2.0,0.0,2.0,2.0,2.0,16.0,8
UDASAR,1.0,0.0,1.0,1.0,1.0,6.0,6
UDAYPUR KHUR,1.0,0.0,1.0,1.0,1.0,8.0,8
UDGIR,63.695652,299.588116,1.0,2.0,1122.08,1465.0,23
UDHAGAMANDAL,0.0,0.0,0.0,0.0,0.0,0.0,8
UDHAMPUR,21.230769,134.877376,2.0,7.25,482.85,1104.0,52
UDHNA JN.,27.888889,180.588207,2.0,11.05,638.35,1506.0,54
UDI MOR,2.0,0.0,2.0,2.0,2.0,8.0,4
UDRAMSAR,1.5,0.57735,1.5,2.0,2.0,6.0,4
UDUMALAIPPET,1.5,0.534522,1.5,2.0,2.0,12.0,8
UDUPI,1.84058,0.368749,2.0,2.0,2.0,127.0,69
UDVADA,1.48,0.653197,1.0,2.8,3.0,37.0,25
UDWANT NAGAR,1.0,0.0,1.0,1.0,1.0,8.0,8
UDYANKHERI,2.0,0.0,2.0,2.0,2.0,4.0,2
UGAON,1.0,0.0,1.0,1.0,1.0,6.0,6
UGAR KHURD,1.285714,0.468807,1.0,2.0,2.0,18.0,14
UGARPUR,1.0,0.0,1.0,1.0,1.0,4.0,4
UGNA,1.0,0.0,1.0,1.0,1.0,2.0,2
UGRASENPUR,1.0,0.0,1.0,1.0,1.0,10.0,10
UGU,1.0,0.0,1.0,1.0,1.0,4.0,4
UJALVAV,1.0,0.0,1.0,1.0,1.0,12.0,12
UJHANI,2.0,0.0,2.0,2.0,2.0,24.0,12
UJIARPUR,1.263158,0.452414,1.0,2.0,2.0,24.0,19
UJJAIN JN,23.669355,128.135645,10.0,25.0,55.0,2935.0,124
UKAI SONGHAD,2.428571,2.070197,2.0,5.5,6.7,17.0,7
UKHALI HALT,1.0,0.0,1.0,1.0,1.0,12.0,12
UKHRA,1.0,0.0,1.0,1.0,1.0,14.0,14
UKLANA,1.416667,0.514929,1.0,2.0,2.0,17.0,12
UKSI,1.0,0.0,1.0,1.0,1.0,4.0,4
ULAVAPADU,1.2,0.632456,1.0,2.1,2.82,12.0,10
ULHASNAGAR,1.017699,0.132443,1.0,1.0,1.88,115.0,113
ULINDAKONDA,1.0,0.0,1.0,1.0,1.0,8.0,8
ULLAL,1.555556,1.013794,1.0,3.2,3.84,14.0,9
ULNA BHARI,1.0,0.0,1.0,1.0,1.0,4.0,4
ULUBARIA,1.0,0.406711,1.0,1.0,2.0,134.0,134
ULUNDURPET,1.0,0.0,1.0,1.0,1.0,2.0,2
UMALLA,1.0,0.0,1.0,1.0,1.0,2.0,2
UMAR TALI,1.4,0.516398,1.0,2.0,2.0,14.0,10
UMARIA,2.659091,1.218905,2.0,5.0,5.0,117.0,44
UMBERGAON RO,1.666667,1.330124,1.0,3.0,5.96,45.0,27
UMBERMALLI,40.944444,239.666667,1.0,1.0,935.7,1474.0,36
UMDANAGAR,191.666667,408.139542,1.0,1170.0,1242.25,6900.0,36
UMED,1.0,0.0,1.0,1.0,1.0,6.0,6
UMERDASHI,2.0,0.0,2.0,2.0,2.0,12.0,6
UMESHNAGAR,1.142857,0.363137,1.0,2.0,2.0,16.0,14
UMRAM,1.0,0.0,1.0,1.0,1.0,4.0,4
UMRED,5.0,4.140393,2.0,10.0,10.0,40.0,8
UMRETH,1.0,0.0,1.0,1.0,1.0,13.0,13
UMRI,1.076923,0.271746,1.0,1.75,2.0,28.0,26
UMROLI,1.0,0.0,1.0,1.0,1.0,14.0,14
UNA,1.75,0.5,2.0,2.0,2.0,7.0,4
UNA HIMACHAL,1.833333,2.823065,1.0,6.7,9.34,22.0,12
UNAULA,1.95,0.223607,2.0,2.0,2.0,39.0,20
UNCHAHAR JN.,2.416667,4.871538,2.0,2.0,19.71,58.0,24
UNCHAULIA,2.0,0.0,2.0,2.0,2.0,12.0,6
UNCHDIH,1.125,0.353553,1.0,1.65,1.93,9.0,8
UNCHEHARA,1.75,0.444262,2.0,2.0,2.0,35.0,20
UNCHI BASSI,1.666667,0.516398,2.0,2.0,2.0,10.0,6
UNDASA MADHA,1.0,0.0,1.0,1.0,1.0,6.0,6
UNDI,1.071429,0.267261,1.0,1.35,1.87,15.0,14
UNGUTURU,1.090909,0.301511,1.0,1.5,1.9,12.0,11
UNHEL,1.0,0.0,1.0,1.0,1.0,12.0,12
UNJALUR,1.0,0.0,1.0,1.0,1.0,12.0,12
UNJHA,2.0,0.0,2.0,2.0,2.0,60.0,30
UNKAL,1.555556,1.333333,1.0,3.8,4.76,14.0,9
UNNAO JN.,1.918182,0.544056,2.0,2.0,4.73,211.0,110
UNTARI ROAD,1.25,0.447214,1.0,2.0,2.0,20.0,16
UPARMAL,1.0,0.0,1.0,1.0,1.0,2.0,2
UPLETA,1.0,0.0,1.0,1.0,1.0,6.0,6
UPPAL,1.083333,0.288675,1.0,1.45,1.89,13.0,12
UPPALA,1.2,0.421637,1.0,2.0,2.0,12.0,10
UPPALAVAI,1.0,0.0,1.0,1.0,1.0,10.0,10
UPPALUR,1.0,0.0,1.0,1.0,1.0,19.0,19
UPPU GUNDURU,1.0,0.0,1.0,1.0,1.0,14.0,14
UREN,1.0,0.0,1.0,1.0,1.0,21.0,21
URGA,1.083333,0.288675,1.0,1.45,1.89,13.0,12
URKURA,1.642857,0.633324,2.0,2.0,2.0,23.0,14
URLAM,1.5,0.534522,1.5,2.0,2.0,12.0,8
URMA,1.0,0.0,1.0,1.0,1.0,16.0,16
URULI,1.029412,0.171499,1.0,1.0,1.67,35.0,34
URWAN,1.0,0.0,1.0,1.0,1.0,4.0,4
USALAPUR,5.807692,3.909161,5.0,10.0,10.0,151.0,26
USIAKHAS HAL,1.0,0.0,1.0,1.0,1.0,5.0,5
USKA BAZAR,1.769231,0.438529,2.0,2.0,2.0,23.0,13
USMANABAD,3.578947,1.169795,3.0,5.0,5.0,68.0,19
USMANPUR,1.0,0.0,1.0,1.0,1.0,10.0,10
USRA,1.0,0.0,1.0,1.0,1.0,8.0,8
UTARLAI,2.0,0.0,2.0,2.0,2.0,18.0,9
UTARSANDA,1.05,0.223607,1.0,1.05,1.81,21.0,20
UTRAITIA JN,1.277778,0.95828,1.0,2.45,4.49,23.0,18
UTRAN,1.0,0.0,1.0,1.0,1.0,14.0,14
UTRI PURA,1.571429,0.534522,2.0,2.0,2.0,11.0,7
UTTAMARKOVIL,1.111111,0.333333,1.0,1.6,1.92,10.0,9
UTTANGAL MAN,1.0,0.0,1.0,1.0,1.0,4.0,4
UTTAR RADHAN,1.0,0.0,1.0,1.0,1.0,54.0,54
UTTARKATHANI,1.0,0.0,1.0,1.0,1.0,6.0,6
UTTARPARA,1.0,0.0,1.0,1.0,1.0,238.0,238
UTTUKULI,1.090909,0.301511,1.0,1.5,1.9,12.0,11
VADADIYA,1.333333,0.516398,1.0,2.0,2.0,8.0,6
VADAKANNIKAP,1.0,0.0,1.0,1.0,1.0,2.0,2
VADAKARA,1.85,0.360085,2.0,2.0,2.0,111.0,60
VADAL,1.0,0.0,1.0,1.0,1.0,8.0,8
VADALI LUTER,1.0,0.0,1.0,1.0,1.0,4.0,4
VADALUR,1.0,0.0,1.0,1.0,1.0,4.0,4
VADAMADURA,1.0,0.0,1.0,1.0,1.0,4.0,4
VADANAM KURU,1.0,0.0,1.0,1.0,1.0,12.0,12
VADGAON,1.0,0.0,1.0,1.0,1.0,39.0,39
VADGAON NILA,1.0,0.0,1.0,1.0,1.0,12.0,12
VADHVANA,1.0,0.0,1.0,1.0,1.0,8.0,8
VADIPPATTI,1.0,0.0,1.0,1.0,1.0,6.0,6
VADIYA DEVLI,1.0,0.0,1.0,1.0,1.0,4.0,4
VADLAMANNADU,1.0,0.0,1.0,1.0,1.0,22.0,22
VADOD,1.055556,0.235702,1.0,1.15,1.83,19.0,18
VADODARA JN.,15.846561,100.771521,10.0,18.0,33.45,5990.0,378
VADTAL SWAMI,0.0,0.0,0.0,0.0,0.0,0.0,4
VAGHLI,1.0,0.0,1.0,1.0,1.0,4.0,4
VAGHPURA,2.0,0.0,2.0,2.0,2.0,4.0,2
VAGRA,1.0,0.0,1.0,1.0,1.0,2.0,2
VAIBHAVWADI,1.272727,0.467099,1.0,2.0,2.0,14.0,11
VAIKAM ROAD,1.0,0.0,1.0,1.0,1.0,18.0,18
VAITARNA,1.066667,0.253708,1.0,1.55,2.0,32.0,30
VAITHISVARAN,1.0,0.0,1.0,1.0,1.0,14.0,14
VAIYAMPATTI,1.0,0.0,1.0,1.0,1.0,6.0,6
VAKADA HALT,1.0,0.0,1.0,1.0,1.0,2.0,2
VAKAV,1.5,0.57735,1.5,2.0,2.0,6.0,4
VALADAR,1.0,0.0,1.0,1.0,1.0,4.0,4
VALADI,1.111111,0.333333,1.0,1.6,1.92,10.0,9
VALANTARAVAI,1.0,0.0,1.0,1.0,1.0,8.0,8
VALAPATTANAM,1.4,0.516398,1.0,2.0,2.0,14.0,10
VALAPPADI GA,1.0,0.0,1.0,1.0,1.0,8.0,8
VALAPUZHA HA,1.0,0.0,1.0,1.0,1.0,14.0,14
VALATHOOR,1.125,0.353553,1.0,1.65,1.93,9.0,8
VALAVANUR HA,1.0,0.0,1.0,1.0,1.0,10.0,10
VALHA,1.0,0.0,1.0,1.0,1.0,4.0,4
VALI GONDA,1.0,0.0,1.0,1.0,1.0,6.0,6
VALIVADE,1.055556,0.235702,1.0,1.15,1.83,19.0,18
VALLABH VIDH,1.0,0.0,1.0,1.0,1.0,16.0,16
VALLAMPADUGA,1.0,0.0,1.0,1.0,1.0,8.0,8
VALLATTOLNAG,1.0,0.0,1.0,1.0,1.0,10.0,10
VALLIUKUNNU,1.0,0.0,1.0,1.0,1.0,17.0,17
VALLIVEDU,1.0,0.0,1.0,1.0,1.0,2.0,2
VALLIYUR,1.0,0.0,1.0,1.0,1.0,28.0,28
VALMIKINAGAR,2.0,0.0,2.0,2.0,2.0,20.0,10
VALSAD,7.510791,46.047135,3.0,10.0,20.0,1044.0,139
VAMBORI,1.833333,0.408248,2.0,2.0,2.0,11.0,6
VANCHI MANIY,2.346939,3.783467,1.0,13.0,15.0,115.0,49
VANDALUR,1.0,0.0,1.0,1.0,1.0,36.0,36
VANGAICHUNGP,0.0,,0.0,0.0,0.0,0.0,1
VANGANI,1.0,0.0,1.0,1.0,1.0,73.0,73
VANGANUR,1.0,0.0,1.0,1.0,1.0,2.0,2
VANGAON,1.53125,1.606125,1.0,2.0,7.52,49.0,32
VANIROAD,1.25,0.5,1.0,1.85,1.97,5.0,4
VANIYAMBADI,1.808511,0.397727,2.0,2.0,2.0,85.0,47
VANIYAMBALAM,1.0,0.0,1.0,1.0,1.0,14.0,14
VANJIPALAIYA,1.428571,1.133893,1.0,3.1,3.82,10.0,7
VAPI,2.43787,1.569041,2.0,6.2,9.32,412.0,169
VARADAPUR,1.0,0.0,1.0,1.0,1.0,2.0,2
VARAHI,2.0,0.0,2.0,2.0,2.0,8.0,4
VARAKALPATTU,1.0,0.0,1.0,1.0,1.0,6.0,6
VARANASI CIT,22.212766,145.729639,1.0,2.0,542.3,1044.0,47
VARANASI JN.,27.082609,133.737333,10.0,35.0,720.0,6229.0,230
VARANGAON,1.666667,0.887625,1.5,2.9,3.78,20.0,12
VAREDIA,1.090909,0.301511,1.0,1.5,1.9,12.0,11
VARKALA,1.0,0.0,1.0,1.0,1.0,52.0,52
VARNAMA,1.2,0.421637,1.0,2.0,2.0,12.0,10
VARTREJ,1.0,0.0,1.0,1.0,1.0,22.0,22
VARUD,1.0,0.0,1.0,1.0,1.0,4.0,4
VARVALA,1.333333,0.516398,1.0,2.0,2.0,8.0,6
VASAD JN.,1.258065,0.444803,1.0,2.0,2.0,39.0,31
VASAI ROAD,7.632813,5.709325,5.0,20.0,20.0,977.0,128
VASCO-DA-GAM,19.545455,91.676308,0.0,0.0,339.7,430.0,22
VASHI,823.005405,340.150422,836.0,1342.0,1389.16,152256.0,185
VASIND,1.0,0.0,1.0,1.0,1.0,78.0,78
VASTRAPUR,1.0,0.0,1.0,1.0,1.0,10.0,10
VATLUR,1.333333,0.887625,1.0,2.9,3.78,16.0,12
VATVA,1.285714,0.46291,1.0,2.0,2.0,27.0,21
VAVADI KHURD,1.0,0.0,1.0,1.0,1.0,9.0,9
VAVANIYA,1.0,0.0,1.0,1.0,1.0,2.0,2
VAVDI,1.0,0.0,1.0,1.0,1.0,4.0,4
VAVERA,1.0,0.0,1.0,1.0,1.0,4.0,4
VAYALAR,1.0,0.0,1.0,1.0,1.0,8.0,8
VAYALPADU,1.25,0.5,1.0,1.85,1.97,5.0,4
VAZEER PUR,1.0,0.0,1.0,1.0,1.0,8.0,8
VEDAYAPALEM,1.05,0.223607,1.0,1.05,1.81,21.0,20
VEDCHHA,1.411765,0.795206,1.0,2.4,3.68,24.0,17
VEER,1.5,0.534522,1.5,2.0,2.0,12.0,8
VEJALAKA,1.0,0.0,1.0,1.0,1.0,2.0,2
VEJANDLA,1.0,0.0,1.0,1.0,1.0,19.0,19
VELACHEERY,0.0,0.0,0.0,0.0,0.0,0.0,233
VELANGI HALT,1.0,0.0,1.0,1.0,1.0,2.0,2
VELANKANNI,100.0,300.0,0.0,540.0,828.0,900.0,9
VELDURTI,1.0,0.0,1.0,1.0,1.0,10.0,10
VELI H.,1.0,0.0,1.0,1.0,1.0,8.0,8
VELIPPALAIYA,1.0,0.0,1.0,1.0,1.0,8.0,8
VELLALCHERUV,1.0,0.0,1.0,1.0,1.0,9.0,9
VELLANUR,1.0,0.0,1.0,1.0,1.0,8.0,8
VELLARAKKAD,1.0,0.0,1.0,1.0,1.0,8.0,8
VELLAYIL HAL,1.0,0.0,1.0,1.0,1.0,8.0,8
VELLIYANAI,1.0,0.0,1.0,1.0,1.0,4.0,4
VELLORE CANT,50.923077,251.704577,2.0,2.0,964.25,1324.0,26
VELLORE TOWN,1.0,0.0,1.0,1.0,1.0,8.0,8
VELLUR HALT,1.0,0.0,1.0,1.0,1.0,6.0,6
VELPURU HALT,1.0,0.0,1.0,1.0,1.0,7.0,7
VEMULAPADU,1.0,0.0,1.0,1.0,1.0,2.0,2
VEMURU HALT,1.0,0.0,1.0,1.0,1.0,14.0,14
VENDODU,1.0,0.0,1.0,1.0,1.0,20.0,20
VENDRA HALT,1.0,0.0,1.0,1.0,1.0,14.0,14
VENKATACHALE,1.0,0.0,1.0,1.0,1.0,15.0,15
VENKATAGIRI,1.4,0.49705,1.0,2.0,2.0,49.0,35
VENKATAGIRIK,1.0,0.0,1.0,1.0,1.0,4.0,4
VENKATAM PAL,1.0,0.0,1.0,1.0,1.0,4.0,4
VENKATANARAS,1.25,0.5,1.0,1.85,1.97,5.0,4
VENKATESHAPU,1.166667,0.408248,1.0,1.75,1.95,7.0,6
VENKATNAGAR,1.8,0.421637,2.0,2.0,2.0,18.0,10
VENTRAPRAGAD,1.0,0.0,1.0,1.0,1.0,14.0,14
VEPAGUNTA,1.125,0.353553,1.0,1.65,1.93,9.0,8
VEPPAMPATTU,1.0,0.0,1.0,1.0,1.0,117.0,117
VERAVAL,5.0,4.880387,5.0,10.0,11.56,115.0,23
VERAVAL MG,848.75,193.939424,815.0,1106.0,1117.2,6790.0,8
VERKA JN.,1.307692,0.928191,2.0,2.0,2.0,34.0,26
VERNA,1.0,0.0,1.0,1.0,1.0,8.0,8
VETAPALEM,1.0,0.0,1.0,1.0,1.0,22.0,22
VEYSARPADI,1.0,0.0,1.0,1.0,1.0,274.0,274
VIDISHA,2.0,0.0,2.0,2.0,2.0,142.0,71
VIDURASWATTH,1.25,0.5,1.0,1.85,1.97,5.0,4
VIDYA NAGAR,1.0,0.0,1.0,1.0,1.0,99.0,99
VIDYAPATINAG,1.25,0.447214,1.0,2.0,2.0,20.0,16
VIDYASAGAR,1.147059,0.359491,1.0,2.0,2.0,39.0,34
VIDYAVIHAR,13.376404,92.795695,1.0,1.0,395.5,4762.0,356
VIJAPADI ROA,1.0,0.0,1.0,1.0,1.0,4.0,4
VIJAPUR,838.5,276.245161,855.0,1205.5,1209.1,8385.0,10
VIJAYA NAGAR,1.6,1.264911,1.0,3.65,4.73,16.0,10
VIJAYAMANGAL,1.0,0.0,1.0,1.0,1.0,7.0,7
VIJAYPUR,2.0,0.0,2.0,2.0,2.0,12.0,6
VIJAYPUR JAM,1.8125,0.403113,2.0,2.0,2.0,29.0,16
VIJAYSOTA,2.0,0.0,2.0,2.0,2.0,12.0,6
VIJAYWADA JN,15.146635,69.411364,15.0,20.0,25.0,6301.0,416
VIKHRAN ROAD,2.0,0.0,2.0,2.0,2.0,8.0,4
VIKHROLI,1.008108,0.116122,1.0,1.0,1.0,373.0,370
VIKRABAD JN.,3.6,3.646219,2.0,10.25,15.0,216.0,60
VIKRAM NAGAR,1.333333,0.516398,1.0,2.0,2.0,8.0,6
VIKRAMGARH A,2.928571,5.747325,2.0,3.95,24.71,82.0,28
VIKRAVANDI,1.125,0.353553,1.0,1.65,1.93,9.0,8
VILAD,1.833333,0.408248,2.0,2.0,2.0,11.0,6
VILAVADE,1.25,0.46291,1.0,2.0,2.0,10.0,8
VILAYAT KALA,1.5,0.547723,1.5,2.0,2.0,9.0,6
VILLIANUR HA,1.0,0.0,1.0,1.0,1.0,12.0,12
VILLIVAKKAM,1.0,0.0,1.0,1.0,1.0,293.0,293
VILLUPURAM J,5.586466,4.210607,5.0,10.0,15.0,743.0,133
VINDHYACHAL,1.857143,0.354169,2.0,2.0,2.0,78.0,42
VINHERE,1.0,0.0,1.0,1.0,1.0,4.0,4
VINNAMANGALA,1.25,0.5,1.0,1.85,1.97,5.0,4
VINUKONDA,1.1,0.307794,1.0,2.0,2.0,22.0,20
VIRA VALLI H,1.0,0.0,1.0,1.0,1.0,8.0,8
VIRAMGAM JN,1.991304,1.360441,2.0,2.0,4.58,229.0,115
VIRANI ALUR,1.0,0.0,1.0,1.0,1.0,10.0,10
VIRAPANDY RO,1.0,0.0,1.0,1.0,1.0,10.0,10
VIRAPUR,1.1,0.316228,1.0,1.55,1.91,11.0,10
VIRAR,86.280702,248.894969,1.0,669.4,1005.04,4918.0,57
VIRARAKKIYAM,1.0,0.0,1.0,1.0,1.0,10.0,10
VIRAVANALLUR,1.0,0.0,1.0,1.0,1.0,8.0,8
VIRAVASARAM,1.130435,0.34435,1.0,2.0,2.0,26.0,23
VIRBHADRA,2.0,0.0,2.0,2.0,2.0,24.0,12
VIROCHANNAGA,1.25,0.5,1.0,1.85,1.97,5.0,4
VIRPUR,1.058824,0.242536,1.0,1.2,1.84,18.0,17
VIRUDUNAGAR,1.628571,0.801655,2.0,2.0,5.0,114.0,70
VISAKHAPATNA,21.824034,89.573938,20.0,20.0,425.4,5085.0,233
VISAPUR,1.75,0.46291,2.0,2.0,2.0,14.0,8
VISAVADAR,7.0,7.250616,3.5,18.25,19.65,56.0,8
VISHNUPUR BA,1.0,0.0,1.0,1.0,1.0,3.0,3
VISHNUPURAM,1.125,0.341565,1.0,2.0,2.0,18.0,16
VISHRAMBAG,1.0,0.0,1.0,1.0,1.0,7.0,7
VISHWAMITRI,1.388889,0.501631,1.0,2.0,2.0,25.0,18
VISHWANATH C,2.0,0.0,2.0,2.0,2.0,24.0,12
VITHALWADI,1.0,0.0,1.0,1.0,1.0,109.0,109
VIVEK VIHAR,1.0,0.0,1.0,1.0,1.0,55.0,55
VIVEKANANDA,1.0,,1.0,1.0,1.0,1.0,1
VIVEKANANDPU,1.0,0.0,1.0,1.0,1.0,56.0,56
VIZIANAGARAM,15.213115,97.497948,5.0,15.0,128.7,2784.0,183
VONDH,2.0,0.0,2.0,2.0,2.0,4.0,2
VRIDDHACHALA,1.0,0.0,1.0,1.0,1.0,6.0,6
VRIDHA CHALA,2.876923,2.809068,2.0,10.0,10.0,187.0,65
VRINDABAN RO,1.1,0.316228,1.0,1.55,1.91,11.0,10
VRINDAVAN,0.0,0.0,0.0,0.0,0.0,0.0,10
VYARA,2.352941,1.868863,2.0,4.2,8.04,40.0,17
VYASANAGAR,1.0,0.0,1.0,1.0,1.0,13.0,13
Villiambakka,1.0,0.0,1.0,1.0,1.0,2.0,2
WADAKANCHERI,1.027778,0.166667,1.0,1.0,1.65,37.0,36
WADEGAON,1.875,0.353553,2.0,2.0,2.0,15.0,8
WADHWAN CITY,1.0,0.0,1.0,1.0,1.0,13.0,13
WADI JN.,5.402597,2.352265,5.0,10.0,12.4,416.0,77
WADIARAM,1.0,0.0,1.0,1.0,1.0,22.0,22
WADODA,1.0,0.0,1.0,1.0,1.0,6.0,6
WADRENGDISA,1.0,0.0,1.0,1.0,1.0,2.0,2
WADSA,3.307692,2.015962,5.0,5.0,5.0,43.0,13
WADSINGE,1.5,0.57735,1.5,2.0,2.0,6.0,4
WADWALNAGNAT,1.0,0.0,1.0,1.0,1.0,8.0,8
WAGHODA,1.25,0.5,1.0,1.85,1.97,5.0,4
WAGHOLI,1.0,0.0,1.0,1.0,1.0,4.0,4
WAIR,1.0,0.0,1.0,1.0,1.0,18.0,18
WALAJABAD,1.0,0.0,1.0,1.0,1.0,18.0,18
WALAJAH ROAD,1.71875,0.456803,2.0,2.0,2.0,55.0,32
WALAYAR,1.0,0.0,1.0,1.0,1.0,12.0,12
WALGAON,1.5,0.547723,1.5,2.0,2.0,9.0,6
WANABAR HALT,1.0,0.0,1.0,1.0,1.0,10.0,10
WANDAL,1.0,0.0,1.0,1.0,1.0,6.0,6
WANDER JATAN,1.0,0.0,1.0,1.0,1.0,10.0,10
WANEGAON HAL,1.0,0.0,1.0,1.0,1.0,14.0,14
WANGAPALLI,1.0,0.0,1.0,1.0,1.0,8.0,8
WANI,1.875,0.64087,2.0,2.65,2.93,15.0,8
WANKANER,3.985714,10.287875,2.0,12.75,42.74,279.0,70
WANKANER CIT,1.333333,0.516398,1.0,2.0,2.0,8.0,6
WANPARTI ROA,1.0,0.0,1.0,1.0,1.0,16.0,16
WANSJALIYA J,2.826087,3.393204,1.0,10.0,10.0,65.0,23
WARANGAL,2.470199,1.4367,2.0,5.0,5.0,373.0,151
WARASEONI,1.666667,0.778499,2.0,2.0,2.0,20.0,12
WARDHA JN.,3.423913,4.269065,3.0,5.0,25.99,315.0,92
WARIA,1.025641,0.160128,1.0,1.0,1.62,40.0,39
WARIGAON NEW,1.0,0.0,1.0,1.0,1.0,4.0,4
WARISALIGANJ,1.666667,0.485071,2.0,2.0,2.0,30.0,18
WARISGANJ HA,1.0,0.0,1.0,1.0,1.0,6.0,6
WARORA,1.45,0.510418,1.0,2.0,2.0,29.0,20
WARUD ORANGE,2.0,0.0,2.0,2.0,2.0,12.0,6
WASHERMANPET,1.0,0.0,1.0,1.0,1.0,120.0,120
WASHIM,1.176471,0.386953,1.0,2.0,2.0,40.0,34
WASHIMBE,1.5,0.57735,1.5,2.0,2.0,6.0,4
WASUD,1.0,0.0,1.0,1.0,1.0,4.0,4
WATHAR,1.2,0.421637,1.0,2.0,2.0,12.0,10
WAZERGANJ,1.777778,0.427793,2.0,2.0,2.0,32.0,18
WELLINGTON,1.0,0.0,1.0,1.0,1.0,8.0,8
WENA,1.75,0.447214,2.0,2.0,2.0,28.0,16
WEST CABIN T,1.0,,1.0,1.0,1.0,1.0,1
WEST HILL,1.0,0.0,1.0,1.0,1.0,8.0,8
WHITE FIELD,33.66,170.435051,1.0,2.0,818.15,1683.0,50
WIHIRGAON,1.0,0.0,1.0,1.0,1.0,6.0,6
WIMCO NAGAR,1.0,0.0,1.0,1.0,1.0,79.0,79
WIRUR,1.0,0.0,1.0,1.0,1.0,6.0,6
WRS COLONY,1.214286,0.425815,1.0,2.0,2.0,17.0,14
WYNDHAMGANJ,1.75,0.452267,2.0,2.0,2.0,21.0,12
YADALAPUR,1.0,0.0,1.0,1.0,1.0,4.0,4
YADGIR,1.62963,0.487438,2.0,2.0,2.0,88.0,54
YADUDIH,1.25,0.5,1.0,1.85,1.97,5.0,4
YADUGRAM BH,1.0,0.0,1.0,1.0,1.0,4.0,4
YADVENDRANAG,1.0,0.0,1.0,1.0,1.0,6.0,6
YAKUT PURA,1.0,0.0,1.0,1.0,1.0,101.0,101
YALVIGI,1.0,0.0,1.0,1.0,1.0,18.0,18
YAMUNA BRIDG,0.8,0.788811,1.0,2.0,2.0,8.0,10
YAMUNA SOUTH,2.0,0.0,2.0,2.0,2.0,8.0,4
YAMUNANAGER,2.662162,2.240823,2.0,10.0,10.54,197.0,74
YAQUTGANJ (H,1.0,0.0,1.0,1.0,1.0,7.0,7
YARAGOPPA H,1.0,0.0,1.0,1.0,1.0,4.0,4
YAWARPURA,1.0,0.0,1.0,1.0,1.0,16.0,16
YEDAMANGALA,1.0,0.0,1.0,1.0,1.0,4.0,4
YEDAPALLI  H,1.0,0.0,1.0,1.0,1.0,6.0,6
YEDIYYURU,1.0,0.0,1.0,1.0,1.0,8.0,8
YEDSI,1.0,0.0,1.0,1.0,1.0,4.0,4
YELAHANKA JN,1.76,0.656521,2.0,2.0,3.53,88.0,50
YELGUR,1.0,0.0,1.0,1.0,1.0,10.0,10
YELIYUR,1.2,0.421637,1.0,2.0,2.0,12.0,10
YELLAKARU,1.0,0.0,1.0,1.0,1.0,8.0,8
YENUGONDA HA,1.0,0.0,1.0,1.0,1.0,8.0,8
YEOLA,1.625,0.517549,2.0,2.0,2.0,13.0,8
YERMARAS,1.0,0.0,1.0,1.0,1.0,4.0,4
YERPEDU,1.0,0.0,1.0,1.0,1.0,10.0,10
YERRA GUNTLA,1.924528,1.75246,2.0,3.2,10.0,102.0,53
YERRAGUDIPAD,1.0,0.0,1.0,1.0,1.0,2.0,2
YESVANTPUR B,1.0,0.0,1.0,1.0,1.0,2.0,2
YESVANTPUR J,78.790323,253.922725,0.0,770.0,1267.25,14655.0,186
YEULKHED,1.0,0.0,1.0,1.0,1.0,6.0,6
YEVAT,1.0,0.0,1.0,1.0,1.0,20.0,20
YUSUFPUR,1.769231,0.651625,2.0,2.0,3.5,46.0,26
ZAFARABAD JN,2.973684,6.524328,1.0,8.75,30.0,113.0,38
ZAHIRABAD,1.090909,0.294245,1.0,1.95,2.0,24.0,22
ZAMANIA,1.777778,0.421637,2.0,2.0,2.0,64.0,36
ZAMPANI HALT,1.0,0.0,1.0,1.0,1.0,10.0,10
ZANGALAPALLE,1.25,0.46291,1.0,2.0,2.0,10.0,8
ZARAP,1.0,0.0,1.0,1.0,1.0,4.0,4
ZERPUR PALI,1.571429,0.513553,2.0,2.0,2.0,22.0,14
ZINDPURA (HA,1.0,0.0,1.0,1.0,1.0,8.0,8
ZORAWARPURA,1.0,0.0,1.0,1.0,1.0,5.0,5
meghpur tito,2.0,0.0,2.0,2.0,2.0,4.0,2
saundal,1.0,0.0,1.0,1.0,1.0,4.0,4
veravali,1.0,0.0,1.0,1.0,1.0,4.0,4
